ACQ: 20260430.1040:190 | DATA:
AA 55 00 28 4D 27 01 36 88 7C 28 38 F4 37 E1 37 30 37 99 37 6C 37 69 37 49 37 B2 2E 0A 32 D2 33 41 34 16 2F 4A 2D 59 2D 96 30 BA 31 72 35 72 30 E6 29 16 37 85 37 99 37 CD 37 7D 37 B4 37 00 00 00 00 A2 0E CE 09 A9 09 7D 09 65 09 49 09 2D 09 19 09 09 09 F9 08 E9 08 E5 08 

ACQ: 20260430.1040:190 | DATA:
AA 55 00 28 59 36 0F 45 02 4C E5 08 ED 08 04 09 3A 0C 4D 0C 5D 0C 75 0C A1 0C CD 0C 09 0D 49 0D 95 0D BE 02 B9 02 BD 02 C5 02 C9 02 CD 02 D5 02 DD 02 E1 02 E9 02 F1 02 F9 02 FD 02 0D 03 00 00 00 00 00 00 CE 02 D9 02 5A 05 00 00 00 00 00 00 00 00 00 00 00 00 00 00 DA 42 

ACQ: 20260430.1040:190 | DATA:
AA 55 00 28 71 45 0D 54 1E 61 20 42 FD 41 90 41 26 02 25 02 E2 41 22 43 92 44 9A 52 56 54 26 56 DA 57 00 00 00 00 00 00 00 00 00 00 00 00 00 00 00 00 00 00 00 00 00 00 00 00 00 00 9A 7B 3C 7C 00 00 BA 09 00 00 00 00 46 04 66 04 00 00 00 00 5E 03 86 03 00 00 00 00 00 00 

ACQ: 20260430.1040:190 | DATA:
AA 55 00 28 6F 54 11 63 CD 3D 00 00 00 00 00 00 00 00 CE 01 00 00 00 00 00 00 00 00 00 00 00 00 00 00 00 00 00 00 00 00 00 00 00 00 00 00 00 00 00 00 00 00 00 00 00 00 00 00 00 00 32 0E 15 0E BD 0D F9 0D E9 0D AD 0D EA 11 1A 67 00 00 00 00 00 00 00 00 00 00 00 00 00 00 

ACQ: 20260430.1040:190 | DATA:
AA 55 00 28 75 63 23 72 D0 66 00 00 00 00 00 00 00 00 00 00 00 00 00 00 00 00 00 00 00 00 46 04 00 00 00 00 00 00 00 00 00 00 00 00 00 00 42 0C 00 00 00 00 6E 03 84 03 00 00 00 00 00 00 00 00 00 00 00 00 00 00 00 00 00 00 00 00 00 00 00 00 00 00 B6 02 BC 02 C8 02 00 00 

ACQ: 20260430.1040:190 | DATA:
AA 55 00 28 87 72 3D 81 B2 8E 00 00 00 00 00 00 00 00 00 00 00 00 00 00 00 00 00 00 00 00 00 00 00 00 F2 02 04 03 0C 03 00 00 00 00 00 00 00 00 00 00 00 00 00 00 00 00 DA 07 AD 07 C1 07 E4 07 0E 02 0D 02 09 02 09 02 09 02 05 02 05 02 05 02 05 02 05 02 05 02 01 02 01 02 

ACQ: 20260430.1040:190 | DATA:
AA 55 00 28 9F 81 43 90 9F 53 01 02 01 02 FD 01 F9 01 D6 01 D5 01 0A 02 0D 02 15 02 20 02 00 00 00 00 00 00 00 00 00 00 00 00 00 00 00 00 00 00 00 00 00 00 00 00 00 00 00 00 00 00 00 00 00 00 00 00 3A 41 00 00 50 42 B6 3C 00 00 00 00 00 00 00 00 00 00 00 00 00 00 00 00 

ACQ: 20260430.1040:190 | DATA:
AA 55 00 28 9B 90 31 9F C0 63 00 00 00 00 00 00 00 00 00 00 00 00 00 00 F2 3F 16 46 2C 45 00 00 00 00 00 00 52 3F 06 42 5C 42 B4 42 D4 41 D2 44 1E 43 98 42 EE 43 5C 44 00 00 00 00 00 00 00 00 86 53 00 00 00 00 00 00 00 00 00 00 00 00 00 00 00 00 00 00 00 00 00 00 00 00 

ACQ: 20260430.1040:190 | DATA:
AA 55 00 27 93 9F CB AD 63 78 00 00 00 00 00 00 00 00 00 00 00 00 00 00 00 00 7A 07 00 00 00 00 00 00 00 00 00 00 BE 04 DC 04 00 00 00 00 00 00 00 00 00 00 00 00 00 00 32 06 30 06 25 06 3C 06 A6 06 00 00 00 00 00 00 00 00 00 00 B6 03 0E 0E DC 0D A0 0D DA 12 2A 26 

ACQ: 20260430.1040:190 | DATA:
AA 55 01 01 2D AE 2D AE AB 54 00 00 

ACQ: 20260430.1040:190 | DATA:
AA 55 00 28 8F AE 23 09 50 82 00 00 4A 0E 15 0E 00 00 00 00 46 4F 1C 4F 0C 4F 0C 4F 46 14 45 14 49 14 49 14 55 14 55 14 59 14 7D 14 00 00 2A 4E B1 4D B1 4D 51 4E CE 44 00 00 0A 4E BE 42 0A 51 3D 51 EE 13 F0 13 02 04 82 13 C1 13 FD 13 FC 13 18 14 34 14 30 14 00 00 00 00 

ACQ: 20260430.1040:190 | DATA:
AA 55 00 28 85 09 17 18 F3 69 C8 14 C0 14 E8 14 F8 14 1C 15 40 15 68 15 8C 15 B0 15 D8 15 00 00 B6 57 A1 58 25 59 9C 59 71 5A 01 5B 71 5B 6D 5C 5D 5D 1D 5E 00 00 00 00 C9 5E B5 5D AA 5B 00 00 AA 54 C2 56 A2 54 BC 54 6E 53 32 05 EE 50 95 50 3E 4E 38 4D 00 00 00 00 00 00 

ACQ: 20260430.1040:190 | DATA:
AA 55 00 28 77 18 07 27 80 5E 3A 39 00 00 9E 46 00 00 00 00 5A 44 A0 43 F8 42 5C 42 00 00 12 41 42 29 F1 28 8D 29 99 29 00 00 00 00 00 00 00 00 00 00 00 00 00 00 36 26 2C 26 20 26 F9 25 A9 26 9D 26 A1 26 CD 26 A5 27 00 00 00 00 00 00 32 39 01 39 CC 38 8C 38 6C 38 34 38 

ACQ: 20260430.1040:190 | DATA:
AA 55 00 28 69 27 11 36 1B 66 14 38 E0 37 D9 37 B2 36 8C 37 85 37 61 37 51 37 92 2E 92 31 CA 33 FA 36 EA 2D 1D 2D 71 2D 22 32 B2 33 E6 36 66 2B EE 29 22 37 85 37 4D 37 ED 37 99 37 D1 37 00 00 00 00 A2 0E C6 09 9D 09 75 09 61 09 45 09 29 09 15 09 05 09 F5 08 E9 08 E5 08 

ACQ: 20260430.1040:190 | DATA:
AA 55 00 28 6B 36 17 45 A8 4D E5 08 ED 08 0C 09 46 0C 51 0C 5D 0C 79 0C A5 0C D1 0C 15 0D 51 0D A1 0D BE 02 B9 02 BD 02 C5 02 C9 02 D1 02 D5 02 DD 02 E1 02 E9 02 F1 02 F9 02 01 03 11 03 00 00 00 00 00 00 D2 02 D9 02 5E 05 00 00 00 00 00 00 00 00 00 00 00 00 00 00 F2 42 

ACQ: 20260430.1040:190 | DATA:
AA 55 00 28 77 45 11 54 23 1F E4 41 F9 41 9C 41 26 02 25 02 16 42 31 43 E2 44 F6 52 AA 54 52 56 02 58 00 00 00 00 00 00 00 00 00 00 00 00 00 00 00 00 00 00 00 00 00 00 00 00 00 00 F2 7B 00 00 00 00 00 00 00 00 00 00 4A 04 00 00 00 00 00 00 62 03 7E 03 00 00 00 00 00 00 

ACQ: 20260430.1040:190 | DATA:
AA 55 00 28 73 54 23 63 90 F5 00 00 00 00 00 00 C2 01 D0 01 00 00 00 00 00 00 00 00 00 00 00 00 00 00 00 00 00 00 00 00 00 00 00 00 00 00 00 00 00 00 00 00 00 00 00 00 00 00 00 00 36 0E 0D 0E D9 0D 61 0D 3A 0E AD 0D AE 12 C2 AE 00 00 00 00 00 00 00 00 00 00 00 00 00 00 

ACQ: 20260430.1040:190 | DATA:
AA 55 00 28 85 63 3F 72 28 66 00 00 00 00 00 00 00 00 00 00 00 00 00 00 00 00 00 00 00 00 4E 04 00 00 00 00 00 00 00 00 00 00 00 00 00 00 3E 0C 00 00 00 00 72 03 88 03 00 00 00 00 00 00 00 00 00 00 00 00 00 00 00 00 00 00 00 00 00 00 00 00 00 00 B6 02 C0 02 C4 02 00 00 

ACQ: 20260430.1040:190 | DATA:
AA 55 00 28 A1 72 5F 81 0F 88 00 00 00 00 00 00 00 00 00 00 00 00 00 00 00 00 00 00 00 00 00 00 00 00 F6 02 08 03 00 00 00 00 00 00 00 00 00 00 00 00 00 00 00 00 00 00 C6 07 AD 07 CD 07 0E 02 0D 02 0D 02 09 02 09 02 09 02 05 02 05 02 05 02 05 02 05 02 01 02 01 02 01 02 

ACQ: 20260430.1040:190 | DATA:
AA 55 00 16 C1 81 A7 89 09 4A 01 02 01 02 FD 01 ED 01 D2 01 06 02 09 02 11 02 19 02 00 00 00 00 00 00 00 00 00 00 00 00 00 00 00 00 00 00 00 00 00 00 00 00 00 00 

ACQ: 20260430.1040:190 | DATA:
AA 55 00 28 61 8A EB 98 26 12 00 00 00 00 00 00 00 00 00 00 1A 41 00 00 18 42 56 3B 00 00 00 00 00 00 00 00 00 00 00 00 00 00 00 00 00 00 00 00 00 00 00 00 00 00 00 00 00 00 A2 40 62 46 1A 45 00 00 00 00 00 00 92 40 E6 41 D0 42 70 42 34 42 3E 45 9A 42 CC 42 00 00 00 00 

ACQ: 20260430.1040:190 | DATA:
AA 55 00 28 4D 99 E5 A7 C8 17 00 00 00 00 00 00 00 00 6A 53 00 00 00 00 00 00 00 00 00 00 00 00 00 00 00 00 00 00 00 00 00 00 00 00 00 00 00 00 00 00 00 00 00 00 00 00 00 00 00 00 82 07 00 00 00 00 00 00 00 00 00 00 C6 04 E4 04 00 00 00 00 00 00 00 00 00 00 00 00 00 00 

ACQ: 20260430.1040:190 | DATA:
AA 55 00 10 47 A8 D3 AD 0B 74 32 06 30 06 25 06 00 00 AA 06 00 00 00 00 00 00 00 00 00 00 B6 03 0E 0E D0 0D 90 0D 72 14 32 2D 

ACQ: 20260430.1040:190 | DATA:
AA 55 01 01 35 AE 35 AE AB 54 00 00 

ACQ: 20260430.1040:190 | DATA:
AA 55 00 28 97 AE 39 09 55 99 00 00 26 0E 19 0E 00 00 00 00 3A 4F 14 4F 0C 4F FC 4E 46 14 45 14 49 14 4D 14 55 14 55 14 51 14 91 14 00 00 52 4E D1 4D D1 4D 35 4E 6E 42 00 00 1C 43 3A 47 22 51 31 51 EA 13 00 00 02 04 92 13 C1 13 FD 13 0D 14 1C 14 34 14 28 14 00 00 00 00 

ACQ: 20260430.1040:190 | DATA:
AA 55 00 28 99 09 1F 18 79 22 C8 14 C8 14 EC 14 FC 14 20 15 40 15 6C 15 90 15 B0 15 00 00 00 00 E6 57 C9 58 41 59 AD 59 81 5A 21 5B BD 5B C1 5C 7D 5D 4D 5E 00 00 0E 5D DA 5E 6E 5D 46 5B 00 00 BE 54 B6 56 62 54 65 54 EA 52 36 05 06 51 81 50 D6 4D 38 4D 00 00 00 00 00 00 

ACQ: 20260430.1040:190 | DATA:
AA 55 00 28 81 18 07 27 7B 7A 5A 39 00 00 9E 46 00 00 00 00 56 44 A0 43 EC 42 70 42 00 00 26 41 42 29 F9 28 91 29 A9 29 00 00 00 00 00 00 00 00 00 00 00 00 62 26 38 26 30 26 20 26 09 26 A9 26 99 26 9D 26 C9 26 B0 27 00 00 00 00 00 00 2E 39 FD 38 CC 38 8C 38 6C 38 34 38 

ACQ: 20260430.1040:190 | DATA:
AA 55 00 28 69 27 11 36 47 66 14 38 DC 37 CD 37 B6 36 84 37 7D 37 5D 37 4D 37 92 2E 76 31 8E 33 F6 36 E6 2D 15 2D 75 2D 16 32 B6 33 F2 36 62 2B EE 29 2A 37 8D 37 3D 37 E9 37 85 37 95 37 00 00 00 00 A2 0E C6 09 9D 09 79 09 61 09 45 09 29 09 15 09 05 09 F9 08 E9 08 E5 08 

ACQ: 20260430.1040:190 | DATA:
AA 55 00 28 6B 36 17 45 4C 4C E5 08 F1 08 0C 09 46 0C 51 0C 5D 0C 79 0C A1 0C D1 0C 11 0D 51 0D A5 0D BE 02 B9 02 BD 02 C5 02 C9 02 D1 02 D5 02 DD 02 E1 02 E9 02 F1 02 F9 02 01 03 11 03 00 00 00 00 00 00 D2 02 D9 02 5E 05 00 00 00 00 00 00 00 00 00 00 00 00 00 00 0E 43 

ACQ: 20260430.1040:190 | DATA:
AA 55 00 28 77 45 1F 54 26 4A 0C 42 DD 41 80 41 26 02 29 02 1E 42 4A 43 4E 45 1A 53 BA 54 52 56 00 00 00 00 00 00 00 00 00 00 00 00 00 00 00 00 00 00 00 00 00 00 00 00 00 00 00 00 B2 7C 00 00 82 09 00 00 00 00 00 00 4E 04 00 00 00 00 46 03 6A 03 00 00 00 00 00 00 00 00 

ACQ: 20260430.1040:190 | DATA:
AA 55 00 28 81 54 35 63 EF 8B 00 00 00 00 00 00 C6 01 D0 01 00 00 00 00 00 00 00 00 00 00 00 00 00 00 00 00 00 00 00 00 00 00 00 00 00 00 00 00 00 00 00 00 00 00 00 00 00 00 00 00 32 0E 09 0E DD 0D 75 0D 01 0E B1 0D B2 12 76 D0 00 00 00 00 00 00 00 00 00 00 00 00 00 00 

ACQ: 20260430.1040:190 | DATA:
AA 55 00 28 97 63 51 72 BC 65 00 00 00 00 00 00 00 00 00 00 00 00 00 00 00 00 00 00 00 00 52 04 00 00 00 00 00 00 00 00 00 00 00 00 00 00 36 0C 00 00 00 00 76 03 00 00 00 00 00 00 00 00 00 00 00 00 00 00 00 00 00 00 00 00 00 00 00 00 00 00 00 00 BA 02 C4 02 BC 02 00 00 

ACQ: 20260430.1040:190 | DATA:
AA 55 00 28 B3 72 69 81 53 88 00 00 00 00 00 00 00 00 00 00 00 00 00 00 00 00 00 00 00 00 00 00 00 00 F6 02 0C 03 00 00 00 00 00 00 00 00 00 00 00 00 00 00 00 00 00 00 BE 07 B1 07 D5 07 0E 02 0D 02 0D 02 09 02 09 02 09 02 05 02 05 02 05 02 05 02 05 02 01 02 01 02 01 02 

ACQ: 20260430.1040:190 | DATA:
AA 55 00 28 CB 81 69 90 37 17 01 02 FD 01 FD 01 DE 01 D1 01 0A 02 0D 02 11 02 1D 02 00 00 00 00 00 00 00 00 00 00 00 00 00 00 00 00 00 00 00 00 00 00 00 00 00 00 00 00 00 00 00 00 36 03 00 00 00 00 0E 41 F0 41 84 41 76 3B 00 00 00 00 00 00 00 00 00 00 00 00 00 00 00 00 

ACQ: 20260430.1040:190 | DATA:
AA 55 00 28 C3 90 67 9F A8 0B 00 00 00 00 00 00 00 00 00 00 00 00 00 00 9E 41 3A 46 00 00 00 00 00 00 52 3E 66 41 E4 41 F8 42 FC 41 DC 42 00 00 94 42 1C 43 00 00 00 00 00 00 00 00 00 00 8A 52 08 52 00 00 00 00 00 00 00 00 00 00 00 00 00 00 00 00 00 00 00 00 00 00 00 00 

ACQ: 20260430.1040:190 | DATA:
AA 55 00 27 C9 9F 01 AE 9E 19 00 00 00 00 00 00 00 00 00 00 00 00 00 00 62 07 94 07 00 00 00 00 00 00 00 00 00 00 D2 04 00 00 00 00 00 00 00 00 00 00 00 00 00 00 00 00 36 06 28 06 2C 06 4C 06 BE 06 00 00 00 00 00 00 00 00 00 00 BE 03 FA 0D B0 0D 8C 0D 4A 19 2A 4F 

ACQ: 20260430.1040:190 | DATA:
AA 55 01 01 63 AE 63 AE AB 54 00 00 

ACQ: 20260430.1040:190 | DATA:
AA 55 00 28 C5 AE 61 09 C0 D7 42 0E 0D 0E 45 0E 00 00 00 00 4E 4F 34 4F 0C 4F 42 14 45 14 49 14 49 14 51 14 59 14 59 14 5D 14 00 00 00 00 E6 4D B9 4D 51 4E 1A 48 02 43 00 00 7C 42 2A 4F 02 51 0C 51 EA 13 02 04 00 00 AE 13 ED 13 F5 13 21 14 2C 14 40 14 00 00 00 00 E4 14 

ACQ: 20260430.1040:190 | DATA:
AA 55 00 28 C3 09 4F 18 87 65 B8 14 DC 14 F8 14 14 15 38 15 5C 15 84 15 A4 15 C8 15 00 00 72 57 81 58 21 59 61 59 25 5A ED 5A A1 5B 45 5C 45 5D 2D 5E D0 5D 00 00 10 5F 75 5E 52 5C E2 5A 7A 54 1A 56 08 55 F1 54 5A 53 96 51 4D 51 89 50 00 00 C6 4C 00 00 00 00 00 00 00 00 

ACQ: 20260430.1040:190 | DATA:
AA 55 00 28 B1 18 4B 27 28 66 8E 39 C6 46 00 00 00 00 92 44 E8 43 28 43 88 42 C4 41 00 00 62 29 0D 29 3D 29 A1 29 00 00 00 00 00 00 00 00 00 00 00 00 00 00 46 26 34 26 24 26 D5 25 C5 26 9D 26 9D 26 B1 26 49 27 00 00 00 00 00 00 2E 39 19 39 E8 38 A0 38 78 38 44 38 20 38 

ACQ: 20260430.1040:190 | DATA:
AA 55 00 28 AD 27 51 36 45 46 00 38 E5 37 70 37 91 37 74 37 69 37 55 37 D2 2F A2 32 C8 32 FA 33 86 2F 4E 2D 35 2D 0E 30 3A 31 9A 35 22 33 DE 29 92 36 79 37 9D 37 8D 37 89 37 85 37 00 00 00 00 9E 0E D6 09 B1 09 81 09 69 09 51 09 31 09 21 09 09 09 FD 08 ED 08 E9 08 E5 08 

ACQ: 20260430.1040:190 | DATA:
AA 55 00 28 A9 36 57 45 3E 08 E9 08 00 09 00 00 4E 0C 55 0C 6D 0C 91 0C BD 0C F9 0C 39 0D 85 0D C2 02 B9 02 BD 02 C1 02 C9 02 CD 02 D5 02 D9 02 DD 02 E5 02 ED 02 F5 02 FD 02 09 03 20 03 00 00 00 00 CE 02 D5 02 52 05 00 00 00 00 00 00 00 00 00 00 00 00 00 00 E6 42 C8 42 

ACQ: 20260430.1040:190 | DATA:
AA 55 00 28 B9 45 63 54 1E 0F F5 41 A0 41 26 02 29 02 AA 41 EA 42 26 44 00 00 FE 53 66 55 1E 57 00 00 00 00 00 00 00 00 00 00 00 00 00 00 00 00 00 00 00 00 00 00 00 00 00 00 00 00 36 7C 00 00 9A 09 00 00 00 00 3E 04 62 04 00 00 00 00 5A 03 7E 03 00 00 00 00 00 00 00 00 

ACQ: 20260430.1040:190 | DATA:
AA 55 00 28 C5 54 6B 63 56 11 00 00 00 00 00 00 CE 01 00 00 00 00 00 00 00 00 00 00 00 00 00 00 00 00 00 00 00 00 00 00 00 00 00 00 00 00 00 00 00 00 00 00 00 00 00 00 00 00 2A 0E 19 0E C9 0D 05 0E D1 0D AD 0D A9 0D B6 54 00 00 00 00 00 00 00 00 00 00 00 00 00 00 00 00 

ACQ: 20260430.1040:190 | DATA:
AA 55 00 28 CD 63 87 72 C0 66 00 00 00 00 00 00 00 00 00 00 00 00 00 00 00 00 00 00 42 04 00 00 00 00 00 00 00 00 00 00 00 00 00 00 46 0C 00 00 00 00 6E 03 84 03 00 00 00 00 00 00 00 00 00 00 00 00 00 00 00 00 00 00 00 00 00 00 00 00 00 00 B6 02 BC 02 C4 02 00 00 00 00 

ACQ: 20260430.1040:190 | DATA:
AA 55 00 28 E9 72 9F 81 7B 8C 00 00 00 00 00 00 00 00 00 00 00 00 00 00 00 00 00 00 00 00 00 00 F2 02 04 03 08 03 00 00 00 00 00 00 00 00 00 00 00 00 00 00 00 00 D6 07 AD 07 C1 07 E8 07 0E 02 0D 02 09 02 09 02 09 02 05 02 05 02 05 02 05 02 05 02 05 02 01 02 01 02 01 02 

ACQ: 20260430.1040:190 | DATA:
AA 55 00 28 01 82 A5 90 80 52 01 02 FD 01 F9 01 D2 01 D5 01 0A 02 0D 02 15 02 24 02 00 00 00 00 00 00 00 00 00 00 00 00 00 00 00 00 00 00 00 00 00 00 00 00 00 00 00 00 00 00 00 00 00 00 00 00 26 41 00 00 66 42 FA 3C 00 00 00 00 00 00 00 00 00 00 00 00 00 00 00 00 00 00 

ACQ: 20260430.1040:190 | DATA:
AA 55 00 28 FD 90 9B 9F AA 67 00 00 00 00 00 00 00 00 00 00 00 00 EA 3F 6E 46 26 45 00 00 00 00 00 00 D6 3F FE 41 A0 42 84 42 E8 41 36 45 D2 42 C8 42 32 44 94 44 00 00 00 00 00 00 00 00 AA 53 00 00 00 00 00 00 00 00 00 00 00 00 00 00 00 00 00 00 00 00 00 00 00 00 00 00 

ACQ: 20260430.1040:190 | DATA:
 00 26 FD 9F DD AD F3 6F 00 00 00 00 00 00 00 00 00 00 00 00 00 00 82 07 00 00 00 00 00 00 00 00 00 00 C6 04 E0 04 00 00 00 00 00 00 00 00 00 00 00 00 00 00 32 06 2C 06 29 06 00 00 AA 06 00 00 00 00 00 00 00 00 00 00 B6 03 0A 0E C0 0D 88 0D EE 14 5A 30 

ACQ: 20260430.1040:190 | DATA:
 01 01 3F AE 3F AE AB 54 00 00

ACQ: 20260430.1040:248 | DATA:
AA 55 00 28 F5 90 91 9F 5E 23 00 00 00 00 00 00 00 00 00 00 00 00 DE 3F DE 45 54 45 00 00 00 00 00 00 5A 3F 06 42 5C 42 C0 42 D4 41 C6 44 0E 43 98 42 00 00 32 44 00 00 00 00 00 00 00 00 B2 53 00 00 00 00 00 00 00 00 00 00 00 00 00 00 00 00 00 00 00 00 00 00 00 00 00 00 

ACQ: 20260430.1040:248 | DATA:
AA 55 00 26 F3 9F CB AD D3 7A 00 00 00 00 00 00 00 00 00 00 00 00 00 00 7A 07 00 00 00 00 00 00 00 00 00 00 C2 04 DC 04 00 00 00 00 00 00 00 00 00 00 00 00 00 00 2E 06 30 06 25 06 3C 06 A6 06 00 00 00 00 00 00 00 00 00 00 B2 03 1A 0E DC 0D A0 0D BE 12 EE 25 

ACQ: 20260430.1040:248 | DATA:
AA 55 01 01 23 AE 23 AE AB 54 00 00 

ACQ: 20260430.1040:248 | DATA:
AA 55 00 28 85 AE 2D 09 DE 9B 00 00 4A 0E 15 0E 00 00 00 00 5A 4F 34 4F 20 4F 14 4F 4A 14 49 14 49 14 49 14 55 14 55 14 59 14 7D 14 00 00 76 4E D5 4D C9 4D 4D 4E 96 44 00 00 20 44 EA 42 2A 51 61 51 EE 13 F4 13 06 04 00 00 C2 13 01 14 01 14 18 14 38 14 30 14 00 00 00 00 

ACQ: 20260430.1040:248 | DATA:
AA 55 00 28 85 09 11 18 71 68 C8 14 C4 14 E8 14 FC 14 1C 15 3C 15 6C 15 8C 15 B0 15 E0 15 00 00 C2 57 BD 58 4D 59 BC 59 A1 5A 2D 5B D1 5B B1 5C 99 5D 49 5E 00 00 00 00 ED 5E D1 5D BE 5B 00 00 DA 54 DA 56 A2 54 D8 54 66 53 32 05 12 51 95 50 16 4E 48 4D 00 00 00 00 00 00 

ACQ: 20260430.1040:248 | DATA:
AA 55 00 28 73 18 17 27 4B 5E 36 39 00 00 9E 46 00 00 00 00 56 44 9C 43 E8 42 4C 42 00 00 22 41 36 29 E9 28 85 29 A9 29 00 00 00 00 00 00 00 00 00 00 86 26 58 26 34 26 20 26 F0 25 35 26 A1 26 95 26 A1 26 D5 26 F2 27 00 00 00 00 00 00 3A 39 01 39 C4 38 8C 38 6C 38 30 38 

ACQ: 20260430.1040:248 | DATA:
 00 28 77 27 1B 36 E9 7C 18 38 D4 37 D5 37 E2 36 80 37 6D 37 61 37 55 37 AA 30 15 31 06 34 42 31 A6 2D 25 2D 7D 2D AE 36 8A 33 EA 36 26 2B F2 29 4E 37 91 37 59 37 E5 37 91 37 E4 37 00 00 00 00 C2 0E C6 09 99 09 79 09 61 09 45 09 2D 09 19 09 09 09 F9 08 F1 08 F1 08 

ACQ: 20260430.1040:248 | DATA:
 00 28 7D 36 21 45 6B 42 F1 08 00 09 00 00 4E 0C 55 0C 65 0C 81 0C B1 0C DD 0C 25 0D 61 0D A8 0D BA 02 BD 02 BD 02 C5 02 C9 02 D1 02 D5 02 DD 02 E5 02 E9 02 F1 02 F9 02 01 03 15 03 00 00 00 00 00 00 D2 02 3E 05 76 05 00 00 00 00 00 00 00 00 00 00 00 00 00 00 F6 42

ACQ: 20260430.1040:294 | DATA:
AA 55 00 28 83 45 29 54 EB 4E F1 41 D5 41 4C 41 26 02 29 02 3E 42 58 43 BA 45 12 53 BA 54 62 56 00 00 00 00 00 00 00 00 00 00 00 00 00 00 00 00 00 00 00 00 00 00 00 00 00 00 00 00 62 7B 00 00 96 09 00 00 00 00 00 00 4E 04 00 00 00 00 4A 03 6A 03 00 00 00 00 00 00 00 00 

ACQ: 20260430.1040:294 | DATA:
AA 55 00 28 8B 54 35 63 75 96 00 00 00 00 00 00 CA 01 D0 01 00 00 00 00 00 00 00 00 00 00 00 00 00 00 00 00 00 00 00 00 00 00 00 00 00 00 00 00 00 00 00 00 00 00 00 00 00 00 00 00 32 0E 05 0E D9 0D 79 0D ED 0D B1 0D B2 12 02 CE 00 00 00 00 00 00 00 00 00 00 00 00 00 00 

ACQ: 20260430.1040:294 | DATA:
AA 55 00 28 8F 63 51 72 A8 65 00 00 00 00 00 00 00 00 00 00 00 00 00 00 00 00 00 00 00 00 52 04 00 00 00 00 00 00 00 00 00 00 00 00 00 00 36 0C 00 00 00 00 7A 03 00 00 00 00 00 00 00 00 00 00 00 00 00 00 00 00 00 00 00 00 00 00 00 00 00 00 00 00 BA 02 C4 02 BC 02 00 00 

ACQ: 20260430.1040:294 | DATA:
AA 55 00 28 B3 72 71 81 4B 88 00 00 00 00 00 00 00 00 00 00 00 00 00 00 00 00 00 00 00 00 00 00 00 00 F6 02 0C 03 00 00 00 00 00 00 00 00 00 00 00 00 00 00 00 00 00 00 BE 07 B1 07 D5 07 0E 02 0D 02 0D 02 09 02 09 02 09 02 05 02 05 02 05 02 05 02 05 02 01 02 01 02 01 02 

ACQ: 20260430.1040:294 | DATA:
AA 55 00 28 D3 81 67 90 F5 17 01 02 FD 01 FD 01 DE 01 D1 01 0A 02 0D 02 11 02 1D 02 00 00 00 00 00 00 00 00 00 00 00 00 00 00 00 00 00 00 00 00 00 00 00 00 00 00 00 00 00 00 00 00 36 03 00 00 00 00 16 41 C4 41 54 41 5E 3B 00 00 00 00 00 00 00 00 00 00 00 00 00 00 00 00 

ACQ: 20260430.1040:294 | DATA:
AA 55 00 28 C9 90 5D 9F C2 4C 00 00 00 00 00 00 00 00 00 00 00 00 00 00 FE 40 3E 46 00 00 00 00 00 00 4E 3E 5A 41 E0 41 0E 43 F4 41 D8 42 D2 44 AE 42 18 43 00 00 00 00 00 00 00 00 00 00 7A 52 F4 51 00 00 00 00 00 00 00 00 00 00 00 00 00 00 00 00 00 00 00 00 00 00 00 00 

ACQ: 20260430.1040:294 | DATA:
 00 26 BF 9F A7 AD FC 57 00 00 00 00 00 00 00 00 00 00 00 00 00 00 5E 07 6C 07 00 00 00 00 00 00 00 00 00 00 D2 04 00 00 00 00 00 00 00 00 00 00 00 00 00 00 00 00 36 06 28 06 30 06 68 06 C2 06 00 00 00 00 00 00 00 00 00 00 C2 03 EE 0D B0 0D 8C 0D 3A 1A 

ACQ: 20260430.1040:294 | DATA:
 01 01 09 AE 09 AE ED 02 46 56

ACQ: 20260430.1040:403 | DATA:
AA 55 00 28 63 AE 09 09 FE 8D 00 00 56 0E 0D 0E 51 0E 00 00 FA 4E 54 4F 24 4F F8 4E 42 14 45 14 49 14 45 14 51 14 55 14 59 14 69 14 00 00 00 00 CA 4D CD 4D 3D 4E 0A 49 E6 42 00 00 90 43 56 4F 16 51 3C 51 E6 13 02 04 00 00 A6 13 F1 13 F1 13 15 14 28 14 3C 14 00 00 00 00 

ACQ: 20260430.1040:403 | DATA:
AA 55 00 28 69 09 F7 17 9F 32 DC 14 BC 14 D8 14 F8 14 10 15 34 15 5C 15 80 15 A4 15 C8 15 00 00 5A 57 86 58 31 59 55 59 45 5A F9 5A 9D 5B 65 5C 3D 5D 19 5E 11 5D 00 00 68 5E 75 5E 5E 5C 4C 5B 6E 54 66 56 1E 55 05 55 9A 53 2A 52 2D 51 B1 50 F8 4F 7E 4D 00 00 00 00 00 00 

ACQ: 20260430.1040:403 | DATA:
AA 55 00 28 59 18 F9 26 15 5E 00 00 4E 39 16 47 00 00 00 00 A2 44 F8 43 44 43 94 42 EC 41 00 00 5E 29 01 29 41 29 A1 29 00 00 00 00 00 00 00 00 00 00 00 00 00 00 3E 26 30 26 18 26 C9 25 BE 26 8D 26 95 26 B1 26 3D 27 00 00 00 00 00 00 12 39 0D 39 D4 38 98 38 70 38 48 38 

ACQ: 20260430.1040:403 | DATA:
AA 55 00 28 5B 27 EF 35 0F 48 1C 38 F4 37 D5 37 3C 37 8D 37 65 37 55 37 49 37 9A 2E 3E 32 82 33 21 34 4A 2F 4E 2D 49 2D 6E 30 29 31 7A 35 7A 31 E2 29 0A 37 81 37 A9 37 BD 37 95 37 A5 37 E0 37 00 00 9A 0E D2 09 B1 09 81 09 69 09 51 09 35 09 21 09 0D 09 01 09 F1 08 ED 08 

ACQ: 20260430.1040:403 | DATA:
AA 55 00 28 51 36 F5 44 C8 4E ED 08 F5 08 10 09 46 0C 51 0C 5D 0C 75 0C 9D 0C C9 0C 09 0D 45 0D 91 0D C2 02 B9 02 BD 02 C1 02 C9 02 CD 02 D5 02 D9 02 E1 02 E9 02 ED 02 F5 02 FD 02 0D 03 20 03 00 00 00 00 CE 02 D9 02 56 05 00 00 00 00 00 00 00 00 00 00 00 00 00 00 F6 42 

ACQ: 20260430.1040:403 | DATA:
AA 55 00 28 57 45 01 54 32 31 88 42 D9 41 94 41 26 02 25 02 AA 41 FA 42 7E 44 00 00 3E 54 A2 55 6A 57 00 00 00 00 00 00 00 00 00 00 00 00 00 00 00 00 00 00 00 00 00 00 00 00 00 00 FE 7B 70 7C 00 00 A2 09 00 00 00 00 42 04 62 04 00 00 00 00 5E 03 82 03 00 00 00 00 00 00 

ACQ: 20260430.1040:403 | DATA:
AA 55 00 28 59 54 21 63 24 CD 00 00 00 00 00 00 00 00 CE 01 00 00 00 00 00 00 00 00 00 00 00 00 00 00 00 00 00 00 00 00 00 00 00 00 00 00 00 00 00 00 00 00 00 00 00 00 00 00 00 00 36 0E 11 0E C9 0D 75 0D 2A 0E AD 0D 96 12 B2 97 00 00 00 00 00 00 00 00 00 00 00 00 00 00 

ACQ: 20260430.1040:403 | DATA:
AA 55 00 28 85 63 47 72 54 66 00 00 00 00 00 00 00 00 00 00 00 00 00 00 00 00 00 00 00 00 4E 04 00 00 00 00 00 00 00 00 00 00 00 00 00 00 3E 0C 00 00 00 00 76 03 8C 03 00 00 00 00 00 00 00 00 00 00 00 00 00 00 00 00 00 00 00 00 00 00 00 00 00 00 B6 02 C0 02 C0 02 00 00 

ACQ: 20260430.1040:403 | DATA:
AA 55 00 28 AB 72 5D 81 0B 88 00 00 00 00 00 00 00 00 00 00 00 00 00 00 00 00 00 00 00 00 00 00 00 00 F6 02 08 03 00 00 00 00 00 00 00 00 00 00 00 00 00 00 00 00 00 00 CA 07 AD 07 CD 07 0E 02 0D 02 0D 02 09 02 09 02 09 02 05 02 05 02 05 02 05 02 05 02 01 02 01 02 01 02 

ACQ: 20260430.1040:403 | DATA:
 00 28 BF 81 55 90 37 57 01 02 FD 01 FD 01 F1 01 D6 01 06 02 09 02 11 02 19 02 00 00 00 00 00 00 00 00 00 00 00 00 00 00 00 00 00 00 00 00 00 00 00 00 00 00 00 00 00 00 00 00 00 00 00 00 00 00 FE 40 00 00 3A 42 92 3B 00 00 00 00 00 00 00 00 00 00 00 00 00 00 00 00 

ACQ: 20260430.1040:403 | DATA:
 00 28 B7 90 53 9F 2A 64 00 00 00 00 00 00 00 00 00 00 00 00 00 00 FA 40 8A 46 1A 45 00 00 00 00 00 00 8E 40 F6 41 C0 42 60 42 30 42 36 45 8A 42 D0 42 00 00 00 00 00 00 00 00 00 00 00 00 8A 53 00 00 00 00 00 00 00 00 00 00 00 00 00 00 00 00 00 00 00 00 00 00 00 00

ACQ: 20260430.1040:537 | DATA:
AA 55 00 27 B5 9F E5 AD 0B 64 00 00 00 00 00 00 00 00 00 00 00 00 00 00 00 00 86 07 00 00 00 00 00 00 00 00 00 00 CA 04 E8 04 00 00 00 00 00 00 00 00 00 00 00 00 00 00 36 06 2C 06 29 06 00 00 AE 06 00 00 00 00 00 00 00 00 00 00 B6 03 0A 0E C8 0D 8C 0D 3A 16 0A 38 

ACQ: 20260430.1040:537 | DATA:
AA 55 01 01 47 AE 47 AE AB 54 00 00 

ACQ: 20260430.1040:537 | DATA:
AA 55 00 28 A1 AE 4F 09 27 CE 00 00 0E 0E 21 0E 00 00 00 00 5A 4F 30 4F 0C 4F 3A 14 45 14 49 14 49 14 51 14 55 14 59 14 49 14 D9 14 00 00 EE 4D AD 4D ED 4D 6A 4A 9E 42 00 00 9C 42 1A 4C 0E 51 01 51 EA 13 00 00 02 04 AE 13 D5 13 FD 13 11 14 28 14 3C 14 20 14 00 00 00 00 

ACQ: 20260430.1040:537 | DATA:
AA 55 00 28 B1 09 3F 18 7C 7E BC 14 D0 14 EC 14 08 15 2C 15 4C 15 78 15 94 15 B8 15 00 00 00 00 3E 58 F9 58 69 59 E9 59 D1 5A 49 5B F1 5B 0E 5D C1 5D 8D 5E 00 00 BC 5E 01 5F D2 5C 36 5B 00 00 12 55 A8 55 05 55 A2 53 AD 52 3E 51 CD 50 4C 50 3A 4D E4 4C 00 00 00 00 00 00 

ACQ: 20260430.1040:537 | DATA:
AA 55 00 28 9F 18 31 27 28 4B 3A 39 46 47 00 00 00 00 9E 44 10 44 58 43 C8 42 2C 42 00 00 66 29 0D 29 FD 28 85 29 9C 29 00 00 00 00 00 00 00 00 00 00 00 00 4E 26 30 26 1C 26 C5 25 85 26 99 26 9D 26 B1 26 0D 27 00 00 00 00 00 00 0E 39 28 39 E9 38 A8 38 70 38 48 38 28 38 

ACQ: 20260430.1040:537 | DATA:
AA 55 00 28 93 27 35 36 D6 77 01 38 BC 37 A0 37 0C 37 78 37 69 37 4D 37 42 33 20 33 02 31 0A 34 1A 30 4A 2D 11 2D D9 2D 56 36 06 35 25 34 42 2A F1 29 76 37 8D 37 61 37 AD 37 A1 37 A0 37 00 00 A2 0E DE 09 BD 09 8D 09 71 09 5D 09 3D 09 29 09 15 09 05 09 F5 08 ED 08 E9 08 

ACQ: 20260430.1040:537 | DATA:
AA 55 00 28 97 36 45 45 7E 08 ED 08 00 09 00 00 4E 0C 55 0C 6D 0C 95 0C C1 0C F9 0C 3D 0D 81 0D C2 02 B9 02 BD 02 C1 02 C5 02 CD 02 D1 02 D9 02 DD 02 E5 02 ED 02 F5 02 FD 02 09 03 1C 03 00 00 00 00 CA 02 D5 02 4E 05 00 00 00 00 00 00 00 00 00 00 00 00 00 00 F2 42 E0 42 

ACQ: 20260430.1040:537 | DATA:
AA 55 00 28 A7 45 63 54 70 0F E5 41 98 41 26 02 25 02 82 41 DA 42 2E 44 00 00 F6 53 6A 55 1A 57 00 00 00 00 00 00 00 00 00 00 00 00 00 00 00 00 00 00 00 00 00 00 00 00 00 00 00 00 4A 7C 00 00 9A 09 00 00 00 00 3A 04 5E 04 00 00 00 00 5A 03 7E 03 00 00 00 00 00 00 00 00 

ACQ: 20260430.1040:537 | DATA:
AA 55 00 28 BB 54 73 63 3C 1C 00 00 00 00 00 00 CE 01 00 00 00 00 00 00 00 00 00 00 00 00 00 00 00 00 00 00 00 00 00 00 00 00 00 00 00 00 00 00 00 00 00 00 00 00 00 00 00 00 2A 0E 19 0E C5 0D 05 0E D1 0D AD 0D A9 0D B6 59 00 00 00 00 00 00 00 00 00 00 00 00 00 00 00 00 

ACQ: 20260430.1040:537 | DATA:
AA 55 00 28 D5 63 8F 72 AC 66 00 00 00 00 00 00 00 00 00 00 00 00 00 00 00 00 00 00 46 04 00 00 00 00 00 00 00 00 00 00 00 00 00 00 42 0C 00 00 00 00 6E 03 84 03 00 00 00 00 00 00 00 00 00 00 00 00 00 00 00 00 00 00 00 00 00 00 00 00 00 00 B6 02 C0 02 C4 02 00 00 00 00 

ACQ: 20260430.1040:537 | DATA:
 00 28 F1 72 A5 81 59 8F 00 00 00 00 00 00 00 00 00 00 00 00 00 00 00 00 00 00 00 00 00 00 F2 02 04 03 00 00 00 00 00 00 00 00 00 00 00 00 00 00 00 00 00 00 D2 07 AD 07 C5 07 E0 07 0E 02 0D 02 09 02 09 02 09 02 05 02 05 02 05 02 05 02 05 02 05 02 01 02 01 02 01 02 

ACQ: 20260430.1040:537 | DATA:
 00 28 05 82 A5 90 78 50 01 02 FD 01 F5 01 D2 01 D9 01 0A 02 0D 02 19 02 00 00 00 00 00 00 00 00 00 00 00 00 00 00 00 00 00 00 00 00 00 00 00 00 00 00 00 00 00 00 00 00 00 00 00 00 00 00 1A 41 00 00 56 42 22 3C 00 00 00 00 00 00 00 00 00 00 00 00 00 00 00 00 00 00

ACQ: 20260430.1040:661 | DATA:
AA 55 00 28 07 91 A5 9F 8E 21 00 00 00 00 00 00 00 00 00 00 00 00 3A 40 82 46 1A 45 00 00 00 00 00 00 56 40 FE 41 B4 42 7C 42 28 42 22 45 A2 42 C4 42 1E 44 00 00 00 00 00 00 00 00 00 00 36 53 00 00 00 00 00 00 00 00 00 00 00 00 00 00 00 00 00 00 00 00 00 00 00 00 00 00 

ACQ: 20260430.1040:661 | DATA:
AA 55 00 26 07 A0 EF AD CF 21 00 00 00 00 00 00 00 00 00 00 00 00 00 00 8E 07 00 00 00 00 00 00 00 00 00 00 CA 04 E4 04 00 00 00 00 00 00 00 00 00 00 00 00 00 00 36 06 2C 06 2D 06 00 00 B6 06 00 00 00 00 00 00 00 00 00 00 BE 03 02 0E BC 0D 88 0D BE 17 9A 42 

ACQ: 20260430.1040:661 | DATA:
AA 55 01 01 51 AE 51 AE AB 54 00 00 

ACQ: 20260430.1040:661 | DATA:
AA 55 00 28 B3 AE 4F 09 7C CB 00 00 0A 0E 31 0E 00 00 00 00 42 4F 20 4F F0 4E 3E 14 41 14 49 14 49 14 51 14 55 14 59 14 51 14 D0 14 00 00 E6 4D D5 4D 21 4E 6E 48 D6 42 00 00 80 42 9A 4E 0E 51 09 51 EE 13 00 00 FE 03 B6 13 D9 13 F5 13 0D 14 30 14 3C 14 1C 14 00 00 00 00 

ACQ: 20260430.1040:661 | DATA:
AA 55 00 28 B1 09 39 18 F5 2A BC 14 D8 14 F0 14 0C 15 30 15 58 15 78 15 98 15 C0 15 00 00 00 00 4E 58 F1 58 81 59 F1 59 D1 5A 65 5B F5 5B 0D 5D D5 5D 5D 5E 00 00 D8 5E 05 5F B2 5C 32 5B 06 55 34 55 98 55 19 55 7E 53 69 52 64 51 B1 50 20 50 00 00 00 00 00 00 00 00 00 00 

ACQ: 20260430.1040:661 | DATA:
AA 55 00 28 9B 18 31 27 B1 4B 4E 39 FE 46 00 00 00 00 AA 44 04 44 6C 43 C0 42 34 42 00 00 6E 29 09 29 11 29 91 29 A4 29 00 00 00 00 00 00 00 00 00 00 00 00 46 26 28 26 1C 26 BD 25 65 26 91 26 95 26 A5 26 F9 26 00 00 00 00 00 00 F6 38 29 39 ED 38 B8 38 70 38 54 38 28 38 

ACQ: 20260430.1040:661 | DATA:
AA 55 00 28 93 27 35 36 9D 47 05 38 C8 37 A9 37 D8 36 70 37 65 37 3D 37 8A 34 16 32 C2 30 26 34 66 30 52 2D 0D 2D B5 2D E2 36 7A 34 8D 34 7E 2A F9 29 76 37 95 37 61 37 B1 37 B9 37 00 00 00 00 A6 0E E6 09 BD 09 8D 09 75 09 61 09 41 09 2D 09 15 09 09 09 F9 08 ED 08 E9 08 

ACQ: 20260430.1040:661 | DATA:
AA 55 00 28 8F 36 47 45 EC 08 F1 08 04 09 00 00 4E 0C 59 0C 6D 0C 91 0C BD 0C F5 0C 39 0D 79 0D C6 02 B9 02 BD 02 C1 02 C5 02 CD 02 D1 02 D9 02 DD 02 E5 02 ED 02 F5 02 F9 02 05 03 19 03 00 00 00 00 CA 02 D5 02 4A 05 00 00 00 00 00 00 00 00 00 00 00 00 00 00 EE 42 E5 42 

ACQ: 20260430.1040:661 | DATA:
AA 55 00 28 A1 45 4B 54 25 0A F9 41 B9 41 26 02 29 02 7E 41 BA 42 EE 43 00 00 C6 53 2A 55 FE 56 00 00 00 00 00 00 00 00 00 00 00 00 00 00 00 00 00 00 00 00 00 00 00 00 00 00 00 00 FA 7B 00 00 9A 09 00 00 00 00 00 00 5A 04 00 00 00 00 52 03 7A 03 00 00 00 00 00 00 00 00 

ACQ: 20260430.1040:661 | DATA:
AA 55 00 28 AD 54 61 63 8D 8D 00 00 00 00 00 00 CA 01 D4 01 00 00 00 00 00 00 00 00 00 00 00 00 00 00 00 00 00 00 00 00 00 00 00 00 00 00 00 00 00 00 00 00 00 00 00 00 00 00 1A 03 22 0E FD 0D F9 0D C9 0D AD 0D B1 0D AA 12 B6 D5 00 00 00 00 00 00 00 00 00 00 00 00 00 00 

ACQ: 20260430.1040:661 | DATA:
AA 55 00 28 C3 63 7D 72 88 64 00 00 00 00 00 00 00 00 00 00 00 00 00 00 00 00 00 00 00 00 5A 04 00 00 00 00 00 00 00 00 00 00 00 00 52 0C 00 00 00 00 6E 03 80 03 00 00 00 00 00 00 00 00 00 00 00 00 00 00 00 00 00 00 00 00 00 00 00 00 00 00 00 00 BE 02 C4 02 00 00 00 00 

ACQ: 20260430.1040:661 | DATA:
 00 28 DF 72 9F 81 DD 8E 00 00 00 00 00 00 00 00 00 00 00 00 00 00 00 00 00 00 00 00 00 00 00 00 02 03 10 03 00 00 00 00 00 00 00 00 00 00 00 00 00 00 00 00 DA 07 AD 07 BD 07 E4 07 0E 02 0D 02 09 02 09 02 09 02 05 02 05 02 05 02 05 02 05 02 05 02 01 02 01 02 01 02 

ACQ: 20260430.1040:661 | DATA:
 00 28 01 82 AB 90 D8 52 01 02 FD 01 F9 01 D2 01 D5 01 0A 02 0D 02 15 02 24 02 00 00 00 00 00 00 00 00 00 00 00 00 00 00 00 00 00 00 00 00 00 00 00 00 00 00 00 00 00 00 00 00 00 00 00 00 3E 41 00 00 30 42 E2 3C 00 00 00 00 00 00 00 00 00 00 00 00 00 00 00 00 00 00

ACQ: 20260430.1040:761 | DATA:
AA 55 00 28 03 91 A3 9F C6 66 00 00 00 00 00 00 00 00 00 00 00 00 F2 3F 76 46 02 45 00 00 00 00 00 00 C6 3F E2 41 90 42 90 42 E8 41 16 45 AE 42 AC 42 00 00 00 00 00 00 00 00 00 00 00 00 92 53 00 00 00 00 00 00 00 00 00 00 00 00 00 00 00 00 00 00 00 00 00 00 00 00 00 00 

ACQ: 20260430.1040:761 | DATA:
AA 55 00 26 FD 9F DD AD 27 67 00 00 00 00 00 00 00 00 00 00 00 00 00 00 82 07 00 00 00 00 00 00 00 00 00 00 C6 04 E4 04 00 00 00 00 00 00 00 00 00 00 00 00 00 00 32 06 30 06 29 06 00 00 AA 06 00 00 00 00 00 00 00 00 00 00 B6 03 0A 0E 4E 07 7E 0D 6E 15 6E 33 

ACQ: 20260430.1040:761 | DATA:
AA 55 01 01 3F AE 3F AE AB 54 00 00 

ACQ: 20260430.1040:761 | DATA:
AA 55 00 28 A1 AE 3D 09 49 94 00 00 0E 0E 1D 0E 00 00 00 00 4A 4F 20 4F 18 4F 08 4F 46 14 49 14 49 14 49 14 55 14 59 14 49 14 B9 14 00 00 EE 4D C9 4D E1 4D 7E 4C A2 42 00 00 5C 42 0A 4C 16 51 09 51 E6 13 00 00 FE 03 AA 13 C9 13 F5 13 0D 14 25 14 38 14 28 14 00 00 00 00 

ACQ: 20260430.1040:761 | DATA:
AA 55 00 28 9F 09 31 18 05 37 C0 14 D0 14 F0 14 08 15 28 15 4C 15 74 15 90 15 BC 15 00 00 00 00 06 58 D9 58 49 59 ED 59 A5 5A 3D 5B A1 5B CE 5C 8D 5D 3D 5E 00 00 98 5E C5 5E EE 5C 2E 5B 00 00 C2 54 7A 56 FA 54 B2 53 B9 52 76 51 D9 50 6C 50 00 00 FE 4B 00 00 00 00 00 00 

ACQ: 20260430.1040:764 | DATA:
AA 55 00 28 93 18 2B 27 7E 2B 46 39 02 47 30 46 00 00 86 44 24 44 7C 43 C8 42 3C 42 00 00 6A 29 29 29 05 29 75 29 A1 29 00 00 00 00 00 00 00 00 00 00 00 00 00 00 2E 26 1C 26 CD 25 71 26 9D 26 99 26 A9 26 FD 26 00 00 00 00 00 00 0E 39 29 39 ED 38 B0 38 74 38 5C 38 2C 38 

ACQ: 20260430.1040:764 | DATA:
AA 55 00 28 83 27 47 36 D3 46 01 38 C4 37 AD 37 00 37 80 37 69 37 51 37 0A 34 92 32 DE 30 0A 34 3A 30 42 2D 09 2D C5 2D 7A 36 E6 34 35 34 46 2A F5 29 8A 37 99 37 69 37 A1 37 85 37 00 00 00 00 A2 0E E6 09 C1 09 91 09 75 09 5D 09 39 09 25 09 0D 09 01 09 F1 08 E9 08 E5 08 

ACQ: 20260430.1040:764 | DATA:
AA 55 00 28 A9 36 57 45 6F 08 E5 08 F5 08 00 00 4A 0C 59 0C 79 0C 9D 0C CD 0C 09 0D 45 0D 91 0D C2 02 B9 02 BD 02 C1 02 C9 02 CD 02 D5 02 D9 02 DD 02 E5 02 ED 02 F5 02 FD 02 09 03 1C 03 00 00 00 00 CE 02 D9 02 56 05 00 00 00 00 00 00 00 00 00 00 00 00 00 00 DE 42 94 42 

ACQ: 20260430.1040:764 | DATA:
AA 55 00 28 B9 45 5D 54 48 73 DD 41 9C 41 26 02 25 02 9E 41 FA 42 5A 44 00 00 12 54 9E 55 56 57 00 00 00 00 00 00 00 00 00 00 00 00 00 00 00 00 00 00 00 00 00 00 00 00 00 00 7E 7B 04 7C 00 00 9E 09 00 00 00 00 3E 04 5E 04 00 00 00 00 5A 03 7E 03 00 00 00 00 00 00 00 00 

ACQ: 20260430.1040:764 | DATA:
AA 55 00 28 BF 54 73 63 A8 1E 00 00 00 00 00 00 CE 01 00 00 00 00 00 00 00 00 00 00 00 00 00 00 00 00 00 00 00 00 00 00 00 00 00 00 00 00 00 00 00 00 00 00 00 00 00 00 00 00 2E 0E 19 0E C1 0D 01 0E D9 0D AD 0D A9 0D 2A 5B 00 00 00 00 00 00 00 00 00 00 00 00 00 00 00 00 

ACQ: 20260430.1040:764 | DATA:
 00 28 D5 63 87 72 D8 66 00 00 00 00 00 00 00 00 00 00 00 00 00 00 00 00 00 00 46 04 00 00 00 00 00 00 00 00 00 00 00 00 00 00 42 0C 00 00 00 00 6E 03 84 03 00 00 00 00 00 00 00 00 00 00 00 00 00 00 00 00 00 00 00 00 00 00 00 00 00 00 B6 02 BC 02 C4 02 00 00 00 00 

ACQ: 20260430.1040:764 | DATA:
 00 28 E9 72 AF 81 4F 8F 00 00 00 00 00 00 00 00 00 00 00 00 00 00 00 00 00 00 00 00 00 00 F2 02 04 03 00 00 00 00 00 00 00 00 00 00 00 00 00 00 00 00 00 00 D2 07 AD 07 C1 07 E0 07 0E 02 0D 02 09 02 09 02 09 02 05 02 05 02 05 02 05 02 05 02 05 02 01 02 01 02 01 02

ACQ: 20260430.1040:864 | DATA:
AA 55 00 28 09 82 AD 90 E6 57 01 02 FD 01 F5 01 D6 01 D9 01 0A 02 0D 02 19 02 00 00 00 00 00 00 00 00 00 00 00 00 00 00 00 00 00 00 00 00 00 00 00 00 00 00 00 00 00 00 00 00 00 00 00 00 00 00 32 41 00 00 34 42 F6 3B 00 00 00 00 00 00 00 00 00 00 00 00 00 00 00 00 00 00 

ACQ: 20260430.1040:864 | DATA:
AA 55 00 28 0F 91 AD 9F 10 19 00 00 00 00 00 00 00 00 00 00 00 00 EE 3F 76 46 12 45 00 00 00 00 00 00 22 40 06 42 AC 42 70 42 18 42 36 45 9A 42 AC 42 00 00 00 00 00 00 00 00 00 00 00 00 72 53 00 00 00 00 00 00 00 00 00 00 00 00 00 00 00 00 00 00 00 00 00 00 00 00 00 00 

ACQ: 20260430.1040:864 | DATA:
AA 55 00 26 0D A0 DD AD 7B 5D 00 00 00 00 00 00 00 00 00 00 00 00 00 00 7E 07 00 00 00 00 00 00 00 00 00 00 CA 04 E4 04 00 00 00 00 00 00 00 00 00 00 00 00 00 00 36 06 2C 06 29 06 00 00 AA 06 00 00 00 00 00 00 00 00 00 00 B6 03 02 0E 46 07 82 0D EE 15 56 36 

ACQ: 20260430.1040:864 | DATA:
AA 55 01 01 3F AE 3F AE AB 54 00 00 

ACQ: 20260430.1040:864 | DATA:
AA 55 00 28 A1 AE 4B 09 3F CD 00 00 0E 0E 1D 0E 00 00 00 00 66 4F 40 4F 3C 4F 3A 14 49 14 49 14 49 14 51 14 51 14 59 14 51 14 CD 14 00 00 02 4E B9 4D ED 4D CE 4B A6 42 00 00 10 43 7A 4B 26 51 19 51 EA 13 00 00 02 04 AA 13 CD 13 01 14 11 14 2C 14 3C 14 24 14 00 00 00 00 

ACQ: 20260430.1040:864 | DATA:
AA 55 00 28 AB 09 43 18 2D 65 C0 14 D0 14 EC 14 08 15 2C 15 4C 15 78 15 90 15 BC 15 00 00 00 00 3A 58 F5 58 75 59 E5 59 B1 5A 69 5B C5 5B C1 5C D1 5D 35 5E 00 00 88 5D A1 5E A6 5C 2A 5B 0A 55 38 55 88 55 11 55 96 53 9D 52 76 51 C9 50 50 50 00 00 22 4C 00 00 00 00 00 00 

ACQ: 20260430.1040:864 | DATA:
AA 55 00 28 9B 18 39 27 B4 4A 46 39 0E 47 00 00 00 00 AA 44 14 44 70 43 C8 42 34 42 00 00 7A 29 25 29 21 29 A1 29 C0 29 00 00 00 00 00 00 00 00 00 00 00 00 4A 26 34 26 20 26 C5 25 91 26 99 26 9D 26 B1 26 1D 27 00 00 00 00 00 00 16 39 24 39 E9 38 A8 38 74 38 50 38 2C 38 

ACQ: 20260430.1040:864 | DATA:
AA 55 00 28 9B 27 3F 36 7A 50 08 38 D0 37 A0 37 28 37 85 37 69 37 5D 37 66 32 BE 33 3E 31 DA 33 16 30 4A 2D 0D 2D 02 2E BA 32 4A 35 0A 34 12 2A CA 35 92 37 9D 37 79 37 9D 37 E0 37 00 00 16 0A F9 09 D1 09 AD 09 8D 09 6D 09 4D 09 35 09 25 09 11 09 09 09 F9 08 F1 08 ED 08 

ACQ: 20260430.1040:864 | DATA:
AA 55 00 28 A1 36 4D 45 74 01 E9 08 E9 08 E9 08 F5 08 04 09 5A 0C 90 0C C9 0C 09 0D 49 0D 91 0D C2 02 B9 02 BD 02 C1 02 C5 02 CD 02 D1 02 D9 02 DD 02 E5 02 ED 02 F5 02 FD 02 09 03 1C 03 00 00 00 00 CA 02 D5 02 52 05 00 00 00 00 1E 08 15 08 11 08 31 08 00 00 3D 08 6C 08 

ACQ: 20260430.1040:864 | DATA:
 00 28 AF 45 55 54 EB 0E 75 08 91 08 26 02 25 02 28 02 00 00 5E 44 00 00 FE 53 66 55 36 57 00 00 00 00 00 00 00 00 00 00 00 00 00 00 00 00 00 00 00 00 00 00 00 00 00 00 00 00 5E 7C 00 00 9A 09 00 00 00 00 3A 04 5E 04 00 00 00 00 5A 03 7E 03 00 00 00 00 00 00 00 00 

ACQ: 20260430.1040:864 | DATA:
 00 28 B7 54 63 63 90 16 00 00 00 00 00 00 CE 01 00 00 00 00 00 00 00 00 00 00 00 00 00 00 00 00 00 00 00 00 00 00 00 00 00 00 00 00 00 00 00 00 00 00 00 00 00 00 00 00 2A 0E 19 0E C5 0D 05 0E D1 0D AD 0D B1 0D 1E 53 00 00 00 00 00 00 00 00 00 00 00 00 00 00 00 00

ACQ: 20260430.1040:974 | DATA:
AA 55 00 28 C5 63 8F 72 BC 66 00 00 00 00 00 00 00 00 00 00 00 00 00 00 00 00 00 00 42 04 00 00 00 00 00 00 00 00 00 00 00 00 00 00 46 0C 00 00 00 00 6E 03 84 03 00 00 00 00 00 00 00 00 00 00 00 00 00 00 00 00 00 00 00 00 00 00 00 00 00 00 B6 02 C0 02 C4 02 00 00 00 00 

ACQ: 20260430.1040:974 | DATA:
AA 55 00 28 E9 72 AF 81 BA 8A 00 00 00 00 00 00 00 00 00 00 00 00 00 00 00 00 00 00 00 00 00 00 F2 02 04 03 00 00 00 00 00 00 00 00 00 00 00 00 00 00 00 00 00 00 CE 07 AD 07 C5 07 0E 02 0D 02 0D 02 09 02 09 02 09 02 05 02 05 02 05 02 05 02 05 02 05 02 01 02 01 02 01 02 

ACQ: 20260430.1040:974 | DATA:
AA 55 00 28 11 82 AD 90 18 50 01 02 FD 01 F1 01 D6 01 E1 01 0A 02 11 02 19 02 00 00 00 00 00 00 00 00 00 00 00 00 00 00 00 00 00 00 00 00 00 00 00 00 00 00 00 00 00 00 00 00 00 00 00 00 00 00 12 41 00 00 3E 42 1A 3C 00 00 00 00 00 00 00 00 00 00 00 00 00 00 00 00 00 00 

ACQ: 20260430.1040:974 | DATA:
AA 55 00 28 0F 91 AD 9F 08 1A 00 00 00 00 00 00 00 00 00 00 00 00 F2 3F 42 46 1E 45 00 00 00 00 00 00 32 40 FE 41 B4 42 88 42 10 42 32 45 A6 42 A4 42 00 00 00 00 00 00 00 00 00 00 00 00 7E 53 00 00 00 00 00 00 00 00 00 00 00 00 00 00 00 00 00 00 00 00 00 00 00 00 00 00 

ACQ: 20260430.1040:974 | DATA:
AA 55 00 26 0D A0 DD AD B7 4D 00 00 00 00 00 00 00 00 00 00 00 00 00 00 7E 07 00 00 00 00 00 00 00 00 00 00 C6 04 E4 04 00 00 00 00 00 00 00 00 00 00 00 00 00 00 32 06 2C 06 25 06 00 00 AA 06 00 00 00 00 00 00 00 00 00 00 B6 03 0E 0E C4 0D 8C 0D 56 14 A6 2D 

ACQ: 20260430.1040:974 | DATA:
AA 55 01 01 35 AE 35 AE AB 54 00 00 

ACQ: 20260430.1040:974 | DATA:
AA 55 00 28 99 AE 39 09 72 9C 00 00 22 0E 19 0E 00 00 00 00 42 4F 34 4F 1C 4F 08 4F 4A 14 45 14 49 14 4D 14 55 14 55 14 4D 14 91 14 00 00 2E 4E AD 4D AD 4D 75 4E 92 42 00 00 B6 46 95 46 12 51 55 51 EE 13 00 00 02 04 8E 13 C1 13 F9 13 09 14 18 14 38 14 28 14 00 00 00 00 

ACQ: 20260430.1040:974 | DATA:
AA 55 00 28 91 09 1F 18 59 69 C8 14 C8 14 EC 14 00 15 24 15 40 15 70 15 8C 15 B0 15 00 00 00 00 F2 57 CD 58 49 59 AD 59 95 5A 29 5B B1 5B 85 5C 89 5D 2D 5E 00 00 E6 5B A2 5E 62 5D 4E 5B 00 00 B6 54 B2 56 56 54 59 54 DE 52 36 05 06 51 75 50 00 00 B6 4C 00 00 00 00 00 00 

ACQ: 20260430.1040:974 | DATA:
AA 55 00 28 81 18 17 27 C3 7B 4E 39 00 00 8A 46 00 00 00 00 56 44 88 43 EC 42 60 42 00 00 22 41 46 29 01 29 9D 29 B5 29 00 00 00 00 00 00 00 00 00 00 00 00 5E 26 3C 26 28 26 24 26 19 26 A9 26 95 26 A1 26 D9 26 B8 27 00 00 00 00 00 00 32 39 F5 38 BC 38 88 38 68 38 34 38 

ACQ: 20260430.1040:974 | DATA:
AA 55 00 28 77 27 11 36 EB 5F 14 38 D8 37 D1 37 AA 36 84 37 81 37 65 37 45 37 12 2F EA 30 8A 33 BA 36 CA 2D 1D 2D 75 2D 62 32 96 33 06 37 4A 2B E6 29 4E 37 99 37 5D 37 E9 37 6C 37 7A 0A 3D 0A 19 0A 05 0A F1 09 E5 09 D5 09 D5 09 C9 09 C9 09 C5 09 C5 09 C1 09 C5 09 C5 09 

ACQ: 20260430.1040:974 | DATA:
 00 28 75 36 21 45 C4 4E C9 09 C9 09 CD 09 D1 09 D9 09 DD 09 E5 09 ED 09 F5 09 F9 09 0D 0A 38 0A BA 02 B9 02 BD 02 C5 02 C9 02 D1 02 D5 02 DD 02 E1 02 E9 02 F1 02 F9 02 01 03 15 03 00 00 00 00 00 00 D2 02 3E 05 76 05 00 00 00 00 00 00 00 00 00 00 00 00 00 00 F6 42 

ACQ: 20260430.1040:974 | DATA:
 00 28 83 45 29 54 65 49 F9 41 D9 41 54 41 26 02 25 02 3E 42 66 43 A2 45 26 53 DE 54 A6 56 00 00 00 00 00 00 00 00 00 00 00 00 00 00 00 00 00 00 00 00 00 00 00 00 00 00 00 00 5A 7C 00 00 9A 09 00 00 00 00 00 00 52 04 00 00 00 00 4A 03 6E 03 00 00 00 00 00 00 00 00

ACQ: 20260430.1040:73 | DATA:
AA 55 00 28 8B 54 4F 63 47 9A 00 00 00 00 00 00 CA 01 D4 01 00 00 00 00 00 00 00 00 00 00 00 00 00 00 00 00 00 00 00 00 00 00 00 00 00 00 00 00 00 00 00 00 00 00 00 00 00 00 00 00 2A 0E 01 0E DD 0D C9 0D A9 0D B5 0D B2 12 A6 C2 00 00 00 00 00 00 00 00 00 00 00 00 00 00 

ACQ: 20260430.1040:73 | DATA:
AA 55 00 28 A7 63 63 72 7B 64 00 00 00 00 00 00 00 00 00 00 00 00 00 00 00 00 00 00 00 00 56 04 00 00 00 00 00 00 00 00 00 00 00 00 00 00 32 0C 00 00 72 03 7D 03 00 00 00 00 00 00 00 00 00 00 00 00 00 00 00 00 00 00 00 00 00 00 00 00 00 00 00 00 BA 02 C4 02 00 00 00 00 

ACQ: 20260430.1040:73 | DATA:
AA 55 00 28 C5 72 83 81 3F 8F 00 00 00 00 00 00 00 00 00 00 00 00 00 00 00 00 00 00 00 00 00 00 00 00 FA 02 10 03 00 00 00 00 00 00 00 00 00 00 00 00 00 00 00 00 E6 07 B5 07 B5 07 DC 07 0E 02 0D 02 0D 02 09 02 09 02 09 02 05 02 05 02 05 02 05 02 05 02 01 02 01 02 01 02 

ACQ: 20260430.1040:73 | DATA:
AA 55 00 28 E5 81 81 90 A4 11 01 02 FD 01 FD 01 DA 01 D1 01 0A 02 0D 02 15 02 20 02 00 00 00 00 00 00 00 00 00 00 00 00 00 00 00 00 00 00 00 00 00 00 00 00 00 00 00 00 00 00 00 00 42 03 00 00 6E 41 A8 41 E0 41 36 3D 00 00 00 00 00 00 00 00 00 00 00 00 00 00 00 00 00 00 

ACQ: 20260430.1040:73 | DATA:
AA 55 00 28 E3 90 71 9F DC 5F 00 00 00 00 00 00 00 00 00 00 00 00 00 00 F2 44 A4 45 00 00 00 00 00 00 AE 3E E6 41 FC 41 D8 42 D4 41 DA 43 00 00 9E 42 70 43 00 00 00 00 00 00 00 00 00 00 3E 53 00 00 00 00 00 00 00 00 00 00 00 00 00 00 00 00 00 00 00 00 00 00 00 00 00 00 

ACQ: 20260430.1040:73 | DATA:
AA 55 00 26 D3 9F B9 AD 45 55 00 00 00 00 00 00 00 00 00 00 00 00 00 00 72 07 00 00 00 00 00 00 00 00 00 00 BA 04 D9 04 00 00 00 00 00 00 00 00 00 00 00 00 00 00 22 06 34 06 28 06 30 06 9A 06 00 00 00 00 00 00 00 00 00 00 B2 03 DA 04 EA 0D A8 0D 7C 0D 56 1F 

ACQ: 20260430.1040:73 | DATA:
AA 55 01 01 1B AE 1B AE A1 99 0A CD 

ACQ: 20260430.1040:73 | DATA:
AA 55 00 28 73 AE 23 09 3A DF 00 00 00 00 12 0E 00 00 00 00 5A 4F 28 4F 28 4F 00 4F 46 14 45 14 49 14 49 14 55 14 55 14 5D 14 71 14 00 00 00 00 C6 4D C5 4D 99 4E 26 47 00 00 76 43 FD 42 06 51 31 51 FA 13 F8 13 02 04 00 00 BE 13 F5 13 F8 13 14 14 2C 14 2C 14 00 00 00 00 

ACQ: 20260430.1040:73 | DATA:
AA 55 00 28 85 09 17 18 D5 69 CC 14 C0 14 E4 14 F8 14 1C 15 3C 15 68 15 8C 15 B0 15 D8 15 00 00 C2 57 BD 58 49 59 C1 59 75 5A 0D 5B B1 5B 9D 5C 5D 5D 2D 5E 00 00 00 00 69 5F AA 5D 8E 5B 00 00 BA 54 9E 56 86 54 C8 54 7A 53 32 05 02 51 8D 50 2E 4E 4C 4D 00 00 00 00 00 00 

ACQ: 20260430.1040:73 | DATA:
 00 28 77 18 0D 27 67 79 F6 38 00 00 AA 46 00 00 00 00 62 44 A8 43 08 43 64 42 00 00 1A 41 4A 29 05 29 8D 29 AD 29 00 00 00 00 00 00 00 00 00 00 00 00 6A 26 3C 26 30 26 2C 26 F5 25 B1 26 9D 26 A1 26 CD 26 99 27 00 00 00 00 00 00 2A 39 00 39 D0 38 94 38 70 38 40 38 

ACQ: 20260430.1040:73 | DATA:
 00 28 6F 27 01 36 97 63 1C 38 E4 37 D8 37 EC 36 98 37 81 37 65 37 59 37 96 2E DE 31 E6 33 FA 36 16 2E 16 2D 69 2D A2 31 72 33 65 34 AA 2B E2 29 12 37 89 37 35 37 D1 37 75 37 B4 37 0E 0B D9 0A B5 0A 99 0A 8D 0A 8D 0A 8D 0A A1 0A B5 0A DD 0A 11 0B D2 0B 35 0C 8D 0C

ACQ: 20260430.1040:190 | DATA:
AA 55 00 28 63 36 07 45 DA 49 8D 0C 85 0C 81 0C 85 0C 81 0C 81 0C 91 0C B9 0C E9 0C 19 0D 55 0D A1 0D BE 02 B9 02 BD 02 C5 02 C9 02 CD 02 D5 02 DD 02 E1 02 E9 02 F1 02 F9 02 FD 02 0D 03 00 00 00 00 00 00 CE 02 D9 02 5A 05 00 00 00 00 00 00 00 00 00 00 00 00 00 00 FA 42 

ACQ: 20260430.1040:190 | DATA:
AA 55 00 28 69 45 1B 54 A8 16 24 42 E5 41 88 41 26 02 29 02 F2 41 0E 43 DA 44 B2 52 82 54 1A 56 DA 57 00 00 00 00 00 00 00 00 00 00 00 00 00 00 00 00 00 00 00 00 00 00 00 00 00 00 4E 7D 00 00 00 00 00 00 00 00 00 00 4A 04 00 00 00 00 00 00 62 03 86 03 00 00 00 00 00 00 

ACQ: 20260430.1040:190 | DATA:
AA 55 00 28 75 54 23 63 6A E0 00 00 00 00 00 00 C2 01 D0 01 00 00 00 00 00 00 00 00 00 00 00 00 00 00 00 00 00 00 00 00 00 00 00 00 00 00 00 00 00 00 00 00 00 00 00 00 00 00 00 00 36 0E 09 0E DD 0D 61 0D 3A 0E AD 0D B2 12 22 BB 00 00 00 00 00 00 00 00 00 00 00 00 00 00 

ACQ: 20260430.1040:190 | DATA:
AA 55 00 28 85 63 3F 72 2C 66 00 00 00 00 00 00 00 00 00 00 00 00 00 00 00 00 00 00 00 00 4E 04 00 00 00 00 00 00 00 00 00 00 00 00 00 00 3E 0C 00 00 00 00 76 03 8C 03 00 00 00 00 00 00 00 00 00 00 00 00 00 00 00 00 00 00 00 00 00 00 00 00 00 00 B6 02 C0 02 C0 02 00 00 

ACQ: 20260430.1040:190 | DATA:
AA 55 00 28 A1 72 5F 81 0B 88 00 00 00 00 00 00 00 00 00 00 00 00 00 00 00 00 00 00 00 00 00 00 00 00 F2 02 08 03 00 00 00 00 00 00 00 00 00 00 00 00 00 00 00 00 00 00 C6 07 AD 07 CD 07 0E 02 0D 02 0D 02 09 02 09 02 09 02 05 02 05 02 05 02 05 02 05 02 01 02 01 02 01 02 

ACQ: 20260430.1040:190 | DATA:
AA 55 00 28 C1 81 5D 90 43 56 01 02 FD 01 FD 01 ED 01 D2 01 06 02 09 02 11 02 19 02 00 00 00 00 00 00 00 00 00 00 00 00 00 00 00 00 00 00 00 00 00 00 00 00 00 00 00 00 00 00 00 00 00 00 00 00 00 00 1E 41 00 00 20 42 72 3B 00 00 00 00 00 00 00 00 00 00 00 00 00 00 00 00 

ACQ: 20260430.1040:190 | DATA:
AA 55 00 28 BF 90 55 9F 46 71 00 00 00 00 00 00 00 00 00 00 00 00 00 00 0E 41 72 46 00 00 00 00 00 00 00 00 3A 41 EC 41 0A 43 08 42 AC 42 DA 44 9E 42 FC 42 00 00 00 00 00 00 00 00 00 00 E6 51 5C 52 00 00 00 00 00 00 00 00 00 00 00 00 00 00 00 00 00 00 00 00 00 00 00 00 

ACQ: 20260430.1040:190 | DATA:
AA 55 00 27 B7 9F 01 AE 50 1E 00 00 00 00 00 00 00 00 00 00 00 00 00 00 5E 07 88 07 00 00 00 00 00 00 00 00 00 00 D2 04 00 00 00 00 00 00 00 00 00 00 00 00 00 00 00 00 36 06 28 06 30 06 00 00 BE 06 00 00 00 00 00 00 00 00 00 00 BE 03 FE 0D B0 0D 90 0D 26 19 9E 4E 

ACQ: 20260430.1040:190 | DATA:
AA 55 01 01 63 AE 63 AE AB 54 00 00 

ACQ: 20260430.1040:190 | DATA:
AA 55 00 28 BD AE 65 09 C8 C2 42 0E 0D 0E 45 0E 00 00 00 00 0A 4F 04 4F E0 4E 42 14 45 14 49 14 45 14 51 14 55 14 59 14 61 14 00 00 00 00 BE 4D C1 4D 55 4E DA 48 FA 42 00 00 1C 43 42 4F 22 51 2C 51 EA 13 02 04 00 00 A6 13 F1 13 F9 13 19 14 2C 14 40 14 00 00 00 00 00 00 

ACQ: 20260430.1040:190 | DATA:
AA 55 00 28 C7 09 55 18 95 65 BC 14 DC 14 F4 14 10 15 30 15 58 15 80 15 AC 15 C4 15 00 00 42 57 B2 58 41 59 78 59 2D 5A 19 5B AD 5B 55 5C 51 5D 29 5E EC 5D 00 00 08 5F 99 5E 5E 5C 1A 5B 8E 54 22 56 C6 54 FD 54 72 53 DA 51 55 51 99 50 00 00 1E 4D 00 00 00 00 00 00 00 00 

ACQ: 20260430.1040:190 | DATA:
 00 28 B5 18 45 27 E0 66 86 39 FA 46 00 00 00 00 96 44 DC 43 4C 43 7C 42 C4 41 00 00 62 29 11 29 41 29 B9 29 00 00 00 00 00 00 00 00 00 00 00 00 00 00 42 26 38 26 20 26 CD 25 C6 26 99 26 A1 26 B5 26 4D 27 00 00 00 00 00 00 12 39 14 39 D4 38 9C 38 74 38 40 38 18 38 

ACQ: 20260430.1040:190 | DATA:
 00 28 A5 27 51 36 5C 4F F8 37 D5 37 64 37 85 37 68 37 69 37 51 37 D2 2F AE 32 E8 32 C8 33 8E 2F 4E 2D 2D 2D 2A 30 3A 31 76 35 FE 32 DA 29 9E 36 85 37 9D 37 9D 37 7D 37 99 37 00 00 00 00 6A 0E BE 0C 3A 0B 0D 0B F5 0A E9 0A DD 0A E5 0A ED 0A F9 0A 0D 0B 2D 0B 61 0B

ACQ: 20260430.1040:271 | DATA:
AA 55 00 28 B3 36 63 45 94 04 32 0C 71 0C 79 0C 7D 0C 89 0C 99 0C C9 0C F5 0C 2D 0D 65 0D A9 0D BE 02 B9 02 BD 02 C1 02 C9 02 CD 02 D5 02 D9 02 E1 02 E9 02 ED 02 F5 02 FD 02 0D 03 20 03 00 00 00 00 CE 02 D9 02 56 05 00 00 00 00 00 00 00 00 00 00 00 00 00 00 EE 42 78 42 

ACQ: 20260430.1040:271 | DATA:
AA 55 00 28 C5 45 79 54 04 01 F1 41 98 41 26 02 29 02 DA 41 2A 43 86 44 9A 52 72 54 E6 55 00 00 00 00 00 00 00 00 00 00 00 00 00 00 00 00 00 00 00 00 00 00 00 00 00 00 00 00 A6 7C 00 00 00 00 00 00 00 00 00 00 4A 04 00 00 00 00 00 00 62 03 82 03 00 00 00 00 00 00 00 00 

ACQ: 20260430.1040:271 | DATA:
AA 55 00 28 D1 54 85 63 4C E6 00 00 00 00 C6 01 D0 01 00 00 00 00 00 00 00 00 00 00 00 00 00 00 00 00 00 00 00 00 00 00 00 00 00 00 00 00 00 00 00 00 00 00 00 00 00 00 00 00 36 0E 0D 0E E1 0D 61 0D 3A 0E AD 0D B2 12 3A BD 00 00 00 00 00 00 00 00 00 00 00 00 00 00 00 00 

ACQ: 20260430.1040:271 | DATA:
AA 55 00 28 E9 63 A1 72 DE 66 00 00 00 00 00 00 00 00 00 00 00 00 00 00 00 00 00 00 4E 04 00 00 00 00 00 00 00 00 00 00 00 00 00 00 3E 0C 00 00 00 00 72 03 8C 03 00 00 00 00 00 00 00 00 00 00 00 00 00 00 00 00 00 00 00 00 00 00 00 00 00 00 B6 02 C0 02 C4 02 00 00 00 00 

ACQ: 20260430.1040:271 | DATA:
AA 55 00 28 05 73 AF 81 56 8B 00 00 00 00 00 00 00 00 00 00 00 00 00 00 00 00 00 00 00 00 00 00 F2 02 08 03 00 00 00 00 00 00 00 00 00 00 00 00 00 00 00 00 00 00 CE 07 AD 07 C9 07 0E 02 0D 02 0D 02 09 02 09 02 09 02 05 02 05 02 05 02 05 02 05 02 05 02 01 02 01 02 01 02 

ACQ: 20260430.1040:271 | DATA:
AA 55 00 28 11 82 AD 90 A0 51 01 02 FD 01 F5 01 D6 01 E1 01 0A 02 11 02 19 02 00 00 00 00 00 00 00 00 00 00 00 00 00 00 00 00 00 00 00 00 00 00 00 00 00 00 00 00 00 00 00 00 00 00 00 00 00 00 FE 40 00 00 5E 42 2A 3C 00 00 00 00 00 00 00 00 00 00 00 00 00 00 00 00 00 00 

ACQ: 20260430.1040:271 | DATA:
AA 55 00 28 0F 91 AD 9F 74 65 00 00 00 00 00 00 00 00 00 00 00 00 5A 40 76 46 02 45 00 00 00 00 00 00 56 40 F2 41 B4 42 60 42 28 42 36 45 9A 42 D8 42 00 00 00 00 00 00 00 00 00 00 00 00 7E 53 00 00 00 00 00 00 00 00 00 00 00 00 00 00 00 00 00 00 00 00 00 00 00 00 00 00 

ACQ: 20260430.1040:271 | DATA:
AA 55 00 26 0D A0 DD AD AB 52 00 00 00 00 00 00 00 00 00 00 00 00 00 00 82 07 00 00 00 00 00 00 00 00 00 00 CA 04 E4 04 00 00 00 00 00 00 00 00 00 00 00 00 00 00 36 06 2C 06 29 06 00 00 AA 06 00 00 00 00 00 00 00 00 00 00 BA 03 0A 0E C0 0D 88 0D 76 15 6A 33 

ACQ: 20260430.1040:271 | DATA:
AA 55 01 01 3F AE 3F AE AB 54 00 00 

ACQ: 20260430.1040:271 | DATA:
 00 28 A1 AE 41 09 79 95 00 00 12 0E 19 0E 00 00 00 00 2E 4F 20 4F F4 4E 10 4F 46 14 49 14 49 14 49 14 55 14 59 14 49 14 B5 14 00 00 0E 4E B9 4D 01 4E DA 4C AA 42 00 00 70 42 E2 4B 26 51 0D 51 E6 13 00 00 FE 03 AA 13 CD 13 01 14 11 14 25 14 38 14 20 14 00 00 00 00 

ACQ: 20260430.1040:271 | DATA:
 00 28 A3 09 31 18 D9 32 C0 14 CC 14 F0 14 08 15 28 15 4C 15 74 15 94 15 B8 15 00 00 00 00 36 58 01 59 65 59 05 5A D1 5A 61 5B 05 5C 0D 5D C9 5D 8D 5E 00 00 70 5F 31 5F 52 5D 56 5B 00 00 AE 54 F6 56 FE 54 BA 53 9A 52 52 51 D5 50 24 50 00 00 E2 4B 00 00 00 00 00 00

ACQ: 20260430.1040:380 | DATA:
AA 55 00 28 93 18 27 27 88 5C 42 39 06 47 40 46 00 00 72 44 04 44 7C 43 D8 42 34 42 00 00 12 41 2A 29 09 29 89 29 C9 29 00 00 00 00 00 00 00 00 00 00 00 00 52 26 30 26 20 26 E5 25 61 26 A9 26 9D 26 AD 26 F9 26 00 00 00 00 00 00 00 00 2A 39 F9 38 B4 38 80 38 68 38 2C 38 

ACQ: 20260430.1040:380 | DATA:
AA 55 00 28 89 27 2D 36 72 42 08 38 CC 37 B8 37 F4 36 75 37 65 37 61 37 94 36 D2 31 C6 30 EA 33 86 30 66 2D 0D 2D A9 2D E6 36 02 34 0A 37 AA 2A FD 29 7E 37 99 37 75 37 A9 37 54 37 00 00 00 00 BE 0E C6 0D 65 0D 25 0D 2E 0C 5E 0B 35 0B 1D 0B 11 0B 09 0B 09 0B 15 0B 19 0B 

ACQ: 20260430.1040:380 | DATA:
AA 55 00 28 8F 36 47 45 50 02 2D 0B 49 0B 75 0B 26 0C 75 0C 85 0C 9D 0C D1 0C 09 0D 59 0D 99 0D C6 02 B9 02 BD 02 C1 02 C5 02 CD 02 D1 02 D9 02 DD 02 E5 02 ED 02 F5 02 F9 02 05 03 19 03 00 00 00 00 CA 02 D5 02 4A 05 00 00 00 00 00 00 00 00 00 00 00 00 00 00 06 43 E5 42 

ACQ: 20260430.1040:380 | DATA:
AA 55 00 28 A1 45 4B 54 DD 0D E5 41 A1 41 26 02 29 02 5E 41 A6 42 D2 43 00 00 9E 53 FE 54 E6 56 00 00 00 00 00 00 00 00 00 00 00 00 00 00 00 00 00 00 00 00 00 00 00 00 00 00 00 00 9E 7D 00 00 9A 09 00 00 00 00 00 00 5A 04 00 00 00 00 52 03 76 03 00 00 00 00 00 00 00 00 

ACQ: 20260430.1040:380 | DATA:
AA 55 00 28 AD 54 59 63 1D 91 00 00 00 00 00 00 CA 01 D4 01 00 00 00 00 00 00 00 00 00 00 00 00 00 00 00 00 00 00 00 00 00 00 00 00 00 00 00 00 00 00 00 00 00 00 00 00 00 00 16 03 22 0E 01 0E ED 0D C5 0D AD 0D B1 0D AA 12 F6 CA 00 00 00 00 00 00 00 00 00 00 00 00 00 00 

ACQ: 20260430.1040:380 | DATA:
AA 55 00 28 BB 63 75 72 F1 64 00 00 00 00 00 00 00 00 00 00 00 00 00 00 00 00 00 00 00 00 5A 04 00 00 00 00 00 00 00 00 00 00 00 00 5A 0C 00 00 00 00 6E 03 81 03 00 00 00 00 00 00 00 00 00 00 00 00 00 00 00 00 00 00 00 00 00 00 00 00 00 00 00 00 BE 02 C4 02 00 00 00 00 

ACQ: 20260430.1040:380 | DATA:
AA 55 00 28 D7 72 8D 81 1B 8F 00 00 00 00 00 00 00 00 00 00 00 00 00 00 00 00 00 00 00 00 00 00 00 00 FE 02 10 03 00 00 00 00 00 00 00 00 00 00 00 00 00 00 00 00 E2 07 B1 07 B9 07 E4 07 0E 02 0D 02 09 02 09 02 09 02 05 02 05 02 05 02 05 02 05 02 05 02 01 02 01 02 01 02 

ACQ: 20260430.1040:380 | DATA:
AA 55 00 28 EF 81 93 90 88 52 01 02 01 02 F9 01 D6 01 D1 01 0A 02 0D 02 15 02 20 02 00 00 00 00 00 00 00 00 00 00 00 00 00 00 00 00 00 00 00 00 00 00 00 00 00 00 00 00 00 00 00 00 00 00 00 00 1A 41 00 00 5E 42 D6 3C 00 00 00 00 00 00 00 00 00 00 00 00 00 00 00 00 00 00 

ACQ: 20260430.1040:380 | DATA:
AA 55 00 28 F5 90 93 9F 56 19 00 00 00 00 00 00 00 00 00 00 00 00 0E 40 3E 46 2C 45 00 00 00 00 00 00 66 3F EA 41 78 42 98 42 D8 41 FA 44 F6 42 A0 42 00 00 00 00 00 00 00 00 00 00 00 00 9E 53 00 00 00 00 00 00 00 00 00 00 00 00 00 00 00 00 00 00 00 00 00 00 00 00 00 00 

ACQ: 20260430.1040:380 | DATA:
AA 55 00 26 EB 9F CB AD 47 76 00 00 00 00 00 00 00 00 00 00 00 00 00 00 82 07 00 00 00 00 00 00 00 00 00 00 C2 04 E0 04 00 00 00 00 00 00 00 00 00 00 00 00 00 00 32 06 30 06 29 06 1C 06 AA 06 00 00 00 00 00 00 00 00 00 00 B6 03 16 0E D0 0D 98 0D 62 13 7A 28 

ACQ: 20260430.1040:380 | DATA:
 01 01 2D AE 2D AE AB 54 00 00 

ACQ: 20260430.1040:380 | DATA:
 00 28 8F AE 27 09 EF 8D 00 00 3E 0E 15 0E 00 00 00 00 4E 4F 1C 4F 18 4F 20 4F 46 14 45 14 49 14 49 14 55 14 59 14 59 14 71 14 00 00 42 4E AD 4D B1 4D 35 4D 76 43 00 00 16 42 78 42 36 51 4D 51 EA 13 F8 13 02 04 86 13 CC 13 ED 13 09 14 25 14 2C 14 34 14 00 00 00 00

ACQ: 20260430.1040:498 | DATA:
AA 55 00 28 89 09 0D 18 42 0B CC 14 C8 14 EC 14 FC 14 20 15 40 15 6C 15 8C 15 B0 15 E4 15 00 00 D2 57 B9 58 35 59 C9 59 71 5A 21 5B C9 5B B9 5C 69 5D 49 5E 00 00 74 5E 56 60 F2 5D 9A 5B 00 00 A2 54 92 56 8A 54 D4 54 46 53 32 05 1A 51 71 50 00 00 00 00 00 00 00 00 00 00 

ACQ: 20260430.1040:498 | DATA:
AA 55 00 28 6F 18 0D 27 26 5F FA 38 00 00 86 46 00 00 00 00 62 44 D4 43 08 43 68 42 00 00 1E 41 4E 29 09 29 89 29 B1 29 00 00 00 00 00 00 00 00 00 00 00 00 00 00 3A 26 30 26 30 26 E9 25 B5 26 A5 26 A9 26 CD 26 B5 27 00 00 00 00 00 00 36 39 0D 39 D8 38 94 38 78 38 38 38 

ACQ: 20260430.1040:498 | DATA:
AA 55 00 28 67 27 11 36 EB 50 18 38 E0 37 CD 37 CA 36 88 37 75 37 59 37 4D 37 96 2E DE 31 92 33 02 37 FA 2D 19 2D 79 2D 06 32 C6 33 C2 34 6E 2B EA 29 4A 37 95 37 7D 37 C9 37 71 37 00 00 00 00 00 00 46 0E 82 0D 45 0D 11 0D F9 0C A6 0B 69 0B 49 0B 31 0B 25 0B 1D 0B 19 0B 

ACQ: 20260430.1040:498 | DATA:
AA 55 00 28 6B 36 19 45 8B 48 25 0B 29 0B 39 0B 51 0B 75 0B BD 0B 82 0C 95 0C CD 0C 11 0D 71 0D BD 0D BE 02 B9 02 BD 02 C5 02 C9 02 D1 02 D5 02 DD 02 E1 02 E9 02 F1 02 F9 02 01 03 11 03 00 00 00 00 00 00 D2 02 DD 02 62 05 00 00 00 00 00 00 00 00 00 00 00 00 00 00 EA 42 

ACQ: 20260430.1040:498 | DATA:
AA 55 00 28 7B 45 1F 54 30 49 EC 41 DD 41 7C 41 26 02 29 02 2E 42 38 43 C6 44 EE 52 7A 54 46 56 00 00 00 00 00 00 00 00 00 00 00 00 00 00 00 00 00 00 00 00 00 00 00 00 00 00 00 00 5A 7C 00 00 86 09 00 00 00 00 00 00 4E 04 00 00 00 00 46 03 6A 03 00 00 00 00 00 00 00 00 

ACQ: 20260430.1040:498 | DATA:
AA 55 00 28 81 54 2D 63 6F 89 00 00 00 00 00 00 C6 01 D0 01 00 00 00 00 00 00 00 00 00 00 00 00 00 00 00 00 00 00 00 00 00 00 00 00 00 00 00 00 00 00 00 00 00 00 00 00 00 00 00 00 32 0E 09 0E DD 0D 71 0D F9 0D B1 0D A6 12 06 D1 00 00 00 00 00 00 00 00 00 00 00 00 00 00 

ACQ: 20260430.1040:498 | DATA:
AA 55 00 28 8F 63 51 72 18 67 00 00 00 00 00 00 00 00 00 00 00 00 00 00 00 00 00 00 00 00 52 04 00 00 00 00 00 00 00 00 00 00 00 00 00 00 3A 0C 00 00 00 00 7A 03 00 00 00 00 00 00 00 00 00 00 00 00 00 00 00 00 00 00 00 00 00 00 00 00 00 00 00 00 BA 02 C4 02 00 00 00 00 

ACQ: 20260430.1040:498 | DATA:
AA 55 00 28 B3 72 7D 81 43 88 00 00 00 00 00 00 00 00 00 00 00 00 00 00 00 00 00 00 00 00 00 00 00 00 FA 02 0C 03 00 00 00 00 00 00 00 00 00 00 00 00 00 00 00 00 00 00 BA 07 B1 07 D9 07 0E 02 0D 02 0D 02 09 02 09 02 09 02 05 02 05 02 05 02 05 02 05 02 01 02 01 02 01 02 

ACQ: 20260430.1040:498 | DATA:
AA 55 00 28 D7 81 79 90 AF 10 01 02 01 02 FD 01 DE 01 D1 01 0A 02 0D 02 11 02 1D 02 00 00 00 00 00 00 00 00 00 00 00 00 00 00 00 00 00 00 00 00 00 00 00 00 00 00 00 00 00 00 00 00 3E 03 00 00 7A 41 98 41 CC 41 42 3F 00 00 00 00 00 00 00 00 00 00 00 00 00 00 00 00 00 00 

ACQ: 20260430.1040:498 | DATA:
AA 55 00 28 D9 90 77 9F 3C 58 00 00 00 00 00 00 00 00 00 00 00 00 00 00 DA 42 DA 45 00 00 00 00 00 00 8A 3E D6 41 F8 41 FC 42 E8 41 AE 43 00 00 A0 42 70 43 00 00 00 00 00 00 00 00 00 00 F6 52 00 00 00 00 00 00 00 00 00 00 00 00 00 00 00 00 00 00 00 00 00 00 00 00 00 00 

ACQ: 20260430.1040:498 | DATA:
AA 55 00 26 D9 9F A7 AD 47 54 00 00 00 00 00 00 00 00 00 00 00 00 00 00 6E 07 00 00 00 00 00 00 00 00 00 00 BA 04 D5 04 00 00 00 00 00 00 00 00 00 00 00 00 00 00 00 00 36 06 28 06 30 06 92 06 00 00 00 00 00 00 00 00 00 00 AA 03 00 00 EA 0D A4 0D 78 0D B2 1C 

ACQ: 20260430.1040:498 | DATA:
 01 01 09 AE 09 AE 85 2F 2E 7B 

ACQ: 20260430.1040:498 | DATA:
 00 28 6B AE 11 09 1C 9C 00 00 8A 0E 0D 0E 6C 0E 00 00 2A 4F 34 4F 10 4F 10 4F 46 14 45 14 49 14 49 14 51 14 55 14 5D 14 6D 14 00 00 00 00 CA 4D D1 4D A5 4E EE 47 2E 43 60 42 A8 42 6E 50 1D 51 FA 13 F0 13 02 04 00 00 B6 13 F1 13 FD 13 11 14 28 14 40 14 00 00 00 00

ACQ: 20260430.1040:611 | DATA:
AA 55 00 28 73 09 05 18 4F 3B DC 14 BC 14 E0 14 F8 14 10 15 3C 15 60 15 84 15 A4 15 D0 15 00 00 86 57 7D 58 39 59 AD 59 59 5A E1 5A A9 5B 45 5C 39 5D 05 5E D6 5C 00 00 9A 5E 19 5E E2 5B EC 5A A6 54 32 56 12 55 FD 54 7A 53 BE 50 21 51 95 50 00 00 00 00 00 00 00 00 00 00 

ACQ: 20260430.1040:611 | DATA:
AA 55 00 28 5D 18 05 27 32 25 7A 38 3A 3B A2 46 00 00 00 00 7A 44 C8 43 14 43 64 42 46 41 FC 40 52 29 F9 28 79 29 B1 29 00 00 00 00 00 00 00 00 00 00 00 00 00 00 3A 26 2C 26 2C 26 E5 25 B9 26 A1 26 A9 26 CD 26 B1 27 00 00 00 00 00 00 4A 39 15 39 E4 38 A0 38 78 38 48 38 

ACQ: 20260430.1040:611 | DATA:
AA 55 00 28 67 27 09 36 55 57 18 38 E8 37 D9 37 C2 36 94 37 85 37 5D 37 4D 37 92 2E DE 31 82 33 EA 36 F2 2D 11 2D 6D 2D 1E 32 AE 33 CA 34 5E 2B E2 29 2A 37 89 37 6D 37 B5 37 50 37 00 00 00 00 00 00 4A 0E 8E 0D 49 0D ED 0C 3A 0C 09 0C 62 0B 3D 0B 21 0B 15 0B 0D 0B 09 0B 

ACQ: 20260430.1040:611 | DATA:
AA 55 00 28 6B 36 19 45 77 48 0D 0B 15 0B 25 0B 39 0B 59 0B 95 0B 7A 0C 8D 0C BD 0C F1 0C 49 0D B9 0D BE 02 B9 02 BD 02 C5 02 C9 02 D1 02 D5 02 DD 02 E1 02 E9 02 F1 02 F9 02 01 03 11 03 00 00 00 00 00 00 D2 02 DD 02 5E 05 00 00 00 00 00 00 00 00 00 00 00 00 00 00 02 43 

ACQ: 20260430.1040:611 | DATA:
AA 55 00 28 7B 45 17 54 C6 1E F4 41 E5 41 80 41 26 02 25 02 F2 41 12 43 BA 44 C6 52 9A 54 52 56 E2 57 00 00 00 00 00 00 00 00 00 00 00 00 00 00 00 00 00 00 00 00 00 00 00 00 00 00 62 7C 00 00 6A 09 00 00 00 00 00 00 4A 04 00 00 00 00 00 00 66 03 00 00 00 00 00 00 00 00 

ACQ: 20260430.1040:611 | DATA:
AA 55 00 28 79 54 2B 63 2A AB 00 00 00 00 00 00 C6 01 D0 01 00 00 00 00 00 00 00 00 00 00 00 00 00 00 00 00 00 00 00 00 00 00 00 00 00 00 00 00 00 00 00 00 00 00 00 00 00 00 00 00 36 0E 09 0E E5 0D 61 0D 36 0E B1 0D AA 12 52 F0 00 00 00 00 00 00 00 00 00 00 00 00 00 00 

ACQ: 20260430.1040:611 | DATA:
AA 55 00 28 8D 63 51 72 22 66 00 00 00 00 00 00 00 00 00 00 00 00 00 00 00 00 00 00 00 00 52 04 00 00 00 00 00 00 00 00 00 00 00 00 00 00 3E 0C 00 00 00 00 76 03 88 03 00 00 00 00 00 00 00 00 00 00 00 00 00 00 00 00 00 00 00 00 00 00 00 00 00 00 BA 02 C0 02 BC 02 00 00 

ACQ: 20260430.1040:611 | DATA:
AA 55 00 28 AB 72 69 81 2F 88 00 00 00 00 00 00 00 00 00 00 00 00 00 00 00 00 00 00 00 00 00 00 00 00 F6 02 0C 03 00 00 00 00 00 00 00 00 00 00 00 00 00 00 00 00 00 00 C2 07 AD 07 D1 07 0E 02 0D 02 0D 02 09 02 09 02 09 02 05 02 05 02 05 02 05 02 05 02 01 02 01 02 01 02 

ACQ: 20260430.1040:611 | DATA:
AA 55 00 28 CB 81 67 90 0D 56 01 02 FD 01 FD 01 E2 01 D5 01 06 02 0D 02 11 02 1D 02 00 00 00 00 00 00 00 00 00 00 00 00 00 00 00 00 00 00 00 00 00 00 00 00 00 00 00 00 00 00 00 00 32 03 00 00 00 00 16 41 00 00 44 41 5A 3B 00 00 00 00 00 00 00 00 00 00 00 00 00 00 00 00 

ACQ: 20260430.1040:611 | DATA:
AA 55 00 28 C9 90 65 9F 76 72 00 00 00 00 00 00 00 00 00 00 00 00 00 00 D6 40 5E 46 00 00 00 00 00 00 00 00 56 41 F0 41 F8 42 00 42 C0 42 BA 44 72 42 F8 42 00 00 00 00 00 00 00 00 00 00 66 52 30 52 00 00 00 00 00 00 00 00 00 00 00 00 00 00 00 00 00 00 00 00 00 00 00 00 

ACQ: 20260430.1040:611 | DATA:
 00 26 C7 9F A7 AD DC 54 00 00 00 00 00 00 00 00 00 00 00 00 00 00 5A 07 6C 07 00 00 00 00 00 00 00 00 00 00 D2 04 00 00 00 00 00 00 00 00 00 00 00 00 00 00 00 00 36 06 28 06 2C 06 7E 06 C2 06 00 00 00 00 00 00 00 00 00 00 00 00 EE 0D A8 0D 84 0D BE 1A 

ACQ: 20260430.1040:611 | DATA:
 01 01 01 AE 01 AE ED 09 46 5D

ACQ: 20260430.1040:719 | DATA:
AA 55 00 28 63 AE 09 09 38 81 00 00 5E 0E 0D 0E 51 0E 00 00 E6 4E 30 4F 1C 4F 0C 4F 42 14 45 14 49 14 49 14 55 14 51 14 5D 14 65 14 00 00 00 00 DE 4D C5 4D 5D 4E B2 49 F2 42 00 00 0A 4E 4A 4F 26 51 50 51 E6 13 02 04 00 00 AA 13 F5 13 F1 13 15 14 28 14 40 14 00 00 00 00 

ACQ: 20260430.1040:719 | DATA:
AA 55 00 28 61 09 01 18 54 3A E0 14 B8 14 DC 14 F8 14 10 15 38 15 5C 15 80 15 A0 15 CC 15 00 00 56 57 71 58 19 59 4C 59 31 5A B5 5A 85 5B FD 5B FD 5C 09 5E AE 5C 00 00 5A 5E 61 5E 2A 5C 1C 5B 96 54 4A 56 F2 54 01 55 86 53 96 51 35 51 A9 50 00 00 00 00 00 00 00 00 00 00 

ACQ: 20260430.1040:719 | DATA:
AA 55 00 28 61 18 03 27 CF 38 00 00 56 39 B6 46 00 00 00 00 92 44 DC 43 38 43 88 42 B8 41 F8 40 5A 29 0D 29 49 29 A5 29 00 00 00 00 00 00 00 00 00 00 00 00 6E 26 44 26 2C 26 24 26 D5 25 DE 26 A1 26 A5 26 C9 26 6D 27 00 00 00 00 00 00 1A 39 09 39 D0 38 98 38 70 38 40 38 

ACQ: 20260430.1040:719 | DATA:
AA 55 00 28 65 27 F7 35 F9 56 18 38 F0 37 D4 37 F4 36 9D 37 71 37 59 37 51 37 96 2E 0E 32 0A 35 85 35 AA 2E 26 2D 6D 2D 5A 36 DA 32 26 35 DA 2E EA 29 F6 36 95 37 8D 37 C5 37 C1 37 00 00 00 00 00 00 86 0E A2 0D 51 0D 8E 0C 31 0C C5 0B 51 0B 2D 0B 19 0B 09 0B 01 0B 05 0B 

ACQ: 20260430.1040:719 | DATA:
AA 55 00 28 59 36 05 45 15 48 05 0B 11 0B 21 0B 39 0B 5D 0B AD 0B 6E 0C 85 0C B5 0C D9 0C 2D 0D 99 0D BE 02 B9 02 BD 02 C5 02 C9 02 CD 02 D5 02 DD 02 E1 02 E9 02 F1 02 F5 02 FD 02 0D 03 00 00 00 00 00 00 CE 02 D9 02 5A 05 00 00 00 00 00 00 00 00 00 00 00 00 00 00 EE 42 

ACQ: 20260430.1040:719 | DATA:
AA 55 00 28 67 45 0D 54 24 17 2C 42 FD 41 A8 41 26 02 25 02 E2 41 22 43 92 44 B2 52 7E 54 0A 56 96 57 00 00 00 00 00 00 00 00 00 00 00 00 00 00 00 00 00 00 00 00 00 00 00 00 00 00 32 7C 00 00 00 00 00 00 00 00 00 00 4A 04 00 00 00 00 00 00 62 03 86 03 00 00 00 00 00 00 

ACQ: 20260430.1040:719 | DATA:
AA 55 00 28 6F 54 2D 63 70 5B 00 00 00 00 00 00 C2 01 D0 01 00 00 00 00 00 00 00 00 00 00 00 00 00 00 00 00 00 00 00 00 00 00 00 00 00 00 00 00 00 00 00 00 00 00 00 00 00 00 00 00 36 0E 09 0E E1 0D 61 0D 36 0E B1 0D B2 12 00 00 00 00 00 00 00 00 00 00 00 00 00 00 00 00 

ACQ: 20260430.1040:719 | DATA:
AA 55 00 28 85 63 51 72 DE 65 00 00 00 00 00 00 00 00 00 00 00 00 00 00 00 00 00 00 00 00 52 04 00 00 00 00 00 00 00 00 00 00 00 00 00 00 3A 0C 00 00 00 00 76 03 00 00 00 00 00 00 00 00 00 00 00 00 00 00 00 00 00 00 00 00 00 00 00 00 00 00 00 00 BA 02 C4 02 C0 02 00 00 

ACQ: 20260430.1040:719 | DATA:
AA 55 00 28 B3 72 69 81 37 88 00 00 00 00 00 00 00 00 00 00 00 00 00 00 00 00 00 00 00 00 00 00 00 00 F6 02 0C 03 00 00 00 00 00 00 00 00 00 00 00 00 00 00 00 00 00 00 C2 07 AD 07 D1 07 0E 02 0D 02 0D 02 09 02 09 02 09 02 05 02 05 02 05 02 05 02 05 02 01 02 01 02 01 02 

ACQ: 20260430.1040:719 | DATA:
 00 28 CB 81 5D 90 64 55 01 02 01 02 FD 01 E9 01 D1 01 0A 02 09 02 11 02 19 02 00 00 00 00 00 00 00 00 00 00 00 00 00 00 00 00 00 00 00 00 00 00 00 00 00 00 00 00 00 00 00 00 2A 03 00 00 00 00 0E 41 00 00 F8 41 4A 3B 00 00 00 00 00 00 00 00 00 00 00 00 00 00 00 00 

ACQ: 20260430.1040:719 | DATA:
 00 28 BF 90 5D 9F AC 35 00 00 00 00 00 00 00 00 00 00 00 00 00 00 92 40 9A 46 46 45 00 00 00 00 00 00 E6 40 DC 41 E4 42 4C 42 7C 42 16 45 8E 42 E4 42 00 00 00 00 00 00 00 00 00 00 2A 51 12 53 00 00 00 00 00 00 00 00 00 00 00 00 00 00 00 00 00 00 00 00 00 00 00 00

ACQ: 20260430.1040:868 | DATA:
AA 55 00 27 BD 9F EF AD DD 60 00 00 00 00 00 00 00 00 00 00 00 00 00 00 00 00 86 07 00 00 00 00 00 00 00 00 00 00 CE 04 E4 04 00 00 00 00 00 00 00 00 00 00 00 00 00 00 36 06 2C 06 2D 06 00 00 AE 06 00 00 00 00 00 00 00 00 00 00 B6 03 06 0E B4 0D 88 0D E2 16 7E 3C 

ACQ: 20260430.1040:868 | DATA:
AA 55 01 01 47 AE 47 AE AB 54 00 00 

ACQ: 20260430.1040:868 | DATA:
AA 55 00 28 A9 AE 53 09 4D C4 00 00 0A 0E 25 0E 00 00 00 00 52 4F 20 4F 08 4F 3A 14 45 14 49 14 49 14 51 14 51 14 59 14 49 14 D9 14 00 00 EE 4D B5 4D F1 4D 66 4B CE 42 00 00 36 4F FA 4A 0E 51 51 51 EA 13 00 00 02 04 A6 13 D5 13 F4 13 04 14 20 14 3C 14 18 14 00 00 00 00 

ACQ: 20260430.1040:868 | DATA:
AA 55 00 28 AB 09 3F 18 4A 7E C2 14 CC 14 E8 14 08 15 2C 15 4C 15 78 15 94 15 B8 15 00 00 00 00 3A 58 ED 58 65 59 F5 59 A1 5A 51 5B DD 5B F5 5C C9 5D 49 5E 00 00 A8 5D AD 5E C6 5C 4A 5B 00 00 EA 54 26 56 FA 54 BA 53 C5 52 66 51 E1 50 7C 50 42 4D C8 4C 00 00 00 00 00 00 

ACQ: 20260430.1040:868 | DATA:
AA 55 00 28 9F 18 31 27 A9 4A 26 39 2E 47 00 00 00 00 86 44 00 44 78 43 C8 42 34 42 00 00 86 29 29 29 11 29 8D 29 A9 29 00 00 00 00 00 00 00 00 00 00 00 00 46 26 3C 26 20 26 C5 25 71 26 A1 26 A1 26 B5 26 0D 27 00 00 00 00 00 00 12 39 24 39 F1 38 A8 38 7C 38 50 38 28 38 

ACQ: 20260430.1040:868 | DATA:
AA 55 00 28 93 27 35 36 55 76 09 38 C8 37 B8 37 18 37 7D 37 69 37 5D 37 8A 34 46 32 CE 30 1E 34 5E 30 56 2D 0D 2D B9 2D E2 36 8E 34 79 34 76 2A FD 29 72 37 8D 37 59 37 B9 37 A1 37 DC 37 00 00 B2 0E FA 0D 69 0D A6 0C 21 0C 0D 0C 5A 0B 31 0B 15 0B 05 0B FD 0A F9 0A F9 0A 

ACQ: 20260430.1040:868 | DATA:
AA 55 00 28 97 36 45 45 12 03 01 0B 15 0B 29 0B 49 0B 85 0B 46 0C 8D 0C A1 0C C9 0C 0D 0D 5D 0D C6 02 B9 02 BD 02 C1 02 C5 02 CD 02 D1 02 D9 02 DD 02 E5 02 ED 02 F5 02 FD 02 09 03 1C 03 00 00 00 00 CA 02 D5 02 4E 05 00 00 00 00 00 00 00 00 00 00 00 00 00 00 0E 43 FC 42 

ACQ: 20260430.1040:868 | DATA:
AA 55 00 28 A7 45 51 54 27 08 E5 41 B1 41 26 02 25 02 6E 41 C2 42 0A 44 00 00 22 54 66 55 16 57 00 00 00 00 00 00 00 00 00 00 00 00 00 00 00 00 00 00 00 00 00 00 00 00 00 00 00 00 02 7C 00 00 9A 09 00 00 00 00 36 04 5A 04 00 00 00 00 56 03 7A 03 00 00 00 00 00 00 00 00 

ACQ: 20260430.1040:868 | DATA:
AA 55 00 28 B3 54 73 63 A8 0C 00 00 00 00 00 00 CE 01 D4 01 00 00 00 00 00 00 00 00 00 00 00 00 00 00 00 00 00 00 00 00 00 00 00 00 00 00 00 00 00 00 00 00 00 00 00 00 00 00 22 0E 1D 0E D1 0D 05 0E C9 0D AD 0D B1 0D E6 48 00 00 00 00 00 00 00 00 00 00 00 00 00 00 00 00 

ACQ: 20260430.1040:868 | DATA:
AA 55 00 28 CB 63 87 72 9A 62 00 00 00 00 00 00 00 00 00 00 00 00 00 00 00 00 00 00 42 04 58 04 00 00 00 00 00 00 00 00 00 00 00 00 46 0C 00 00 00 00 6E 03 80 03 00 00 00 00 00 00 00 00 00 00 00 00 00 00 00 00 00 00 00 00 00 00 00 00 00 00 B6 02 BC 02 C4 02 00 00 00 00 

ACQ: 20260430.1040:868 | DATA:
AA 55 00 28 E9 72 9B 81 6F 8C 00 00 00 00 00 00 00 00 00 00 00 00 00 00 00 00 00 00 00 00 00 00 EE 02 00 03 0C 03 00 00 00 00 00 00 00 00 00 00 00 00 00 00 00 00 DA 07 AD 07 C1 07 E8 07 0E 02 0D 02 09 02 09 02 09 02 05 02 05 02 05 02 05 02 05 02 05 02 01 02 01 02 01 02 

ACQ: 20260430.1040:868 | DATA:
 00 28 FD 81 9B 90 76 51 01 02 FD 01 F9 01 D6 01 D5 01 0A 02 0D 02 15 02 20 02 00 00 00 00 00 00 00 00 00 00 00 00 00 00 00 00 00 00 00 00 00 00 00 00 00 00 00 00 00 00 00 00 00 00 00 00 1E 41 00 00 62 42 F2 3C 00 00 00 00 00 00 00 00 00 00 00 00 00 00 00 00 00 00 

ACQ: 20260430.1040:868 | DATA:
 00 28 FD 90 8B 9F 1A 21 00 00 00 00 00 00 00 00 00 00 00 00 E6 3F 36 46 06 45 00 00 00 00 00 00 8A 3F 02 42 88 42 90 42 DC 41 FA 44 D6 42 90 42 00 00 6A 44 00 00 00 00 00 00 00 00 8A 53 00 00 00 00 00 00 00 00 00 00 00 00 00 00 00 00 00 00 00 00 00 00 00 00 00 00

ACQ: 20260430.1040:963 | DATA:
AA 55 00 26 ED 9F DD AD 9F 6C 00 00 00 00 00 00 00 00 00 00 00 00 00 00 7E 07 00 00 00 00 00 00 00 00 00 00 C6 04 E4 04 00 00 00 00 00 00 00 00 00 00 00 00 00 00 32 06 2C 06 29 06 00 00 AA 06 00 00 00 00 00 00 00 00 00 00 B2 03 0E 0E CC 0D 8C 0D 3A 15 02 32 

ACQ: 20260430.1040:963 | DATA:
AA 55 01 01 3F AE 3F AE AB 54 00 00 

ACQ: 20260430.1040:963 | DATA:
AA 55 00 28 97 AE 3D 09 C9 94 00 00 12 0E 19 0E 00 00 00 00 62 4F 20 4F 10 4F 18 4F 46 14 49 14 49 14 51 14 55 14 59 14 49 14 B5 14 00 00 32 4E CD 4D D9 4D DD 4D 86 42 00 00 68 43 CA 49 FE 50 15 51 EA 13 00 00 02 04 9A 13 D1 13 FD 13 05 14 1C 14 3C 14 20 14 00 00 00 00 

ACQ: 20260430.1040:963 | DATA:
AA 55 00 28 9F 09 27 18 8E 2F C6 14 C8 14 E8 14 04 15 2C 15 44 15 70 15 94 15 B4 15 00 00 00 00 06 58 01 59 95 59 D9 59 B1 5A 31 5B D9 5B E1 5C 89 5D 69 5E 00 00 84 5F 09 5F 4E 5D 5A 5B 00 00 DE 54 DA 56 C6 54 1C 54 0D 53 3A 05 16 51 7D 50 6A 4D 24 4D 00 00 00 00 00 00 

ACQ: 20260430.1040:963 | DATA:
AA 55 00 28 89 18 17 27 D9 1A 3E 39 82 47 70 46 00 00 00 00 52 44 88 43 E8 42 4C 42 00 00 22 41 3E 29 01 29 95 29 B1 29 00 00 00 00 00 00 00 00 00 00 00 00 00 00 36 26 2C 26 00 26 31 26 A5 26 A5 26 A1 26 D1 26 FA 27 00 00 00 00 00 00 26 39 F1 38 C0 38 84 38 64 38 30 38 

ACQ: 20260430.1040:963 | DATA:
AA 55 00 28 77 27 1B 36 A0 7C 0C 38 D8 37 CD 37 F8 36 80 37 75 37 61 37 35 37 AA 30 FD 30 B6 33 DE 31 BE 2D 11 2D 75 2D 12 33 89 33 F6 36 3E 2B F2 29 4A 37 8D 37 4D 37 E9 37 8D 37 A8 37 00 00 00 00 32 0E 7A 0D E1 0C 12 0C 2D 0C 66 0B 35 0B 19 0B 05 0B FD 0A F5 0A F5 0A 

ACQ: 20260430.1040:963 | DATA:
AA 55 00 28 7D 36 21 45 13 49 FD 0A 0D 0B 21 0B 41 0B 71 0B 22 0C 89 0C 91 0C BD 0C F1 0C 3D 0D AC 0D BA 02 BD 02 BD 02 C5 02 C9 02 D1 02 D5 02 DD 02 E1 02 E9 02 F1 02 F9 02 01 03 15 03 00 00 00 00 00 00 D2 02 3A 05 7A 05 00 00 00 00 00 00 00 00 00 00 00 00 00 00 0A 43 

ACQ: 20260430.1040:963 | DATA:
AA 55 00 28 83 45 35 54 EF 0F 05 42 BD 41 44 41 26 02 29 02 46 42 7A 43 00 00 2A 53 DE 54 A6 56 00 00 00 00 00 00 00 00 00 00 00 00 00 00 00 00 00 00 00 00 00 00 00 00 00 00 00 00 82 7C 00 00 9A 09 00 00 00 00 00 00 52 04 00 00 00 00 4A 03 6E 03 00 00 00 00 00 00 00 00 

ACQ: 20260430.1040:963 | DATA:
AA 55 00 28 8F 54 3F 63 23 9C 00 00 00 00 00 00 CA 01 D0 01 00 00 00 00 00 00 00 00 00 00 00 00 00 00 00 00 00 00 00 00 00 00 00 00 00 00 00 00 00 00 00 00 00 00 00 00 00 00 00 00 2A 0E 01 0E DD 0D C1 0D A9 0D B5 0D B6 12 BE C4 00 00 00 00 00 00 00 00 00 00 00 00 00 00 

ACQ: 20260430.1040:963 | DATA:
 00 28 A1 63 63 72 61 64 00 00 00 00 00 00 00 00 00 00 00 00 00 00 00 00 00 00 00 00 56 04 00 00 00 00 00 00 00 00 00 00 00 00 00 00 32 0C 00 00 6A 03 79 03 00 00 00 00 00 00 00 00 00 00 00 00 00 00 00 00 00 00 00 00 00 00 00 00 00 00 00 00 BA 02 C4 02 00 00 00 00 

ACQ: 20260430.1040:963 | DATA:
 00 28 C5 72 83 81 3F 8F 00 00 00 00 00 00 00 00 00 00 00 00 00 00 00 00 00 00 00 00 00 00 00 00 FA 02 10 03 00 00 00 00 00 00 00 00 00 00 00 00 00 00 00 00 E6 07 B5 07 B5 07 DC 07 0E 02 0D 02 0D 02 09 02 09 02 09 02 05 02 05 02 05 02 05 02 05 02 01 02 01 02 01 02

ACQ: 20260430.1040:64 | DATA:
AA 55 00 28 E5 81 81 90 30 12 01 02 FD 01 FD 01 DA 01 D1 01 0A 02 0D 02 15 02 20 02 00 00 00 00 00 00 00 00 00 00 00 00 00 00 00 00 00 00 00 00 00 00 00 00 00 00 00 00 00 00 00 00 3E 03 00 00 66 41 B4 41 18 42 32 3D 00 00 00 00 00 00 00 00 00 00 00 00 00 00 00 00 00 00 

ACQ: 20260430.1040:64 | DATA:
AA 55 00 28 E3 90 7F 9F E2 59 00 00 00 00 00 00 00 00 00 00 00 00 00 00 CE 45 90 45 00 00 00 00 00 00 AE 3E 02 42 10 42 D0 42 BC 41 32 44 00 00 A2 42 B8 43 00 00 00 00 00 00 00 00 00 00 72 53 00 00 00 00 00 00 00 00 00 00 00 00 00 00 00 00 00 00 00 00 00 00 00 00 00 00 

ACQ: 20260430.1040:64 | DATA:
AA 55 00 26 E1 9F C1 AD 0F 7D 00 00 00 00 00 00 00 00 00 00 00 00 00 00 7E 07 00 00 00 00 00 00 00 00 00 00 BE 04 D9 04 00 00 00 00 00 00 00 00 00 00 00 00 00 00 2E 06 34 06 28 06 34 06 A2 06 00 00 00 00 00 00 00 00 00 00 B6 03 26 0E E8 0D A4 0D BA 11 5E 21 

ACQ: 20260430.1040:64 | DATA:
AA 55 01 01 23 AE 23 AE F9 5A 52 0E 

ACQ: 20260430.1040:64 | DATA:
AA 55 00 28 85 AE 23 09 BC D7 00 00 4E 0E 15 0E 00 00 00 00 36 4F 40 4F 2C 4F 28 4F 4A 14 45 14 4D 14 49 14 55 14 55 14 61 14 69 14 00 00 00 00 B6 4D B9 4D 31 4E 32 46 00 00 82 42 B4 42 FA 50 09 51 F6 13 F4 13 02 04 00 00 BA 13 F9 13 09 14 1D 14 30 14 34 14 00 00 00 00 

ACQ: 20260430.1040:64 | DATA:
AA 55 00 28 85 09 09 18 2C 60 D4 14 C0 14 E4 14 F8 14 1C 15 3C 15 64 15 88 15 A8 15 CC 15 00 00 9A 57 CA 58 49 59 89 59 4D 5A F1 5A C1 5B 81 5C 55 5D 29 5E 14 5D 00 00 86 5F 1D 5E DA 5B 00 00 CA 54 7A 56 06 55 09 55 86 53 8E 50 25 51 7D 50 00 00 00 00 00 00 00 00 00 00 

ACQ: 20260430.1040:64 | DATA:
AA 55 00 28 69 18 05 27 A7 4D B2 37 FE 3A B2 46 00 00 00 00 76 44 E0 43 14 43 6C 42 00 00 12 41 52 29 FD 28 7D 29 B5 29 00 00 00 00 00 00 00 00 00 00 00 00 62 26 3C 26 28 26 28 26 D1 25 C5 26 9D 26 A1 26 C5 26 8D 27 00 00 00 00 00 00 26 39 08 39 C4 38 94 38 70 38 34 38 

ACQ: 20260430.1040:64 | DATA:
AA 55 00 28 67 27 09 36 84 53 0C 38 E0 37 CC 37 DC 36 8C 37 71 37 51 37 4D 37 8E 2E EE 31 9A 33 F2 36 02 2E 11 2D 6D 2D 06 32 A6 33 95 34 6E 2B E6 29 2E 37 8D 37 5D 37 D5 37 7D 37 00 00 00 00 00 00 36 0E 82 0D E5 0C 0E 0C 29 0C 66 0B 35 0B 19 0B 05 0B F9 0A F9 0A F9 0A 

ACQ: 20260430.1040:64 | DATA:
AA 55 00 28 6B 36 21 45 62 4F 01 0B 0D 0B 1D 0B 3D 0B 6D 0B 1A 0C 85 0C 91 0C B9 0C F1 0C 3D 0D AC 0D BA 02 B9 02 BD 02 C5 02 C9 02 D1 02 D5 02 DD 02 E1 02 E9 02 F1 02 F9 02 01 03 11 03 00 00 00 00 00 00 D2 02 DD 02 66 05 00 00 00 00 00 00 00 00 00 00 00 00 00 00 06 43 

ACQ: 20260430.1040:64 | DATA:
 00 28 7B 45 1F 54 E6 4A 08 42 D5 41 6C 41 26 02 29 02 22 42 56 43 02 45 0E 53 96 54 46 56 00 00 00 00 00 00 00 00 00 00 00 00 00 00 00 00 00 00 00 00 00 00 00 00 00 00 00 00 DA 7C 00 00 8A 09 00 00 00 00 00 00 4E 04 00 00 00 00 46 03 66 03 00 00 00 00 00 00 00 00 

ACQ: 20260430.1040:64 | DATA:
 00 28 81 54 33 63 3A 83 00 00 00 00 00 00 C6 01 D0 01 00 00 00 00 00 00 00 00 00 00 00 00 00 00 00 00 00 00 00 00 00 00 00 00 00 00 00 00 00 00 00 00 00 00 00 00 00 00 00 00 36 0E 0D 0E E9 0D 61 0D 3A 0E B1 0D AE 12 A2 D8 00 00 00 00 00 00 00 00 00 00 00 00 00 00

ACQ: 20260430.1040:185 | DATA:
AA 55 00 28 97 63 3F 72 3A 66 00 00 00 00 00 00 00 00 00 00 00 00 00 00 00 00 00 00 00 00 4E 04 00 00 00 00 00 00 00 00 00 00 00 00 00 00 3E 0C 00 00 00 00 72 03 8C 03 00 00 00 00 00 00 00 00 00 00 00 00 00 00 00 00 00 00 00 00 00 00 00 00 00 00 B6 02 C0 02 C0 02 00 00 

ACQ: 20260430.1040:185 | DATA:
AA 55 00 28 A1 72 57 81 0F 88 00 00 00 00 00 00 00 00 00 00 00 00 00 00 00 00 00 00 00 00 00 00 00 00 F2 02 08 03 00 00 00 00 00 00 00 00 00 00 00 00 00 00 00 00 00 00 CA 07 AD 07 C9 07 0E 02 0D 02 0D 02 09 02 09 02 09 02 05 02 05 02 05 02 05 02 05 02 05 02 01 02 01 02 

ACQ: 20260430.1040:185 | DATA:
AA 55 00 28 B9 81 55 90 B9 56 01 02 FD 01 FD 01 F1 01 D6 01 02 02 09 02 11 02 19 02 00 00 00 00 00 00 00 00 00 00 00 00 00 00 00 00 00 00 00 00 00 00 00 00 00 00 00 00 00 00 00 00 00 00 00 00 00 00 12 41 00 00 46 42 8E 3B 00 00 00 00 00 00 00 00 00 00 00 00 00 00 00 00 

ACQ: 20260430.1040:185 | DATA:
AA 55 00 28 B7 90 53 9F F2 64 00 00 00 00 00 00 00 00 00 00 00 00 00 00 D6 40 82 46 16 45 00 00 00 00 00 00 96 40 F2 41 D0 42 50 42 44 42 56 45 92 42 F4 42 00 00 00 00 00 00 00 00 00 00 00 00 6E 53 00 00 00 00 00 00 00 00 00 00 00 00 00 00 00 00 00 00 00 00 00 00 00 00 

ACQ: 20260430.1040:185 | DATA:
AA 55 00 27 AD 9F E5 AD DF 64 00 00 00 00 00 00 00 00 00 00 00 00 00 00 00 00 86 07 00 00 00 00 00 00 00 00 00 00 CA 04 E8 04 00 00 00 00 00 00 00 00 00 00 00 00 00 00 36 06 2C 06 2D 06 00 00 AE 06 00 00 00 00 00 00 00 00 00 00 B6 03 0A 0E B4 0D 88 0D 5E 16 DE 38 

ACQ: 20260430.1040:185 | DATA:
AA 55 01 01 47 AE 47 AE AB 54 00 00 

ACQ: 20260430.1040:185 | DATA:
AA 55 00 28 A9 AE 47 09 72 CD 00 00 0E 0E 21 0E 00 00 00 00 4E 4F 2C 4F 20 4F 3A 14 45 14 49 14 49 14 4D 14 55 14 59 14 4D 14 D5 14 00 00 EE 4D B1 4D 11 4E 36 4A B6 42 00 00 84 42 3A 4D 22 51 FD 50 EA 13 00 00 02 04 B2 13 CD 13 F9 13 11 14 31 14 38 14 24 14 00 00 00 00 

ACQ: 20260430.1040:185 | DATA:
AA 55 00 28 A7 09 39 18 0F 7C C0 14 D4 14 EC 14 0C 15 2C 15 50 15 78 15 94 15 C0 15 00 00 00 00 36 58 D9 58 5D 59 01 5A BD 5A 65 5B F9 5B F9 5C D9 5D 6D 5E 00 00 74 5F 01 5F D6 5C 3A 5B 00 00 26 55 F4 55 2D 55 A6 53 95 52 88 51 BD 50 20 50 00 00 00 00 00 00 00 00 00 00 

ACQ: 20260430.1040:185 | DATA:
AA 55 00 28 9B 18 31 27 00 0C 4A 39 06 47 14 46 00 00 B6 44 20 44 7C 43 C8 42 34 42 00 00 82 29 25 29 21 29 A9 29 B0 29 00 00 00 00 00 00 00 00 00 00 00 00 56 26 38 26 2C 26 C1 25 91 26 9D 26 9D 26 B1 26 21 27 00 00 00 00 00 00 12 39 28 39 E9 38 B0 38 78 38 60 38 28 38 

ACQ: 20260430.1040:185 | DATA:
AA 55 00 28 93 27 35 36 ED 42 09 38 CC 37 B0 37 28 37 75 37 69 37 59 37 DC 36 0A 33 FE 30 DA 33 42 30 46 2D 0D 2D C1 2D 7A 36 EA 34 51 34 56 2A F1 29 8A 37 A5 37 65 37 A1 37 60 37 00 00 00 00 C2 0E B6 0D 59 0D 7A 0C 2D 0C D9 0B 4D 0B 29 0B 11 0B 05 0B F9 0A F9 0A FD 0A 

ACQ: 20260430.1040:185 | DATA:
AA 55 00 28 97 36 43 45 D0 02 05 0B 15 0B 2D 0B 51 0B 95 0B 5A 0C 81 0C A9 0C CD 0C 15 0D 71 0D C6 02 B9 02 BD 02 C1 02 C5 02 CD 02 D1 02 D9 02 DD 02 E5 02 ED 02 F5 02 FD 02 05 03 1C 03 00 00 00 00 CA 02 D5 02 4E 05 00 00 00 00 00 00 00 00 00 00 00 00 00 00 F2 42 E8 42 

ACQ: 20260430.1040:185 | DATA:
 00 28 9B 45 4B 54 81 0E F9 41 BD 41 26 02 25 02 72 41 CE 42 16 44 00 00 EA 53 42 55 CA 56 00 00 00 00 00 00 00 00 00 00 00 00 00 00 00 00 00 00 00 00 00 00 00 00 00 00 00 00 AA 7C 00 00 9A 09 00 00 00 00 36 04 5A 04 00 00 00 00 52 03 7A 03 00 00 00 00 00 00 00 00 

ACQ: 20260430.1040:185 | DATA:
 00 28 AD 54 53 63 98 86 00 00 00 00 00 00 CA 01 D4 01 00 00 00 00 00 00 00 00 00 00 00 00 00 00 00 00 00 00 00 00 00 00 00 00 00 00 00 00 00 00 00 00 00 00 00 00 00 00 1A 0E 21 0E F9 0D F9 0D C5 0D AD 0D B1 0D AA 12 9A D3 00 00 00 00 00 00 00 00 00 00 00 00 00 00

ACQ: 20260430.1040:285 | DATA:
AA 55 00 28 B5 63 7D 72 FA 64 00 00 00 00 00 00 00 00 00 00 00 00 00 00 00 00 00 00 00 00 5E 04 00 00 00 00 00 00 00 00 00 00 00 00 52 0C 00 00 00 00 6E 03 80 03 00 00 00 00 00 00 00 00 00 00 00 00 00 00 00 00 00 00 00 00 00 00 00 00 00 00 00 00 BE 02 C4 02 00 00 00 00 

ACQ: 20260430.1040:285 | DATA:
AA 55 00 28 DF 72 9F 81 51 8C 00 00 00 00 00 00 00 00 00 00 00 00 00 00 00 00 00 00 00 00 00 00 EE 02 00 03 0C 03 00 00 00 00 00 00 00 00 00 00 00 00 00 00 00 00 D6 07 AD 07 C1 07 E8 07 0E 02 0D 02 09 02 09 02 09 02 05 02 05 02 05 02 05 02 05 02 05 02 01 02 01 02 01 02 

ACQ: 20260430.1040:285 | DATA:
AA 55 00 28 01 82 97 90 E0 52 01 02 FD 01 F9 01 D6 01 D5 01 0A 02 0D 02 19 02 24 02 00 00 00 00 00 00 00 00 00 00 00 00 00 00 00 00 00 00 00 00 00 00 00 00 00 00 00 00 00 00 00 00 00 00 00 00 3A 41 00 00 34 42 EE 3C 00 00 00 00 00 00 00 00 00 00 00 00 00 00 00 00 00 00 

ACQ: 20260430.1040:285 | DATA:
AA 55 00 28 F7 90 A3 9F 4A 18 00 00 00 00 00 00 00 00 00 00 00 00 2A 40 4E 46 16 45 00 00 00 00 00 00 8A 3F F2 41 7C 42 98 42 D8 41 0E 45 D6 42 98 42 00 00 00 00 00 00 00 00 00 00 00 00 C2 53 00 00 00 00 00 00 00 00 00 00 00 00 00 00 00 00 00 00 00 00 00 00 00 00 00 00 

ACQ: 20260430.1040:285 | DATA:
AA 55 00 26 FD 9F CB AD 6D 79 00 00 00 00 00 00 00 00 00 00 00 00 00 00 7E 07 00 00 00 00 00 00 00 00 00 00 C2 04 E0 04 00 00 00 00 00 00 00 00 00 00 00 00 00 00 32 06 30 06 25 06 3C 06 AA 06 00 00 00 00 00 00 00 00 00 00 B2 03 0E 0E D0 0D 98 0D 3E 13 D6 27 

ACQ: 20260430.1040:285 | DATA:
AA 55 01 01 2D AE 2D AE AB 54 00 00 

ACQ: 20260430.1040:285 | DATA:
AA 55 00 28 8F AE 2F 09 DB 8D 00 00 3E 0E 15 0E 00 00 00 00 52 4F 30 4F 14 4F 10 4F 4A 14 45 14 49 14 49 14 55 14 55 14 59 14 79 14 00 00 6A 4E B9 4D B9 4D 99 4D C6 43 00 00 5A 42 48 43 EE 50 0D 51 E6 13 F0 13 02 04 7E 13 C0 13 F9 13 0D 14 21 14 30 14 38 14 00 00 00 00 

ACQ: 20260430.1040:285 | DATA:
AA 55 00 28 91 09 17 18 31 7C C8 14 C4 14 EC 14 FC 14 20 15 44 15 6C 15 8C 15 B4 15 DC 15 00 00 EA 57 CD 58 4D 59 BD 59 91 5A 3D 5B C5 5B C1 5C 9D 5D 51 5E 00 00 C2 5A EA 5E A6 5D 82 5B 00 00 CA 54 F6 56 7E 54 99 54 E2 52 36 05 1A 51 65 50 00 00 22 4C 00 00 00 00 00 00 

ACQ: 20260430.1040:285 | DATA:
AA 55 00 28 77 18 17 27 97 5C 5E 39 00 00 86 46 00 00 00 00 5E 44 B4 43 14 43 74 42 00 00 1E 41 4A 29 01 29 91 29 A9 29 00 00 00 00 00 00 00 00 00 00 00 00 00 00 3A 26 28 26 20 26 19 26 A9 26 9D 26 A9 26 C9 26 CA 27 00 00 00 00 00 00 32 39 FD 38 D8 38 90 38 68 38 38 38 

ACQ: 20260430.1040:285 | DATA:
 00 28 6F 27 1B 36 5B 53 14 38 D8 37 D1 37 AA 36 80 37 6D 37 5D 37 45 37 AA 2E FA 30 66 33 FE 36 D6 2D 11 2D 75 2D 7E 32 BA 33 FE 36 56 2B EE 29 5A 37 99 37 71 37 B1 37 44 37 00 00 00 00 00 00 1E 0E 76 0D A6 0C 1D 0C 19 0C 62 0B 39 0B 19 0B 09 0B FD 0A F9 0A FD 0A 

ACQ: 20260430.1040:285 | DATA:
 00 28 73 36 2B 45 FF 48 01 0B 15 0B 25 0B 45 0B 79 0B 3A 0C 8D 0C 99 0C C1 0C 01 0D 49 0D B4 0D BA 02 B9 02 BD 02 C5 02 C9 02 D1 02 D5 02 DD 02 E1 02 E9 02 F1 02 F9 02 01 03 15 03 00 00 00 00 00 00 D2 02 3E 05 76 05 00 00 00 00 00 00 00 00 00 00 00 00 00 00 F6 42

ACQ: 20260430.1040:394 | DATA:
AA 55 00 28 8D 45 31 54 7F 0E 01 42 DD 41 48 41 26 02 25 02 52 42 64 43 00 00 26 53 F2 54 BE 56 00 00 00 00 00 00 00 00 00 00 00 00 00 00 00 00 00 00 00 00 00 00 00 00 00 00 00 00 56 7D 00 00 9E 09 00 00 00 00 00 00 52 04 00 00 00 00 4A 03 72 03 00 00 00 00 00 00 00 00 

ACQ: 20260430.1040:394 | DATA:
AA 55 00 28 93 54 4F 63 67 9C 00 00 00 00 00 00 CA 01 D4 01 00 00 00 00 00 00 00 00 00 00 00 00 00 00 00 00 00 00 00 00 00 00 00 00 00 00 00 00 00 00 00 00 00 00 00 00 00 00 00 00 26 0E 01 0E E1 0D C9 0D AD 0D B5 0D AA 12 B2 C4 00 00 00 00 00 00 00 00 00 00 00 00 00 00 

ACQ: 20260430.1040:394 | DATA:
AA 55 00 28 B1 63 6B 72 3D 64 00 00 00 00 00 00 00 00 00 00 00 00 00 00 00 00 00 00 00 00 5A 04 00 00 00 00 00 00 00 00 00 00 00 00 66 0C 00 00 00 00 72 03 7D 03 00 00 00 00 00 00 00 00 00 00 00 00 00 00 00 00 00 00 00 00 00 00 00 00 00 00 00 00 BA 02 C4 02 00 00 00 00 

ACQ: 20260430.1040:394 | DATA:
AA 55 00 28 CF 72 95 81 1B 8F 00 00 00 00 00 00 00 00 00 00 00 00 00 00 00 00 00 00 00 00 00 00 00 00 FE 02 10 03 00 00 00 00 00 00 00 00 00 00 00 00 00 00 00 00 E6 07 B1 07 B9 07 E0 07 0E 02 0D 02 09 02 09 02 09 02 05 02 05 02 05 02 05 02 05 02 05 02 01 02 01 02 01 02 

ACQ: 20260430.1040:394 | DATA:
AA 55 00 28 EF 81 93 90 D4 13 01 02 FD 01 F9 01 DA 01 D1 01 0A 02 0D 02 15 02 20 02 00 00 00 00 00 00 00 00 00 00 00 00 00 00 00 00 00 00 00 00 00 00 00 00 00 00 00 00 00 00 00 00 42 03 00 00 56 41 C8 41 14 42 F6 3C 00 00 00 00 00 00 00 00 00 00 00 00 00 00 00 00 00 00 

ACQ: 20260430.1040:394 | DATA:
AA 55 00 28 EB 90 8B 9F 16 63 00 00 00 00 00 00 00 00 00 00 00 00 EE 3F 06 46 6C 45 00 00 00 00 00 00 0A 3F 0E 42 18 42 C8 42 D0 41 92 44 3A 43 A0 42 D6 43 14 44 00 00 00 00 00 00 00 00 96 53 00 00 00 00 00 00 00 00 00 00 00 00 00 00 00 00 00 00 00 00 00 00 00 00 00 00 

ACQ: 20260430.1040:394 | DATA:
AA 55 00 26 EB 9F C1 AD D9 79 00 00 00 00 00 00 00 00 00 00 00 00 00 00 7A 07 00 00 00 00 00 00 00 00 00 00 C2 04 DC 04 00 00 00 00 00 00 00 00 00 00 00 00 00 00 2E 06 30 06 25 06 3C 06 AA 06 00 00 00 00 00 00 00 00 00 00 B6 03 1A 0E DC 0D A0 0D F6 12 B6 26 

ACQ: 20260430.1040:394 | DATA:
AA 55 01 01 23 AE 23 AE AB 54 00 00 

ACQ: 20260430.1040:394 | DATA:
AA 55 00 28 85 AE 2D 09 29 98 00 00 42 0E 15 0E 00 00 00 00 32 4F 38 4F 14 4F FC 4E 46 14 45 14 49 14 4D 14 51 14 55 14 55 14 85 14 00 00 56 4E B5 4D C1 4D 51 4E EA 42 00 00 B2 44 DA 46 12 51 2D 51 EA 13 00 00 FE 03 96 13 C5 13 F9 13 0D 14 24 14 38 14 2C 14 00 00 00 00 

ACQ: 20260430.1040:394 | DATA:
AA 55 00 28 8D 09 27 18 73 60 C4 14 C8 14 EC 14 04 15 28 15 48 15 74 15 90 15 B8 15 00 00 00 00 12 58 ED 58 81 59 DD 59 AD 5A 5D 5B BD 5B C9 5C B5 5D 4D 5E 00 00 A0 5D D9 5E 5A 5D 7E 5B 00 00 D6 54 F2 56 C2 54 0C 54 FD 52 3A 05 12 51 74 50 00 00 62 4C 00 00 00 00 00 00 

ACQ: 20260430.1040:394 | DATA:
 00 28 81 18 1F 27 CD 74 52 39 2A 47 5C 46 00 00 AA 44 44 44 8C 43 E4 42 44 42 00 00 0E 41 46 29 05 29 95 29 B9 29 00 00 00 00 00 00 00 00 00 00 00 00 5E 26 30 26 2C 26 F8 25 39 26 A5 26 99 26 AD 26 DD 26 0A 28 00 00 00 00 00 00 32 39 F9 38 BC 38 84 38 64 38 2C 38 

ACQ: 20260430.1040:394 | DATA:
 00 28 81 27 1B 36 39 4F 04 38 CC 37 D1 37 D6 36 80 37 6D 37 59 37 35 37 AE 30 01 31 DE 33 A2 31 B6 2D 1D 2D 75 2D 9A 36 9A 33 FA 36 3E 2B EE 29 62 37 95 37 81 37 BD 37 BC 37 00 00 00 00 00 00 26 0E 7A 0D C2 0C 16 0C 29 0C 66 0B 39 0B 19 0B 09 0B FD 0A F9 0A FD 0A

ACQ: 20260430.1040:511 | DATA:
AA 55 00 28 7D 36 21 45 37 49 05 0B 11 0B 21 0B 41 0B 71 0B 1A 0C 8D 0C 95 0C C1 0C FD 0C 45 0D AC 0D BA 02 BD 02 BD 02 C5 02 C9 02 D1 02 D5 02 DD 02 E1 02 E9 02 F1 02 F9 02 01 03 15 03 00 00 00 00 00 00 D2 02 3E 05 72 05 00 00 00 00 00 00 00 00 00 00 00 00 00 00 F6 42 

ACQ: 20260430.1040:511 | DATA:
AA 55 00 28 83 45 2D 54 19 4A 01 42 D9 41 58 41 26 02 25 02 4E 42 76 43 9A 45 4A 53 DE 54 92 56 00 00 00 00 00 00 00 00 00 00 00 00 00 00 00 00 00 00 00 00 00 00 00 00 00 00 00 00 CA 7C 00 00 9A 09 00 00 00 00 00 00 4E 04 00 00 00 00 4A 03 6E 03 00 00 00 00 00 00 00 00 

ACQ: 20260430.1040:511 | DATA:
AA 55 00 28 8F 54 35 63 69 91 00 00 00 00 00 00 CA 01 D4 01 00 00 00 00 00 00 00 00 00 00 00 00 00 00 00 00 00 00 00 00 00 00 00 00 00 00 00 00 00 00 00 00 00 00 00 00 00 00 00 00 2A 0E 05 0E DD 0D A1 0D A5 0D B5 0D AE 12 8A C9 00 00 00 00 00 00 00 00 00 00 00 00 00 00 

ACQ: 20260430.1040:511 | DATA:
AA 55 00 28 97 63 59 72 00 67 00 00 00 00 00 00 00 00 00 00 00 00 00 00 00 00 00 00 00 00 52 04 00 00 00 00 00 00 00 00 00 00 00 00 00 00 32 0C 00 00 00 00 7A 03 00 00 00 00 00 00 00 00 00 00 00 00 00 00 00 00 00 00 00 00 00 00 00 00 00 00 00 00 BA 02 C4 02 00 00 00 00 

ACQ: 20260430.1040:511 | DATA:
AA 55 00 28 B3 72 7B 81 41 88 00 00 00 00 00 00 00 00 00 00 00 00 00 00 00 00 00 00 00 00 00 00 00 00 FA 02 0C 03 00 00 00 00 00 00 00 00 00 00 00 00 00 00 00 00 00 00 BA 07 B1 07 D9 07 0E 02 0D 02 09 02 09 02 09 02 09 02 05 02 05 02 05 02 05 02 05 02 01 02 01 02 01 02 

ACQ: 20260430.1040:511 | DATA:
AA 55 00 28 DD 81 79 90 51 13 01 02 FD 01 FD 01 DE 01 D1 01 0A 02 0D 02 11 02 1D 02 00 00 00 00 00 00 00 00 00 00 00 00 00 00 00 00 00 00 00 00 00 00 00 00 00 00 00 00 00 00 00 00 42 03 00 00 7A 41 78 41 AC 41 B6 3F 00 00 00 00 00 00 00 00 00 00 00 00 00 00 00 00 00 00 

ACQ: 20260430.1040:511 | DATA:
AA 55 00 28 D9 90 6F 9F F4 58 00 00 00 00 00 00 00 00 00 00 00 00 00 00 22 42 DE 45 00 00 00 00 00 00 8E 3E E6 41 EC 41 0E 43 DE 41 B2 43 00 00 9C 42 6C 43 00 00 00 00 00 00 00 00 00 00 02 53 00 00 00 00 00 00 00 00 00 00 00 00 00 00 00 00 00 00 00 00 00 00 00 00 00 00 

ACQ: 20260430.1040:511 | DATA:
AA 55 00 26 D1 9F B9 AD 15 55 00 00 00 00 00 00 00 00 00 00 00 00 00 00 6E 07 00 00 00 00 00 00 00 00 00 00 BA 04 D5 04 00 00 00 00 00 00 00 00 00 00 00 00 00 00 00 00 36 06 28 06 30 06 96 06 00 00 00 00 00 00 00 00 00 00 AE 03 00 00 EA 0D A4 0D 74 0D FA 1D 

ACQ: 20260430.1040:511 | DATA:
AA 55 01 01 11 AE 11 AE C5 C2 6E 96 

ACQ: 20260430.1040:511 | DATA:
AA 55 00 28 75 AE 1F 09 29 D3 00 00 8E 0E 11 0E 00 00 00 00 36 4F 2C 4F 18 4F F4 4E 46 14 45 14 49 14 49 14 51 14 55 14 5D 14 6D 14 00 00 00 00 AE 4D B5 4D 79 4E 1A 49 FE 42 74 42 DE 4F A1 50 05 51 7C 51 EA 13 02 04 00 00 AE 13 F9 13 FC 13 10 14 28 14 38 14 00 00 00 00 

ACQ: 20260430.1040:511 | DATA:
AA 55 00 28 77 09 05 18 A5 74 D8 14 BC 14 E0 14 F8 14 14 15 38 15 64 15 88 15 AC 15 CC 15 00 00 A6 57 A1 58 3D 59 91 59 59 5A F9 5A A1 5B 51 5C 3D 5D FD 5D 16 5C 00 00 9A 5E 1D 5E D6 5B F8 5A 82 54 4E 56 1A 55 F1 54 8E 53 52 51 05 51 89 50 00 00 52 4D 00 00 00 00 00 00 

ACQ: 20260430.1040:511 | DATA:
 00 28 65 18 FB 26 6D 25 12 39 5A 3A BE 46 00 00 00 00 86 44 CC 43 20 43 6C 42 5C 41 00 41 56 29 FD 28 59 29 B1 29 00 00 00 00 00 00 00 00 00 00 00 00 00 00 42 26 24 26 1C 26 CD 25 DE 26 9D 26 99 26 B9 26 6D 27 00 00 00 00 00 00 1A 39 0D 39 CC 38 98 38 70 38 3C 38 

ACQ: 20260430.1040:511 | DATA:
 00 28 5D 27 F7 35 A0 65 18 38 F0 37 D0 37 E4 36 95 37 6D 37 55 37 4D 37 96 2E F2 31 DA 34 29 35 B2 2E 2A 2D 69 2D E6 30 CE 32 3E 35 06 2F EA 29 DA 36 85 37 71 37 CD 37 89 37 91 37 00 00 00 00 7E 0E 9E 0D 4D 0D 6E 0C 35 0C 9D 0B 41 0B 21 0B 0D 0B FD 0A F9 0A F9 0A

ACQ: 20260430.1040:589 | DATA:
AA 55 00 28 59 36 07 45 B7 48 01 0B 09 0B 1D 0B 35 0B 61 0B D9 0B 96 0C 85 0C B5 0C E1 0C 29 0D 91 0D BE 02 B9 02 BD 02 C5 02 C9 02 CD 02 D5 02 DD 02 E1 02 E9 02 F1 02 F5 02 FD 02 0D 03 00 00 00 00 00 00 CE 02 D9 02 5A 05 00 00 00 00 00 00 00 00 00 00 00 00 00 00 E6 42 

ACQ: 20260430.1040:589 | DATA:
AA 55 00 28 69 45 17 54 69 12 08 42 D1 41 90 41 26 02 25 02 02 42 22 43 DE 44 B2 52 A2 54 52 56 02 58 00 00 00 00 00 00 00 00 00 00 00 00 00 00 00 00 00 00 00 00 00 00 00 00 00 00 5E 7C 00 00 62 09 00 00 00 00 00 00 4E 04 00 00 00 00 5E 03 65 03 00 00 00 00 00 00 00 00 

ACQ: 20260430.1040:589 | DATA:
AA 55 00 28 79 54 2D 63 E0 93 00 00 00 00 00 00 C6 01 D0 01 00 00 00 00 00 00 00 00 00 00 00 00 00 00 00 00 00 00 00 00 00 00 00 00 00 00 00 00 00 00 00 00 00 00 00 00 00 00 00 00 36 0E 09 0E E5 0D 61 0D 3A 0E AD 0D B2 12 96 C8 00 00 00 00 00 00 00 00 00 00 00 00 00 00 

ACQ: 20260430.1040:589 | DATA:
AA 55 00 28 85 63 3F 72 28 66 00 00 00 00 00 00 00 00 00 00 00 00 00 00 00 00 00 00 00 00 4E 04 00 00 00 00 00 00 00 00 00 00 00 00 00 00 3E 0C 00 00 00 00 72 03 88 03 00 00 00 00 00 00 00 00 00 00 00 00 00 00 00 00 00 00 00 00 00 00 00 00 00 00 B6 02 C0 02 C4 02 00 00 

ACQ: 20260430.1040:589 | DATA:
AA 55 00 28 A1 72 4D 81 E1 8B 00 00 00 00 00 00 00 00 00 00 00 00 00 00 00 00 00 00 00 00 00 00 00 00 F2 02 08 03 00 00 00 00 00 00 00 00 00 00 00 00 00 00 00 00 00 00 CE 07 AD 07 C5 07 0E 02 0D 02 0D 02 09 02 09 02 09 02 05 02 05 02 05 02 05 02 05 02 05 02 01 02 FD 01 

ACQ: 20260430.1040:589 | DATA:
AA 55 00 28 AF 81 4D 90 F7 52 01 02 FD 01 FD 01 F5 01 D2 01 D9 01 0A 02 0D 02 19 02 00 00 00 00 00 00 00 00 00 00 00 00 00 00 00 00 00 00 00 00 00 00 00 00 00 00 00 00 00 00 00 00 00 00 00 00 00 00 0A 41 00 00 2A 42 7E 3C 00 00 00 00 00 00 00 00 00 00 00 00 00 00 00 00 

ACQ: 20260430.1040:589 | DATA:
AA 55 00 28 AD 90 41 9F EC 64 00 00 00 00 00 00 00 00 00 00 00 00 00 00 C6 3F 5E 46 0A 45 00 00 00 00 00 00 FA 3F 06 42 A0 42 8C 42 EC 41 16 45 B6 42 BC 42 4A 44 94 44 00 00 00 00 00 00 00 00 C6 53 00 00 00 00 00 00 00 00 00 00 00 00 00 00 00 00 00 00 00 00 00 00 00 00 

ACQ: 20260430.1040:589 | DATA:
AA 55 00 27 A3 9F DD AD 71 72 00 00 00 00 00 00 00 00 00 00 00 00 00 00 00 00 7E 07 00 00 00 00 00 00 00 00 00 00 C6 04 E0 04 00 00 00 00 00 00 00 00 00 00 00 00 00 00 32 06 30 06 25 06 00 00 A6 06 00 00 00 00 00 00 00 00 00 00 B6 03 16 0E D0 0D 98 0D 4A 14 DE 2C 

ACQ: 20260430.1040:589 | DATA:
AA 55 01 01 35 AE 35 AE AB 54 00 00 

ACQ: 20260430.1040:589 | DATA:
 00 28 97 AE 3D 09 DF 9E 00 00 22 0E 19 0E 00 00 00 00 46 4F 04 4F EC 4E 18 4F 4A 14 45 14 49 14 4D 14 55 14 55 14 4D 14 95 14 00 00 5A 4E C9 4D E1 4D 39 4E 76 42 00 00 96 43 AE 47 0A 51 3D 51 EE 13 00 00 FE 03 92 13 C5 13 F9 13 09 14 1C 14 38 14 20 14 00 00 00 00 

ACQ: 20260430.1040:589 | DATA:
 00 28 97 09 27 18 C8 6D CA 14 C8 14 EC 14 00 15 24 15 40 15 70 15 94 15 B4 15 00 00 00 00 FE 57 F9 58 81 59 BD 59 9D 5A 49 5B B5 5B D1 5C 61 5D 49 5E 00 00 00 5E D9 5E 4A 5D 5E 5B 00 00 BE 54 D6 56 8A 54 39 54 F6 52 3A 05 0E 51 79 50 00 00 06 4D 00 00 00 00 00 00

ACQ: 20260430.1040:697 | DATA:
AA 55 00 28 89 18 1F 27 C5 17 4E 39 56 47 64 46 00 00 00 00 4E 44 88 43 E8 42 44 42 00 00 2A 41 3E 29 FD 28 8D 29 B5 29 00 00 00 00 00 00 00 00 00 00 00 00 00 00 42 26 24 26 E0 25 45 26 A9 26 A1 26 AD 26 E1 26 1E 28 00 00 00 00 00 00 2A 39 FD 38 B4 38 88 38 60 38 2C 38 

ACQ: 20260430.1040:697 | DATA:
AA 55 00 28 81 27 23 36 C9 79 14 38 D4 37 C9 37 0C 37 7C 37 69 37 59 37 19 37 02 31 11 31 CE 33 02 31 96 2D 11 2D 75 2D DA 36 96 33 D6 36 FA 2A F2 29 56 37 8D 37 55 37 E1 37 8D 37 C8 37 00 00 00 00 2E 0E 7A 0D ED 0C 16 0C 25 0C 5E 0B 35 0B 15 0B 05 0B FD 0A F5 0A FD 0A 

ACQ: 20260430.1040:697 | DATA:
AA 55 00 28 85 36 35 45 87 48 01 0B 11 0B 25 0B 45 0B 79 0B 32 0C 8D 0C 99 0C C1 0C 01 0D 4D 0D B4 0D BA 02 BD 02 C1 02 C5 02 C9 02 D1 02 D9 02 DD 02 E5 02 E9 02 F1 02 F9 02 05 03 19 03 00 00 00 00 00 00 D2 02 3E 05 86 05 00 00 00 00 00 00 00 00 00 00 00 00 00 00 E6 42 

ACQ: 20260430.1040:697 | DATA:
AA 55 00 28 97 45 39 54 16 48 D5 41 CD 41 18 41 26 02 36 41 8E 42 9C 43 00 00 8E 53 46 55 E6 56 00 00 00 00 00 00 00 00 00 00 00 00 00 00 00 00 00 00 00 00 00 00 00 00 00 00 00 00 CE 7A 00 00 9A 09 00 00 00 00 00 00 56 04 00 00 00 00 4E 03 72 03 00 00 00 00 00 00 00 00 

ACQ: 20260430.1040:697 | DATA:
AA 55 00 28 9B 54 51 63 41 9B 00 00 00 00 00 00 CA 01 D4 01 00 00 00 00 00 00 00 00 00 00 00 00 00 00 00 00 00 00 00 00 00 00 00 00 00 00 00 00 00 00 00 00 00 00 00 00 00 00 00 00 26 0E 01 0E DD 0D C9 0D B1 0D B5 0D B6 12 BE C3 00 00 00 00 00 00 00 00 00 00 00 00 00 00 

ACQ: 20260430.1040:697 | DATA:
AA 55 00 28 A9 63 6B 72 25 64 00 00 00 00 00 00 00 00 00 00 00 00 00 00 00 00 00 00 00 00 5A 04 00 00 00 00 00 00 00 00 00 00 00 00 66 0C 00 00 00 00 72 03 7D 03 00 00 00 00 00 00 00 00 00 00 00 00 00 00 00 00 00 00 00 00 00 00 00 00 00 00 00 00 BA 02 C4 02 00 00 00 00 

ACQ: 20260430.1040:697 | DATA:
AA 55 00 28 CD 72 8D 81 0D 8F 00 00 00 00 00 00 00 00 00 00 00 00 00 00 00 00 00 00 00 00 00 00 00 00 FE 02 10 03 00 00 00 00 00 00 00 00 00 00 00 00 00 00 00 00 E6 07 B1 07 B9 07 E0 07 0E 02 0D 02 09 02 09 02 09 02 09 02 05 02 05 02 05 02 05 02 05 02 01 02 01 02 01 02 

ACQ: 20260430.1040:697 | DATA:
AA 55 00 28 EF 81 85 90 02 52 01 02 FD 01 FD 01 DA 01 D1 01 0A 02 0D 02 15 02 20 02 00 00 00 00 00 00 00 00 00 00 00 00 00 00 00 00 00 00 00 00 00 00 00 00 00 00 00 00 00 00 00 00 3E 03 00 00 26 41 00 00 30 42 D2 3C 00 00 00 00 00 00 00 00 00 00 00 00 00 00 00 00 00 00 

ACQ: 20260430.1040:697 | DATA:
AA 55 00 28 E5 90 8B 9F 36 1B 00 00 00 00 00 00 00 00 00 00 00 00 2E 40 3A 46 38 45 00 00 00 00 00 00 56 3F 06 42 2C 42 B8 42 D8 41 C6 44 32 43 90 42 00 00 00 00 00 00 00 00 00 00 00 00 A6 53 00 00 00 00 00 00 00 00 00 00 00 00 00 00 00 00 00 00 00 00 00 00 00 00 00 00 

ACQ: 20260430.1040:697 | DATA:
AA 55 00 26 EB 9F C3 AD 16 7E 00 00 00 00 00 00 00 00 00 00 00 00 00 00 7E 07 00 00 00 00 00 00 00 00 00 00 BE 04 DC 04 00 00 00 00 00 00 00 00 00 00 00 00 00 00 2A 06 30 06 28 06 38 06 A2 06 00 00 00 00 00 00 00 00 00 00 B6 03 26 0E E8 0D A8 0D E2 11 12 22 

ACQ: 20260430.1040:697 | DATA:
 01 01 23 AE 23 AE AB 54 00 00 

ACQ: 20260430.1040:697 | DATA:
 00 28 7D AE 27 09 B4 D7 00 00 4E 0E 15 0E 00 00 00 00 F2 4E 20 4F 1C 4F 00 4F 4A 14 45 14 49 14 49 14 55 14 55 14 5D 14 6D 14 00 00 00 00 CA 4D BD 4D 4D 4E 42 46 00 00 7E 42 A0 42 02 51 11 51 FA 13 F8 13 02 04 00 00 BA 13 F9 13 0D 14 1D 14 30 14 38 14 00 00 00 00

ACQ: 20260430.1040:806 | DATA:
AA 55 00 28 89 09 05 18 79 72 D4 14 C0 14 E4 14 F8 14 1C 15 3C 15 64 15 88 15 A8 15 CC 15 00 00 8A 57 9D 58 35 59 6D 59 39 5A 0D 5B DD 5B 59 5C 55 5D 49 5E 44 5D 1A 5F A8 5F 49 5E E6 5B 00 00 CE 54 6A 56 02 55 11 55 6A 53 6E 50 09 51 71 50 00 00 8E 4C 00 00 00 00 00 00 

ACQ: 20260430.1040:806 | DATA:
AA 55 00 28 65 18 FB 26 20 24 E2 38 CA 3A A2 46 00 00 00 00 86 44 CC 43 18 43 78 42 70 41 F0 40 56 29 05 29 65 29 A5 29 00 00 00 00 00 00 00 00 00 00 00 00 00 00 42 26 2C 26 20 26 CD 25 DE 26 99 26 9D 26 B9 26 7D 27 00 00 00 00 00 00 26 39 0C 39 CC 38 94 38 70 38 38 38 

ACQ: 20260430.1040:806 | DATA:
AA 55 00 28 5D 27 F7 35 DE 7B 18 38 E4 37 D5 37 FC 36 99 37 7D 37 61 37 51 37 96 2E 0A 32 06 35 66 36 97 36 16 2D 65 2D 66 36 FE 32 FA 34 12 2E E6 29 06 37 8D 37 69 37 D9 37 81 37 EC 37 00 00 00 00 8A 0E A2 0D 4D 0D 7E 0C 2D 0C A5 0B 45 0B 21 0B 0D 0B FD 0A F9 0A F9 0A 

ACQ: 20260430.1040:806 | DATA:
AA 55 00 28 59 36 07 45 A7 49 FD 0A 09 0B 1D 0B 35 0B 61 0B C9 0B 76 0C 81 0C B1 0C D9 0C 29 0D 8D 0D BE 02 B9 02 BD 02 C5 02 C9 02 CD 02 D5 02 DD 02 E1 02 E9 02 F1 02 F5 02 FD 02 0D 03 00 00 00 00 00 00 CE 02 D9 02 5A 05 00 00 00 00 00 00 00 00 00 00 00 00 00 00 DE 42 

ACQ: 20260430.1040:806 | DATA:
AA 55 00 28 69 45 17 54 26 46 40 42 E9 41 88 41 26 02 29 02 F6 41 26 43 A2 44 B2 52 86 54 0A 56 00 00 00 00 00 00 00 00 00 00 00 00 00 00 00 00 00 00 00 00 00 00 00 00 00 00 00 00 3E 7A 00 00 00 00 00 00 00 00 00 00 4A 04 00 00 00 00 00 00 62 03 86 03 00 00 00 00 00 00 

ACQ: 20260430.1040:806 | DATA:
AA 55 00 28 6F 54 23 63 90 92 00 00 00 00 00 00 BE 01 D0 01 00 00 00 00 00 00 00 00 00 00 00 00 00 00 00 00 00 00 00 00 00 00 00 00 00 00 00 00 00 00 00 00 00 00 00 00 00 00 00 00 36 0E 0D 0E E5 0D 61 0D 3A 0E B1 0D AE 12 82 C9 00 00 00 00 00 00 00 00 00 00 00 00 00 00 

ACQ: 20260430.1040:806 | DATA:
AA 55 00 28 85 63 47 72 2C 66 00 00 00 00 00 00 00 00 00 00 00 00 00 00 00 00 00 00 00 00 4E 04 00 00 00 00 00 00 00 00 00 00 00 00 00 00 3E 0C 00 00 00 00 76 03 88 03 00 00 00 00 00 00 00 00 00 00 00 00 00 00 00 00 00 00 00 00 00 00 00 00 00 00 B6 02 C0 02 BC 02 00 00 

ACQ: 20260430.1040:806 | DATA:
AA 55 00 28 AB 72 69 81 33 88 00 00 00 00 00 00 00 00 00 00 00 00 00 00 00 00 00 00 00 00 00 00 00 00 F6 02 0C 03 00 00 00 00 00 00 00 00 00 00 00 00 00 00 00 00 00 00 C2 07 B1 07 D1 07 0E 02 0D 02 0D 02 09 02 09 02 09 02 05 02 05 02 05 02 05 02 05 02 01 02 01 02 01 02 

ACQ: 20260430.1040:806 | DATA:
AA 55 00 28 CB 81 6D 90 CB 55 01 02 01 02 FD 01 DE 01 D1 01 06 02 0D 02 11 02 1D 02 00 00 00 00 00 00 00 00 00 00 00 00 00 00 00 00 00 00 00 00 00 00 00 00 00 00 00 00 00 00 00 00 36 03 00 00 00 00 0A 41 00 00 68 41 66 3B 00 00 00 00 00 00 00 00 00 00 00 00 00 00 00 00 

ACQ: 20260430.1040:806 | DATA:
AA 55 00 28 CF 90 5D 9F 62 65 00 00 00 00 00 00 00 00 00 00 00 00 00 00 3A 41 3A 46 00 00 00 00 00 00 00 00 5E 41 E4 41 0A 43 04 42 D0 42 00 00 9C 42 0C 43 00 00 00 00 00 00 00 00 00 00 AE 52 00 00 00 00 00 00 00 00 00 00 00 00 00 00 00 00 00 00 00 00 00 00 00 00 00 00 

ACQ: 20260430.1040:806 | DATA:
 00 27 BF 9F 01 AE 38 1E 00 00 00 00 00 00 00 00 00 00 00 00 00 00 62 07 94 07 00 00 00 00 00 00 00 00 00 00 D2 04 00 00 00 00 00 00 00 00 00 00 00 00 00 00 00 00 36 06 28 06 30 06 00 00 BE 06 00 00 00 00 00 00 00 00 00 00 C2 03 FA 0D B0 0D 88 0D 42 19 DA 4E 

ACQ: 20260430.1040:806 | DATA:
 01 01 63 AE 63 AE AB 54 00 00 AA

ACQ: 20260430.1040:915 | DATA:
AA 55 00 28 BF 09 55 18 57 2A BE 14 DC 14 F4 14 10 15 30 15 5C 15 80 15 A0 15 C4 15 00 00 2E 57 4E 58 01 59 4D 59 31 5A E9 5A 81 5B 31 5C 19 5D ED 5D FD 5D 00 00 1C 5F A5 5E 46 5C 12 5B 92 54 22 56 18 55 31 55 5A 53 BA 51 51 51 91 50 00 00 00 00 00 00 00 00 00 00 00 00 

ACQ: 20260430.1040:915 | DATA:
AA 55 00 28 B5 18 55 27 71 26 82 39 D2 46 00 00 00 00 9A 44 C8 43 2C 43 7C 42 B0 41 E4 40 6A 29 0D 29 49 29 B5 29 00 00 00 00 00 00 00 00 00 00 00 00 00 00 42 26 20 26 24 26 E1 25 D6 26 99 26 9D 26 C1 26 69 27 00 00 00 00 00 00 36 39 19 39 DC 38 AC 38 7C 38 40 38 18 38 

ACQ: 20260430.1040:915 | DATA:
AA 55 00 28 B7 27 59 36 B4 57 F8 37 D0 37 FC 36 95 37 69 37 59 37 41 37 92 2E 1E 32 72 34 01 35 CE 2E 3E 2D 61 2D D6 30 B6 32 52 35 52 2F E6 29 EE 36 89 37 8D 37 C9 37 85 37 F4 37 00 00 00 00 9E 0E AA 0D 51 0D 86 0C 25 0C CD 0B 49 0B 25 0B 11 0B 01 0B F9 0A F5 0A 01 0B 

ACQ: 20260430.1040:915 | DATA:
AA 55 00 28 BB 36 5F 45 E0 00 09 0B 1D 0B 31 0B 5D 0B B1 0B 72 0C 81 0C B1 0C D9 0C 25 0D 89 0D BE 02 B9 02 BD 02 C1 02 C9 02 CD 02 D5 02 D9 02 E1 02 E9 02 ED 02 F5 02 FD 02 0D 03 00 00 00 00 00 00 CE 02 D9 02 56 05 00 00 00 00 00 00 00 00 00 00 00 00 00 00 06 43 84 42 

ACQ: 20260430.1040:915 | DATA:
AA 55 00 28 C1 45 67 54 94 23 F9 41 98 41 26 02 29 02 CA 41 02 43 6E 44 00 00 42 54 

ACQ: 20260430.1040:915 | DATA:
AA 55 00 00 00 00 00 00 00 00 00 00 00 00 00 00 00 00 00 00 00 00 00 00 00 00 00 00 00 00 86 7A 68 7B 00 00 AE 09 00 00 00 00 42 04 66 04 00 00 00 00 5E 03 82 03 00 00 00 00 00 00 00 00 

ACQ: 20260430.1040:915 | DATA:
AA 55 00 28 BF 54 7B 63 C7 2D 00 00 00 00 00 00 CE 01 00 00 00 00 00 00 00 00 00 00 00 00 00 00 00 00 00 00 00 00 00 00 00 00 00 00 00 00 00 00 00 00 00 00 00 00 00 00 00 00 32 0E 15 0E C5 0D E5 0D F9 0D AD 0D 2A 12 1E 74 00 00 00 00 00 00 00 00 00 00 00 00 00 00 00 00 

ACQ: 20260430.1040:915 | DATA:
AA 55 00 28 DD 63 99 72 AE 66 00 00 00 00 00 00 00 00 00 00 00 00 00 00 00 00 00 00 4A 04 00 00 00 00 00 00 00 00 00 00 00 00 00 00 42 0C 00 00 00 00 72 03 88 03 00 00 00 00 00 00 00 00 00 00 00 00 00 00 00 00 00 00 00 00 00 00 00 00 00 00 B6 02 C0 02 C4 02 00 00 00 00 

ACQ: 20260430.1040:915 | DATA:
AA 55 00 28 FB 72 AF 81 A4 8A 00 00 00 00 00 00 00 00 00 00 00 00 00 00 00 00 00 00 00 00 00 00 F2 02 08 03 00 00 00 00 00 00 00 00 00 00 00 00 00 00 00 00 00 00 CE 07 AD 07 C5 07 0E 02 0D 02 0D 02 09 02 09 02 09 02 05 02 05 02 05 02 05 02 05 02 05 02 01 02 01 02 01 02 

ACQ: 20260430.1040:915 | DATA:
 00 28 11 82 AD 90 0C 56 01 02 FD 01 F5 01 D2 01 DD 01 0A 02 11 02 19 02 00 00 00 00 00 00 00 00 00 00 00 00 00 00 00 00 00 00 00 00 00 00 00 00 00 00 00 00 00 00 00 00 00 00 00 00 00 00 F2 40 00 00 2E 42 C2 3B 00 00 00 00 00 00 00 00 00 00 00 00 00 00 00 00 00 00 

ACQ: 20260430.1040:915 | DATA:
 00 28 0F 91 A5 9F 98 65 00 00 00 00 00 00 00 00 00 00 00 00 BE 40 66 46 0E 45 00 00 00 00 00 00 6E 40 FA 41 D4 42 68 42 30 42 56 45 CA 42 F0 42 00 00 00 00 00 00 00 00 00 00 00 00 3A 53 00 00 00 00 00 00 00 00 00 00 00 00 00 00 00 00 00 00 00 00 00 00 00 00 00 00

ACQ: 20260430.1040:46 | DATA:
AA 55 00 26 07 A0 EF AD 57 2A 00 00 00 00 00 00 00 00 00 00 00 00 00 00 8A 07 00 00 00 00 00 00 00 00 00 00 CE 04 E4 04 00 00 00 00 00 00 00 00 00 00 00 00 00 00 36 06 2C 06 2D 06 00 00 B2 06 00 00 00 00 00 00 00 00 00 00 BE 03 FE 0D 86 07 82 0D 76 17 02 40 

ACQ: 20260430.1040:46 | DATA:
AA 55 01 01 51 AE 51 AE AB 54 00 00 

ACQ: 20260430.1040:46 | DATA:
AA 55 00 28 B3 AE 5D 09 DE CA 00 00 0E 0E 29 0E 00 00 00 00 5A 4F 38 4F 10 4F 3E 14 41 14 49 14 49 14 51 14 55 14 59 14 51 14 D0 14 00 00 DE 4D A1 4D 29 4E E2 48 D6 42 00 00 94 42 36 4E 2E 51 19 51 EE 13 00 00 FE 03 B6 13 DD 13 F9 13 0D 14 34 14 3C 14 1C 14 00 00 00 00 

ACQ: 20260430.1040:46 | DATA:
AA 55 00 28 BD 09 4F 18 B9 67 BC 14 DC 14 F0 14 0C 15 30 15 5C 15 80 15 9C 15 C4 15 00 00 9E 56 3A 58 05 59 7D 59 05 5A D1 5A 81 5B 2D 5C 09 5D E5 5D 11 5E 00 00 80 5E E1 5E 66 5C 2A 5B A6 54 E2 55 F4 54 2D 55 46 53 26 52 55 51 81 50 94 4F 00 00 00 00 00 00 00 00 00 00 

ACQ: 20260430.1040:46 | DATA:
AA 55 00 28 B1 18 43 27 CC 65 4A 39 E6 46 00 00 00 00 B2 44 F4 43 64 43 B8 42 04 42 00 00 6A 29 19 29 2D 29 A9 29 00 00 00 00 00 00 00 00 00 00 00 00 00 00 52 26 30 26 24 26 D1 25 BD 26 9D 26 9D 26 B9 26 41 27 00 00 00 00 00 00 1E 39 21 39 E0 38 AC 38 80 38 50 38 20 38 

ACQ: 20260430.1040:46 | DATA:
AA 55 00 28 A5 27 47 36 FE 47 04 38 DC 37 88 37 68 37 70 37 69 37 5D 37 30 37 8A 33 06 32 D6 33 DA 2F 56 2D 1D 2D 8E 2E 86 31 6E 35 56 33 DA 29 EA 36 91 37 A9 37 75 37 8D 37 D4 37 00 00 00 00 BA 0E C6 0D 65 0D AE 0C 19 0C 01 0C 52 0B 29 0B 0D 0B 01 0B F9 0A F9 0A FD 0A 

ACQ: 20260430.1040:46 | DATA:
AA 55 00 28 A9 36 55 45 60 03 01 0B 15 0B 2D 0B 51 0B 91 0B 5E 0C 81 0C A9 0C D1 0C 19 0D 79 0D C2 02 B9 02 BD 02 C1 02 C9 02 CD 02 D5 02 D9 02 DD 02 E5 02 ED 02 F5 02 FD 02 09 03 20 03 00 00 00 00 CE 02 D9 02 56 05 00 00 00 00 00 00 00 00 00 00 00 00 00 00 0A 43 B8 42 

ACQ: 20260430.1040:46 | DATA:
AA 55 00 28 AD 45 67 54 A6 73 ED 41 B4 41 26 02 25 02 96 41 F6 42 5E 44 00 00 4A 54 B2 55 56 57 00 00 00 00 00 00 00 00 00 00 00 00 00 00 00 00 00 00 00 00 00 00 00 00 00 00 86 7B D4 7C 00 00 A2 09 00 00 00 00 42 04 62 04 00 00 00 00 5E 03 82 03 00 00 00 00 00 00 00 00 

ACQ: 20260430.1040:46 | DATA:
AA 55 00 28 C9 54 7B 63 22 C9 00 00 00 00 00 00 CE 01 00 00 00 00 00 00 00 00 00 00 00 00 00 00 00 00 00 00 00 00 00 00 00 00 00 00 00 00 00 00 00 00 00 00 00 00 00 00 00 00 36 0E 11 0E CD 0D 7D 0D 26 0E AD 0D 86 12 6E 93 00 00 00 00 00 00 00 00 00 00 00 00 00 00 00 00 

ACQ: 20260430.1040:46 | DATA:
AA 55 00 28 DD 63 A1 72 92 66 00 00 00 00 00 00 00 00 00 00 00 00 00 00 00 00 00 00 4E 04 00 00 00 00 00 00 00 00 00 00 00 00 00 00 42 0C 00 00 00 00 72 03 8C 03 00 00 00 00 00 00 00 00 00 00 00 00 00 00 00 00 00 00 00 00 00 00 00 00 00 00 B6 02 C0 02 C0 02 00 00 00 00 

ACQ: 20260430.1040:46 | DATA:
 00 28 03 73 B9 81 42 8B 00 00 00 00 00 00 00 00 00 00 00 00 00 00 00 00 00 00 00 00 00 00 F2 02 08 03 00 00 00 00 00 00 00 00 00 00 00 00 00 00 00 00 00 00 CA 07 AD 07 CD 07 0E 02 0D 02 0D 02 09 02 09 02 09 02 05 02 05 02 05 02 05 02 05 02 01 02 01 02 01 02 01 02 

ACQ: 20260430.1040:46 | DATA:
 00 28 1B 82 AD 90 B0 55 01 02 FD 01 F1 01 D6 01 06 02 09 02 11 02 19 02 00 00 00 00 00 00 00 00 00 00 00 00 00 00 00 00 00 00 00 00 00 00 00 00 00 00 00 00 00 00 00 00 00 00 00 00 00 00 FE 40 00 00 0C 42 82 3B 00 00 00 00 00 00 00 00 00 00 00 00 00 00 00 00 00 00

ACQ: 20260430.1040:158 | DATA:
AA 55 00 28 0F 91 B5 9F 08 66 00 00 00 00 00 00 00 00 00 00 00 00 E2 40 8E 46 22 45 00 00 00 00 00 00 96 40 06 42 C8 42 7C 42 44 42 5E 45 C2 42 F0 42 00 00 00 00 00 00 00 00 00 00 00 00 5A 53 00 00 00 00 00 00 00 00 00 00 00 00 00 00 00 00 00 00 00 00 00 00 00 00 00 00 

ACQ: 20260430.1040:158 | DATA:
AA 55 00 26 0D A0 E5 AD 4B 50 00 00 00 00 00 00 00 00 00 00 00 00 00 00 82 07 00 00 00 00 00 00 00 00 00 00 CA 04 E8 04 00 00 00 00 00 00 00 00 00 00 00 00 00 00 36 06 2C 06 29 06 00 00 AE 06 00 00 00 00 00 00 00 00 00 00 BA 03 02 0E AA 05 86 0D 8A 16 2A 3A 

ACQ: 20260430.1040:158 | DATA:
AA 55 01 01 47 AE 47 AE AB 54 00 00 

ACQ: 20260430.1040:158 | DATA:
AA 55 00 28 AB AE 53 09 41 CF 00 00 0E 0E 21 0E 00 00 00 00 5E 4F 38 4F 1C 4F 3E 14 45 14 49 14 49 14 51 14 55 14 59 14 49 14 D9 14 00 00 06 4E C9 4D 09 4E EA 4A BA 42 00 00 10 43 12 4C 3E 51 1D 51 EE 13 00 00 02 04 B2 13 D9 13 FD 13 11 14 30 14 3C 14 20 14 00 00 00 00 

ACQ: 20260430.1040:158 | DATA:
AA 55 00 28 B5 09 39 18 86 28 BC 14 D0 14 E8 14 08 15 2C 15 50 15 78 15 94 15 BC 15 00 00 00 00 16 58 F1 58 71 59 E9 59 B5 5A 75 5B D1 5B FA 5C E1 5D 45 5E 00 00 F8 5D AD 5E C2 5C 3E 5B DA 54 38 55 8C 55 11 55 8E 53 85 52 78 51 AD 50 38 50 00 00 00 00 00 00 00 00 00 00 

ACQ: 20260430.1040:158 | DATA:
AA 55 00 28 9B 18 31 27 3C 4C 3E 39 EE 46 00 00 00 00 96 44 FC 43 54 43 C0 42 24 42 00 00 8A 29 29 29 25 29 A9 29 B4 29 00 00 00 00 00 00 00 00 00 00 00 00 4E 26 40 26 2C 26 D5 25 99 26 9D 26 A1 26 B5 26 19 27 00 00 00 00 00 00 0E 39 14 39 E9 38 B4 38 70 38 48 38 2C 38 

ACQ: 20260430.1040:158 | DATA:
AA 55 00 28 93 27 47 36 38 6F 04 38 C8 37 94 37 14 37 71 37 61 37 51 37 82 32 9E 33 36 31 CE 33 0E 30 4A 2D 0D 2D F5 2D EE 32 42 35 12 34 1E 2A CE 35 92 37 A9 37 79 37 B5 37 00 00 00 00 00 00 B6 0E E2 0D 6D 0D C6 0C 16 0C 09 0C 56 0B 2D 0B 15 0B 05 0B F9 0A F9 0A 01 0B 

ACQ: 20260430.1040:158 | DATA:
AA 55 00 28 A1 36 59 45 A8 02 05 0B 15 0B 2D 0B 51 0B 95 0B 5E 0C 85 0C A9 0C CD 0C 15 0D 75 0D C2 02 B9 02 BD 02 C1 02 C5 02 CD 02 D1 02 D9 02 DD 02 E5 02 ED 02 F5 02 FD 02 09 03 1C 03 00 00 00 00 CE 02 D9 02 56 05 00 00 00 00 00 00 00 00 00 00 00 00 00 00 F6 42 A4 42 

ACQ: 20260430.1040:158 | DATA:
AA 55 00 28 BB 45 5D 54 7F 0B 19 42 B9 41 26 02 25 02 A2 41 F6 42 6E 44 00 00 42 54 9E 55 72 57 00 00 00 00 00 00 00 00 00 00 00 00 00 00 00 00 00 00 00 00 00 00 00 00 00 00 00 00 5A 7C 00 00 A2 09 00 00 00 00 42 04 62 04 00 00 00 00 5E 03 82 03 00 00 00 00 00 00 00 00 

ACQ: 20260430.1040:158 | DATA:
AA 55 00 28 BF 54 83 63 BF 2C 00 00 00 00 00 00 CE 01 00 00 00 00 00 00 00 00 00 00 00 00 00 00 00 00 00 00 00 00 00 00 00 00 00 00 00 00 00 00 00 00 00 00 00 00 00 00 00 00 32 0E 15 0E C1 0D E9 0D FD 0D B1 0D 32 12 96 75 00 00 00 00 00 00 00 00 00 00 00 00 00 00 00 00 

ACQ: 20260430.1040:158 | DATA:
 00 28 E5 63 99 72 EA 66 00 00 00 00 00 00 00 00 00 00 00 00 00 00 00 00 00 00 4A 04 00 00 00 00 00 00 00 00 00 00 00 00 00 00 3E 0C 00 00 00 00 72 03 88 03 00 00 00 00 00 00 00 00 00 00 00 00 00 00 00 00 00 00 00 00 00 00 00 00 00 00 B6 02 C0 02 C4 02 00 00 00 00 

ACQ: 20260430.1040:158 | DATA:
 00 28 FB 72 AD 81 AA 8A 00 00 00 00 00 00 00 00 00 00 00 00 00 00 00 00 00 00 00 00 00 00 F2 02 08 03 00 00 00 00 00 00 00 00 00 00 00 00 00 00 00 00 00 00 CE 07 AD 07 C9 07 0E 02 0D 02 0D 02 09 02 09 02 09 02 05 02 05 02 05 02 05 02 05 02 05 02 01 02 01 02 01 02

ACQ: 20260430.1040:260 | DATA:
AA 55 00 28 0F 82 B7 90 0E 55 01 02 FD 01 F1 01 D6 01 02 02 09 02 11 02 19 02 00 00 00 00 00 00 00 00 00 00 00 00 00 00 00 00 00 00 00 00 00 00 00 00 00 00 00 00 00 00 00 00 00 00 00 00 00 00 FA 40 00 00 08 42 36 3B 00 00 00 00 00 00 00 00 00 00 00 00 00 00 00 00 00 00 

ACQ: 20260430.1040:260 | DATA:
AA 55 00 28 0F 91 B7 9F DA 34 00 00 00 00 00 00 00 00 00 00 00 00 C2 40 9A 46 46 45 00 00 00 00 00 00 EE 40 E4 41 FC 42 3C 42 68 42 FA 44 8E 42 D0 42 00 00 00 00 00 00 00 00 00 00 4A 51 9A 52 00 00 00 00 00 00 00 00 00 00 00 00 00 00 00 00 00 00 00 00 00 00 00 00 00 00 

ACQ: 20260430.1040:260 | DATA:
AA 55 00 25 19 A0 9F AD 80 68 00 00 00 00 00 00 00 00 00 00 00 00 3E 07 8E 07 00 00 00 00 00 00 00 00 00 00 D2 04 00 00 00 00 00 00 00 00 00 00 00 00 00 00 00 00 36 06 28 06 30 06 7A 06 C2 06 00 00 00 00 00 00 00 00 00 00 00 00 EE 0D B0 0D 88 0D 8E 1A 

ACQ: 20260430.1040:260 | DATA:
AA 55 01 01 01 AE 01 AE 59 0D F2 59 

ACQ: 20260430.1040:260 | DATA:
AA 55 00 28 63 AE 09 09 E6 80 00 00 5A 0E 0D 0E 55 0E 00 00 CE 4E 30 4F 1C 4F F4 4E 42 14 45 14 49 14 45 14 51 14 51 14 59 14 69 14 00 00 00 00 C2 4D A1 4D 41 4E 9E 49 CE 42 00 00 E6 4E 6D 4E F2 50 38 51 E2 13 06 04 00 00 A2 13 F1 13 F0 13 15 14 28 14 40 14 00 00 00 00 

ACQ: 20260430.1040:260 | DATA:
AA 55 00 28 61 09 F3 17 0C 38 00 00 B8 14 DC 14 F4 14 14 15 34 15 5C 15 80 15 A4 15 C4 15 00 00 22 57 3E 58 01 59 59 59 29 5A CD 5A 59 5B 01 5C F9 5C F5 5D E5 5C 00 00 F0 5D 7D 5E 3E 5C 28 5B 82 54 2E 56 F6 54 21 55 7E 53 4E 52 32 51 BD 50 3C 50 4A 4D 00 00 00 00 00 00 

ACQ: 20260430.1040:260 | DATA:
AA 55 00 28 55 18 E9 26 91 5F 00 00 52 39 F6 46 00 00 00 00 A6 44 F8 43 50 43 9C 42 DC 41 00 00 6A 29 11 29 35 29 B1 29 00 00 00 00 00 00 00 00 00 00 00 00 00 00 46 26 30 26 20 26 C9 25 C6 26 99 26 A1 26 B5 26 35 27 00 00 00 00 00 00 22 39 29 39 EC 38 A4 38 7C 38 4C 38 

ACQ: 20260430.1040:260 | DATA:
AA 55 00 28 4B 27 E5 35 99 73 20 38 00 38 D9 37 88 37 34 37 70 37 5D 37 49 37 12 36 7E 33 D6 31 32 34 CA 2F 3E 2D 15 2D 8A 2E 76 31 86 35 4A 33 D2 29 B6 36 81 37 91 37 61 37 8D 37 BD 37 00 00 00 00 BA 0E CA 0D 65 0D BA 0C 19 0C 01 0C 4E 0B 29 0B 11 0B 01 0B F9 0A F9 0A 

ACQ: 20260430.1040:260 | DATA:
AA 55 00 28 47 36 F5 44 9F 4B FD 0A 01 0B 15 0B 29 0B 4D 0B 91 0B 62 0C 85 0C A9 0C D1 0C 19 0D 75 0D C2 02 B9 02 BD 02 C1 02 C9 02 CD 02 D5 02 D9 02 E1 02 E5 02 ED 02 F5 02 FD 02 09 03 20 03 00 00 00 00 CE 02 D5 02 52 05 00 00 00 00 00 00 00 00 00 00 00 00 00 00 E6 42 

ACQ: 20260430.1040:260 | DATA:
 00 28 57 45 01 54 7A 4C C4 42 ED 41 A8 41 26 02 25 02 92 41 06 43 6A 44 00 00 46 54 86 55 6E 57 00 00 00 00 00 00 00 00 00 00 00 00 00 00 00 00 00 00 00 00 00 00 00 00 00 00 00 00 BA 7B 00 00 96 09 00 00 00 00 3E 04 62 04 00 00 00 00 5A 03 7E 03 00 00 00 00 00 00 

ACQ: 20260430.1040:260 | DATA:
 00 28 63 54 19 63 B5 3D 00 00 00 00 00 00 00 00 CE 01 00 00 00 00 00 00 00 00 00 00 00 00 00 00 00 00 00 00 00 00 00 00 00 00 00 00 00 00 00 00 00 00 00 00 00 00 00 00 00 00 2E 0E 15 0E BD 0D FD 0D E9 0D AD 0D EA 11 7E 67 00 00 00 00 00 00 00 00 00 00 00 00 00 00

ACQ: 20260430.1040:380 | DATA:
AA 55 00 28 73 63 35 72 AC 66 00 00 00 00 00 00 00 00 00 00 00 00 00 00 00 00 00 00 00 00 4A 04 00 00 00 00 00 00 00 00 00 00 00 00 00 00 42 0C 00 00 00 00 72 03 88 03 00 00 00 00 00 00 00 00 00 00 00 00 00 00 00 00 00 00 00 00 00 00 00 00 00 00 B6 02 C0 02 C4 02 00 00 

ACQ: 20260430.1040:380 | DATA:
AA 55 00 28 99 72 57 81 33 88 00 00 00 00 00 00 00 00 00 00 00 00 00 00 00 00 00 00 00 00 00 00 00 00 F2 02 08 03 00 00 00 00 00 00 00 00 00 00 00 00 00 00 00 00 00 00 CA 07 AD 07 C9 07 0E 02 0D 02 0D 02 09 02 09 02 09 02 05 02 05 02 05 02 05 02 05 02 01 02 01 02 01 02 

ACQ: 20260430.1040:380 | DATA:
AA 55 00 28 B9 81 63 90 89 55 01 02 01 02 FD 01 F1 01 D2 01 06 02 09 02 11 02 19 02 00 00 00 00 00 00 00 00 00 00 00 00 00 00 00 00 00 00 00 00 00 00 00 00 00 00 00 00 00 00 00 00 00 00 00 00 00 00 06 41 00 00 18 42 3E 3B 00 00 00 00 00 00 00 00 00 00 00 00 00 00 00 00 

ACQ: 20260430.1040:380 | DATA:
AA 55 00 28 C5 90 5D 9F 9E 70 00 00 00 00 00 00 00 00 00 00 00 00 00 00 9E 40 96 46 00 00 00 00 00 00 00 00 FE 40 FC 41 04 43 44 42 94 42 2A 45 96 42 E8 42 00 00 00 00 00 00 00 00 00 00 AE 51 88 52 00 00 00 00 00 00 00 00 00 00 00 00 00 00 00 00 00 00 00 00 00 00 00 00 

ACQ: 20260430.1040:380 | DATA:
AA 55 00 27 BD 9F 01 AE 7F 1A 00 00 00 00 00 00 00 00 00 00 00 00 00 00 00 00 96 07 00 00 00 00 00 00 00 00 00 00 D2 04 00 00 00 00 00 00 00 00 00 00 00 00 00 00 00 00 36 06 28 06 31 06 00 00 BA 06 00 00 00 00 00 00 00 00 00 00 BE 03 FE 0D B0 0D 8C 0D F2 18 36 4C 

ACQ: 20260430.1040:380 | DATA:
AA 55 01 01 59 AE 59 AE AB 54 00 00 

ACQ: 20260430.1040:380 | DATA:
AA 55 00 28 BB AE 61 09 F8 D0 3A 0E 0D 0E 3D 0E 00 00 00 00 42 4F 38 4F 1C 4F 42 14 45 14 49 14 45 14 55 14 55 14 59 14 69 14 00 00 00 00 D2 4D E9 4D 31 4E 86 49 E6 42 00 00 A6 44 EE 4D 16 51 39 51 E2 13 02 04 FC 03 A2 13 F1 13 F8 13 0D 14 24 14 40 14 0C 14 00 00 00 00 

ACQ: 20260430.1040:380 | DATA:
AA 55 00 28 B9 09 4B 18 19 35 C2 14 D8 14 F4 14 0C 15 2C 15 5C 15 80 15 A4 15 C0 15 00 00 12 57 7A 58 19 59 75 59 2D 5A F5 5A 7D 5B 25 5C 09 5D ED 5D 79 5D 00 00 24 5E 75 5E 5E 5C 44 5B 7A 54 3A 56 0E 55 21 55 8E 53 89 52 36 51 C5 50 68 50 96 4D 00 00 00 00 00 00 00 00 

ACQ: 20260430.1040:380 | DATA:
AA 55 00 28 AD 18 45 27 7F 65 72 39 FE 46 00 00 00 00 AE 44 F8 43 50 43 A0 42 00 42 00 00 72 29 11 29 39 29 BD 29 00 00 00 00 00 00 00 00 00 00 00 00 00 00 46 26 28 26 1C 26 D5 25 C5 26 99 26 A1 26 B5 26 41 27 00 00 00 00 00 00 16 39 1C 39 D4 38 A4 38 74 38 48 38 18 38 

ACQ: 20260430.1040:380 | DATA:
AA 55 00 28 A5 27 59 36 39 4D F8 37 D5 37 6C 37 85 37 74 37 65 37 51 37 9E 2E 7A 32 FC 32 12 34 5A 2F 4A 2D 45 2D 6E 30 31 31 72 35 FA 30 E6 29 0E 37 89 37 85 37 C5 37 91 37 B1 37 00 00 00 00 9E 0E AA 0D 59 0D 92 0C 21 0C D9 0B 49 0B 21 0B 0D 0B 01 0B F9 0A F9 0A 01 0B 

ACQ: 20260430.1040:380 | DATA:
AA 55 00 28 BB 36 69 45 AE 01 09 0B 19 0B 35 0B 5D 0B B9 0B 76 0C 85 0C B5 0C DD 0C 29 0D 91 0D BE 02 B9 02 BD 02 C5 02 C9 02 CD 02 D5 02 DD 02 E1 02 E9 02 F1 02 F9 02 FD 02 0D 03 00 00 00 00 00 00 CE 02 D9 02 5A 05 00 00 00 00 00 00 00 00 00 00 00 00 00 00 EE 42 14 42 

ACQ: 20260430.1040:380 | DATA:
 00 28 CB 45 6F 54 9E 51 CD 41 88 41 26 02 25 02 FE 41 1E 43 DE 44 9A 52 7E 54 EE 55 A6 57 00 00 00 00 00 00 00 00 00 00 00 00 00 00 00 00 00 00 00 00 00 00 00 00 00 00 EA 7B 00 00 00 00 00 00 00 00 00 00 4A 04 00 00 00 00 00 00 62 03 86 03 00 00 00 00 00 00 00 00 

ACQ: 20260430.1040:380 | DATA:
 00 28 D1 54 8D 63 D4 C8 00 00 00 00 00 00 D2 01 00 00 00 00 00 00 00 00 00 00 00 00 00 00 00 00 00 00 00 00 00 00 00 00 00 00 00 00 00 00 00 00 00 00 00 00 00 00 00 00 36 0E 0D 0E CD 0D 6D 0D 2E 0E AD 0D 92 12 7A 92 00 00 00 00 00 00 00 00 00 00 00 00 00 00 00 00

ACQ: 20260430.1040:490 | DATA:
AA 55 00 28 E7 63 A1 72 D4 66 00 00 00 00 00 00 00 00 00 00 00 00 00 00 00 00 00 00 4E 04 00 00 00 00 00 00 00 00 00 00 00 00 00 00 3E 0C 00 00 00 00 72 03 88 03 00 00 00 00 00 00 00 00 00 00 00 00 00 00 00 00 00 00 00 00 00 00 00 00 00 00 B6 02 C0 02 C4 02 00 00 00 00 

ACQ: 20260430.1040:490 | DATA:
AA 55 00 28 05 73 BB 81 42 8B 00 00 00 00 00 00 00 00 00 00 00 00 00 00 00 00 00 00 00 00 00 00 F2 02 08 03 00 00 00 00 00 00 00 00 00 00 00 00 00 00 00 00 00 00 CE 07 AD 07 C9 07 0E 02 0D 02 0D 02 09 02 09 02 09 02 05 02 05 02 05 02 05 02 05 02 05 02 01 02 01 02 01 02 

ACQ: 20260430.1040:490 | DATA:
AA 55 00 28 1D 82 B7 90 9A 56 FD 01 FD 01 F1 01 D2 01 02 02 09 02 11 02 19 02 00 00 00 00 00 00 00 00 00 00 00 00 00 00 00 00 00 00 00 00 00 00 00 00 00 00 00 00 00 00 00 00 00 00 00 00 00 00 FE 40 00 00 1E 42 5A 3B 00 00 00 00 00 00 00 00 00 00 00 00 00 00 00 00 00 00 

ACQ: 20260430.1040:490 | DATA:
AA 55 00 28 17 91 B5 9F B0 34 00 00 00 00 00 00 00 00 00 00 00 00 E2 40 9A 46 2A 45 00 00 00 00 00 00 D6 40 EC 41 E8 42 3C 42 60 42 36 45 8A 42 E8 42 00 00 00 00 00 00 00 00 00 00 0E 51 3E 53 00 00 00 00 00 00 00 00 00 00 00 00 00 00 00 00 00 00 00 00 00 00 00 00 00 00 

ACQ: 20260430.1040:490 | DATA:
AA 55 00 26 17 A0 F7 AD 3B 23 00 00 00 00 00 00 00 00 00 00 00 00 00 00 8E 07 00 00 00 00 00 00 00 00 00 00 CE 04 D8 04 00 00 00 00 00 00 00 00 00 00 00 00 00 00 36 06 28 06 2D 06 00 00 B6 06 00 00 00 00 00 00 00 00 00 00 BA 03 0A 0E B4 0D 90 0D 72 17 8A 40 

ACQ: 20260430.1040:490 | DATA:
AA 55 01 01 59 AE 59 AE AB 54 00 00 

ACQ: 20260430.1040:490 | DATA:
AA 55 00 28 B3 AE 59 09 DE CD 00 00 0E 0E 2D 0E 00 00 00 00 3E 4F 2C 4F 10 4F 3A 14 41 14 49 14 49 14 51 14 55 14 55 14 59 14 D0 14 00 00 DE 4D CD 4D 0D 4E 4A 49 C2 42 00 00 44 43 1A 4D 1E 51 19 51 EA 13 02 04 FC 03 A6 13 F1 13 FD 13 0D 14 28 14 44 14 0C 14 00 00 00 00 

ACQ: 20260430.1040:490 | DATA:
AA 55 00 28 B9 09 4F 18 DE 2A BE 14 D8 14 F0 14 0C 15 2C 15 58 15 80 15 A0 15 C0 15 00 00 E6 56 5E 58 09 59 79 59 11 5A E9 5A 61 5B 29 5C 09 5D FD 5D E9 5D 00 00 60 5E 89 5E 5A 5C 32 5B 82 54 1A 56 CA 54 1D 55 62 53 50 52 32 51 A9 50 F4 4F 7A 4D 00 00 00 00 00 00 00 00 

ACQ: 20260430.1040:490 | DATA:
AA 55 00 28 B1 18 4B 27 80 40 5E 39 FE 46 00 00 00 00 B2 44 F8 43 54 43 90 42 F4 41 00 00 66 29 11 29 41 29 B9 29 00 00 00 00 00 00 00 00 00 00 00 00 72 26 54 26 24 26 20 26 D5 25 C1 26 9D 26 A1 26 B9 26 45 27 00 00 00 00 00 00 16 39 08 39 D1 38 A0 38 74 38 48 38 20 38 

ACQ: 20260430.1040:490 | DATA:
AA 55 00 28 AD 27 51 36 6F 49 F8 37 D5 37 60 37 85 37 60 37 61 37 51 37 D6 2E 96 32 0C 33 E0 33 7E 2F 56 2D 39 2D 52 30 2D 31 7E 35 12 32 DE 29 0A 37 81 37 A9 37 B5 37 89 37 A1 37 00 00 00 00 AE 0E B6 0D 61 0D 9E 0C 1D 0C ED 0B 49 0B 29 0B 11 0B 01 0B F5 0A FD 0A 01 0B 

ACQ: 20260430.1040:490 | DATA:
 00 28 B3 36 5F 45 EC 00 05 0B 19 0B 31 0B 59 0B A9 0B 72 0C 85 0C B1 0C D9 0C 25 0D 89 0D BE 02 B9 02 BD 02 C1 02 C9 02 CD 02 D5 02 D9 02 E1 02 E9 02 ED 02 F5 02 FD 02 0D 03 00 00 00 00 00 00 CE 02 D9 02 56 05 00 00 00 00 00 00 00 00 00 00 00 00 00 00 12 43 84 42 

ACQ: 20260430.1040:490 | DATA:
 00 28 C1 45 6F 54 BA 74 E5 41 94 41 26 02 29 02 CE 41 16 43 86 44 00 00 2E 54 BA 55 96 57 00 00 00 00 00 00 00 00 00 00 00 00 00 00 00 00 00 00 00 00 00 00 00 00 00 00 C6 7C 18 7D 00 00 BA 09 00 00 00 00 46 04 66 04 00 00 00 00 5E 03 86 03 00 00 00 00 00 00 00 00

ACQ: 20260430.1040:598 | DATA:
AA 55 00 28 C9 54 7D 63 D8 CC 00 00 00 00 00 00 D2 01 00 00 00 00 00 00 00 00 00 00 00 00 00 00 00 00 00 00 00 00 00 00 00 00 00 00 00 00 00 00 00 00 00 00 00 00 00 00 00 00 32 0E 11 0E CD 0D 6D 0D 2E 0E B1 0D 9A 12 92 96 00 00 00 00 00 00 00 00 00 00 00 00 00 00 00 00 

ACQ: 20260430.1040:598 | DATA:
AA 55 00 28 DF 63 AB 72 E6 66 00 00 00 00 00 00 00 00 00 00 00 00 00 00 00 00 00 00 4E 04 00 00 00 00 00 00 00 00 00 00 00 00 00 00 3E 0C 00 00 00 00 72 03 8C 03 00 00 00 00 00 00 00 00 00 00 00 00 00 00 00 00 00 00 00 00 00 00 00 00 00 00 B6 02 C0 02 C0 02 00 00 00 00 

ACQ: 20260430.1040:598 | DATA:
AA 55 00 28 0D 73 CB 81 36 8B 00 00 00 00 00 00 00 00 00 00 00 00 00 00 00 00 00 00 00 00 00 00 F6 02 0C 03 00 00 00 00 00 00 00 00 00 00 00 00 00 00 00 00 00 00 C2 07 B1 07 D1 07 0E 02 0D 02 0D 02 09 02 09 02 09 02 05 02 05 02 05 02 05 02 05 02 01 02 01 02 01 02 01 02 

ACQ: 20260430.1040:598 | DATA:
AA 55 00 28 2D 82 C9 90 B0 54 01 02 FD 01 DE 01 D5 01 06 02 0D 02 11 02 1D 02 00 00 00 00 00 00 00 00 00 00 00 00 00 00 00 00 00 00 00 00 00 00 00 00 00 00 00 00 00 00 00 00 32 03 00 00 00 00 02 41 00 00 60 41 5E 3B 00 00 00 00 00 00 00 00 00 00 00 00 00 00 00 00 00 00 

ACQ: 20260430.1040:598 | DATA:
AA 55 00 28 29 91 BD 9F DC 36 00 00 00 00 00 00 00 00 00 00 00 00 4E 41 4A 46 00 00 00 00 00 00 00 00 4E 41 DC 41 02 43 18 42 B8 42 00 00 A4 42 20 43 00 00 00 00 00 00 00 00 00 00 0E 52 5C 52 00 00 00 00 00 00 00 00 00 00 00 00 00 00 00 00 00 00 00 00 00 00 00 00 00 00 

ACQ: 20260430.1040:598 | DATA:
AA 55 00 26 1F A0 F7 AD F7 2C 00 00 00 00 00 00 00 00 00 00 00 00 00 00 96 07 00 00 00 00 00 00 00 00 00 00 CE 04 00 00 00 00 00 00 00 00 00 00 00 00 00 00 00 00 36 06 28 06 2D 06 00 00 BA 06 00 00 00 00 00 00 00 00 00 00 BA 03 02 0E B0 0D 8C 0D 1A 18 FA 44 

ACQ: 20260430.1040:598 | DATA:
AA 55 01 01 59 AE 59 AE AB 54 00 00 

ACQ: 20260430.1040:598 | DATA:
AA 55 00 28 BB AE 5D 09 17 C3 32 0E 0D 0E 35 0E 00 00 00 00 46 4F 1C 4F 04 4F 3E 14 45 14 49 14 49 14 51 14 55 14 59 14 51 14 D0 14 00 00 FA 4D BD 4D 41 4E A6 48 D2 42 00 00 CC 42 12 4E 3A 51 1D 51 EA 13 00 00 FE 03 B6 13 E9 13 01 14 15 14 2C 14 40 14 10 14 00 00 00 00 

ACQ: 20260430.1040:598 | DATA:
AA 55 00 28 BD 09 4F 18 A8 2F BE 14 D8 14 F4 14 0C 15 30 15 5C 15 80 15 A0 15 C0 15 00 00 FA 56 4E 58 F9 58 61 59 11 5A A9 5A 35 5B D5 5B F2 5C D5 5D 11 5E 00 00 28 5F E9 5E 9A 5C 32 5B D6 54 FA 55 38 55 41 55 56 53 1A 52 5D 51 8D 50 00 00 00 00 00 00 00 00 00 00 00 00 

ACQ: 20260430.1040:598 | DATA:
AA 55 00 28 B1 18 43 27 D9 40 5A 39 DA 46 00 00 00 00 B2 44 D0 43 50 43 94 42 F0 41 00 00 6E 29 15 29 31 29 B1 29 00 00 00 00 00 00 00 00 00 00 00 00 76 26 54 26 28 26 28 26 D9 25 B1 26 9D 26 9D 26 B5 26 39 27 00 00 00 00 00 00 1E 39 20 39 E0 38 A4 38 7C 38 48 38 24 38 

ACQ: 20260430.1040:598 | DATA:
 00 28 A5 27 47 36 F2 76 04 38 D4 37 90 37 58 37 74 37 61 37 55 37 28 37 8A 33 0E 32 CE 33 D2 2F 4E 2D 1D 2D 9E 2E 72 31 5A 35 5A 33 D6 29 FA 36 95 37 AD 37 71 37 B5 37 00 00 00 00 00 00 BA 0E C6 0D 65 0D AA 0C 1D 0C FD 0B 52 0B 29 0B 11 0B 05 0B F9 0A F9 0A 01 0B 

ACQ: 20260430.1040:598 | DATA:
 00 28 A9 36 5F 45 9A 02 05 0B 19 0B 2D 0B 55 0B 9D 0B 66 0C 85 0C AD 0C D5 0C 1D 0D 7D 0D C2 02 B9 02 BD 02 C1 02 C9 02 CD 02 D5 02 D9 02 E1 02 E5 02 ED 02 F5 02 FD 02 09 03 20 03 00 00 00 00 CE 02 D9 02 52 05 00 00 00 00 00 00 00 00 00 00 00 00 00 00 E6 42 A0 42

ACQ: 20260430.1040:704 | DATA:
AA 55 00 28 B9 45 67 54 6C 21 09 42 A8 41 26 02 29 02 BE 41 F2 42 56 44 00 00 46 54 D6 55 00 00 00 00 00 00 00 00 00 00 00 00 00 00 00 00 00 00 00 00 00 00 00 00 00 00 00 00 72 7C 04 7D 00 00 B6 09 00 00 00 00 42 04 66 04 00 00 00 00 5E 03 86 03 00 00 00 00 00 00 00 00 

ACQ: 20260430.1040:704 | DATA:
AA 55 00 28 C9 54 85 63 84 CF 00 00 00 00 00 00 D2 01 00 00 00 00 00 00 00 00 00 00 00 00 00 00 00 00 00 00 00 00 00 00 00 00 00 00 00 00 00 00 00 00 00 00 00 00 00 00 00 00 36 0E 11 0E D1 0D 75 0D 26 0E B1 0D 8A 12 2E 95 00 00 00 00 00 00 00 00 00 00 00 00 00 00 00 00 

ACQ: 20260430.1040:704 | DATA:
AA 55 00 28 E7 63 A1 72 A8 66 00 00 00 00 00 00 00 00 00 00 00 00 00 00 00 00 00 00 4E 04 00 00 00 00 00 00 00 00 00 00 00 00 00 00 42 0C 00 00 00 00 72 03 8C 03 00 00 00 00 00 00 00 00 00 00 00 00 00 00 00 00 00 00 00 00 00 00 00 00 00 00 B6 02 C0 02 C0 02 00 00 00 00 

ACQ: 20260430.1040:704 | DATA:
AA 55 00 28 05 73 C1 81 34 8B 00 00 00 00 00 00 00 00 00 00 00 00 00 00 00 00 00 00 00 00 00 00 F6 02 08 03 00 00 00 00 00 00 00 00 00 00 00 00 00 00 00 00 00 00 C6 07 AD 07 CD 07 0E 02 0D 02 0D 02 09 02 09 02 09 02 05 02 05 02 05 02 05 02 05 02 01 02 01 02 01 02 01 02 

ACQ: 20260430.1040:704 | DATA:
AA 55 00 28 23 82 B9 90 EE 55 01 02 FD 01 E2 01 D1 01 0A 02 09 02 11 02 19 02 00 00 00 00 00 00 00 00 00 00 00 00 00 00 00 00 00 00 00 00 00 00 00 00 00 00 00 00 00 00 00 00 2E 03 00 00 00 00 F2 40 00 00 90 41 56 3B 00 00 00 00 00 00 00 00 00 00 00 00 00 00 00 00 00 00 

ACQ: 20260430.1040:704 | DATA:
AA 55 00 28 1B 91 BF 9F FC 70 00 00 00 00 00 00 00 00 00 00 00 00 22 41 72 46 00 00 00 00 00 00 00 00 2E 41 EC 41 12 43 20 42 A4 42 02 45 B2 42 14 43 00 00 00 00 00 00 00 00 00 00 DA 51 88 52 00 00 00 00 00 00 00 00 00 00 00 00 00 00 00 00 00 00 00 00 00 00 00 00 00 00 

ACQ: 20260430.1040:704 | DATA:
AA 55 00 26 19 A0 01 AE EA 3F 00 00 00 00 00 00 00 00 00 00 00 00 5E 07 8C 07 00 00 00 00 00 00 00 00 00 00 CE 04 00 00 00 00 00 00 00 00 00 00 00 00 00 00 00 00 36 06 28 06 30 06 00 00 BE 06 00 00 00 00 00 00 00 00 00 00 CA 03 F2 0D B0 0D 7C 0D 92 19 B2 51 

ACQ: 20260430.1040:704 | DATA:
AA 55 01 01 63 AE 63 AE AB 54 00 00 

ACQ: 20260430.1040:704 | DATA:
AA 55 00 28 C5 AE 6D 09 E0 DF 4A 0E 0D 0E 45 0E 00 00 00 00 42 4F 1C 4F 04 4F 42 14 45 14 49 14 49 14 51 14 55 14 5D 14 61 14 00 00 00 00 CE 4D C9 4D 5D 4E AE 47 1A 43 00 00 90 42 D2 4F 3E 51 30 51 F2 13 FE 03 00 00 BE 13 E1 13 F5 13 11 14 30 14 40 14 00 00 00 00 E0 14 

ACQ: 20260430.1040:704 | DATA:
 00 28 CF 09 5D 18 55 17 C0 14 E0 14 F4 14 14 15 3C 15 64 15 84 15 A8 15 D0 15 00 00 82 57 95 58 41 59 8D 59 79 5A E5 5A 85 5B 35 5C 2D 5D 15 5E F6 5C 00 00 96 5E 05 5E F6 5B E4 5A 92 54 3A 56 12 55 19 55 7E 53 EA 50 39 51 91 50 00 00 00 00 00 00 00 00 00 00 2E 39 

ACQ: 20260430.1040:704 | DATA:
 00 28 BF 18 55 27 E2 02 2E 3A B6 46 00 00 00 00 92 44 D0 43 38 43 84 42 94 41 04 41 62 29 0D 29 5D 29 A9 29 00 00 00 00 00 00 00 00 00 00 00 00 62 26 44 26 24 26 20 26 CD 25 DA 26 95 26 99 26 BD 26 5D 27 00 00 00 00 00 00 12 39 08 39 CC 38 9C 38 70 38 3C 38 10 38

ACQ: 20260430.1040:785 | DATA:
AA 55 00 28 B7 27 63 36 C2 67 EC 37 D0 37 F4 36 95 37 69 37 55 37 4D 37 96 2E 26 32 96 34 35 35 C2 2E 3E 2D 6D 2D 5E 36 BA 32 3A 35 2E 2F E6 29 FA 36 91 37 91 37 C1 37 A9 37 00 00 00 00 00 00 9E 0E AA 0D 55 0D 92 0C 25 0C D5 0B 45 0B 21 0B 0D 0B 01 0B F9 0A F9 0A FD 0A 

ACQ: 20260430.1040:785 | DATA:
AA 55 00 28 BB 36 69 45 96 01 09 0B 1D 0B 35 0B 5D 0B B9 0B 76 0C 85 0C B1 0C D9 0C 2D 0D 8D 0D BE 02 B9 02 BD 02 C1 02 C9 02 CD 02 D5 02 D9 02 E1 02 E9 02 ED 02 F5 02 FD 02 0D 03 00 00 00 00 00 00 CE 02 D9 02 5A 05 00 00 00 00 00 00 00 00 00 00 00 00 00 00 E2 42 2C 42 

ACQ: 20260430.1040:785 | DATA:
AA 55 00 28 CB 45 7D 54 82 01 F1 41 94 41 26 02 29 02 C6 41 0E 43 A2 44 9A 52 72 54 FE 55 00 00 00 00 00 00 00 00 00 00 00 00 00 00 00 00 00 00 00 00 00 00 00 00 00 00 00 00 26 7C 00 00 00 00 00 00 00 00 00 00 4A 04 00 00 00 00 00 00 62 03 86 03 00 00 00 00 00 00 00 00 

ACQ: 20260430.1040:785 | DATA:
AA 55 00 28 DF 54 8D 63 BE B2 00 00 00 00 C2 01 D0 01 00 00 00 00 00 00 00 00 00 00 00 00 00 00 00 00 00 00 00 00 00 00 00 00 00 00 00 00 00 00 00 00 00 00 00 00 00 00 00 00 36 0E 0D 0E E9 0D 61 0D 3A 0E B1 0D AA 12 C6 E9 00 00 00 00 00 00 00 00 00 00 00 00 00 00 00 00 

ACQ: 20260430.1040:785 | DATA:
AA 55 00 28 EF 63 AB 72 2A 66 00 00 00 00 00 00 00 00 00 00 00 00 00 00 00 00 00 00 4E 04 00 00 00 00 00 00 00 00 00 00 00 00 00 00 3E 0C 00 00 00 00 76 03 70 03 00 00 00 00 00 00 00 00 00 00 00 00 00 00 00 00 00 00 00 00 00 00 00 00 00 00 B6 02 C4 02 C0 02 00 00 00 00 

ACQ: 20260430.1040:785 | DATA:
AA 55 00 28 0D 73 CB 81 32 8B 00 00 00 00 00 00 00 00 00 00 00 00 00 00 00 00 00 00 00 00 00 00 F6 02 0C 03 00 00 00 00 00 00 00 00 00 00 00 00 00 00 00 00 00 00 C2 07 B1 07 D5 07 0E 02 0D 02 0D 02 09 02 09 02 09 02 05 02 05 02 05 02 05 02 05 02 01 02 01 02 01 02 01 02 

ACQ: 20260430.1040:785 | DATA:
AA 55 00 28 2D 82 D1 90 3A 6F 01 02 FD 01 DE 01 D1 01 06 02 0D 02 11 02 1D 02 00 00 00 00 00 00 00 00 00 00 00 00 00 00 00 00 00 00 00 00 00 00 00 00 00 00 00 00 00 00 00 00 3A 03 00 00 A2 41 84 41 EC 41 68 41 00 00 00 00 00 00 00 00 00 00 00 00 00 00 00 00 00 00 00 00 

ACQ: 20260430.1040:785 | DATA:
AA 55 00 28 29 91 D9 9F 2C 58 00 00 00 00 00 00 00 00 00 00 00 00 5C 42 F2 45 00 00 00 00 00 00 7E 3E CA 41 F8 41 1E 43 F6 41 5E 43 00 00 9C 42 58 43 00 00 00 00 00 00 00 00 00 00 E6 52 00 00 00 00 00 00 00 00 00 00 00 00 00 00 00 00 00 00 00 00 00 00 00 00 00 00 00 00 

ACQ: 20260430.1040:785 | DATA:
AA 55 00 25 3B A0 B9 AD A7 6A 00 00 00 00 00 00 00 00 00 00 00 00 7A 07 00 00 00 00 00 00 00 00 00 00 BA 04 D5 04 00 00 00 00 00 00 00 00 00 00 00 00 00 00 00 00 36 06 28 06 30 06 9A 06 00 00 00 00 00 00 00 00 00 00 B2 03 00 00 EA 0D A4 0D 70 0D A2 1E 

ACQ: 20260430.1040:785 | DATA:
AA 55 01 01 11 AE 11 AE F5 E6 5E B2 

ACQ: 20260430.1040:785 | DATA:
 00 28 75 AE 27 09 A9 9B 00 00 00 00 12 0E 00 00 00 00 2E 4F 30 4F 20 4F F8 4E 46 14 45 14 49 14 49 14 55 14 55 14 5D 14 71 14 00 00 00 00 B6 4D CD 4D 99 4E D2 46 1E 43 88 42 A8 42 FA 50 2D 51 F6 13 F0 13 02 04 00 00 BE 13 F5 13 0D 14 25 14 2C 14 38 14 00 00 00 00 

ACQ: 20260430.1040:785 | DATA:
 00 28 7F 09 17 18 FC 26 D0 14 C8 14 E8 14 F8 14 1C 15 40 15 68 15 88 15 AC 15 CC 15 00 00 C6 57 B5 58 55 59 A9 59 81 5A 09 5B A9 5B 7D 5C 49 5D 1D 5E 00 00 00 00 31 5F E5 5D BE 5B 00 00 A2 54 5E 56 72 54 C4 54 56 53 2E 05 1A 51 71 50 00 00 5E 4C 00 00 00 00 00 00

ACQ: 20260430.1040:904 | DATA:
AA 55 00 28 6F 18 0D 27 7A 79 D2 38 00 00 9A 46 00 00 00 00 5E 44 C8 43 08 43 68 42 00 00 1E 41 4A 29 01 29 81 29 B1 29 00 00 00 00 00 00 00 00 00 00 00 00 5A 26 40 26 24 26 1C 26 F1 25 AD 26 9D 26 A5 26 CD 26 A5 27 00 00 00 00 00 00 3A 39 11 39 CC 38 94 38 70 38 44 38 

ACQ: 20260430.1040:904 | DATA:
AA 55 00 28 6F 27 11 36 B1 53 18 38 E0 37 C9 37 B2 36 90 37 79 37 5D 37 51 37 8A 2E B2 31 7E 33 F2 36 EE 2D 15 2D 75 2D 66 32 CA 33 E6 36 56 2B E2 29 46 37 99 37 71 37 B9 37 80 37 00 00 00 00 00 00 62 0E 96 0D 49 0D 7A 0C 31 0C 7E 0B 39 0B 1D 0B 09 0B FD 0A F5 0A FD 0A 

ACQ: 20260430.1040:904 | DATA:
AA 55 00 28 73 36 2D 45 F6 48 FD 0A 0D 0B 1D 0B 3D 0B 6D 0B 09 0C 8D 0C 91 0C C1 0C F1 0C 41 0D AC 0D BA 02 B9 02 BD 02 C5 02 C9 02 D1 02 D5 02 DD 02 E1 02 E9 02 F1 02 F9 02 01 03 15 03 00 00 00 00 00 00 D2 02 42 05 7E 05 00 00 00 00 00 00 00 00 00 00 00 00 00 00 E6 42 

ACQ: 20260430.1040:904 | DATA:
AA 55 00 28 8F 45 39 54 40 4F F1 41 CD 41 4C 41 26 02 0E 41 6A 42 92 43 00 00 B6 53 F2 54 E6 56 00 00 00 00 00 00 00 00 00 00 00 00 00 00 00 00 00 00 00 00 00 00 00 00 00 00 00 00 B2 7C 00 00 9E 09 00 00 00 00 00 00 56 04 00 00 00 00 52 03 76 03 00 00 00 00 00 00 00 00 

ACQ: 20260430.1040:904 | DATA:
AA 55 00 28 9B 54 61 63 AB 9F 00 00 00 00 00 00 CA 01 D4 01 00 00 00 00 00 00 00 00 00 00 00 00 00 00 00 00 00 00 00 00 00 00 00 00 00 00 00 00 00 00 00 00 00 00 00 00 00 00 16 03 26 0E 01 0E E5 0D C9 0D B1 0D B1 0D AE 12 56 C4 00 00 00 00 00 00 00 00 00 00 00 00 00 00 

ACQ: 20260430.1040:904 | DATA:
AA 55 00 28 B9 63 75 72 0F 64 00 00 00 00 00 00 00 00 00 00 00 00 00 00 00 00 00 00 00 00 5A 04 00 00 00 00 00 00 00 00 00 00 00 00 5A 0C 00 00 00 00 6E 03 7D 03 00 00 00 00 00 00 00 00 00 00 00 00 00 00 00 00 00 00 00 00 00 00 00 00 00 00 00 00 BE 02 C4 02 00 00 00 00 

ACQ: 20260430.1040:904 | DATA:
AA 55 00 28 CF 72 8D 81 0F 8F 00 00 00 00 00 00 00 00 00 00 00 00 00 00 00 00 00 00 00 00 00 00 00 00 FE 02 10 03 00 00 00 00 00 00 00 00 00 00 00 00 00 00 00 00 E6 07 B1 07 B9 07 E0 07 0E 02 0D 02 09 02 09 02 09 02 09 02 05 02 05 02 05 02 05 02 05 02 01 02 01 02 01 02 

ACQ: 20260430.1040:904 | DATA:
AA 55 00 28 EF 81 91 90 62 12 01 02 FD 01 F9 01 DA 01 D1 01 0A 02 0D 02 15 02 20 02 00 00 00 00 00 00 00 00 00 00 00 00 00 00 00 00 00 00 00 00 00 00 00 00 00 00 00 00 00 00 00 00 46 03 00 00 5A 41 BC 41 00 42 2A 3D 00 00 00 00 00 00 00 00 00 00 00 00 00 00 00 00 00 00 

ACQ: 20260430.1040:904 | DATA:
AA 55 00 28 F1 90 89 9F BE 66 00 00 00 00 00 00 00 00 00 00 00 00 EE 3F C2 45 78 45 00 00 00 00 00 00 E6 3E 06 42 2C 42 C0 42 D4 41 52 44 54 43 9C 42 00 00 00 00 00 00 00 00 00 00 00 00 7A 53 00 00 00 00 00 00 00 00 00 00 00 00 00 00 00 00 00 00 00 00 00 00 00 00 00 00 

ACQ: 20260430.1040:904 | DATA:
AA 55 00 26 EB 9F C1 AD 79 7C 00 00 00 00 00 00 00 00 00 00 00 00 00 00 76 07 00 00 00 00 00 00 00 00 00 00 BE 04 DD 04 00 00 00 00 00 00 00 00 00 00 00 00 00 00 2A 06 30 06 24 06 38 06 A6 06 00 00 00 00 00 00 00 00 00 00 B6 03 1E 0E DC 0D A4 0D 22 12 BE 23 

ACQ: 20260430.1040:904 | DATA:
AA 55 01 01 23 AE 23 AE AB 54 00 00 

ACQ: 20260430.1040:904 | DATA:
 00 28 7D AE 27 09 B5 D4 00 00 5A 0E 15 0E 00 00 00 00 5A 4F 2C 4F 14 4F FC 4E 46 14 45 14 49 14 49 14 55 14 55 14 59 14 75 14 00 00 00 00 B6 4D A9 4D 29 4E F6 44 00 00 E4 43 9E 42 06 51 55 51 F2 13 F8 13 06 04 00 00 BE 13 FD 13 01 14 1C 14 34 14 34 14 00 00 00 00 

ACQ: 20260430.1040:904 | DATA:
 00 28 89 09 17 18 89 26 CC 14 C4 14 E8 14 F8 14 20 15 40 15 68 15 88 15 B4 15 E4 15 00 00 C2 57 B5 58 41 59 D1 59 81 5A 29 5B A9 5B 95 5C 85 5D 29 5E 00 00 00 00 81 5F C2 5D B6 5B 00 00 C2 54 A2 56 8A 54 CC 54 4A 53 32 05 1A 51 85 50 00 00 9E 4C 00 00 00 00 00 00

ACQ: 20260430.1040:14 | DATA:
AA 55 00 28 77 18 17 27 59 7B 16 39 00 00 8A 46 00 00 00 00 56 44 B4 43 F4 42 70 42 00 00 26 41 4A 29 01 29 91 29 BD 29 00 00 00 00 00 00 00 00 00 00 00 00 4E 26 3C 26 2C 26 1C 26 11 26 A9 26 99 26 9D 26 D5 26 C4 27 00 00 00 00 00 00 36 39 FD 38 C4 38 90 38 68 38 30 38 

ACQ: 20260430.1040:14 | DATA:
AA 55 00 28 77 27 1B 36 A4 53 0C 38 D4 37 D1 37 A6 36 78 37 75 37 59 37 4D 37 BE 2F E6 30 A6 33 BE 36 C2 2D 19 2D 71 2D CE 32 8D 33 EE 36 3A 2B EA 29 56 37 8D 37 59 37 CD 37 6C 37 00 00 00 00 00 00 52 0E 8E 0D 45 0D 72 0C 35 0C 6E 0B 3D 0B 1D 0B 09 0B FD 0A F9 0A FD 0A 

ACQ: 20260430.1040:14 | DATA:
AA 55 00 28 7D 36 2D 45 38 48 FD 0A 0D 0B 25 0B 41 0B 6D 0B 0D 0C 95 0C 95 0C C1 0C F9 0C 45 0D B0 0D BA 02 BD 02 BD 02 C5 02 C9 02 D1 02 D9 02 DD 02 E5 02 E9 02 F1 02 F9 02 05 03 15 03 00 00 00 00 00 00 D2 02 3E 05 86 05 00 00 00 00 00 00 00 00 00 00 00 00 00 00 E6 42 

ACQ: 20260430.1040:14 | DATA:
AA 55 00 28 8F 45 3F 54 04 4F D9 41 C9 41 4C 41 26 02 FE 40 82 42 90 43 00 00 56 53 F2 54 D2 56 00 00 00 00 00 00 00 00 00 00 00 00 00 00 00 00 00 00 00 00 00 00 00 00 00 00 00 00 0A 7D 00 00 9A 09 00 00 00 00 00 00 52 04 00 00 00 00 4E 03 72 03 00 00 00 00 00 00 00 00 

ACQ: 20260430.1040:14 | DATA:
AA 55 00 28 97 54 47 63 71 9A 00 00 00 00 00 00 CA 01 D4 01 00 00 00 00 00 00 00 00 00 00 00 00 00 00 00 00 EA 03 00 00 00 00 00 00 00 00 00 00 00 00 00 00 00 00 00 00 00 00 00 00 26 0E 01 0E DD 0D C9 0D AD 0D B5 0D AE 12 7A C1 00 00 00 00 00 00 00 00 00 00 00 00 00 00 

ACQ: 20260430.1040:14 | DATA:
AA 55 00 28 A9 63 6B 72 4F 68 00 00 00 00 00 00 00 00 00 00 00 00 00 00 00 00 00 00 00 00 56 04 00 00 00 00 00 00 00 00 00 00 00 00 00 00 00 00 00 00 72 03 7D 03 00 00 00 00 00 00 00 00 00 00 00 00 00 00 00 00 00 00 00 00 00 00 00 00 00 00 00 00 BA 02 C4 02 00 00 00 00 

ACQ: 20260430.1040:14 | DATA:
AA 55 00 28 CD 72 83 81 0B 8F 00 00 00 00 00 00 00 00 00 00 00 00 00 00 00 00 00 00 00 00 00 00 00 00 FE 02 10 03 00 00 00 00 00 00 00 00 00 00 00 00 00 00 00 00 E6 07 B5 07 B5 07 E0 07 0E 02 0D 02 09 02 09 02 09 02 09 02 05 02 05 02 05 02 05 02 05 02 01 02 01 02 01 02 

ACQ: 20260430.1040:14 | DATA:
AA 55 00 28 E5 81 8B 90 6E 52 01 02 FD 01 FD 01 D6 01 D1 01 0A 02 0D 02 15 02 20 02 00 00 00 00 00 00 00 00 00 00 00 00 00 00 00 00 00 00 00 00 00 00 00 00 00 00 00 00 00 00 00 00 42 03 00 00 3A 41 00 00 3C 42 DA 3C 00 00 00 00 00 00 00 00 00 00 00 00 00 00 00 00 00 00 

ACQ: 20260430.1040:14 | DATA:
AA 55 00 28 EB 90 8B 9F 36 63 00 00 00 00 00 00 00 00 00 00 00 00 E6 3F FE 45 48 45 00 00 00 00 00 00 1A 3F EE 41 3C 42 BC 42 DC 41 BE 44 22 43 98 42 EE 43 48 44 00 00 00 00 00 00 00 00 A6 53 00 00 00 00 00 00 00 00 00 00 00 00 00 00 00 00 00 00 00 00 00 00 00 00 00 00 

ACQ: 20260430.1040:14 | DATA:
AA 55 00 26 EB 9F C3 AD A7 7D 00 00 00 00 00 00 00 00 00 00 00 00 00 00 7A 07 00 00 00 00 00 00 00 00 00 00 BE 04 DD 04 00 00 00 00 00 00 00 00 00 00 00 00 00 00 2A 06 34 06 28 06 38 06 A2 06 00 00 00 00 00 00 00 00 00 00 B6 03 2A 0E E4 0D A4 0D BA 11 F6 21 

ACQ: 20260430.1040:14 | DATA:
 01 01 23 AE 23 AE CD 5A 66 0E 

ACQ: 20260430.1040:14 | DATA:
 00 28 85 AE 1F 09 8E DC 00 00 4E 0E 15 0E 00 00 00 00 56 4F 2C 4F 18 4F FC 4E 46 14 45 14 49 14 45 14 51 14 55 14 5D 14 71 14 00 00 00 00 A6 4D BD 4D 6D 4E 0E 48 00 00 26 40 2A 43 D6 50 41 51 06 14 F4 13 02 04 00 00 B2 13 F5 13 00 14 10 14 2C 14 34 14 00 00 00 00

ACQ: 20260430.1040:134 | DATA:
AA 55 00 28 7F 09 09 18 0D 71 D4 14 C0 14 E4 14 FC 14 18 15 38 15 64 15 88 15 A8 15 CC 15 00 00 AA 57 AD 58 45 59 91 59 59 5A F5 5A A9 5B 69 5C 31 5D 1D 5E 9E 5C 00 00 8A 5E 35 5E 16 5C 18 5B A2 54 5E 56 22 55 F9 54 92 53 82 51 11 51 9D 50 00 00 72 4D 00 00 00 00 00 00 

ACQ: 20260430.1040:134 | DATA:
AA 55 00 28 6B 18 F3 26 65 39 00 00 CA 39 D2 46 00 00 00 00 8E 44 E4 43 20 43 78 42 94 41 EC 40 52 29 09 29 49 29 A5 29 00 00 00 00 00 00 00 00 00 00 00 00 6A 26 44 26 28 26 18 26 D1 25 D2 26 A1 26 9D 26 BD 26 59 27 00 00 00 00 00 00 1E 39 14 39 D1 38 9C 38 78 38 48 38 

ACQ: 20260430.1040:134 | DATA:
AA 55 00 28 55 27 EF 35 08 7D 1C 38 FC 37 DD 37 4C 37 A1 37 71 37 6D 37 5D 37 CE 2E 66 32 7E 33 08 34 56 2F 5A 2D 55 2D 6A 30 31 31 82 35 8E 31 E2 29 0E 37 89 37 A5 37 B9 37 8D 37 D5 37 00 00 00 00 B6 0E BA 0D 61 0D B2 0C 21 0C F5 0B 4E 0B 29 0B 11 0B 01 0B FD 0A F9 0A 

ACQ: 20260430.1040:134 | DATA:
AA 55 00 28 51 36 FD 44 99 4A 01 0B 05 0B 19 0B 31 0B 55 0B A5 0B 6E 0C 89 0C AD 0C D9 0C 21 0D 81 0D C2 02 B9 02 BD 02 C1 02 C9 02 CD 02 D5 02 D9 02 E1 02 E9 02 ED 02 F5 02 FD 02 09 03 20 03 00 00 00 00 CE 02 D9 02 56 05 00 00 00 00 00 00 00 00 00 00 00 00 00 00 FA 42 

ACQ: 20260430.1040:134 | DATA:
AA 55 00 28 57 45 FB 53 30 4C 94 42 F1 41 98 41 26 02 25 02 C2 41 02 43 76 44 00 00 46 54 

ACQ: 20260430.1040:134 | DATA:
AA 55 4E 57 00 00 00 00 00 00 00 00 00 00 00 00 00 00 00 00 00 00 00 00 00 00 00 00 00 00 00 00 3A 7C 00 00 9E 09 00 00 00 00 3E 04 62 04 00 00 00 00 5A 03 7E 03 00 00 00 00 00 00 

ACQ: 20260430.1040:134 | DATA:
AA 55 00 28 5D 54 19 63 8C 1F 00 00 00 00 00 00 00 00 CE 01 00 00 00 00 00 00 00 00 00 00 00 00 00 00 00 00 00 00 00 00 00 00 00 00 00 00 00 00 00 00 00 00 00 00 00 00 00 00 00 00 2A 0E 19 0E BD 0D 05 0E D9 0D AD 0D AD 0D FE 5A 00 00 00 00 00 00 00 00 00 00 00 00 00 00 

ACQ: 20260430.1040:134 | DATA:
AA 55 00 28 7B 63 2D 72 A0 66 00 00 00 00 00 00 00 00 00 00 00 00 00 00 00 00 00 00 00 00 46 04 00 00 00 00 00 00 00 00 00 00 00 00 00 00 42 0C 00 00 00 00 6E 03 84 03 00 00 00 00 00 00 00 00 00 00 00 00 00 00 00 00 00 00 00 00 00 00 00 00 00 00 B6 02 C0 02 C4 02 00 00 

ACQ: 20260430.1040:134 | DATA:
AA 55 00 28 8F 72 47 81 C4 8D 00 00 00 00 00 00 00 00 00 00 00 00 00 00 00 00 00 00 00 00 00 00 00 00 F2 02 04 03 00 00 00 00 00 00 00 00 00 00 00 00 00 00 00 00 00 00 D2 07 AD 07 C5 07 E0 07 0E 02 0D 02 09 02 09 02 09 02 05 02 05 02 05 02 05 02 05 02 05 02 01 02 01 02 

ACQ: 20260430.1040:134 | DATA:
AA 55 00 28 A9 81 49 90 81 53 01 02 01 02 FD 01 F5 01 D2 01 D9 01 0A 02 0D 02 19 02 1C 02 00 00 00 00 00 00 00 00 00 00 00 00 00 00 00 00 00 00 00 00 00 00 00 00 00 00 00 00 00 00 00 00 00 00 00 00 2E 41 00 00 62 42 86 3C 00 00 00 00 00 00 00 00 00 00 00 00 00 00 00 00 

ACQ: 20260430.1040:134 | DATA:
AA 55 00 28 AB 90 43 9F 34 1B 00 00 00 00 00 00 00 00 00 00 00 00 00 00 CE 3F 6E 46 12 45 00 00 00 00 00 00 1A 40 EA 41 B0 42 84 42 20 42 3E 45 A6 42 B8 42 52 44 C4 44 00 00 00 00 00 00 00 00 96 53 00 00 00 00 00 00 00 00 00 00 00 00 00 00 00 00 00 00 00 00 00 00 00 00 

ACQ: 20260430.1040:134 | DATA:
AA 55 00 27 9B 9F DD AD 75 71 00 00 00 00 00 00 00 00 00 00 00 00 00 00 00 00 7E 07 00 00 00 00 00 00 00 00 00 00 C6 04 E4 04 00 00 00 00 00 00 00 00 00 00 00 00 00 00 32 06 2C 06 29 06 00 00 A6 06 00 00 00 00 00 00 00 00 00 00 B6 03 0E 0E CC 0D 90 0D DA 14 6A 2F 

ACQ: 20260430.1040:134 | DATA:
 01 01 3F AE 3F AE AB 54 00 00 

ACQ: 20260430.1040:134 | DATA:
 00 28 A1 AE 3D 09 43 97 00 00 1E 0E 19 0E 00 00 00 00 52 4F 28 4F 08 4F F8 4E 46 14 45 14 49 14 4D 14 55 14 59 14 45 14 A5 14 00 00 12 4E C1 4D D1 4D 2D 4E 92 42 00 00 10 43 86 49 1A 51 41 51 EA 13 00 00 02 04 9A 13 D1 13 F9 13 05 14 20 14 3C 14 20 14 00 00 00 00

ACQ: 20260430.1040:247 | DATA:
AA 55 00 28 9F 09 2D 18 98 7C C6 14 CC 14 E8 14 04 15 28 15 44 15 74 15 94 15 B8 15 00 00 00 00 1E 58 09 59 8D 59 FD 59 CD 5A 51 5B ED 5B 01 5D 91 5D 6D 5E 00 00 A8 5F 19 5F 22 5D 56 5B 00 00 DE 54 9E 56 F6 54 BE 53 D5 52 36 51 E9 50 9C 50 3A 4D D8 4C 00 00 00 00 00 00 

ACQ: 20260430.1040:247 | DATA:
AA 55 00 28 8D 18 2B 27 3D 4A 36 39 46 47 00 00 00 00 82 44 1C 44 80 43 DC 42 3C 42 00 00 8A 29 29 29 15 29 85 29 A1 29 00 00 00 00 00 00 00 00 00 00 00 00 4E 26 30 26 24 26 C9 25 75 26 9D 26 9D 26 B5 26 0D 27 00 00 00 00 00 00 0E 39 24 39 E5 38 AC 38 78 38 58 38 30 38 

ACQ: 20260430.1040:247 | DATA:
AA 55 00 28 8B 27 2D 36 70 40 0D 38 D4 37 B8 37 3C 37 7C 37 69 37 69 37 EA 33 BA 32 EA 30 E2 33 62 30 56 2D 0D 2D C1 2D D6 36 AE 34 79 34 6E 2A 01 2A 7A 37 95 37 65 37 B9 37 A9 37 00 00 00 00 B2 0E 1D 0E 7A 0D 35 0D 46 0C 29 0C 5E 0B 31 0B 15 0B 05 0B F9 0A F9 0A F9 0A 

ACQ: 20260430.1040:247 | DATA:
AA 55 00 28 8F 36 39 45 66 02 01 0B 11 0B 29 0B 45 0B 79 0B 42 0C 8D 0C A1 0C C9 0C 0D 0D 5D 0D C6 02 B9 02 BD 02 C1 02 C5 02 CD 02 D1 02 D9 02 DD 02 E5 02 ED 02 F5 02 F9 02 05 03 19 03 00 00 00 00 CA 02 D5 02 42 05 00 00 00 00 00 00 00 00 00 00 00 00 00 00 FE 42 ED 42 

ACQ: 20260430.1040:247 | DATA:
AA 55 00 28 93 45 47 54 91 0D F5 41 BD 41 26 02 25 02 3E 41 BA 42 C4 43 00 00 BE 53 66 55 FE 56 00 00 00 00 00 00 00 00 00 00 00 00 00 00 00 00 00 00 00 00 00 00 00 00 00 00 00 00 32 7C 00 00 9A 09 00 00 00 00 00 00 56 04 00 00 00 00 4E 03 72 03 00 00 00 00 00 00 00 00 

ACQ: 20260430.1040:247 | DATA:
AA 55 00 28 A9 54 51 63 9B 9A 00 00 00 00 00 00 CA 01 D4 01 00 00 00 00 00 00 00 00 00 00 00 00 00 00 00 00 00 00 00 00 00 00 00 00 00 00 00 00 00 00 00 00 00 00 00 00 00 00 00 00 26 0E 01 0E DD 0D C9 0D B1 0D B1 0D B6 12 52 C2 00 00 00 00 00 00 00 00 00 00 00 00 00 00 

ACQ: 20260430.1040:247 | DATA:
AA 55 00 28 B3 63 6B 72 3B 64 00 00 00 00 00 00 00 00 00 00 00 00 00 00 00 00 00 00 00 00 5A 04 00 00 00 00 00 00 00 00 00 00 00 00 62 0C 00 00 00 00 72 03 7D 03 00 00 00 00 00 00 00 00 00 00 00 00 00 00 00 00 00 00 00 00 00 00 00 00 00 00 00 00 BA 02 C4 02 00 00 00 00 

ACQ: 20260430.1040:247 | DATA:
AA 55 00 28 CD 72 85 81 01 8F 00 00 00 00 00 00 00 00 00 00 00 00 00 00 00 00 00 00 00 00 00 00 00 00 FE 02 10 03 00 00 00 00 00 00 00 00 00 00 00 00 00 00 00 00 E6 07 B5 07 B9 07 E0 07 0E 02 0D 02 09 02 09 02 09 02 09 02 05 02 05 02 05 02 05 02 05 02 01 02 01 02 01 02 

ACQ: 20260430.1040:247 | DATA:
AA 55 00 28 E9 81 81 90 34 12 01 02 FD 01 FD 01 DA 01 D1 01 0A 02 0D 02 15 02 20 02 00 00 00 00 00 00 00 00 00 00 00 00 00 00 00 00 00 00 00 00 00 00 00 00 00 00 00 00 00 00 00 00 3A 03 00 00 66 41 A0 41 10 42 22 3D 00 00 00 00 00 00 00 00 00 00 00 00 00 00 00 00 00 00 

ACQ: 20260430.1040:247 | DATA:
AA 55 00 28 E3 90 89 9F 1A 59 00 00 00 00 00 00 00 00 00 00 00 00 00 00 EA 45 8C 45 00 00 00 00 00 00 BA 3E 0A 42 18 42 D8 42 D0 41 4A 44 00 00 96 42 BE 43 00 00 00 00 00 00 00 00 00 00 7E 53 00 00 00 00 00 00 00 00 00 00 00 00 00 00 00 00 00 00 00 00 00 00 00 00 00 00 

ACQ: 20260430.1040:247 | DATA:
 00 26 E1 9F C1 AD 82 7C 00 00 00 00 00 00 00 00 00 00 00 00 00 00 7E 07 00 00 00 00 00 00 00 00 00 00 BE 04 D9 04 00 00 00 00 00 00 00 00 00 00 00 00 00 00 2E 06 30 06 29 06 38 06 A6 06 00 00 00 00 00 00 00 00 00 00 B6 03 1E 0E E8 0D A4 0D 3A 12 66 23 

ACQ: 20260430.1040:247 | DATA:
 01 01 23 AE 23 AE AB 54 00 00

ACQ: 20260430.1040:366 | DATA:
AA 55 00 28 85 AE 27 09 34 D0 00 00 62 0E 15 0E 00 00 00 00 5A 4F 34 4F 1C 4F 08 4F 4A 14 49 14 4D 14 49 14 55 14 55 14 59 14 6D 14 00 00 00 00 CE 4D CD 4D E9 4D 36 44 00 00 8A 42 B0 42 22 51 41 51 EA 13 F8 13 02 04 00 00 BE 13 01 14 0D 14 21 14 34 14 30 14 00 00 00 00 

ACQ: 20260430.1040:366 | DATA:
AA 55 00 28 89 09 1B 18 F5 6E CC 14 C4 14 E8 14 FC 14 1C 15 40 15 6C 15 8C 15 B0 15 00 00 00 00 DE 57 06 59 75 59 BD 59 95 5A 25 5B DD 5B CD 5C 75 5D 75 5E 00 00 52 5C 12 5F ED 5D 9A 5B 00 00 B6 54 02 57 8E 54 95 54 B2 52 36 05 1A 51 71 50 00 00 1A 4C 00 00 00 00 00 00 

ACQ: 20260430.1040:366 | DATA:
AA 55 00 28 7D 18 17 27 55 7B 66 39 00 00 8A 46 00 00 00 00 52 44 B0 43 E8 42 58 42 00 00 22 41 46 29 F9 28 8D 29 AD 29 00 00 00 00 00 00 00 00 00 00 00 00 56 26 3C 26 24 26 14 26 19 26 A5 26 99 26 A1 26 D1 26 C6 27 00 00 00 00 00 00 2A 39 01 39 B8 38 90 38 6C 38 30 38 

ACQ: 20260430.1040:366 | DATA:
AA 55 00 28 77 27 1B 36 D5 4A 14 38 D0 37 CD 37 F8 36 7C 37 6D 37 59 37 49 37 CA 30 FD 30 B2 33 82 36 C2 2D 21 2D 75 2D 26 34 99 33 F2 36 32 2B EA 29 6A 37 9D 37 71 37 C1 37 C0 37 00 00 00 00 00 00 4E 0E 8A 0D 45 0D 76 0C 35 0C 72 0B 3D 0B 1D 0B 09 0B FD 0A F9 0A FD 0A 

ACQ: 20260430.1040:366 | DATA:
AA 55 00 28 73 36 2B 45 43 49 01 0B 0D 0B 25 0B 3D 0B 6D 0B 16 0C 95 0C 95 0C C1 0C F9 0C 49 0D B4 0D BA 02 BD 02 BD 02 C5 02 C9 02 D1 02 D5 02 DD 02 E5 02 E9 02 F1 02 F9 02 01 03 15 03 00 00 00 00 00 00 D2 02 3E 05 7E 05 00 00 00 00 00 00 00 00 00 00 00 00 00 00 F6 42 

ACQ: 20260430.1040:366 | DATA:
AA 55 00 28 8D 45 39 54 34 48 FD 41 D5 41 3C 41 26 02 2A 41 86 42 84 43 00 00 6A 53 F6 54 BA 56 00 00 00 00 00 00 00 00 00 00 00 00 00 00 00 00 00 00 00 00 00 00 00 00 00 00 00 00 E2 7B 00 00 9A 09 00 00 00 00 00 00 52 04 00 00 00 00 4E 03 72 03 00 00 00 00 00 00 00 00 

ACQ: 20260430.1040:366 | DATA:
AA 55 00 28 9B 54 51 63 A3 95 00 00 00 00 00 00 CA 01 D4 01 00 00 00 00 00 00 00 00 00 00 00 00 00 00 00 00 00 00 00 00 00 00 00 00 00 00 00 00 00 00 00 00 00 00 00 00 00 00 16 03 22 0E 01 0E ED 0D C5 0D AD 0D B1 0D AA 12 76 CE 00 00 00 00 00 00 00 00 00 00 00 00 00 00 

ACQ: 20260430.1040:366 | DATA:
AA 55 00 28 B3 63 7D 72 E0 64 00 00 00 00 00 00 00 00 00 00 00 00 00 00 00 00 00 00 00 00 5A 04 00 00 00 00 00 00 00 00 00 00 00 00 4A 0C 00 00 00 00 6E 03 80 03 00 00 00 00 00 00 00 00 00 00 00 00 00 00 00 00 00 00 00 00 00 00 00 00 00 00 00 00 BE 02 C4 02 00 00 00 00 

ACQ: 20260430.1040:366 | DATA:
AA 55 00 28 DF 72 95 81 CB 8E 00 00 00 00 00 00 00 00 00 00 00 00 00 00 00 00 00 00 00 00 00 00 00 00 02 03 14 03 00 00 00 00 00 00 00 00 00 00 00 00 00 00 00 00 DE 07 B1 07 BD 07 E4 07 0E 02 0D 02 09 02 09 02 09 02 05 02 05 02 05 02 05 02 05 02 05 02 01 02 01 02 01 02 

ACQ: 20260430.1040:366 | DATA:
AA 55 00 28 F7 81 9B 90 14 52 01 02 FD 01 F9 01 D6 01 D1 01 0A 02 0D 02 15 02 20 02 00 00 00 00 00 00 00 00 00 00 00 00 00 00 00 00 00 00 00 00 00 00 00 00 00 00 00 00 00 00 00 00 3E 03 00 00 2A 41 00 00 3C 42 CA 3C 00 00 00 00 00 00 00 00 00 00 00 00 00 00 00 00 00 00 

ACQ: 20260430.1040:366 | DATA:
AA 55 00 28 F5 90 91 9F 4E 1F 00 00 00 00 00 00 00 00 00 00 00 00 0A 40 12 46 5C 45 00 00 00 00 00 00 42 3F F2 41 4C 42 C4 42 CC 41 E6 44 22 43 A0 42 EE 43 30 44 00 00 00 00 00 00 00 00 8A 53 00 00 00 00 00 00 00 00 00 00 00 00 00 00 00 00 00 00 00 00 00 00 00 00 00 00 

ACQ: 20260430.1040:366 | DATA:
 00 26 F3 9F CB AD AF 7F 00 00 00 00 00 00 00 00 00 00 00 00 00 00 7E 07 00 00 00 00 00 00 00 00 00 00 C2 04 DC 04 00 00 00 00 00 00 00 00 00 00 00 00 00 00 32 06 30 06 29 06 38 06 AA 06 00 00 00 00 00 00 00 00 00 00 B6 03 0E 0E 7A 05 9A 0D 86 13 3A 29 

ACQ: 20260430.1040:366 | DATA:
 01 01 2D AE 2D AE AB 54 00 00

ACQ: 20260430.1040:465 | DATA:
AA 55 00 28 8F AE 2F 09 3B 92 00 00 32 0E 15 0E 00 00 00 00 4E 4F 28 4F 18 4F 04 4F 46 14 49 14 49 14 49 14 55 14 59 14 55 14 81 14 00 00 3E 4E C9 4D ED 4D 99 4D C2 42 00 00 64 42 E6 4F 26 51 41 51 EA 13 00 00 02 04 96 13 BC 13 F5 13 11 14 25 14 30 14 2C 14 00 00 00 00 

ACQ: 20260430.1040:465 | DATA:
AA 55 00 28 91 09 23 18 F7 6D C4 14 C8 14 EC 14 00 15 24 15 44 15 70 15 90 15 B4 15 00 00 00 00 E2 57 B9 58 2D 59 C1 59 8D 5A 41 5B A1 5B F2 5C 95 5D 79 5E 00 00 BC 5F 1D 5F 8A 5D 5A 5B 00 00 CA 54 02 57 A6 54 69 54 C6 52 3A 05 06 51 61 50 00 00 12 4C 00 00 00 00 00 00 

ACQ: 20260430.1040:465 | DATA:
AA 55 00 28 85 18 1F 27 BD 75 66 39 4A 47 94 46 00 00 A2 44 54 44 88 43 F0 42 58 42 00 00 32 41 3E 29 FD 28 91 29 CD 29 00 00 00 00 00 00 00 00 00 00 00 00 52 26 34 26 24 26 EC 25 39 26 A5 26 9D 26 AD 26 E5 26 0E 28 00 00 00 00 00 00 32 39 F9 38 BC 38 88 38 68 38 30 38 

ACQ: 20260430.1040:465 | DATA:
AA 55 00 28 77 27 2D 36 EC 4D 14 38 CC 37 C4 37 FC 36 78 37 6D 37 5D 37 18 37 16 31 F5 30 EA 33 E6 30 86 2D 15 2D 81 2D E2 36 96 33 2E 35 EE 2A F2 29 72 37 9D 37 71 37 B5 37 9C 37 00 00 00 00 00 00 32 0E 7E 0D 3D 0D 4E 0C 2D 0C 62 0B 35 0B 15 0B 09 0B FD 0A F9 0A FD 0A 

ACQ: 20260430.1040:465 | DATA:
AA 55 00 28 8F 36 3F 45 D4 03 01 0B 11 0B 29 0B 45 0B 7D 0B 3A 0C 91 0C 9D 0C C9 0C 0D 0D 5D 0D C6 02 B9 02 BD 02 C1 02 C5 02 CD 02 D1 02 D9 02 DD 02 E5 02 ED 02 F5 02 F9 02 05 03 19 03 00 00 00 00 CA 02 D5 02 4A 05 00 00 00 00 00 00 00 00 00 00 00 00 00 00 0A 43 F9 42 

ACQ: 20260430.1040:465 | DATA:
AA 55 00 28 A1 45 47 54 C0 0D D6 41 C9 41 26 02 29 02 6A 41 CA 42 D0 43 00 00 BA 53 4A 55 E6 56 00 00 00 00 00 00 00 00 00 00 00 00 00 00 00 00 00 00 00 00 00 00 00 00 00 00 00 00 16 7C 00 00 9E 09 00 00 00 00 00 00 5A 04 00 00 00 00 52 03 7A 03 00 00 00 00 00 00 00 00 

ACQ: 20260430.1040:465 | DATA:
AA 55 00 28 A9 54 61 63 7E 8C 00 00 00 00 00 00 CA 01 D4 01 00 00 00 00 00 00 00 00 00 00 00 00 00 00 00 00 00 00 00 00 00 00 00 00 00 00 00 00 00 00 00 00 00 00 00 00 00 00 22 0E 1D 0E F5 0D FD 0D C9 0D AD 0D B1 0D B6 12 56 D9 00 00 00 00 00 00 00 00 00 00 00 00 00 00 

ACQ: 20260430.1040:465 | DATA:
AA 55 00 28 C3 63 7D 72 D4 60 00 00 00 00 00 00 00 00 00 00 00 00 00 00 00 00 00 00 42 04 58 04 00 00 00 00 00 00 00 00 00 00 00 00 4E 0C 00 00 00 00 6E 03 80 03 00 00 00 00 00 00 00 00 00 00 00 00 00 00 00 00 00 00 00 00 00 00 00 00 00 00 00 00 BE 02 C4 02 00 00 00 00 

ACQ: 20260430.1040:465 | DATA:
 00 28 DF 72 9F 81 DD 8E 00 00 00 00 00 00 00 00 00 00 00 00 00 00 00 00 00 00 00 00 00 00 00 00 02 03 10 03 00 00 00 00 00 00 00 00 00 00 00 00 00 00 00 00 DA 07 AD 07 BD 07 E4 07 0E 02 0D 02 09 02 09 02 09 02 05 02 05 02 05 02 05 02 05 02 05 02 01 02 01 02 01 02 

ACQ: 20260430.1040:465 | DATA:
 00 28 F7 81 97 90 D2 52 01 02 01 02 F9 01 D6 01 D5 01 0A 02 0D 02 15 02 20 02 00 00 00 00 00 00 00 00 00 00 00 00 00 00 00 00 00 00 00 00 00 00 00 00 00 00 00 00 00 00 00 00 00 00 00 00 3E 41 00 00 34 42 DA 3C 00 00 00 00 00 00 00 00 00 00 00 00 00 00 00 00 00 00

ACQ: 20260430.1040:598 | DATA:
AA 55 00 28 F7 90 A3 9F 0A 1B 00 00 00 00 00 00 00 00 00 00 00 00 0A 40 7E 46 1A 45 00 00 00 00 00 00 AE 3F 02 42 98 42 98 42 E8 41 22 45 D6 42 A4 42 00 00 00 00 00 00 00 00 00 00 00 00 8E 53 00 00 00 00 00 00 00 00 00 00 00 00 00 00 00 00 00 00 00 00 00 00 00 00 00 00 

ACQ: 20260430.1040:598 | DATA:
AA 55 00 26 05 A0 E5 AD 77 5E 00 00 00 00 00 00 00 00 00 00 00 00 00 00 82 07 00 00 00 00 00 00 00 00 00 00 CA 04 E4 04 00 00 00 00 00 00 00 00 00 00 00 00 00 00 36 06 2C 06 29 06 00 00 AE 06 00 00 00 00 00 00 00 00 00 00 BE 03 02 0E 86 07 82 0D 02 16 B6 36 

ACQ: 20260430.1040:598 | DATA:
AA 55 01 01 3F AE 3F AE AB 54 00 00 

ACQ: 20260430.1040:598 | DATA:
AA 55 00 28 A1 AE 41 09 A5 90 00 00 0E 0E 1D 0E 00 00 00 00 66 4F 28 4F 10 4F 10 4F 46 14 49 14 49 14 51 14 55 14 59 14 49 14 C9 14 00 00 FE 4D D5 4D 0D 4E F6 4B AE 42 00 00 90 42 9E 4B 1E 51 19 51 EA 13 00 00 02 04 AA 13 CD 13 FD 13 11 14 29 14 3C 14 28 14 00 00 00 00 

ACQ: 20260430.1040:598 | DATA:
AA 55 00 28 A3 09 31 18 DD 3E C4 14 D0 14 F0 14 08 15 28 15 4C 15 74 15 90 15 BC 15 00 00 00 00 FE 57 D9 58 61 59 F5 59 B1 5A 51 5B B1 5B E6 5C C9 5D 41 5E 00 00 5C 5E D9 5E 16 5D 4E 5B 00 00 BA 54 BE 56 E6 54 C6 53 C5 52 1A 51 D9 50 50 50 00 00 16 4C 00 00 00 00 00 00 

ACQ: 20260430.1040:598 | DATA:
AA 55 00 28 89 18 2F 27 45 75 56 39 32 47 58 46 00 00 AA 44 54 44 9C 43 F0 42 58 42 00 00 2A 41 3E 29 09 29 99 29 CD 29 00 00 00 00 00 00 00 00 00 00 00 00 5A 26 34 26 20 26 E0 25 3D 26 A1 26 99 26 A5 26 E1 26 32 28 00 00 00 00 00 00 32 39 01 39 C0 38 88 38 64 38 34 38 

ACQ: 20260430.1040:598 | DATA:
AA 55 00 28 91 27 23 36 48 79 0C 38 D4 37 C5 37 00 37 78 37 6D 37 61 37 45 37 02 31 21 31 D2 33 22 31 AE 2D 11 2D 79 2D DA 36 9A 33 DE 36 0E 2B E6 29 66 37 89 37 79 37 9D 37 00 00 00 00 00 00 00 00 3E 0E 82 0D 41 0D 66 0C 35 0C 6A 0B 35 0B 19 0B 05 0B FD 0A F9 0A FD 0A 

ACQ: 20260430.1040:598 | DATA:
AA 55 00 28 85 36 2B 45 19 49 FD 0A 11 0B 25 0B 41 0B 75 0B 26 0C 95 0C 9D 0C C5 0C 05 0D 55 0D C0 0D BA 02 BD 02 BD 02 C5 02 C9 02 D1 02 D5 02 DD 02 E5 02 ED 02 F1 02 F9 02 05 03 15 03 00 00 00 00 00 00 D6 02 42 05 82 05 00 00 00 00 00 00 00 00 00 00 00 00 00 00 F2 42 

ACQ: 20260430.1040:598 | DATA:
AA 55 00 28 8D 45 3F 54 3A 4F E1 41 DD 41 48 41 26 02 2A 41 6A 42 84 43 00 00 66 53 EA 54 E6 56 00 00 00 00 00 00 00 00 00 00 00 00 00 00 00 00 00 00 00 00 00 00 00 00 00 00 00 00 2E 7C 00 00 9E 09 00 00 00 00 00 00 52 04 00 00 00 00 4E 03 72 03 00 00 00 00 00 00 00 00 

ACQ: 20260430.1040:598 | DATA:
AA 55 00 28 A1 54 4F 63 F1 9B 00 00 00 00 00 00 CA 01 D4 01 00 00 00 00 00 00 00 00 00 00 00 00 00 00 00 00 00 00 00 00 00 00 00 00 00 00 00 00 00 00 00 00 00 00 00 00 00 00 00 00 26 0E 01 0E E1 0D C9 0D B1 0D B5 0D AE 12 0E C3 00 00 00 00 00 00 00 00 00 00 00 00 00 00 

ACQ: 20260430.1040:598 | DATA:
 00 28 B1 63 75 72 3B 64 00 00 00 00 00 00 00 00 00 00 00 00 00 00 00 00 00 00 00 00 5A 04 00 00 00 00 00 00 00 00 00 00 00 00 62 0C 00 00 00 00 6E 03 7D 03 00 00 00 00 00 00 00 00 00 00 00 00 00 00 00 00 00 00 00 00 00 00 00 00 00 00 00 00 BA 02 C4 02 00 00 00 00 

ACQ: 20260430.1040:598 | DATA:
 00 28 CD 72 95 81 15 8F 00 00 00 00 00 00 00 00 00 00 00 00 00 00 00 00 00 00 00 00 00 00 00 00 FE 02 10 03 00 00 00 00 00 00 00 00 00 00 00 00 00 00 00 00 E2 07 B1 07 B9 07 E4 07 0E 02 0D 02 09 02 09 02 09 02 09 02 05 02 05 02 05 02 05 02 05 02 01 02 01 02 01 02

ACQ: 20260430.1040:708 | DATA:
AA 55 00 28 F7 81 99 90 62 52 01 02 FD 01 F9 01 D6 01 D5 01 0A 02 0D 02 15 02 20 02 00 00 00 00 00 00 00 00 00 00 00 00 00 00 00 00 00 00 00 00 00 00 00 00 00 00 00 00 00 00 00 00 3E 03 00 00 2A 41 00 00 3C 42 BA 3C 00 00 00 00 00 00 00 00 00 00 00 00 00 00 00 00 00 00 

ACQ: 20260430.1040:708 | DATA:
AA 55 00 28 FB 90 9B 9F 52 64 00 00 00 00 00 00 00 00 00 00 00 00 D6 3F 12 46 50 45 00 00 00 00 00 00 82 3F 0A 42 70 42 B8 42 D8 41 E6 44 06 43 9C 42 06 44 4C 44 00 00 00 00 00 00 00 00 A2 53 00 00 00 00 00 00 00 00 00 00 00 00 00 00 00 00 00 00 00 00 00 00 00 00 00 00 

ACQ: 20260430.1040:708 | DATA:
AA 55 00 26 FD 9F DD AD 8F 79 00 00 00 00 00 00 00 00 00 00 00 00 00 00 7A 07 00 00 00 00 00 00 00 00 00 00 C2 04 E0 04 00 00 00 00 00 00 00 00 00 00 00 00 00 00 32 06 30 06 25 06 00 00 AA 06 00 00 00 00 00 00 00 00 00 00 B6 03 0A 0E 8A 05 8E 0D 6E 14 06 2E 

ACQ: 20260430.1040:708 | DATA:
AA 55 01 01 3F AE 3F AE AB 54 00 00 

ACQ: 20260430.1040:708 | DATA:
AA 55 00 28 97 AE 3D 09 ED 97 00 00 22 0E 19 0E 00 00 00 00 5E 4F 2C 4F 18 4F 1C 4F 46 14 45 14 49 14 4D 14 55 14 55 14 45 14 99 14 00 00 36 4E C9 4D DD 4D 3D 4E 76 42 00 00 8C 43 DA 48 1E 51 2D 51 EE 13 00 00 02 04 9A 13 CD 13 FD 13 09 14 24 14 38 14 24 14 00 00 00 00 

ACQ: 20260430.1040:708 | DATA:
AA 55 00 28 97 09 27 18 55 66 C4 14 C8 14 EC 14 04 15 28 15 48 15 74 15 90 15 B8 15 00 00 00 00 02 58 DD 58 71 59 DD 59 AD 5A 59 5B BD 5B D5 5C A1 5D 41 5E 00 00 B8 5D CD 5E 46 5D 76 5B 00 00 EE 54 EA 56 CA 54 CC 53 F5 52 3E 05 F2 50 70 50 00 00 96 4C 00 00 00 00 00 00 

ACQ: 20260430.1040:708 | DATA:
AA 55 00 28 89 18 21 27 F4 5C 22 39 36 47 3C 46 00 00 92 44 40 44 88 43 D8 42 44 42 00 00 16 41 32 29 01 29 85 29 C9 29 00 00 00 00 00 00 00 00 00 00 00 00 52 26 38 26 24 26 DD 25 51 26 A5 26 9D 26 AD 26 F1 26 00 00 00 00 00 00 00 00 2E 39 F9 38 C0 38 80 38 70 38 30 38 

ACQ: 20260430.1040:708 | DATA:
AA 55 00 28 83 27 35 36 07 40 10 38 D4 37 B4 37 F4 36 79 37 6D 37 5D 37 6C 36 E2 31 BE 30 12 34 66 30 4E 2D 0D 2D B5 2D DA 36 92 34 71 34 72 2A F5 29 7E 37 A1 37 69 37 A5 37 64 37 00 00 00 00 BA 0E FA 0D 75 0D FD 0C 1E 0C 19 0C 5A 0B 2D 0B 15 0B 05 0B FD 0A F9 0A 01 0B 

ACQ: 20260430.1040:708 | DATA:
AA 55 00 28 97 36 51 45 E6 02 05 0B 15 0B 2D 0B 51 0B 8D 0B 5E 0C 89 0C A9 0C D5 0C 1D 0D 75 0D C6 02 B9 02 BD 02 C1 02 C5 02 CD 02 D1 02 D9 02 DD 02 E5 02 ED 02 F5 02 FD 02 09 03 1C 03 00 00 00 00 CA 02 D5 02 52 05 00 00 00 00 00 00 00 00 00 00 00 00 00 00 EE 42 C0 42 

ACQ: 20260430.1040:708 | DATA:
AA 55 00 28 B3 45 5D 54 F7 0C 05 42 C5 41 26 02 25 02 86 41 FA 42 2E 44 00 00 D6 53 72 55 1A 57 00 00 00 00 00 00 00 00 00 00 00 00 00 00 00 00 00 00 00 00 00 00 00 00 00 00 00 00 4A 7C 00 00 9A 09 00 00 00 00 3A 04 5E 04 00 00 00 00 56 03 7E 03 00 00 00 00 00 00 00 00 

ACQ: 20260430.1040:708 | DATA:
 00 28 B7 54 63 63 10 07 00 00 00 00 00 00 CE 01 D4 01 00 00 00 00 00 00 00 00 00 00 00 00 00 00 00 00 00 00 00 00 00 00 00 00 00 00 00 00 00 00 00 00 00 00 00 00 00 00 1E 0E 1D 0E D9 0D 05 0E C9 0D A9 0D B1 0D 7A 43 00 00 00 00 00 00 00 00 00 00 00 00 00 00 00 00 

ACQ: 20260430.1040:708 | DATA:
 00 28 BB 63 87 72 5E 60 00 00 00 00 00 00 00 00 00 00 00 00 00 00 00 00 00 00 42 04 58 04 00 00 00 00 00 00 00 00 00 00 00 00 46 0C 00 00 00 00 6E 03 80 03 00 00 00 00 00 00 00 00 00 00 00 00 00 00 00 00 00 00 00 00 00 00 00 00 00 00 00 00 BE 02 C4 02 00 00 00 00

ACQ: 20260430.1040:819 | DATA:
AA 55 00 28 E9 72 9F 81 17 8C 00 00 00 00 00 00 00 00 00 00 00 00 00 00 00 00 00 00 00 00 00 00 EE 02 00 03 0C 03 00 00 00 00 00 00 00 00 00 00 00 00 00 00 00 00 DA 07 AD 07 BD 07 E8 07 0E 02 0D 02 09 02 09 02 09 02 05 02 05 02 05 02 05 02 05 02 05 02 01 02 01 02 01 02 

ACQ: 20260430.1040:819 | DATA:
AA 55 00 28 01 82 A1 90 CA 52 01 02 FD 01 F9 01 D6 01 D5 01 0A 02 0D 02 15 02 24 02 00 00 00 00 00 00 00 00 00 00 00 00 00 00 00 00 00 00 00 00 00 00 00 00 00 00 00 00 00 00 00 00 00 00 00 00 2A 41 00 00 34 42 EE 3C 00 00 00 00 00 00 00 00 00 00 00 00 00 00 00 00 00 00 

ACQ: 20260430.1040:819 | DATA:
AA 55 00 28 03 91 9B 9F 60 65 00 00 00 00 00 00 00 00 00 00 00 00 F2 3F 56 46 2A 45 00 00 00 00 00 00 A2 3F 06 42 90 42 AC 42 EC 41 0E 45 CE 42 A4 42 22 44 64 44 00 00 00 00 00 00 00 00 8A 53 00 00 00 00 00 00 00 00 00 00 00 00 00 00 00 00 00 00 00 00 00 00 00 00 00 00 

ACQ: 20260430.1040:819 | DATA:
AA 55 00 26 FD 9F DD AD 03 6F 00 00 00 00 00 00 00 00 00 00 00 00 00 00 7A 07 00 00 00 00 00 00 00 00 00 00 C6 04 E4 04 00 00 00 00 00 00 00 00 00 00 00 00 00 00 32 06 2C 06 29 06 00 00 A6 06 00 00 00 00 00 00 00 00 00 00 B2 03 16 0E C0 0D 88 0D F6 14 5A 30 

ACQ: 20260430.1040:819 | DATA:
AA 55 01 01 3F AE 3F AE AB 54 00 00 

ACQ: 20260430.1040:819 | DATA:
AA 55 00 28 A1 AE 3D 09 FC 93 00 00 1A 0E 19 0E 00 00 00 00 6E 4F 38 4F 20 4F 08 4F 4A 14 49 14 49 14 51 14 55 14 59 14 45 14 A9 14 00 00 12 4E B5 4D DD 4D 39 4E 7E 42 00 00 22 46 1A 49 16 51 31 51 EA 13 00 00 02 04 9A 13 D1 13 F5 13 00 14 1C 14 3C 14 18 14 00 00 00 00 

ACQ: 20260430.1040:819 | DATA:
AA 55 00 28 9F 09 35 18 8F 7F C6 14 CC 14 EC 14 04 15 2C 15 48 15 78 15 94 15 BC 15 00 00 00 00 1A 58 DD 58 51 59 F1 59 AD 5A 55 5B A9 5B E2 5C AD 5D 4D 5E 00 00 F0 5D C1 5E EA 5C 52 5B 00 00 FA 54 6A 56 02 55 D2 53 D1 52 4E 51 E1 50 7C 50 42 4D E4 4C 00 00 00 00 00 00 

ACQ: 20260430.1040:819 | DATA:
AA 55 00 28 97 18 31 27 84 4A 26 39 3E 47 00 00 00 00 86 44 04 44 70 43 C8 42 2C 42 00 00 82 29 25 29 05 29 95 29 A4 29 00 00 00 00 00 00 00 00 00 00 00 00 4A 26 30 26 24 26 C9 25 7D 26 99 26 9D 26 B1 26 19 27 00 00 00 00 00 00 0E 39 1C 39 E5 38 A4 38 78 38 54 38 2C 38 

ACQ: 20260430.1040:819 | DATA:
AA 55 00 28 93 27 3F 36 8A 71 0D 38 D0 37 A8 37 20 37 75 37 69 37 55 37 D8 36 32 33 0A 31 22 34 22 30 4A 2D 15 2D E9 2D 8A 33 3E 35 1E 34 32 2A F9 29 7A 37 9D 37 71 37 A9 37 A5 37 B0 37 00 00 BA 0E E2 0D 71 0D F9 0C 22 0C 11 0C 56 0B 2D 0B 15 0B 05 0B FD 0A F9 0A 01 0B 

ACQ: 20260430.1040:819 | DATA:
AA 55 00 28 A1 36 57 45 E6 02 01 0B 19 0B 2D 0B 51 0B 91 0B 62 0C 8D 0C A9 0C D5 0C 1D 0D 75 0D C6 02 B9 02 BD 02 C1 02 C5 02 CD 02 D1 02 D9 02 DD 02 E5 02 ED 02 F5 02 FD 02 09 03 1C 03 00 00 00 00 CA 02 D5 02 52 05 00 00 00 00 00 00 00 00 00 00 00 00 00 00 E6 42 D4 42 

ACQ: 20260430.1040:819 | DATA:
 00 28 AF 45 59 54 F3 0F F9 41 C5 41 26 02 25 02 9A 41 EE 42 2A 44 00 00 16 54 5E 55 4A 57 00 00 00 00 00 00 00 00 00 00 00 00 00 00 00 00 00 00 00 00 00 00 00 00 00 00 00 00 12 7B 00 00 9A 09 00 00 00 00 3E 04 5E 04 00 00 00 00 5A 03 7E 03 00 00 00 00 00 00 00 00 

ACQ: 20260430.1040:819 | DATA:
 00 28 BB 54 6B 63 38 1F 00 00 00 00 00 00 CE 01 00 00 00 00 00 00 00 00 00 00 00 00 00 00 00 00 00 00 00 00 00 00 00 00 00 00 00 00 00 00 00 00 00 00 00 00 00 00 00 00 2A 0E 19 0E C1 0D 05 0E D5 0D AD 0D A9 0D AA 5A 00 00 00 00 00 00 00 00 00 00 00 00 00 00 00 00

ACQ: 20260430.1040:927 | DATA:
AA 55 00 28 CD 63 99 72 B2 66 00 00 00 00 00 00 00 00 00 00 00 00 00 00 00 00 00 00 46 04 00 00 00 00 00 00 00 00 00 00 00 00 00 00 42 0C 00 00 00 00 72 03 88 03 00 00 00 00 00 00 00 00 00 00 00 00 00 00 00 00 00 00 00 00 00 00 00 00 00 00 B6 02 C0 02 C4 02 00 00 00 00 

ACQ: 20260430.1040:927 | DATA:
AA 55 00 28 FB 72 C1 81 CA 8A 00 00 00 00 00 00 00 00 00 00 00 00 00 00 00 00 00 00 00 00 00 00 F6 02 08 03 00 00 00 00 00 00 00 00 00 00 00 00 00 00 00 00 00 00 C6 07 AD 07 CD 07 0E 02 0D 02 0D 02 09 02 09 02 09 02 05 02 05 02 05 02 05 02 05 02 01 02 01 02 01 02 01 02 

ACQ: 20260430.1040:927 | DATA:
AA 55 00 28 23 82 B7 90 9A 54 01 02 FD 01 ED 01 D2 01 06 02 09 02 11 02 19 02 00 00 00 00 00 00 00 00 00 00 00 00 00 00 00 00 00 00 00 00 00 00 00 00 00 00 00 00 00 00 00 00 00 00 00 00 00 00 1A 41 00 00 2C 42 56 3B 00 00 00 00 00 00 00 00 00 00 00 00 00 00 00 00 00 00 

ACQ: 20260430.1040:927 | DATA:
AA 55 00 28 17 91 BD 9F 38 71 00 00 00 00 00 00 00 00 00 00 00 00 C6 40 96 46 00 00 00 00 00 00 00 00 0A 41 E4 41 0A 43 4C 42 8C 42 36 45 A2 42 F0 42 00 00 00 00 00 00 00 00 00 00 DE 50 F6 52 00 00 00 00 00 00 00 00 00 00 00 00 00 00 00 00 00 00 00 00 00 00 00 00 00 00 

ACQ: 20260430.1040:927 | DATA:
AA 55 00 26 17 A0 EF AD 8B 5D 00 00 00 00 00 00 00 00 00 00 00 00 00 00 92 07 00 00 00 00 00 00 00 00 00 00 CE 04 D8 04 00 00 00 00 00 00 00 00 00 00 00 00 00 00 36 06 2C 06 2D 06 00 00 B2 06 00 00 00 00 00 00 00 00 00 00 B6 03 0A 0E B4 0D 8C 0D 2E 17 72 3E 

ACQ: 20260430.1040:927 | DATA:
AA 55 01 01 51 AE 51 AE AB 54 00 00 

ACQ: 20260430.1040:927 | DATA:
AA 55 00 28 B3 AE 53 09 B5 CE 00 00 0E 0E 29 0E 00 00 00 00 52 4F 24 4F 0C 4F 3E 14 45 14 49 14 49 14 51 14 51 14 55 14 55 14 D5 14 00 00 02 4E D5 4D F9 4D E6 49 BA 42 00 00 88 43 12 4C F6 50 39 51 F2 13 00 00 02 04 AA 13 E5 13 F5 13 09 14 24 14 40 14 0C 14 00 00 00 00 

ACQ: 20260430.1040:927 | DATA:
AA 55 00 28 B5 09 47 18 B4 2D C2 14 D4 14 F0 14 08 15 2C 15 54 15 78 15 A0 15 B8 15 00 00 00 00 42 58 25 59 9D 59 E9 59 D5 5A 69 5B 09 5C 15 5D E5 5D 49 5E 00 00 AC 5F CD 5E 8E 5C 2A 5B 86 54 8D 55 FC 54 1D 55 76 53 7D 52 5E 51 B1 50 38 50 32 4D C4 4C 00 00 00 00 00 00 

ACQ: 20260430.1040:927 | DATA:
AA 55 00 28 A9 18 39 27 C2 4A 4E 39 0E 47 00 00 00 00 AA 44 08 44 68 43 C4 42 28 42 00 00 7E 29 21 29 21 29 AD 29 A4 29 00 00 00 00 00 00 00 00 00 00 00 00 46 26 30 26 24 26 CD 25 A1 26 95 26 99 26 B1 26 2D 27 00 00 00 00 00 00 16 39 10 39 E1 38 A8 38 7C 38 50 38 24 38 

ACQ: 20260430.1040:927 | DATA:
AA 55 00 28 9B 27 47 36 57 43 04 38 D0 37 9C 37 58 37 6C 37 5D 37 55 37 5A 36 02 34 92 31 BE 33 EE 2F 42 2D 11 2D 5A 2E E2 31 6E 35 9A 33 E2 29 86 36 86 37 9D 37 69 37 A9 37 A5 37 00 00 00 00 C2 0E D2 0D 6D 0D CA 0C 1E 0C 0D 0C 56 0B 2D 0B 15 0B 05 0B FD 0A F9 0A 01 0B 

ACQ: 20260430.1040:927 | DATA:
 00 28 A1 36 57 45 6E 02 05 0B 15 0B 31 0B 51 0B 99 0B 66 0C 89 0C AD 0C D5 0C 21 0D 81 0D C2 02 B9 02 BD 02 C1 02 C5 02 CD 02 D5 02 D9 02 E1 02 E5 02 ED 02 F5 02 FD 02 09 03 20 03 00 00 00 00 CE 02 D5 02 52 05 00 00 00 00 00 00 00 00 00 00 00 00 00 00 F6 42 98 42 

ACQ: 20260430.1040:927 | DATA:
 00 28 B9 45 67 54 C2 75 F5 41 B0 41 26 02 25 02 AE 41 0E 43 66 44 00 00 4E 54 A2 55 36 57 00 00 00 00 00 00 00 00 00 00 00 00 00 00 00 00 00 00 00 00 00 00 00 00 00 00 86 7B 3C 7B 00 00 AA 09 00 00 00 00 42 04 62 04 00 00 00 00 5E 03 82 03 00 00 00 00 00 00 00 00

ACQ: 20260430.1040:36 | DATA:
AA 55 00 28 C9 54 85 63 DC CF 00 00 00 00 00 00 CE 01 00 00 00 00 00 00 00 00 00 00 00 00 00 00 00 00 00 00 00 00 00 00 00 00 00 00 00 00 00 00 00 00 00 00 00 00 00 00 00 00 36 0E 11 0E CD 0D 71 0D 2E 0E B1 0D 92 12 62 95 00 00 00 00 00 00 00 00 00 00 00 00 00 00 00 00 

ACQ: 20260430.1040:36 | DATA:
AA 55 00 28 E7 63 A3 72 D6 66 00 00 00 00 00 00 00 00 00 00 00 00 00 00 00 00 00 00 4E 04 00 00 00 00 00 00 00 00 00 00 00 00 00 00 3E 0C 00 00 00 00 72 03 8C 03 00 00 00 00 00 00 00 00 00 00 00 00 00 00 00 00 00 00 00 00 00 00 00 00 00 00 B6 02 C0 02 C0 02 00 00 00 00 

ACQ: 20260430.1040:36 | DATA:
AA 55 00 28 05 73 BF 81 52 8B 00 00 00 00 00 00 00 00 00 00 00 00 00 00 00 00 00 00 00 00 00 00 F6 02 0C 03 00 00 00 00 00 00 00 00 00 00 00 00 00 00 00 00 00 00 C6 07 AD 07 D1 07 0E 02 0D 02 0D 02 09 02 09 02 09 02 05 02 05 02 05 02 05 02 05 02 01 02 01 02 01 02 01 02 

ACQ: 20260430.1040:36 | DATA:
AA 55 00 28 21 82 C9 90 98 54 01 02 FD 01 DE 01 D5 01 06 02 0D 02 11 02 1D 02 00 00 00 00 00 00 00 00 00 00 00 00 00 00 00 00 00 00 00 00 00 00 00 00 00 00 00 00 00 00 00 00 2E 03 00 00 00 00 0E 41 00 00 6C 41 66 3B 00 00 00 00 00 00 00 00 00 00 00 00 00 00 00 00 00 00 

ACQ: 20260430.1040:36 | DATA:
AA 55 00 28 21 91 C7 9F D4 1E 00 00 00 00 00 00 00 00 00 00 00 00 6E 41 42 46 00 00 00 00 00 00 52 3E 4A 41 E4 41 0A 43 08 42 D4 42 BA 44 9E 42 30 43 00 00 00 00 00 00 00 00 00 00 8A 52 00 00 00 00 00 00 00 00 00 00 00 00 00 00 00 00 00 00 00 00 00 00 00 00 00 00 00 00 

ACQ: 20260430.1040:36 | DATA:
AA 55 00 25 29 A0 9F AD F6 68 00 00 00 00 00 00 00 00 00 00 00 00 66 07 74 07 00 00 00 00 00 00 00 00 00 00 D2 04 00 00 00 00 00 00 00 00 00 00 00 00 00 00 00 00 36 06 28 06 2C 06 7A 06 C2 06 00 00 00 00 00 00 00 00 00 00 00 00 EE 0D AC 0D 8C 0D 6E 1A 

ACQ: 20260430.1040:36 | DATA:
AA 55 01 01 01 AE 01 AE 1D 0C B6 58 

ACQ: 20260430.1040:36 | DATA:
AA 55 00 28 63 AE 0D 09 E1 94 00 00 5E 0E 0D 0E 59 0E 00 00 36 4F 28 4F 20 4F 04 4F 46 14 45 14 49 14 49 14 55 14 55 14 5D 14 65 14 00 00 00 00 EA 4D B9 4D 79 4E 46 48 16 43 64 42 C4 42 9A 50 21 51 FE 13 EC 13 02 04 00 00 AE 13 FD 13 05 14 11 14 24 14 3C 14 00 00 00 00 

ACQ: 20260430.1040:36 | DATA:
AA 55 00 28 6D 09 05 18 BD 29 E6 14 BC 14 E0 14 F4 14 10 15 38 15 60 15 88 15 A8 15 CC 15 00 00 92 57 BA 58 4D 59 6D 59 4D 5A ED 5A AD 5B 59 5C 4D 5D 29 5E B0 5D 20 5F 68 5F 0D 5E E6 5B E4 5A BA 54 36 56 25 55 19 55 76 53 C2 50 1D 51 85 50 00 00 C6 4C 00 00 00 00 00 00 

ACQ: 20260430.1040:36 | DATA:
AA 55 00 28 5D 18 FB 26 00 02 16 39 86 3A B2 46 00 00 00 00 62 44 D0 43 20 43 68 42 98 41 0C 41 5A 29 0D 29 61 29 AD 29 00 00 00 00 00 00 00 00 00 00 00 00 66 26 40 26 38 26 24 26 D1 25 DA 26 9D 26 99 26 C1 26 5D 27 00 00 00 00 00 00 1A 39 10 39 D8 38 9C 38 74 38 48 38 

ACQ: 20260430.1040:36 | DATA:
 00 28 5D 27 F7 35 F9 60 18 38 F0 37 D8 37 0C 37 9D 37 71 37 59 37 41 37 92 2E 16 32 12 35 E1 35 AE 2E 2A 2D 69 2D 56 36 D6 32 1A 35 DA 2E EA 29 FA 36 8D 37 85 37 C9 37 8D 37 C4 37 00 00 00 00 A2 0E AE 0D 59 0D 9E 0C 25 0C E5 0B 49 0B 25 0B 11 0B 01 0B FD 0A F9 0A 

ACQ: 20260430.1040:36 | DATA:
 00 28 59 36 09 45 2D 48 01 0B 05 0B 1D 0B 35 0B 5D 0B B9 0B 7E 0C 89 0C B5 0C E1 0C 2D 0D 95 0D BE 02 B9 02 BD 02 C1 02 C9 02 CD 02 D5 02 D9 02 E1 02 E9 02 ED 02 F5 02 FD 02 0D 03 00 00 00 00 00 00 CE 02 D9 02 56 05 00 00 00 00 00 00 00 00 00 00 00 00 00 00 D6 42

ACQ: 20260430.1040:146 | DATA:
AA 55 00 28 6B 45 11 54 5E 47 6C 42 F5 41 98 41 26 02 29 02 DE 41 06 43 86 44 9A 52 72 54 DE 55 00 00 00 00 00 00 00 00 00 00 00 00 00 00 00 00 00 00 00 00 00 00 00 00 00 00 00 00 72 7C 00 00 00 00 00 00 00 00 00 00 46 04 38 04 00 00 00 00 62 03 86 03 00 00 00 00 00 00 

ACQ: 20260430.1040:146 | DATA:
AA 55 00 28 75 54 1B 63 72 F7 00 00 00 00 00 00 00 00 D2 01 00 00 00 00 00 00 00 00 00 00 00 00 00 00 00 00 00 00 00 00 00 00 00 00 00 00 00 00 00 00 00 00 00 00 00 00 00 00 00 00 36 0E 0D 0E DD 0D 61 0D 36 0E B1 0D AA 12 CE AD 00 00 00 00 00 00 00 00 00 00 00 00 00 00 

ACQ: 20260430.1040:146 | DATA:
AA 55 00 28 7D 63 47 72 A8 66 00 00 00 00 00 00 00 00 00 00 00 00 00 00 00 00 00 00 00 00 4E 04 00 00 00 00 00 00 00 00 00 00 00 00 00 00 3E 0C 00 00 00 00 72 03 8C 03 00 00 00 00 00 00 00 00 00 00 00 00 00 00 00 00 00 00 00 00 00 00 00 00 00 00 B6 02 C0 02 C0 02 00 00 

ACQ: 20260430.1040:147 | DATA:
AA 55 00 28 A1 72 5F 81 0B 88 00 00 00 00 00 00 00 00 00 00 00 00 00 00 00 00 00 00 00 00 00 00 00 00 F2 02 08 03 00 00 00 00 00 00 00 00 00 00 00 00 00 00 00 00 00 00 C6 07 AD 07 CD 07 0E 02 0D 02 0D 02 09 02 09 02 09 02 05 02 05 02 05 02 05 02 05 02 01 02 01 02 01 02 

ACQ: 20260430.1040:147 | DATA:
AA 55 00 28 C1 81 67 90 DC 55 01 02 01 02 FD 01 E9 01 D1 01 06 02 09 02 11 02 19 02 00 00 00 00 00 00 00 00 00 00 00 00 00 00 00 00 00 00 00 00 00 00 00 00 00 00 00 00 00 00 00 00 2E 03 00 00 00 00 26 41 00 00 78 41 62 3B 00 00 00 00 00 00 00 00 00 00 00 00 00 00 00 00 

ACQ: 20260430.1040:147 | DATA:
AA 55 00 28 C9 90 65 9F 44 21 00 00 00 00 00 00 00 00 00 00 00 00 00 00 3E 41 66 46 00 00 00 00 00 00 00 00 4E 41 DC 41 0E 43 14 42 D0 42 BE 44 AE 42 34 43 00 00 00 00 00 00 00 00 00 00 66 52 00 00 00 00 00 00 00 00 00 00 00 00 00 00 00 00 00 00 00 00 00 00 00 00 00 00 

ACQ: 20260430.1040:147 | DATA:
AA 55 00 26 C7 9F A7 AD D8 54 00 00 00 00 00 00 00 00 00 00 00 00 00 00 66 07 84 07 00 00 00 00 00 00 00 00 00 00 D2 04 00 00 00 00 00 00 00 00 00 00 00 00 00 00 00 00 3A 06 28 06 30 06 7E 06 C2 06 00 00 00 00 00 00 00 00 9E 03 BE 03 EA 0D A8 0D 88 0D 56 1A 

ACQ: 20260430.1040:147 | DATA:
AA 55 01 01 09 AE 09 AE 81 0C 2A 58 

ACQ: 20260430.1040:147 | DATA:
AA 55 00 28 63 AE 0D 09 26 81 00 00 56 0E 0D 0E 51 0E 00 00 42 4F 4C 4F 28 4F FC 4E 46 14 45 14 49 14 49 14 55 14 55 14 61 14 61 14 00 00 00 00 06 4E D9 4D 79 4E 92 47 0A 43 00 00 68 42 6A 4F 26 51 30 51 EA 13 02 04 00 00 B6 13 E5 13 F5 13 21 14 34 14 40 14 00 00 00 00 

ACQ: 20260430.1040:147 | DATA:
AA 55 00 28 65 09 FB 17 9F 3C F2 14 BC 14 DC 14 F8 14 10 15 38 15 5C 15 80 15 A4 15 C8 15 00 00 36 57 4D 58 01 59 29 59 25 5A D9 5A 69 5B 2D 5C 21 5D F9 5D C5 5D 00 00 C8 5E 7D 5E 66 5C 1E 5B 8A 54 3E 56 2C 55 BA 59 7A 53 DE 51 75 51 91 50 00 00 00 00 00 00 00 00 00 00 

ACQ: 20260430.1040:147 | DATA:
 00 28 5D 18 F3 26 E9 39 00 00 8E 39 C2 46 00 00 00 00 9A 44 E4 43 48 43 88 42 C4 41 DC 40 62 29 0D 29 3D 29 B9 29 00 00 00 00 00 00 00 00 00 00 00 00 66 26 44 26 30 26 28 26 DD 25 BD 26 95 26 9D 26 B9 26 41 27 00 00 00 00 00 00 1E 39 14 39 D4 38 A8 38 7C 38 4C 38 

ACQ: 20260430.1040:147 | DATA:
 00 28 55 27 EF 35 39 7A 1C 38 FC 37 E1 37 60 37 99 37 6C 37 61 37 55 37 D2 2E 82 32 34 33 DC 33 62 2F 4E 2D 41 2D 56 30 35 31 76 35 66 31 E2 29 1E 37 89 37 B5 37 B1 37 95 37 B4 37 00 00 00 00 B2 0E B2 0D 61 0D A6 0C 29 0C E9 0B 49 0B 25 0B 11 0B 01 0B FD 0A F9 0A

ACQ: 20260430.1040:255 | DATA:
AA 55 00 28 51 36 07 45 2F 48 01 0B 09 0B 1D 0B 35 0B 5D 0B BD 0B 7A 0C 89 0C B5 0C DD 0C 29 0D 91 0D BE 02 B9 02 BD 02 C1 02 C9 02 CD 02 D5 02 DD 02 E1 02 E9 02 ED 02 F5 02 FD 02 0D 03 00 00 00 00 00 00 CE 02 D9 02 5A 05 00 00 00 00 00 00 00 00 00 00 00 00 00 00 EA 42 

ACQ: 20260430.1040:255 | DATA:
AA 55 00 28 69 45 1F 54 F3 47 34 42 E9 41 A4 41 26 02 29 02 02 42 11 43 AE 44 DE 52 7A 54 06 56 00 00 00 00 00 00 00 00 00 00 00 00 00 00 00 00 00 00 00 00 00 00 00 00 00 00 00 00 6A 7B 00 00 00 00 00 00 00 00 00 00 4A 04 00 00 00 00 00 00 66 03 00 00 00 00 00 00 00 00 

ACQ: 20260430.1040:255 | DATA:
AA 55 00 28 79 54 33 63 D6 BC 00 00 00 00 00 00 C6 01 D0 01 00 00 00 00 00 00 00 00 00 00 00 00 00 00 00 00 00 00 00 00 00 00 00 00 00 00 00 00 00 00 00 00 00 00 00 00 00 00 00 00 36 0E 0D 0E E9 0D 61 0D 36 0E B1 0D AA 12 BE E7 00 00 00 00 00 00 00 00 00 00 00 00 00 00 

ACQ: 20260430.1040:255 | DATA:
AA 55 00 28 8D 63 47 72 24 66 00 00 00 00 00 00 00 00 00 00 00 00 00 00 00 00 00 00 00 00 4E 04 00 00 00 00 00 00 00 00 00 00 00 00 00 00 42 0C 00 00 00 00 76 03 88 03 00 00 00 00 00 00 00 00 00 00 00 00 00 00 00 00 00 00 00 00 00 00 00 00 00 00 B6 02 C0 02 C0 02 00 00 

ACQ: 20260430.1040:255 | DATA:
AA 55 00 28 AB 72 63 81 3D 88 00 00 00 00 00 00 00 00 00 00 00 00 00 00 00 00 00 00 00 00 00 00 00 00 F6 02 08 03 00 00 00 00 00 00 00 00 00 00 00 00 00 00 00 00 00 00 C6 07 AD 07 CD 07 0E 02 0D 02 0D 02 09 02 09 02 09 02 05 02 05 02 05 02 05 02 05 02 05 02 01 02 01 02 

ACQ: 20260430.1040:255 | DATA:
AA 55 00 28 C5 81 5D 90 B3 55 01 02 01 02 FD 01 F1 01 D6 01 06 02 09 02 11 02 19 02 00 00 00 00 00 00 00 00 00 00 00 00 00 00 00 00 00 00 00 00 00 00 00 00 00 00 00 00 00 00 00 00 00 00 00 00 00 00 26 41 00 00 20 42 5A 3B 00 00 00 00 00 00 00 00 00 00 00 00 00 00 00 00 

ACQ: 20260430.1040:255 | DATA:
AA 55 00 28 BF 90 5D 9F 52 34 00 00 00 00 00 00 00 00 00 00 00 00 00 00 16 41 86 46 66 45 00 00 00 00 00 00 26 41 F8 41 10 43 28 42 98 42 22 45 B2 42 10 43 00 00 00 00 00 00 00 00 00 00 F6 51 E4 52 00 00 00 00 00 00 00 00 00 00 00 00 00 00 00 00 00 00 00 00 00 00 00 00 

ACQ: 20260430.1040:255 | DATA:
AA 55 00 27 BD 9F 01 AE A7 1C 00 00 00 00 00 00 00 00 00 00 00 00 00 00 00 00 96 07 00 00 00 00 00 00 00 00 00 00 CE 04 00 00 00 00 00 00 00 00 00 00 00 00 00 00 00 00 36 06 2C 06 31 06 00 00 BA 06 00 00 00 00 00 00 00 00 00 00 C2 03 FE 0D B0 0D 80 0D B6 18 C2 4A 

ACQ: 20260430.1040:255 | DATA:
AA 55 01 01 63 AE 63 AE AB 54 00 00 

ACQ: 20260430.1040:255 | DATA:
AA 55 00 28 BB AE 65 09 3E D0 36 0E 0D 0E 35 0E 00 00 00 00 5A 4F 3C 4F 14 4F 42 14 45 14 49 14 49 14 55 14 55 14 59 14 5D 14 00 00 00 00 02 4E CD 4D 65 4E AA 48 EA 42 00 00 98 42 7E 4E 36 51 3C 51 EE 13 FA 03 F8 03 BA 13 E1 13 FD 13 15 14 30 14 40 14 1C 14 00 00 00 00 

ACQ: 20260430.1040:255 | DATA:
 00 28 BD 09 55 18 BB 2A BC 14 DC 14 F4 14 10 15 34 15 5C 15 80 15 A0 15 C4 15 00 00 1A 57 46 58 09 59 6D 59 31 5A C9 5A 51 5B 25 5C 05 5D E5 5D 55 5D 00 00 60 5E 81 5E 2A 5C 10 5B 8E 54 1A 56 DE 54 19 55 6A 53 E6 51 69 51 9D 50 00 00 00 00 00 00 00 00 00 00 00 00 

ACQ: 20260430.1040:255 | DATA:
 00 28 B5 18 45 27 5A 07 6E 39 E2 46 00 00 00 00 AA 44 04 44 60 43 A0 42 EC 41 F0 40 7A 29 19 29 45 29 BD 29 00 00 00 00 00 00 00 00 00 00 00 00 6E 26 40 26 28 26 24 26 D1 25 C1 26 A1 26 9D 26 BD 26 59 27 00 00 00 00 00 00 22 39 19 39 F0 38 AC 38 80 38 4C 38 24 38

ACQ: 20260430.1040:334 | DATA:
AA 55 00 28 A5 27 59 36 5B 75 00 38 DC 37 40 37 91 37 6D 37 61 37 51 37 92 2E 62 32 D2 33 00 34 1E 2F 52 2D 51 2D AE 30 E2 31 42 35 2A 30 E6 29 E6 36 95 37 9D 37 B5 37 89 37 00 00 00 00 00 00 AA 0E AE 0D 5D 0D 9E 0C 25 0C E1 0B 45 0B 25 0B 11 0B 01 0B F9 0A F9 0A 01 0B 

ACQ: 20260430.1040:334 | DATA:
AA 55 00 28 BD 36 6B 45 F2 01 09 0B 1D 0B 35 0B 5D 0B C1 0B 7A 0C 8D 0C B5 0C E1 0C 31 0D 99 0D BE 02 B9 02 BD 02 C1 02 C9 02 CD 02 D5 02 DD 02 E1 02 E9 02 F1 02 F5 02 FD 02 0D 03 00 00 00 00 00 00 CE 02 D9 02 5A 05 00 00 00 00 00 00 00 00 00 00 00 00 00 00 F2 42 0C 42 

ACQ: 20260430.1040:334 | DATA:
AA 55 00 28 CD 45 6F 54 80 02 E5 41 A4 41 26 02 25 02 06 42 26 43 D2 44 9A 52 7A 54 22 56 00 00 00 00 00 00 00 00 00 00 00 00 00 00 00 00 00 00 00 00 00 00 00 00 00 00 00 00 D6 7C 00 00 00 00 00 00 00 00 00 00 4A 04 00 00 00 00 00 00 66 03 00 00 00 00 00 00 00 00 00 00 

ACQ: 20260430.1040:334 | DATA:
AA 55 00 28 D1 54 8F 63 74 5B 00 00 00 00 C6 01 D0 01 00 00 00 00 00 00 00 00 00 00 00 00 00 00 00 00 00 00 00 00 00 00 00 00 00 00 00 00 00 00 00 00 00 00 00 00 00 00 00 00 36 0E 09 0E E5 0D 61 0D 36 0E B1 0D AA 12 00 00 00 00 00 00 00 00 00 00 00 00 00 00 00 00 00 00 

ACQ: 20260430.1040:334 | DATA:
AA 55 00 28 E9 63 B3 72 54 65 00 00 00 00 00 00 00 00 00 00 00 00 00 00 00 00 00 00 52 04 00 00 00 00 00 00 00 00 00 00 00 00 00 00 3E 0C 00 00 00 00 76 03 00 00 00 00 00 00 00 00 00 00 00 00 00 00 00 00 00 00 00 00 00 00 00 00 00 00 00 00 BA 02 C4 02 C0 02 00 00 00 00 

ACQ: 20260430.1040:334 | DATA:
AA 55 00 28 15 73 D3 81 4E 8B 00 00 00 00 00 00 00 00 00 00 00 00 00 00 00 00 00 00 00 00 00 00 F6 02 0C 03 00 00 00 00 00 00 00 00 00 00 00 00 00 00 00 00 00 00 BE 07 B1 07 D5 07 0E 02 0D 02 0D 02 09 02 09 02 09 02 05 02 05 02 05 02 05 02 05 02 01 02 01 02 01 02 01 02 

ACQ: 20260430.1040:334 | DATA:
AA 55 00 28 35 82 D9 90 F4 10 FD 01 FD 01 DE 01 D5 01 0A 02 0D 02 11 02 1D 02 00 00 00 00 00 00 00 00 00 00 00 00 00 00 00 00 00 00 00 00 00 00 00 00 00 00 00 00 00 00 00 00 42 03 00 00 82 41 A0 41 E0 41 32 3D 00 00 00 00 00 00 00 00 00 00 00 00 00 00 00 00 00 00 00 00 

ACQ: 20260430.1040:334 | DATA:
AA 55 00 28 3B 91 E1 9F 3A 5C 00 00 00 00 00 00 00 00 00 00 00 00 66 45 A4 45 00 00 00 00 00 00 9A 3E F6 41 14 42 F8 42 D2 41 EE 43 00 00 96 42 88 43 00 00 00 00 00 00 00 00 00 00 2A 53 00 00 00 00 00 00 00 00 00 00 00 00 00 00 00 00 00 00 00 00 00 00 00 00 00 00 00 00 

ACQ: 20260430.1040:334 | DATA:
AA 55 00 25 43 A0 B1 AD 33 6C 00 00 00 00 00 00 00 00 00 00 00 00 76 07 00 00 00 00 00 00 00 00 00 00 BA 04 D9 04 00 00 00 00 00 00 00 00 00 00 00 00 00 00 22 06 34 06 28 06 30 06 9E 06 00 00 00 00 00 00 00 00 00 00 B2 03 00 00 EA 0D A4 0D 70 0D 62 1E 

ACQ: 20260430.1040:334 | DATA:
 01 01 11 AE 11 AE 91 F3 3A A7 

ACQ: 20260430.1040:334 | DATA:
 00 28 75 AE 15 09 8B 9B 00 00 00 00 12 0E 00 00 00 00 2E 4F 40 4F 28 4F 0C 4F 46 14 45 14 4D 14 49 14 51 14 55 14 5D 14 71 14 00 00 00 00 CA 4D D1 4D A1 4E F6 47 22 43 7C 42 C0 42 EA 50 35 51 FA 13 F0 13 02 04 00 00 B2 13 F9 13 09 14 19 14 28 14 40 14 00 00 00 00 AA

ACQ: 20260430.1040:446 | DATA:
AA 55 00 28 5D 18 F9 26 D7 02 1E 39 6E 3A C2 46 00 00 00 00 92 44 D0 43 20 43 84 42 8C 41 04 41 62 29 09 29 59 29 B5 29 00 00 00 00 00 00 00 00 00 00 00 00 66 26 4C 26 2C 26 24 26 CD 25 D6 26 9D 26 9D 26 C5 26 65 27 00 00 00 00 00 00 2A 39 1D 39 DC 38 B0 38 7C 38 3C 38 

ACQ: 20260430.1040:446 | DATA:
AA 55 00 28 5B 27 01 36 17 54 20 38 F8 37 D8 37 E2 36 9D 37 7D 37 65 37 4D 37 96 2E FA 31 2E 35 15 36 96 2E 16 2D 65 2D 4A 36 EE 32 06 35 76 2E EA 29 06 37 99 37 85 37 B9 37 8D 37 00 00 00 00 00 00 9A 0E AA 0D 59 0D 8E 0C 2D 0C CD 0B 45 0B 25 0B 0D 0B 01 0B F9 0A FD 0A 

ACQ: 20260430.1040:446 | DATA:
AA 55 00 28 59 36 0F 45 4F 49 FD 0A 0D 0B 1D 0B 35 0B 61 0B D5 0B 86 0C 8D 0C B9 0C E5 0C 35 0D 9D 0D BE 02 B9 02 BD 02 C5 02 C9 02 CD 02 D5 02 DD 02 E1 02 E9 02 F1 02 F9 02 FD 02 0D 03 00 00 00 00 00 00 CE 02 D9 02 5A 05 00 00 00 00 00 00 00 00 00 00 00 00 00 00 EE 42 

ACQ: 20260430.1040:446 | DATA:
AA 55 00 28 71 45 1B 54 7A 15 10 42 ED 41 9C 41 26 02 25 02 02 42 3A 43 B2 44 9A 52 56 54 42 56 DA 57 00 00 00 00 00 00 00 00 00 00 00 00 00 00 00 00 00 00 00 00 00 00 00 00 00 00 76 7D 00 00 00 00 00 00 00 00 00 00 4A 04 00 00 00 00 00 00 66 03 5C 03 00 00 00 00 00 00 

ACQ: 20260430.1040:446 | DATA:
AA 55 00 28 7D 54 2D 63 62 5B 00 00 00 00 00 00 C6 01 D0 01 00 00 00 00 00 00 00 00 00 00 00 00 00 00 00 00 00 00 00 00 00 00 00 00 00 00 00 00 00 00 00 00 00 00 00 00 00 00 00 00 36 0E 09 0E E1 0D 61 0D 2E 0E B1 0D AE 12 00 00 00 00 00 00 00 00 00 00 00 00 00 00 00 00 

ACQ: 20260430.1040:446 | DATA:
AA 55 00 28 8F 63 51 72 AC 65 00 00 00 00 00 00 00 00 00 00 00 00 00 00 00 00 00 00 00 00 52 04 00 00 00 00 00 00 00 00 00 00 00 00 00 00 3A 0C 00 00 00 00 76 03 00 00 00 00 00 00 00 00 00 00 00 00 00 00 00 00 00 00 00 00 00 00 00 00 00 00 00 00 BA 02 C4 02 B8 02 00 00 

ACQ: 20260430.1040:446 | DATA:
AA 55 00 28 B3 72 75 81 4F 88 00 00 00 00 00 00 00 00 00 00 00 00 00 00 00 00 00 00 00 00 00 00 00 00 F6 02 0C 03 00 00 00 00 00 00 00 00 00 00 00 00 00 00 00 00 00 00 BA 07 B1 07 D5 07 0E 02 0D 02 09 02 09 02 09 02 09 02 05 02 05 02 05 02 05 02 05 02 01 02 01 02 01 02 

ACQ: 20260430.1040:446 | DATA:
AA 55 00 28 D7 81 7F 90 75 12 01 02 FD 01 FD 01 DE 01 D5 01 0A 02 0D 02 11 02 1D 02 00 00 00 00 00 00 00 00 00 00 00 00 00 00 00 00 00 00 00 00 00 00 00 00 00 00 00 00 00 00 00 00 42 03 00 00 7E 41 90 41 D0 41 0A 3E 00 00 00 00 00 00 00 00 00 00 00 00 00 00 00 00 00 00 

ACQ: 20260430.1040:446 | DATA:
AA 55 00 28 D7 90 79 9F 92 58 00 00 00 00 00 00 00 00 00 00 00 00 00 00 72 42 CE 45 00 00 00 00 00 00 9E 3E F6 41 F0 41 08 43 CE 41 BA 43 00 00 A0 42 6C 43 00 00 00 00 00 00 00 00 00 00 02 53 00 00 00 00 00 00 00 00 00 00 00 00 00 00 00 00 00 00 00 00 00 00 00 00 00 00 

ACQ: 20260430.1040:446 | DATA:
AA 55 00 26 D9 9F B1 AD C1 56 00 00 00 00 00 00 00 00 00 00 00 00 00 00 72 07 00 00 00 00 00 00 00 00 00 00 BA 04 D5 04 00 00 00 00 00 00 00 00 00 00 00 00 00 00 00 00 36 06 28 06 30 06 96 06 00 00 00 00 00 00 00 00 00 00 B2 03 00 00 E2 0D A4 0D 74 0D 26 1E 

ACQ: 20260430.1040:446 | DATA:
 01 01 11 AE 11 AE 31 C0 9A 94 

ACQ: 20260430.1040:446 | DATA:
 00 28 75 AE 11 09 13 9D 00 00 6A 0E 11 0E 00 00 00 00 42 4F 3C 4F 18 4F 00 4F 4A 14 45 14 4D 14 4D 14 51 14 55 14 5D 14 6D 14 00 00 00 00 CA 4D C5 4D 65 4E A2 48 EE 42 78 42 81 43 AA 50 2D 51 0A 14 EC 13 06 04 00 00 B2 13 F9 13 05 14 15 14 2C 14 34 14 00 00 00 00

ACQ: 20260430.1040:563 | DATA:
AA 55 00 28 73 09 05 18 F6 2B DA 14 C0 14 E4 14 F8 14 18 15 3C 15 64 15 84 15 AC 15 CC 15 00 00 9A 57 95 58 21 59 79 59 4D 5A ED 5A B5 5B 71 5C 39 5D 2D 5E F6 5B 00 00 AE 5E 09 5E CE 5B 00 00 C2 54 6A 56 C6 54 F8 54 86 53 52 50 15 51 81 50 00 00 E6 4C 00 00 00 00 00 00 

ACQ: 20260430.1040:563 | DATA:
AA 55 00 28 65 18 17 27 93 7A CE 38 00 00 9E 46 00 00 00 00 56 44 A0 43 F8 42 5C 42 00 00 1E 41 4A 29 FD 28 8D 29 B1 29 00 00 00 00 00 00 00 00 00 00 00 00 5E 26 38 26 30 26 20 26 09 26 B1 26 99 26 A1 26 D1 26 C0 27 00 00 00 00 00 00 32 39 01 39 C8 38 90 38 64 38 34 38 

ACQ: 20260430.1040:563 | DATA:
AA 55 00 28 6F 27 11 36 00 65 14 38 D8 37 D1 37 9E 36 88 37 75 37 61 37 55 37 96 2E FA 30 9E 33 06 37 D6 2D 19 2D 75 2D 46 32 A6 33 0A 37 56 2B EE 29 46 37 99 37 55 37 F1 37 91 37 C0 37 00 00 00 00 62 0E 92 0D 4D 0D 86 0C 39 0C 7E 0B 3D 0B 1D 0B 0D 0B FD 0A F9 0A FD 0A 

ACQ: 20260430.1040:563 | DATA:
AA 55 00 28 75 36 21 45 2C 4F FD 0A 11 0B 21 0B 41 0B 6D 0B 16 0C 99 0C 95 0C C1 0C F9 0C 45 0D B0 0D BE 02 B9 02 BD 02 C5 02 C9 02 D1 02 D5 02 DD 02 E1 02 E9 02 F1 02 F9 02 01 03 11 03 00 00 00 00 00 00 D2 02 DD 02 66 05 00 00 00 00 00 00 00 00 00 00 00 00 00 00 F2 42 

ACQ: 20260430.1040:563 | DATA:
AA 55 00 28 83 45 23 54 0C 48 D8 41 C5 41 78 41 26 02 25 02 3E 42 4C 43 66 45 16 53 AA 54 52 56 00 00 00 00 00 00 00 00 00 00 00 00 00 00 00 00 00 00 00 00 00 00 00 00 00 00 00 00 7E 7D 00 00 86 09 00 00 00 00 00 00 4E 04 00 00 00 00 46 03 6A 03 00 00 00 00 00 00 00 00 

ACQ: 20260430.1040:563 | DATA:
AA 55 00 28 85 54 33 63 C5 8B 00 00 00 00 00 00 C6 01 D0 01 00 00 00 00 00 00 00 00 00 00 00 00 00 00 00 00 00 00 00 00 00 00 00 00 00 00 00 00 00 00 00 00 00 00 00 00 00 00 00 00 32 0E 05 0E D9 0D 75 0D 01 0E B1 0D B6 12 52 D0 00 00 00 00 00 00 00 00 00 00 00 00 00 00 

ACQ: 20260430.1040:563 | DATA:
AA 55 00 28 97 63 51 72 B0 65 00 00 00 00 00 00 00 00 00 00 00 00 00 00 00 00 00 00 00 00 52 04 00 00 00 00 00 00 00 00 00 00 00 00 00 00 36 0C 00 00 00 00 7A 03 00 00 00 00 00 00 00 00 00 00 00 00 00 00 00 00 00 00 00 00 00 00 00 00 00 00 00 00 BA 02 C4 02 BC 02 00 00 

ACQ: 20260430.1040:563 | DATA:
AA 55 00 28 B3 72 71 81 4B 88 00 00 00 00 00 00 00 00 00 00 00 00 00 00 00 00 00 00 00 00 00 00 00 00 F6 02 0C 03 00 00 00 00 00 00 00 00 00 00 00 00 00 00 00 00 00 00 BE 07 B1 07 D5 07 0E 02 0D 02 0D 02 09 02 09 02 09 02 05 02 05 02 05 02 05 02 05 02 01 02 01 02 01 02 

ACQ: 20260430.1040:563 | DATA:
AA 55 00 28 CB 81 75 90 B1 6D 01 02 FD 01 FD 01 DE 01 D1 01 0A 02 0D 02 11 02 1D 02 00 00 00 00 00 00 00 00 00 00 00 00 00 00 00 00 00 00 00 00 00 00 00 00 00 00 00 00 00 00 00 00 3A 03 00 00 8E 41 84 41 D0 41 40 41 00 00 00 00 00 00 00 00 00 00 00 00 00 00 00 00 00 00 

ACQ: 20260430.1040:563 | DATA:
AA 55 00 28 D7 90 67 9F 6C 5A 00 00 00 00 00 00 00 00 00 00 00 00 00 00 88 41 12 46 00 00 00 00 00 00 8E 3E B2 41 EC 41 00 43 00 42 42 43 00 00 98 42 50 43 00 00 00 00 00 00 00 00 00 00 B6 52 00 00 00 00 00 00 00 00 00 00 00 00 00 00 00 00 00 00 00 00 00 00 00 00 00 00 

ACQ: 20260430.1040:563 | DATA:
 00 26 C9 9F AF AD 9B 5B 00 00 00 00 00 00 00 00 00 00 00 00 00 00 6A 07 00 00 00 00 00 00 00 00 00 00 BA 04 D5 04 00 00 00 00 00 00 00 00 00 00 00 00 00 00 00 00 3A 06 28 06 30 06 92 06 00 00 00 00 00 00 00 00 00 00 B2 03 2A 0E E8 0D A8 0D 7C 0D 46 1D 

ACQ: 20260430.1040:563 | DATA:
 01 01 11 AE 11 AE E9 D1 42 85

ACQ: 20260430.1040:671 | DATA:
AA 55 00 28 75 AE 15 09 1A 9C 00 00 A6 0E 11 0E 00 00 00 00 36 4F 18 4F 1C 4F F4 4E 46 14 45 14 49 14 49 14 51 14 55 14 5D 14 6D 14 00 00 00 00 C2 4D C5 4D 69 4E 6E 48 FA 42 90 42 95 43 D2 50 0D 51 0A 14 EC 13 02 04 00 00 AE 13 F9 13 01 14 10 14 2C 14 38 14 00 00 00 00 

ACQ: 20260430.1040:671 | DATA:
AA 55 00 28 77 09 17 18 E8 2F D8 14 C0 14 E4 14 F8 14 18 15 38 15 64 15 88 15 AC 15 CC 15 00 00 A6 57 C6 58 51 59 75 59 45 5A DD 5A C5 5B 59 5C 39 5D 29 5E AA 5C 00 00 9E 5E FD 5D C6 5B 00 00 AA 54 6E 56 E2 54 F5 54 86 53 AA 50 FD 50 99 50 00 00 4E 4D 00 00 00 00 00 00 

ACQ: 20260430.1040:671 | DATA:
AA 55 00 28 6F 18 05 27 AD 43 12 38 8A 3A B6 46 00 00 00 00 72 44 CC 43 1C 43 6C 42 00 00 06 41 52 29 01 29 79 29 B1 29 00 00 00 00 00 00 00 00 00 00 00 00 5E 26 44 26 28 26 18 26 D5 25 B9 26 9D 26 A5 26 C5 26 89 27 00 00 00 00 00 00 26 39 10 39 C4 38 94 38 70 38 34 38 

ACQ: 20260430.1040:671 | DATA:
AA 55 00 28 67 27 09 36 EF 67 14 38 E0 37 CD 37 DA 36 84 37 79 37 59 37 45 37 8E 2E DA 31 AE 33 EA 36 02 2E 15 2D 69 2D CA 31 8A 33 9A 34 6E 2B EA 29 1A 37 8D 37 41 37 E1 37 85 37 7C 37 00 00 00 00 76 0E 9E 0D 51 0D 96 0C 31 0C A5 0B 41 0B 25 0B 0D 0B 01 0B F9 0A FD 0A 

ACQ: 20260430.1040:671 | DATA:
AA 55 00 28 6B 36 17 45 8A 4E 01 0B 11 0B 21 0B 3D 0B 69 0B 0D 0C 99 0C 95 0C C1 0C F9 0C 45 0D AD 0D BE 02 B9 02 BD 02 C5 02 C9 02 D1 02 D5 02 DD 02 E1 02 E9 02 F1 02 F9 02 01 03 11 03 00 00 00 00 00 00 D2 02 DD 02 62 05 00 00 00 00 00 00 00 00 00 00 00 00 00 00 FA 42 

ACQ: 20260430.1040:671 | DATA:
AA 55 00 28 77 45 29 54 7A 49 E8 41 D1 41 74 41 26 02 25 02 42 42 50 43 C6 45 12 53 B2 54 7E 56 00 00 00 00 00 00 00 00 00 00 00 00 00 00 00 00 00 00 00 00 00 00 00 00 00 00 00 00 36 7C 00 00 92 09 00 00 00 00 00 00 4E 04 00 00 00 00 4A 03 6A 03 00 00 00 00 00 00 00 00 

ACQ: 20260430.1040:671 | DATA:
AA 55 00 28 8B 54 45 63 09 9B 00 00 00 00 00 00 CA 01 D4 01 00 00 00 00 00 00 00 00 00 00 00 00 00 00 00 00 00 00 00 00 00 00 00 00 00 00 00 00 00 00 00 00 00 00 00 00 00 00 00 00 2A 0E 01 0E DD 0D C9 0D AD 0D B5 0D B6 12 E2 C3 00 00 00 00 00 00 00 00 00 00 00 00 00 00 

ACQ: 20260430.1040:671 | DATA:
AA 55 00 28 A7 63 6B 72 2F 64 00 00 00 00 00 00 00 00 00 00 00 00 00 00 00 00 00 00 00 00 5A 04 00 00 00 00 00 00 00 00 00 00 00 00 62 0C 00 00 00 00 72 03 7D 03 00 00 00 00 00 00 00 00 00 00 00 00 00 00 00 00 00 00 00 00 00 00 00 00 00 00 00 00 BA 02 C4 02 00 00 00 00 

ACQ: 20260430.1040:671 | DATA:
AA 55 00 28 C5 72 8D 81 01 8F 00 00 00 00 00 00 00 00 00 00 00 00 00 00 00 00 00 00 00 00 00 00 00 00 FE 02 10 03 00 00 00 00 00 00 00 00 00 00 00 00 00 00 00 00 E6 07 B5 07 B5 07 E0 07 0E 02 0D 02 09 02 09 02 09 02 05 02 05 02 05 02 05 02 05 02 05 02 01 02 01 02 01 02 

ACQ: 20260430.1040:671 | DATA:
 00 28 EF 81 81 90 EA 11 01 02 FD 01 FD 01 DA 01 D1 01 0A 02 0D 02 15 02 20 02 00 00 00 00 00 00 00 00 00 00 00 00 00 00 00 00 00 00 00 00 00 00 00 00 00 00 00 00 00 00 00 00 3E 03 00 00 6E 41 A8 41 C8 41 26 3D 00 00 00 00 00 00 00 00 00 00 00 00 00 00 00 00 00 00 

ACQ: 20260430.1040:671 | DATA:
 00 28 E3 90 7F 9F BA 5D 00 00 00 00 00 00 00 00 00 00 00 00 00 00 3E 45 BC 45 00 00 00 00 00 00 9A 3E EE 41 0C 42 E4 42 DC 41 D6 43 00 00 9E 42 58 43 00 00 00 00 00 00 00 00 00 00 5E 53 00 00 00 00 00 00 00 00 00 00 00 00 00 00 00 00 00 00 00 00 00 00 00 00 00 00

ACQ: 20260430.1040:809 | DATA:
AA 55 00 26 E1 9F B9 AD 85 5E 00 00 00 00 00 00 00 00 00 00 00 00 00 00 7A 07 00 00 00 00 00 00 00 00 00 00 BA 04 D9 04 00 00 00 00 00 00 00 00 00 00 00 00 00 00 22 06 34 06 28 06 30 06 9A 06 00 00 00 00 00 00 00 00 00 00 B2 03 1E 0E E8 0D AC 0D 7C 0D 6E 1E 

ACQ: 20260430.1040:809 | DATA:
AA 55 01 01 11 AE 11 AE 65 FF CE AB 

ACQ: 20260430.1040:809 | DATA:
AA 55 00 28 75 AE 1F 09 C9 9D 00 00 00 00 12 0E 00 00 00 00 36 4F 10 4F 0C 4F 04 4F 4A 14 45 14 49 14 49 14 55 14 55 14 5D 14 69 14 00 00 00 00 B6 4D C1 4D 5D 4E BE 47 22 43 98 42 BC 42 0A 51 25 51 06 14 F0 13 02 04 00 00 B2 13 FD 13 09 14 15 14 2C 14 38 14 00 00 00 00 

ACQ: 20260430.1040:809 | DATA:
AA 55 00 28 77 09 0D 18 68 73 D8 14 C0 14 E4 14 F8 14 18 15 38 15 64 15 88 15 A8 15 CC 15 00 00 92 57 BA 58 45 59 61 59 41 5A 05 5B AD 5B 55 5C 31 5D 2D 5E 3C 5D 2E 5F 38 5F 09 5E D6 5B 00 00 B2 54 5E 56 E2 54 09 55 96 53 86 50 25 51 91 50 00 00 EE 4C 00 00 00 00 00 00 

ACQ: 20260430.1040:809 | DATA:
AA 55 00 28 6F 18 05 27 C6 43 26 38 96 3A B6 46 00 00 00 00 82 44 DC 43 14 43 80 42 00 00 1A 41 52 29 05 29 75 29 B1 29 00 00 00 00 00 00 00 00 00 00 00 00 62 26 40 26 2C 26 28 26 D5 25 CA 26 A1 26 A1 26 C9 26 85 27 00 00 00 00 00 00 32 39 10 39 C8 38 9C 38 74 38 34 38 

ACQ: 20260430.1040:809 | DATA:
AA 55 00 28 67 27 09 36 A9 65 18 38 E4 37 D9 37 F0 36 84 37 7D 37 5D 37 4D 37 8E 2E EA 31 9E 33 EE 36 02 2E 11 2D 71 2D 0E 32 AA 33 85 34 6E 2B EA 29 2E 37 8D 37 55 37 E5 37 C5 37 FC 37 00 00 00 00 5E 0E 96 0D 4D 0D A2 0C 39 0C 66 0B 35 0B 19 0B 05 0B FD 0A FD 0A F9 0A 

ACQ: 20260430.1040:809 | DATA:
AA 55 00 28 6B 36 1D 45 5E 4E 01 0B 15 0B 29 0B 4D 0B 81 0B 4E 0C 95 0C 9D 0C CD 0C 09 0D 55 0D BC 0D BA 02 B9 02 BD 02 C5 02 C9 02 D1 02 D5 02 DD 02 E1 02 E9 02 F1 02 F9 02 01 03 11 03 00 00 00 00 00 00 D2 02 DD 02 6A 05 00 00 00 00 00 00 00 00 00 00 00 00 00 00 06 43 

ACQ: 20260430.1040:809 | DATA:
AA 55 00 28 7F 45 2D 54 F8 4E F0 41 CD 41 58 41 26 02 29 02 4A 42 72 43 C6 45 1A 53 B2 54 6E 56 00 00 00 00 00 00 00 00 00 00 00 00 00 00 00 00 00 00 00 00 00 00 00 00 00 00 00 00 BE 7B 00 00 9A 09 00 00 00 00 00 00 52 04 00 00 00 00 4A 03 6E 03 00 00 00 00 00 00 00 00 

ACQ: 20260430.1040:809 | DATA:
AA 55 00 28 8F 54 45 63 C9 9B 00 00 00 00 00 00 CA 01 D4 01 00 00 00 00 00 00 00 00 00 00 00 00 00 00 00 00 00 00 00 00 00 00 00 00 00 00 00 00 00 00 00 00 00 00 00 00 00 00 00 00 2A 0E 05 0E DD 0D C9 0D A9 0D B5 0D B6 12 26 C3 00 00 00 00 00 00 00 00 00 00 00 00 00 00 

ACQ: 20260430.1040:809 | DATA:
AA 55 00 28 9F 63 63 72 5B 64 00 00 00 00 00 00 00 00 00 00 00 00 00 00 00 00 00 00 00 00 56 04 00 00 00 00 00 00 00 00 00 00 00 00 00 00 36 0C 00 00 6E 03 7D 03 00 00 00 00 00 00 00 00 00 00 00 00 00 00 00 00 00 00 00 00 00 00 00 00 00 00 00 00 BA 02 C4 02 00 00 00 00 

ACQ: 20260430.1040:809 | DATA:
 00 28 C5 72 81 81 39 8F 00 00 00 00 00 00 00 00 00 00 00 00 00 00 00 00 00 00 00 00 00 00 00 00 FA 02 10 03 00 00 00 00 00 00 00 00 00 00 00 00 00 00 00 00 E6 07 B5 07 B5 07 DC 07 0E 02 0D 02 09 02 09 02 09 02 09 02 05 02 05 02 05 02 05 02 05 02 01 02 01 02 01 02 

ACQ: 20260430.1040:809 | DATA:
 00 28 E3 81 81 90 46 12 01 02 FD 01 FD 01 DA 01 D1 01 0A 02 0D 02 15 02 20 02 00 00 00 00 00 00 00 00 00 00 00 00 00 00 00 00 00 00 00 00 00 00 00 00 00 00 00 00 00 00 00 00 42 03 00 00 6E 41 B0 41 00 42 2A 3D 00 00 00 00 00 00 00 00 00 00 00 00 00 00 00 00 00 00

ACQ: 20260430.1040:914 | DATA:
AA 55 00 28 E3 90 79 9F 16 19 00 00 00 00 00 00 00 00 00 00 00 00 00 00 BA 45 B4 45 00 00 00 00 00 00 D2 3E FE 41 10 42 E8 42 D0 41 02 44 64 43 94 42 AC 43 00 00 00 00 00 00 00 00 00 00 72 53 00 00 00 00 00 00 00 00 00 00 00 00 00 00 00 00 00 00 00 00 00 00 00 00 00 00 

ACQ: 20260430.1040:914 | DATA:
AA 55 00 26 D9 9F CB AD 31 78 00 00 00 00 00 00 00 00 00 00 00 00 00 00 7E 07 00 00 00 00 00 00 00 00 00 00 BE 04 DC 04 00 00 00 00 00 00 00 00 00 00 00 00 00 00 32 06 30 06 25 06 3C 06 AA 06 00 00 00 00 00 00 00 00 00 00 B2 03 0E 0E DC 0D A4 0D 02 13 E2 26 

ACQ: 20260430.1040:914 | DATA:
AA 55 01 01 2D AE 2D AE AB 54 00 00 

ACQ: 20260430.1040:914 | DATA:
AA 55 00 28 85 AE 2F 09 19 99 00 00 4A 0E 15 0E 00 00 00 00 22 4F 0C 4F 0C 4F 04 4F 46 14 45 14 49 14 49 14 55 14 55 14 59 14 71 14 00 00 36 4E B9 4D A5 4D AD 4D 0A 44 00 00 72 42 0C 43 F6 50 31 51 EA 13 F8 13 02 04 00 00 BE 13 FD 13 0D 14 21 14 34 14 34 14 00 00 00 00 

ACQ: 20260430.1040:914 | DATA:
AA 55 00 28 91 09 17 18 5C 0B C8 14 C8 14 EC 14 F8 14 20 15 40 15 6C 15 8C 15 B4 15 E0 15 00 00 DE 57 C9 58 51 59 D1 59 7D 5A 2D 5B D1 5B C9 5C 79 5D 69 5E 00 00 74 5E 5E 60 E6 5D A2 5B 00 00 92 54 9E 56 96 54 C4 54 32 53 32 05 22 51 6D 50 00 00 00 00 00 00 00 00 00 00 

ACQ: 20260430.1040:914 | DATA:
AA 55 00 28 77 18 05 27 DA 78 EA 38 00 00 9A 46 00 00 00 00 62 44 C4 43 0C 43 68 42 00 00 26 41 4E 29 F9 28 89 29 B1 29 00 00 00 00 00 00 00 00 00 00 00 00 5E 26 44 26 24 26 24 26 DD 25 B5 26 A1 26 A1 26 CD 26 99 27 00 00 00 00 00 00 36 39 15 39 D0 38 94 38 6C 38 34 38 

ACQ: 20260430.1040:914 | DATA:
AA 55 00 28 67 27 09 36 37 57 10 38 DC 37 CD 37 E0 36 8C 37 79 37 5D 37 55 37 9A 2E EE 31 8A 33 F2 36 F2 2D 11 2D 6D 2D 2A 32 B2 33 C6 34 72 2B EA 29 36 37 95 37 71 37 BD 37 54 37 00 00 00 00 00 00 6E 0E 8E 0D 4D 0D 3E 0C 32 0B 09 0B F1 0A E5 0A DD 0A E1 0A E9 0A F9 0A 

ACQ: 20260430.1040:914 | DATA:
AA 55 00 28 6B 36 23 45 06 48 11 0B 29 0B 59 0B F1 0B 6D 0C 89 0C 95 0C B1 0C DD 0C 21 0D 6D 0D C9 0D BA 02 B9 02 BD 02 C5 02 C9 02 D1 02 D5 02 DD 02 E1 02 E9 02 F1 02 F9 02 01 03 11 03 00 00 00 00 00 00 D2 02 DD 02 66 05 00 00 00 00 00 00 00 00 00 00 00 00 00 00 FE 42 

ACQ: 20260430.1040:914 | DATA:
AA 55 00 28 7D 45 29 54 F2 4E F8 41 C9 41 64 41 26 02 29 02 3A 42 5E 43 1A 45 0A 53 CE 54 56 56 00 00 00 00 00 00 00 00 00 00 00 00 00 00 00 00 00 00 00 00 00 00 00 00 00 00 00 00 42 7B 00 00 96 09 00 00 00 00 00 00 4E 04 00 00 00 00 4A 03 6A 03 00 00 00 00 00 00 00 00 

ACQ: 20260430.1040:914 | DATA:
AA 55 00 28 81 54 3D 63 C7 94 00 00 00 00 00 00 CA 01 D4 01 00 00 00 00 00 00 00 00 00 00 00 00 00 00 00 00 00 00 00 00 00 00 00 00 00 00 00 00 00 00 00 00 00 00 00 00 00 00 00 00 2E 0E 05 0E DD 0D 99 0D A5 0D B5 0D AA 12 1A CC 00 00 00 00 00 00 00 00 00 00 00 00 00 00 

ACQ: 20260430.1040:914 | DATA:
 00 28 9F 63 63 72 32 67 00 00 00 00 00 00 00 00 00 00 00 00 00 00 00 00 00 00 00 00 56 04 00 00 00 00 00 00 00 00 00 00 00 00 00 00 36 0C 00 00 00 00 7A 03 00 00 00 00 00 00 00 00 00 00 00 00 00 00 00 00 00 00 00 00 00 00 00 00 00 00 00 00 BA 02 C4 02 00 00 00 00 

ACQ: 20260430.1040:914 | DATA:
 00 28 C5 72 83 81 3B 8F 00 00 00 00 00 00 00 00 00 00 00 00 00 00 00 00 00 00 00 00 00 00 00 00 FA 02 10 03 00 00 00 00 00 00 00 00 00 00 00 00 00 00 00 00 E6 07 B5 07 B5 07 DC 07 0E 02 0D 02 09 02 09 02 09 02 09 02 05 02 05 02 05 02 05 02 05 02 01 02 01 02 01 02

ACQ: 20260430.1040:25 | DATA:
AA 55 00 28 E5 81 8B 90 3A 12 01 02 FD 01 FD 01 DA 01 D1 01 0A 02 0D 02 15 02 20 02 00 00 00 00 00 00 00 00 00 00 00 00 00 00 00 00 00 00 00 00 00 00 00 00 00 00 00 00 00 00 00 00 42 03 00 00 56 41 CC 41 28 42 36 3D 00 00 00 00 00 00 00 00 00 00 00 00 00 00 00 00 00 00 

ACQ: 20260430.1040:25 | DATA:
AA 55 00 28 EB 90 99 9F 46 1B 00 00 00 00 00 00 00 00 00 00 00 00 0A 40 1E 46 68 45 00 00 00 00 00 00 16 3F 02 42 3C 42 CC 42 CC 41 9A 44 56 43 A0 42 00 00 00 00 00 00 00 00 00 00 00 00 A6 53 00 00 00 00 00 00 00 00 00 00 00 00 00 00 00 00 00 00 00 00 00 00 00 00 00 00 

ACQ: 20260430.1040:25 | DATA:
AA 55 00 26 F1 9F CB AD 25 7F 00 00 00 00 00 00 00 00 00 00 00 00 00 00 7E 07 00 00 00 00 00 00 00 00 00 00 C2 04 DC 04 00 00 00 00 00 00 00 00 00 00 00 00 00 00 32 06 30 06 29 06 34 06 AA 06 00 00 00 00 00 00 00 00 00 00 BA 03 0A 0E 7A 05 96 0D AA 13 96 29 

ACQ: 20260430.1040:25 | DATA:
AA 55 01 01 2D AE 2D AE AB 54 00 00 

ACQ: 20260430.1040:25 | DATA:
AA 55 00 28 8F AE 35 09 4D 9D 00 00 2E 0E 15 0E 00 00 00 00 3A 4F 28 4F 14 4F F4 4E 46 14 45 14 49 14 49 14 55 14 55 14 51 14 85 14 00 00 3A 4E BD 4D C9 4D C5 4D BA 42 00 00 70 42 D2 46 12 51 3D 51 EA 13 00 00 FE 03 9A 13 BC 13 F5 13 11 14 29 14 30 14 30 14 00 00 00 00 

ACQ: 20260430.1040:25 | DATA:
AA 55 00 28 97 09 1B 18 65 62 C4 14 C8 14 EC 14 00 15 24 15 48 15 70 15 90 15 B8 15 00 00 00 00 0A 58 E9 58 65 59 D9 59 A5 5A 65 5B A9 5B FE 5C 91 5D 65 5E 00 00 68 5F FD 5E 7A 5D 5A 5B 00 00 CA 54 E6 56 C2 54 45 54 EA 52 3A 05 12 51 6D 50 00 00 1A 4C 00 00 00 00 00 00 

ACQ: 20260430.1040:25 | DATA:
AA 55 00 28 7B 18 1F 27 06 74 46 39 32 47 70 46 00 00 96 44 40 44 80 43 DC 42 58 42 00 00 22 41 3E 29 05 29 9D 29 C9 29 00 00 00 00 00 00 00 00 00 00 00 00 62 26 34 26 24 26 E0 25 49 26 A1 26 99 26 AD 26 E5 26 52 28 00 00 00 00 00 00 2A 39 F4 38 B0 38 80 38 68 38 2C 38 

ACQ: 20260430.1040:25 | DATA:
AA 55 00 28 81 27 3F 36 0D 43 10 38 D4 37 C0 37 20 37 7C 37 71 37 61 37 C4 36 B2 31 E1 30 F2 33 8E 30 6E 2D 0D 2D A9 2D EE 36 22 34 D9 34 9A 2A F9 29 96 37 A1 37 75 37 9D 37 D0 37 00 00 00 00 46 0B 09 0B E1 0A CD 0A C5 0A C1 0A C5 0A C9 0A DD 0A F5 0A 1D 0B 5D 0B 0A 0C 

ACQ: 20260430.1040:25 | DATA:
AA 55 00 28 97 36 4D 45 7D 05 71 0C 85 0C 85 0C 85 0C 8D 0C 9D 0C B9 0C E1 0C 1D 0D 61 0D AD 0D C6 02 B9 02 BD 02 C1 02 C5 02 CD 02 D1 02 D9 02 DD 02 E5 02 ED 02 F5 02 FD 02 09 03 1C 03 00 00 00 00 CA 02 D5 02 52 05 00 00 00 00 00 00 00 00 00 00 00 00 00 00 02 43 E4 42 

ACQ: 20260430.1040:25 | DATA:
AA 55 00 28 AF 45 55 54 E3 09 D5 41 B1 41 26 02 25 02 76 41 E2 42 36 44 00 00 F2 53 6A 55 E6 56 00 00 00 00 00 00 00 00 00 00 00 00 00 00 00 00 00 00 00 00 00 00 00 00 00 00 00 00 D6 7B 00 00 9E 09 00 00 00 00 36 04 5A 04 00 00 00 00 56 03 7A 03 00 00 00 00 00 00 00 00 

ACQ: 20260430.1040:25 | DATA:
 00 28 B7 54 69 63 C0 88 00 00 00 00 00 00 CE 01 D4 01 00 00 00 00 00 00 00 00 00 00 00 00 00 00 00 00 00 00 00 00 00 00 00 00 00 00 00 00 00 00 00 00 00 00 00 00 00 00 1E 0E 1D 0E ED 0D 01 0E C9 0D A9 0D B1 0D BA 12 2A DE 00 00 00 00 00 00 00 00 00 00 00 00 00 00 

ACQ: 20260430.1040:25 | DATA:
 00 28 CB 63 7D 72 AC 60 00 00 00 00 00 00 00 00 00 00 00 00 00 00 00 00 00 00 3E 04 54 04 00 00 00 00 00 00 00 00 00 00 00 00 4E 0C 00 00 00 00 6E 03 80 03 00 00 00 00 00 00 00 00 00 00 00 00 00 00 00 00 00 00 00 00 00 00 00 00 00 00 00 00 BE 02 C4 02 00 00 00 00

ACQ: 20260430.1040:131 | DATA:
AA 55 00 28 E1 72 A1 81 AD 8E 00 00 00 00 00 00 00 00 00 00 00 00 00 00 00 00 00 00 00 00 00 00 00 00 02 03 10 03 00 00 00 00 00 00 00 00 00 00 00 00 00 00 00 00 DA 07 AD 07 C1 07 E8 07 0E 02 0D 02 09 02 09 02 09 02 05 02 05 02 05 02 05 02 05 02 05 02 01 02 01 02 01 02 

ACQ: 20260430.1040:131 | DATA:
AA 55 00 28 03 82 A5 90 90 52 01 02 FD 01 F9 01 D6 01 D9 01 0A 02 0D 02 15 02 20 02 00 00 00 00 00 00 00 00 00 00 00 00 00 00 00 00 00 00 00 00 00 00 00 00 00 00 00 00 00 00 00 00 00 00 00 00 4E 41 00 00 30 42 DA 3C 00 00 00 00 00 00 00 00 00 00 00 00 00 00 00 00 00 00 

ACQ: 20260430.1040:131 | DATA:
AA 55 00 28 FD 90 A3 9F 0C 18 00 00 00 00 00 00 00 00 00 00 00 00 06 40 82 46 1A 45 00 00 00 00 00 00 EE 3F EA 41 A0 42 84 42 F4 41 16 45 CA 42 C4 42 00 00 00 00 00 00 00 00 00 00 00 00 AA 53 00 00 00 00 00 00 00 00 00 00 00 00 00 00 00 00 00 00 00 00 00 00 00 00 00 00 

ACQ: 20260430.1040:131 | DATA:
AA 55 00 26 05 A0 E5 AD AF 5F 00 00 00 00 00 00 00 00 00 00 00 00 00 00 7E 07 00 00 00 00 00 00 00 00 00 00 CA 04 E4 04 00 00 00 00 00 00 00 00 00 00 00 00 00 00 36 06 2C 06 29 06 00 00 AE 06 00 00 00 00 00 00 00 00 00 00 BE 03 02 0E 86 07 7E 0D 22 16 4E 37 

ACQ: 20260430.1040:131 | DATA:
AA 55 01 01 47 AE 47 AE AB 54 00 00 

ACQ: 20260430.1040:131 | DATA:
AA 55 00 28 AB AE 4F 09 31 CD 00 00 0E 0E 21 0E 00 00 00 00 46 4F 24 4F 24 4F 3A 14 49 14 49 14 49 14 51 14 51 14 59 14 49 14 DD 14 00 00 02 4E C5 4D E9 4D 8A 4A AA 42 00 00 F8 42 5E 4C 32 51 29 51 F2 13 00 00 02 04 B2 13 D9 13 F9 13 15 14 34 14 40 14 18 14 00 00 00 00 

ACQ: 20260430.1040:131 | DATA:
AA 55 00 28 B1 09 47 18 2D 79 BE 14 D8 14 F0 14 08 15 30 15 58 15 7C 15 98 15 C0 15 00 00 00 00 4A 58 FD 58 75 59 11 5A C5 5A 7D 5B E5 5B E5 5C E5 5D 0D 5E 00 00 44 5E 95 5E 6A 5C 4A 5B AA 54 FE 55 E4 54 31 55 6E 53 3A 52 89 51 8D 50 00 00 00 00 00 00 00 00 00 00 00 00 

ACQ: 20260430.1040:131 | DATA:
AA 55 00 28 A9 18 53 27 10 26 62 39 EE 46 00 00 00 00 B2 44 F8 43 58 43 9C 42 FC 41 E0 40 76 29 19 29 35 29 B1 29 00 00 00 00 00 00 00 00 00 00 00 00 00 00 46 26 28 26 2C 26 DD 25 C5 26 A5 26 9D 26 C1 26 45 27 00 00 00 00 00 00 2A 39 25 39 D4 38 A0 38 74 38 44 38 18 38 

ACQ: 20260430.1040:131 | DATA:
AA 55 00 28 AB 27 59 36 76 72 F8 37 D1 37 54 37 85 37 65 37 61 37 4D 37 CA 2E 6E 32 6E 33 E4 33 56 2F 52 2D 51 2D 7A 30 51 31 6A 35 DE 30 E6 29 DE 36 95 37 B5 37 C5 37 79 37 16 0B C9 0A A5 0A 9D 0A 9D 0A 89 0A 81 0A 81 0A 85 0A 81 0A 85 0A 89 0A 89 0A 91 0A 99 0A A5 0A 

ACQ: 20260430.1040:131 | DATA:
AA 55 00 28 BB 36 69 45 7A 07 AD 0A C1 0A CD 0A E5 0A FD 0A 19 0B 3D 0B 69 0B 52 0D 8D 0D E1 0D BE 02 B9 02 BD 02 C5 02 C9 02 CD 02 D5 02 DD 02 E1 02 E9 02 F1 02 F9 02 FD 02 0D 03 00 00 00 00 00 00 CE 02 D9 02 5A 05 00 00 00 00 00 00 00 00 00 00 00 00 00 00 0A 43 0C 42 

ACQ: 20260430.1040:131 | DATA:
 00 28 CB 45 79 54 64 5F E5 41 84 41 26 02 25 02 F6 41 3A 43 B6 44 CE 52 A2 54 42 56 AE 57 00 00 00 00 00 00 00 00 00 00 00 00 00 00 00 00 00 00 00 00 00 00 00 00 00 00 AA 7C 00 00 62 09 00 00 00 00 00 00 4A 04 00 00 00 00 00 00 66 03 00 00 00 00 00 00 00 00 00 00 

ACQ: 20260430.1040:131 | DATA:
 00 28 DB 54 8F 63 77 94 00 00 00 00 C6 01 D0 01 00 00 00 00 00 00 00 00 00 00 00 00 00 00 00 00 00 00 00 00 00 00 00 00 00 00 00 00 00 00 00 00 00 00 00 00 00 00 00 00 32 0E 09 0E DD 0D 71 0D 01 0E B1 0D AA 12 12 CF 00 00 00 00 00 00 00 00 00 00 00 00 00 00 00 00

ACQ: 20260430.1040:236 | DATA:
AA 55 00 28 F1 63 C5 72 FE 67 00 00 00 00 00 00 00 00 00 00 00 00 00 00 00 00 00 00 52 04 00 00 00 00 00 00 00 00 00 00 00 00 00 00 36 0C 00 00 00 00 7A 03 00 00 00 00 00 00 00 00 00 00 00 00 00 00 00 00 00 00 00 00 00 00 00 00 00 00 00 00 BA 02 C4 02 00 00 00 00 00 00 

ACQ: 20260430.1040:236 | DATA:
AA 55 00 28 29 73 EF 81 8E 8C 00 00 00 00 00 00 00 00 00 00 00 00 00 00 00 00 00 00 00 00 00 00 FE 02 10 03 00 00 00 00 00 00 00 00 00 00 00 00 00 00 00 00 E2 07 B1 07 B9 07 E0 07 0E 02 0D 02 09 02 09 02 09 02 09 02 05 02 05 02 05 02 05 02 05 02 01 02 01 02 01 02 01 02 

ACQ: 20260430.1040:236 | DATA:
AA 55 00 28 47 82 EB 90 F1 13 FD 01 FD 01 DA 01 D1 01 0A 02 0D 02 15 02 20 02 00 00 00 00 00 00 00 00 00 00 00 00 00 00 00 00 00 00 00 00 00 00 00 00 00 00 00 00 00 00 00 00 42 03 00 00 56 41 C0 41 18 42 02 3D 00 00 00 00 00 00 00 00 00 00 00 00 00 00 00 00 00 00 00 00 

ACQ: 20260430.1040:236 | DATA:
AA 55 00 28 4D 91 F1 9F 8C 66 00 00 00 00 00 00 00 00 00 00 CE 3F E6 45 68 45 00 00 00 00 00 00 06 3F 1E 42 34 42 D0 42 CC 41 92 44 4E 43 A8 42 00 00 00 00 00 00 00 00 00 00 00 00 9E 53 00 00 00 00 00 00 00 00 00 00 00 00 00 00 00 00 00 00 00 00 00 00 00 00 00 00 00 00 

ACQ: 20260430.1040:236 | DATA:
AA 55 00 25 55 A0 CB AD B5 46 00 00 00 00 00 00 00 00 00 00 00 00 7A 07 00 00 00 00 00 00 00 00 00 00 BE 04 DC 04 00 00 00 00 00 00 00 00 00 00 00 00 00 00 2E 06 30 06 25 06 3C 06 A6 06 00 00 00 00 00 00 00 00 00 00 B2 03 0E 0E DC 0D A0 0D 96 12 6E 25 

ACQ: 20260430.1040:236 | DATA:
AA 55 01 01 23 AE 23 AE AB 54 00 00 

ACQ: 20260430.1040:236 | DATA:
AA 55 00 28 87 AE 2F 09 57 97 00 00 4A 0E 15 0E 00 00 00 00 3A 4F 40 4F 30 4F 18 4F 4A 14 49 14 49 14 4D 14 55 14 55 14 59 14 7D 14 00 00 82 4E C5 4D CD 4D 35 4E 1A 44 00 00 BC 44 62 4F FE 50 2D 51 EE 13 00 00 02 04 86 13 BD 13 01 14 09 14 18 14 38 14 2C 14 00 00 00 00 

ACQ: 20260430.1040:236 | DATA:
AA 55 00 28 89 09 23 18 48 6E C4 14 C4 14 EC 14 FC 14 20 15 40 15 6C 15 90 15 B0 15 00 00 00 00 F6 57 CD 58 35 59 B5 59 79 5A 29 5B C5 5B B5 5C A1 5D 31 5E 00 00 64 5D BD 5E 7A 5D 6E 5B 00 00 CA 54 CA 56 A2 54 61 54 F6 52 36 05 0E 51 7D 50 00 00 C2 4C 00 00 00 00 00 00 

ACQ: 20260430.1040:236 | DATA:
AA 55 00 28 85 18 25 27 3B 75 2A 39 56 47 7C 46 00 00 92 44 54 44 B0 43 E8 42 58 42 00 00 16 41 42 29 FD 28 A1 29 B5 29 00 00 00 00 00 00 00 00 00 00 00 00 5E 26 40 26 24 26 F0 25 41 26 A5 26 9D 26 A9 26 E1 26 0E 28 00 00 00 00 00 00 2E 39 F5 38 BC 38 84 38 6C 38 30 38 

ACQ: 20260430.1040:236 | DATA:
 00 28 87 27 2D 36 B1 45 0C 38 D0 37 B8 37 EC 36 78 37 6D 37 55 37 3C 37 F2 30 E5 30 1E 34 D2 30 72 2D 15 2D 8D 2D D6 36 96 33 02 35 DE 2A F9 29 52 37 91 37 65 37 ED 37 E0 37 AA 0A 91 0A 75 0A 6D 0A 5D 0A 51 0A 4D 0A 4D 0A 4D 0A 4D 0A 55 0A 5D 0A 6D 0A 79 0A 89 0A 

ACQ: 20260430.1040:236 | DATA:
 00 28 8F 36 3F 45 05 05 A1 0A C5 0A 82 0C 95 0C 9D 0C B5 0C DD 0C 11 0D 51 0D 8D 0D C9 0D C6 02 B9 02 BD 02 C1 02 C5 02 CD 02 D1 02 D9 02 DD 02 E5 02 ED 02 F5 02 F9 02 05 03 19 03 00 00 00 00 CA 02 D5 02 4A 05 00 00 00 00 00 00 00 00 00 00 00 00 00 00 02 43 0C 43

ACQ: 20260430.1040:353 | DATA:
AA 55 00 28 A1 45 51 54 85 0E F9 41 B9 41 26 02 25 02 5A 41 B2 42 FE 43 00 00 1A 54 36 55 16 57 00 00 00 00 00 00 00 00 00 00 00 00 00 00 00 00 00 00 00 00 00 00 00 00 00 00 00 00 6A 7D 00 00 9A 09 00 00 00 00 3A 04 5E 04 00 00 00 00 5A 03 7E 03 00 00 00 00 00 00 00 00 

ACQ: 20260430.1040:353 | DATA:
AA 55 00 28 B3 54 7B 63 F7 3D 00 00 00 00 00 00 CE 01 00 00 00 00 00 00 00 00 00 00 00 00 00 00 00 00 00 00 00 00 00 00 00 00 00 00 00 00 00 00 00 00 00 00 00 00 00 00 00 00 2E 0E 15 0E BD 0D FD 0D E5 0D AD 0D E6 11 8E 67 00 00 00 00 00 00 00 00 00 00 00 00 00 00 00 00 

ACQ: 20260430.1040:353 | DATA:
AA 55 00 28 D5 63 A1 72 E6 66 00 00 00 00 00 00 00 00 00 00 00 00 00 00 00 00 00 00 4A 04 00 00 00 00 00 00 00 00 00 00 00 00 00 00 3E 0C 00 00 00 00 72 03 88 03 00 00 00 00 00 00 00 00 00 00 00 00 00 00 00 00 00 00 00 00 00 00 00 00 00 00 B6 02 C0 02 C0 02 00 00 00 00 

ACQ: 20260430.1040:353 | DATA:
AA 55 00 28 05 73 C1 81 30 8B 00 00 00 00 00 00 00 00 00 00 00 00 00 00 00 00 00 00 00 00 00 00 F2 02 08 03 00 00 00 00 00 00 00 00 00 00 00 00 00 00 00 00 00 00 C6 07 AD 07 CD 07 0E 02 0D 02 0D 02 09 02 09 02 09 02 05 02 05 02 05 02 05 02 05 02 01 02 01 02 01 02 01 02 

ACQ: 20260430.1040:353 | DATA:
AA 55 00 28 23 82 C9 90 AD 54 01 02 FD 01 E9 01 D1 01 0A 02 09 02 11 02 19 02 00 00 00 00 00 00 00 00 00 00 00 00 00 00 00 00 00 00 00 00 00 00 00 00 00 00 00 00 00 00 00 00 32 03 00 00 00 00 32 41 00 00 68 41 4A 3B 00 00 00 00 00 00 00 00 00 00 00 00 00 00 00 00 00 00 

ACQ: 20260430.1040:353 | DATA:
AA 55 00 28 29 91 C7 9F BC 4E 00 00 00 00 00 00 00 00 00 00 00 00 2A 41 4A 46 00 00 00 00 00 00 62 3E 66 41 F4 41 16 43 00 42 04 43 96 44 92 42 08 43 00 00 00 00 00 00 00 00 00 00 AA 52 DC 51 00 00 00 00 00 00 00 00 00 00 00 00 00 00 00 00 00 00 00 00 00 00 00 00 00 00 

ACQ: 20260430.1040:353 | DATA:
AA 55 00 25 29 A0 AF AD DB 61 00 00 00 00 00 00 00 00 00 00 00 00 66 07 00 00 00 00 00 00 00 00 00 00 B2 04 D5 04 00 00 00 00 00 00 00 00 00 00 00 00 00 00 00 00 3A 06 28 06 30 06 8E 06 9C 06 00 00 00 00 00 00 00 00 AE 03 2A 0E E8 0D A4 0D 7C 0D 72 1D 

ACQ: 20260430.1040:353 | DATA:
AA 55 01 01 11 AE 11 AE 59 D3 F2 87 

ACQ: 20260430.1040:353 | DATA:
AA 55 00 28 75 AE 27 09 14 D1 00 00 A6 0E 11 0E 00 00 00 00 76 4F 40 4F 48 4F 2C 4F 4A 14 45 14 49 14 49 14 51 14 55 14 5D 14 71 14 00 00 00 00 D6 4D CD 4D 59 4E BA 46 00 00 CA 42 15 43 FE 50 29 51 FA 13 F8 13 02 04 00 00 C2 13 F9 13 FD 13 18 14 30 14 30 14 00 00 00 00 

ACQ: 20260430.1040:353 | DATA:
AA 55 00 28 89 09 1B 18 1A 6B C8 14 C0 14 E8 14 F8 14 1C 15 3C 15 68 15 8C 15 AC 15 DC 15 00 00 D2 57 D5 58 61 59 D1 59 8D 5A 55 5B C5 5B D1 5C A1 5D 51 5E 00 00 00 00 B9 5E A5 5D 8A 5B 00 00 C6 54 B6 56 7E 54 AC 54 42 53 32 05 06 51 81 50 FA 4D 3C 4D 00 00 00 00 00 00 

ACQ: 20260430.1040:353 | DATA:
AA 55 00 28 7D 18 0D 27 67 7B 32 39 00 00 9E 46 00 00 00 00 66 44 C8 43 04 43 64 42 00 00 32 41 56 29 09 29 91 29 BD 29 00 00 00 00 00 00 00 00 00 00 00 00 66 26 38 26 2C 26 20 26 1D 26 AD 26 9D 26 A5 26 D1 26 CA 27 00 00 00 00 00 00 36 39 01 39 C8 38 90 38 70 38 40 38 

ACQ: 20260430.1040:353 | DATA:
 00 28 6F 27 1B 36 5C 59 18 38 D0 37 D5 37 A6 36 7C 37 79 37 5D 37 4D 37 36 2F DE 30 9A 33 69 33 CA 2D 19 2D 75 2D A6 32 85 33 06 37 46 2B F2 29 42 37 89 37 51 37 E1 37 B9 37 96 0A 71 0A 59 0A 41 0A 29 0A 19 0A 11 0A 05 0A 01 0A FD 09 FD 09 01 0A 05 0A 0D 0A 11 0A 

ACQ: 20260430.1040:353 | DATA:
 00 28 75 36 35 45 7B 4A 25 0A 35 0A 59 0A 62 0C 99 0C B1 0C D1 0C 01 0D 41 0D 81 0D BD 0D 2C 0E BA 02 BD 02 BD 02 C5 02 C9 02 D1 02 D5 02 DD 02 E5 02 E9 02 F1 02 F9 02 01 03 15 03 00 00 00 00 00 00 D2 02 3E 05 7E 05 00 00 00 00 00 00 00 00 00 00 00 00 00 00 FE 42

ACQ: 20260430.1040:460 | DATA:
AA 55 00 28 8F 45 43 54 D6 4F F5 41 D9 41 44 41 26 02 22 41 62 42 82 43 00 00 7E 53 12 55 E6 56 00 00 00 00 00 00 00 00 00 00 00 00 00 00 00 00 00 00 00 00 00 00 00 00 00 00 00 00 46 7D 00 00 9A 09 00 00 00 00 00 00 56 04 00 00 00 00 4E 03 72 03 00 00 00 00 00 00 00 00 

ACQ: 20260430.1040:460 | DATA:
AA 55 00 28 A5 54 57 63 CB 9B 00 00 00 00 00 00 CA 01 D4 01 00 00 00 00 00 00 00 00 00 00 00 00 00 00 00 00 00 00 00 00 00 00 00 00 00 00 00 00 00 00 00 00 00 00 00 00 00 00 16 03 26 0E FD 0D E5 0D C9 0D B1 0D B1 0D B2 12 DE C3 00 00 00 00 00 00 00 00 00 00 00 00 00 00 

ACQ: 20260430.1040:460 | DATA:
AA 55 00 28 B9 63 7D 72 EE 64 00 00 00 00 00 00 00 00 00 00 00 00 00 00 00 00 00 00 00 00 5A 04 00 00 00 00 00 00 00 00 00 00 00 00 4E 0C 00 00 00 00 6E 03 80 03 00 00 00 00 00 00 00 00 00 00 00 00 00 00 00 00 00 00 00 00 00 00 00 00 00 00 00 00 BE 02 C4 02 00 00 00 00 

ACQ: 20260430.1040:460 | DATA:
AA 55 00 28 E1 72 A1 81 D9 8E 00 00 00 00 00 00 00 00 00 00 00 00 00 00 00 00 00 00 00 00 00 00 00 00 02 03 14 03 00 00 00 00 00 00 00 00 00 00 00 00 00 00 00 00 DA 07 AD 07 BD 07 E4 07 0E 02 0D 02 09 02 09 02 09 02 05 02 05 02 05 02 05 02 05 02 05 02 01 02 01 02 01 02 

ACQ: 20260430.1040:460 | DATA:
AA 55 00 28 03 82 A5 90 F0 52 01 02 FD 01 F9 01 D6 01 D5 01 0A 02 0D 02 15 02 20 02 00 00 00 00 00 00 00 00 00 00 00 00 00 00 00 00 00 00 00 00 00 00 00 00 00 00 00 00 00 00 00 00 00 00 00 00 4E 41 00 00 40 42 C6 3C 00 00 00 00 00 00 00 00 00 00 00 00 00 00 00 00 00 00 

ACQ: 20260430.1040:460 | DATA:
AA 55 00 28 FD 90 AD 9F 88 5C 00 00 00 00 00 00 00 00 00 00 00 00 DA 3F 6A 46 02 45 00 00 00 00 00 00 36 40 06 42 C4 42 78 42 18 42 3E 45 A2 42 C0 42 46 44 00 00 00 00 00 00 00 00 00 00 4E 53 00 00 00 00 00 00 00 00 00 00 00 00 00 00 00 00 00 00 00 00 00 00 00 00 00 00 

ACQ: 20260430.1040:460 | DATA:
AA 55 00 26 05 A0 EF AD 9D 5D 00 00 00 00 00 00 00 00 00 00 00 00 00 00 8A 07 00 00 00 00 00 00 00 00 00 00 CE 04 E8 04 00 00 00 00 00 00 00 00 00 00 00 00 00 00 36 06 2C 06 2D 06 00 00 B2 06 00 00 00 00 00 00 00 00 00 00 B6 03 0A 0E B4 0D 90 0D 1E 17 72 3E 

ACQ: 20260430.1040:460 | DATA:
AA 55 01 01 51 AE 51 AE AB 54 00 00 

ACQ: 20260430.1040:460 | DATA:
AA 55 00 28 B5 AE 5D 09 E4 CA 00 00 0E 0E 2D 0E 00 00 00 00 5E 4F 54 4F 1C 4F 3E 14 45 14 49 14 49 14 51 14 55 14 59 14 59 14 D0 14 00 00 F6 4D D5 4D 1D 4E 3E 49 DA 42 00 00 6C 43 86 4D 0E 51 25 51 E6 13 FE 03 FC 03 AA 13 F1 13 FD 13 0D 14 24 14 40 14 0C 14 00 00 00 00 

ACQ: 20260430.1040:460 | DATA:
AA 55 00 28 BD 09 4B 18 31 64 C2 14 D8 14 F4 14 0C 15 2C 15 58 15 7C 15 A4 15 C0 15 00 00 F2 56 7E 58 25 59 99 59 05 5A E9 5A 85 5B 31 5C 45 5D 1D 5E 0D 5E 00 00 B2 5F C5 5E 6A 5C 2E 5B B6 54 22 56 EA 54 39 55 72 53 2A 52 49 51 A5 50 00 00 1E 4D 00 00 00 00 00 00 00 00 

ACQ: 20260430.1040:460 | DATA:
 00 28 AD 18 4B 27 85 40 2A 39 EA 46 00 00 00 00 AA 44 F8 43 4C 43 A4 42 E0 41 00 00 76 29 15 29 3D 29 B5 29 00 00 00 00 00 00 00 00 00 00 00 00 7A 26 44 26 34 26 20 26 D5 25 C1 26 9D 26 9D 26 B9 26 55 27 00 00 00 00 00 00 2A 39 24 39 E0 38 A8 38 74 38 44 38 1C 38 

ACQ: 20260430.1040:460 | DATA:
 00 28 A5 27 59 36 40 4C F4 37 D8 37 64 37 99 37 6D 37 69 37 61 37 D2 2E 7E 32 7E 33 DC 33 4E 2F 56 2D 51 2D 7E 30 61 31 7E 35 CA 30 E6 29 12 37 8D 37 99 37 C9 37 81 37 A0 37 86 0A 45 0A 21 0A 01 0A DD 09 C1 09 A9 09 95 09 85 09 7D 09 71 09 69 09 61 09 5D 09 59 09

ACQ: 20260430.1040:540 | DATA:
AA 55 00 28 BD 36 71 45 E2 01 59 09 59 09 55 09 59 09 61 09 6D 09 79 09 99 09 8D 09 00 00 D2 02 BD 02 B9 02 BD 02 C1 02 C9 02 CD 02 D5 02 DD 02 E1 02 E9 02 F1 02 F9 02 01 03 0D 03 00 00 00 00 00 00 D2 02 D9 02 5A 05 00 00 00 00 00 00 00 00 00 00 00 00 00 00 06 43 14 42 

ACQ: 20260430.1040:540 | DATA:
AA 55 00 28 D3 45 8F 54 3A 08 ED 41 8C 41 26 02 29 02 12 42 42 43 32 45 06 53 96 54 66 56 00 00 00 00 00 00 00 00 00 00 00 00 00 00 00 00 00 00 00 00 00 00 00 00 00 00 00 00 C2 7C 00 00 9A 09 00 00 00 00 00 00 4E 04 00 00 00 00 4A 03 6A 03 00 00 00 00 00 00 00 00 00 00 

ACQ: 20260430.1040:540 | DATA:
AA 55 00 28 F1 54 9F 63 B9 93 00 00 00 00 CA 01 D0 01 00 00 00 00 00 00 00 00 00 00 00 00 00 00 00 00 00 00 00 00 00 00 00 00 00 00 00 00 00 00 00 00 00 00 00 00 00 00 00 00 2E 0E 05 0E D9 0D 99 0D A9 0D B5 0D EA 12 FA CB 00 00 00 00 00 00 00 00 00 00 00 00 00 00 00 00 

ACQ: 20260430.1040:540 | DATA:
AA 55 00 28 01 64 B3 72 7C 60 00 00 00 00 00 00 00 00 00 00 00 00 00 00 00 00 00 00 56 04 00 00 00 00 00 00 00 00 00 00 00 00 00 00 36 0C 00 00 00 00 7A 03 00 00 00 00 00 00 00 00 00 00 00 00 00 00 00 00 00 00 00 00 00 00 00 00 00 00 00 00 BA 02 C4 02 00 00 00 00 00 00 

ACQ: 20260430.1040:540 | DATA:
AA 55 00 28 17 73 DD 81 46 8B 00 00 00 00 00 00 00 00 00 00 00 00 00 00 00 00 00 00 00 00 00 00 FA 02 0C 03 00 00 00 00 00 00 00 00 00 00 00 00 00 00 00 00 00 00 BA 07 B1 07 D9 07 0E 02 0D 02 0D 02 09 02 09 02 09 02 05 02 05 02 05 02 05 02 05 02 01 02 01 02 01 02 01 02 

ACQ: 20260430.1040:540 | DATA:
AA 55 00 28 35 82 D7 90 30 6F FD 01 FD 01 DE 01 D1 01 0A 02 0D 02 11 02 1D 02 00 00 00 00 00 00 00 00 00 00 00 00 00 00 00 00 00 00 00 00 00 00 00 00 00 00 00 00 00 00 00 00 3A 03 00 00 9A 41 88 41 04 42 50 41 00 00 00 00 00 00 00 00 00 00 00 00 00 00 00 00 00 00 00 00 

ACQ: 20260430.1040:540 | DATA:
AA 55 00 28 39 91 E1 9F 80 58 00 00 00 00 00 00 00 00 00 00 00 00 96 42 EE 45 00 00 00 00 00 00 8A 3E BA 41 F8 41 14 43 EE 41 82 43 00 00 88 42 54 43 00 00 00 00 00 00 00 00 00 00 E6 52 00 00 00 00 00 00 00 00 00 00 00 00 00 00 00 00 00 00 00 00 00 00 00 00 00 00 00 00 

ACQ: 20260430.1040:540 | DATA:
AA 55 00 25 43 A0 B9 AD F7 67 00 00 00 00 00 00 00 00 00 00 00 00 76 07 00 00 00 00 00 00 00 00 00 00 B6 04 D5 04 00 00 00 00 00 00 00 00 00 00 00 00 00 00 00 00 36 06 28 06 30 06 96 06 00 00 00 00 00 00 00 00 00 00 AE 03 36 0E E8 0D A8 0D 7C 0D AE 1D 

ACQ: 20260430.1040:540 | DATA:
AA 55 01 01 11 AE 11 AE 61 DA CA 8E 

ACQ: 20260430.1040:540 | DATA:
 00 28 75 AE 1F 09 D8 95 00 00 A6 0E 11 0E 00 00 00 00 3E 4F 4C 4F 2C 4F 1C 4F 4A 14 45 14 4D 14 49 14 51 14 55 14 61 14 65 14 00 00 00 00 BE 4D CD 4D 99 4E 3E 47 46 43 6C 42 B8 42 E6 50 05 51 FA 13 EC 13 02 04 00 00 B6 13 F9 13 11 14 19 14 28 14 38 14 00 00 00 00 

ACQ: 20260430.1040:540 | DATA:
 00 28 77 09 0D 18 FE 39 DC 14 C0 14 E4 14 F8 14 18 15 3C 15 64 15 88 15 AC 15 D0 15 00 00 BA 57 DE 58 4D 59 99 59 51 5A FD 5A 05 5C A5 5C 75 5D 4D 5E 40 5D 36 5F A0 5F 39 5E E2 5B 00 00 CA 54 86 56 FE 54 11 55 86 53 56 50 1D 51 7D 50 00 00 00 00 00 00 00 00 00 00

ACQ: 20260430.1040:659 | DATA:
AA 55 00 28 6F 18 15 27 C3 79 5A 38 00 00 A6 46 00 00 00 00 62 44 D0 43 18 43 5C 42 00 00 1A 41 4A 29 05 29 85 29 B1 29 00 00 00 00 00 00 00 00 00 00 00 00 5E 26 34 26 24 26 18 26 F1 25 B1 26 9D 26 A1 26 D1 26 A4 27 00 00 00 00 00 00 32 39 0D 39 CC 38 94 38 74 38 34 38 

ACQ: 20260430.1040:659 | DATA:
AA 55 00 28 75 27 1B 36 A7 5E 20 38 E0 37 D5 37 D6 36 88 37 7D 37 61 37 45 37 96 2E 0A 31 72 33 FE 36 E2 2D 19 2D 71 2D 92 32 B6 33 02 37 4E 2B E6 29 56 37 91 37 6D 37 C9 37 48 37 00 00 00 00 46 0A 15 0A D9 09 B9 09 8D 09 6D 09 4D 09 35 09 21 09 09 09 F9 08 E9 08 DD 08 

ACQ: 20260430.1040:659 | DATA:
AA 55 00 28 7D 36 2F 45 72 01 CD 08 C1 08 B9 08 B1 08 A9 08 A1 08 9D 08 95 08 91 08 9D 08 84 08 CA 02 B9 02 BD 02 BD 02 C5 02 C9 02 D1 02 D5 02 DD 02 E5 02 E9 02 F1 02 F9 02 01 03 15 03 00 00 00 00 00 00 D2 02 3E 05 7E 05 00 00 7A 07 99 07 BD 07 00 00 00 00 98 07 E4 07 

ACQ: 20260430.1040:659 | DATA:
AA 55 00 28 91 45 31 54 40 4E F1 07 24 08 CA 08 06 08 29 08 26 02 00 00 00 00 00 00 00 00 BA 56 00 00 00 00 00 00 00 00 00 00 00 00 00 00 00 00 00 00 00 00 00 00 00 00 00 00 00 00 12 7C 00 00 9A 09 00 00 00 00 00 00 52 04 00 00 00 00 4E 03 72 03 00 00 00 00 00 00 00 00 

ACQ: 20260430.1040:659 | DATA:
AA 55 00 28 93 54 51 63 61 9A 00 00 00 00 00 00 CA 01 D4 01 00 00 00 00 00 00 00 00 00 00 00 00 00 00 00 00 00 00 00 00 00 00 00 00 00 00 00 00 00 00 00 00 00 00 00 00 00 00 00 00 26 0E 05 0E E1 0D C9 0D B1 0D B5 0D AA 12 B2 C2 00 00 00 00 00 00 00 00 00 00 00 00 00 00 

ACQ: 20260430.1040:659 | DATA:
AA 55 00 28 A9 63 75 72 27 64 00 00 00 00 00 00 00 00 00 00 00 00 00 00 00 00 00 00 00 00 5A 04 00 00 00 00 00 00 00 00 00 00 00 00 62 0C 00 00 00 00 6E 03 7D 03 00 00 00 00 00 00 00 00 00 00 00 00 00 00 00 00 00 00 00 00 00 00 00 00 00 00 00 00 BE 02 C4 02 00 00 00 00 

ACQ: 20260430.1040:659 | DATA:
AA 55 00 28 D7 72 93 81 09 8F 00 00 00 00 00 00 00 00 00 00 00 00 00 00 00 00 00 00 00 00 00 00 00 00 FE 02 10 03 00 00 00 00 00 00 00 00 00 00 00 00 00 00 00 00 E2 07 B1 07 B9 07 E4 07 0E 02 0D 02 09 02 09 02 09 02 09 02 05 02 05 02 05 02 05 02 05 02 01 02 01 02 01 02 

ACQ: 20260430.1040:659 | DATA:
AA 55 00 28 F5 81 A1 90 E0 50 01 02 FD 01 F9 01 D6 01 D1 01 0A 02 0D 02 15 02 20 02 00 00 00 00 00 00 00 00 00 00 00 00 00 00 00 00 00 00 00 00 00 00 00 00 00 00 00 00 00 00 00 00 00 00 00 00 52 41 00 00 72 42 0E 3D 00 00 00 00 00 00 00 00 00 00 00 00 00 00 00 00 00 00 

ACQ: 20260430.1040:659 | DATA:
AA 55 00 28 03 91 9B 9F 82 19 00 00 00 00 00 00 00 00 00 00 00 00 0A 40 82 46 22 45 00 00 00 00 00 00 B6 3F EA 41 98 42 A8 42 E8 41 2E 45 D6 42 C4 42 00 00 00 00 00 00 00 00 00 00 00 00 A2 53 00 00 00 00 00 00 00 00 00 00 00 00 00 00 00 00 00 00 00 00 00 00 00 00 00 00 

ACQ: 20260430.1040:659 | DATA:
AA 55 00 26 FD 9F D3 AD 75 7B 00 00 00 00 00 00 00 00 00 00 00 00 00 00 82 07 00 00 00 00 00 00 00 00 00 00 C2 04 E0 04 00 00 00 00 00 00 00 00 00 00 00 00 00 00 32 06 30 06 29 06 00 00 AA 06 00 00 00 00 00 00 00 00 00 00 B6 03 0A 0E 82 05 8E 0D 22 14 42 2C 

ACQ: 20260430.1040:659 | DATA:
AA 55 01 01 35 AE 35 AE AB 54 00 00 

ACQ: 20260430.1040:659 | DATA:
 00 28 8F AE 39 09 F5 95 00 00 26 0E 19 0E 00 00 00 00 42 4F 28 4F 18 4F F8 4E 46 14 45 14 49 14 49 14 55 14 59 14 55 14 85 14 00 00 3A 4E B1 4D C5 4D 81 4D 9A 42 00 00 5C 42 0A 4E 3A 51 45 51 EA 13 00 00 FE 03 96 13 BC 13 F5 13 11 14 25 14 30 14 30 14 00 00 00 00 

ACQ: 20260430.1040:659 | DATA:
 00 28 99 09 23 18 9F 62 C4 14 C8 14 F0 14 00 15 24 15 44 15 74 15 90 15 B4 15 00 00 00 00 26 58 D9 58 51 59 C1 59 89 5A 51 5B B1 5B FA 5C 81 5D 81 5E 00 00 54 5F 15 5F 9A 5D 7E 5B 00 00 D2 54 1E 57 A2 54 85 54 B2 52 36 05 12 51 69 50 00 00 0E 4C 00 00 00 00 00 00

ACQ: 20260430.1040:764 | DATA:
AA 55 00 28 85 18 17 27 C1 79 76 39 4E 47 80 46 00 00 A2 44 54 44 9C 43 E4 42 58 42 00 00 1E 41 3E 29 05 29 9D 29 C1 29 00 00 00 00 00 00 00 00 00 00 00 00 52 26 30 26 28 26 04 26 35 26 A5 26 9D 26 A5 26 D5 26 F6 27 00 00 00 00 00 00 2E 39 05 39 C0 38 8C 38 70 38 3C 38 

ACQ: 20260430.1040:764 | DATA:
AA 55 00 28 77 27 1B 36 0F 43 14 38 D4 37 D5 37 00 37 84 37 79 37 69 37 45 37 F2 30 19 31 CA 33 56 31 BE 2D 21 2D 7D 2D 66 36 A6 33 FA 36 22 2B EE 29 7A 37 A1 37 91 37 A5 37 A0 37 00 00 00 00 9E 0E B5 0E F2 09 B1 09 91 09 6D 09 49 09 31 09 15 09 01 09 ED 08 E1 08 D5 08 

ACQ: 20260430.1040:764 | DATA:
AA 55 00 28 7D 36 2B 45 5B 08 C9 08 C5 08 BD 08 C1 08 C5 08 D8 08 00 00 DA 0C 15 0D 55 0D 95 0D EC 0D BA 02 BD 02 BD 02 C5 02 C9 02 D1 02 D5 02 DD 02 E5 02 E9 02 F1 02 F9 02 05 03 15 03 00 00 00 00 00 00 D6 02 46 05 82 05 00 00 00 00 FA 07 0D 08 19 08 00 00 AA 07 04 08 

ACQ: 20260430.1040:764 | DATA:
AA 55 00 28 8D 45 47 54 1E 4D ED 07 FD 07 26 02 25 02 29 02 20 02 00 00 00 00 72 53 0A 55 A6 56 00 00 00 00 00 00 00 00 00 00 00 00 00 00 00 00 00 00 00 00 00 00 00 00 00 00 00 00 4A 7C 00 00 9E 09 00 00 00 00 00 00 52 04 00 00 00 00 4E 03 72 03 00 00 00 00 00 00 00 00 

ACQ: 20260430.1040:764 | DATA:
AA 55 00 28 A1 54 59 63 C1 92 00 00 00 00 00 00 CA 01 D4 01 00 00 00 00 00 00 00 00 00 00 00 00 00 00 00 00 00 00 00 00 00 00 00 00 00 00 00 00 00 00 00 00 00 00 00 00 00 00 1A 03 22 0E 01 0E ED 0D C5 0D B1 0D B1 0D AA 12 36 C9 00 00 00 00 00 00 00 00 00 00 00 00 00 00 

ACQ: 20260430.1040:764 | DATA:
AA 55 00 28 BB 63 7D 72 EC 64 00 00 00 00 00 00 00 00 00 00 00 00 00 00 00 00 00 00 00 00 5A 04 00 00 00 00 00 00 00 00 00 00 00 00 4E 0C 00 00 00 00 6E 03 80 03 00 00 00 00 00 00 00 00 00 00 00 00 00 00 00 00 00 00 00 00 00 00 00 00 00 00 00 00 BE 02 C4 02 00 00 00 00 

ACQ: 20260430.1040:764 | DATA:
AA 55 00 28 E1 72 A9 81 59 8C 00 00 00 00 00 00 00 00 00 00 00 00 00 00 00 00 00 00 00 00 00 00 EE 02 00 03 0C 03 00 00 00 00 00 00 00 00 00 00 00 00 00 00 00 00 D6 07 AD 07 C1 07 E8 07 0E 02 0D 02 09 02 09 02 09 02 05 02 05 02 05 02 05 02 05 02 05 02 01 02 01 02 01 02 

ACQ: 20260430.1040:764 | DATA:
AA 55 00 28 0B 82 A5 90 68 52 01 02 FD 01 F9 01 D6 01 D9 01 0A 02 0D 02 19 02 20 02 00 00 00 00 00 00 00 00 00 00 00 00 00 00 00 00 00 00 00 00 00 00 00 00 00 00 00 00 00 00 00 00 00 00 00 00 42 41 00 00 48 42 52 3C 00 00 00 00 00 00 00 00 00 00 00 00 00 00 00 00 00 00 

ACQ: 20260430.1040:764 | DATA:
AA 55 00 28 07 91 AD 9F 88 64 00 00 00 00 00 00 00 00 00 00 00 00 52 40 6E 46 E6 44 00 00 00 00 00 00 56 40 F6 41 BC 42 7C 42 18 42 3E 45 A6 42 E4 42 00 00 00 00 00 00 00 00 00 00 00 00 56 53 00 00 00 00 00 00 00 00 00 00 00 00 00 00 00 00 00 00 00 00 00 00 00 00 00 00 

ACQ: 20260430.1040:764 | DATA:
AA 55 00 26 0D A0 E5 AD 37 52 00 00 00 00 00 00 00 00 00 00 00 00 00 00 82 07 00 00 00 00 00 00 00 00 00 00 CA 04 E8 04 00 00 00 00 00 00 00 00 00 00 00 00 00 00 36 06 2C 06 2D 06 00 00 AE 06 00 00 00 00 00 00 00 00 00 00 BA 03 FE 0D 86 07 7E 0D 82 16 72 39 

ACQ: 20260430.1040:764 | DATA:
 01 01 47 AE 47 AE AB 54 00 00 

ACQ: 20260430.1040:764 | DATA:
 00 28 A9 AE 4F 09 F3 CE 00 00 0E 0E 21 0E 00 00 00 00 5A 4F 24 4F 18 4F 3A 14 45 14 49 14 49 14 51 14 51 14 59 14 4D 14 E5 14 00 00 E6 4D D1 4D FD 4D 06 4A AE 42 00 00 AC 42 92 4C 2E 51 15 51 F2 13 00 00 02 04 B2 13 D9 13 F9 13 15 14 34 14 40 14 1C 14 00 00 00 00

ACQ: 20260430.1040:879 | DATA:
AA 55 00 28 B1 09 43 18 9F 7B BC 14 D8 14 F0 14 0C 15 30 15 58 15 7C 15 98 15 BC 15 00 00 00 00 5E 58 1D 59 81 59 0D 5A CD 5A 89 5B F1 5B F1 5C ED 5D 11 5E 00 00 5C 5E 95 5E 62 5C 50 5B A2 54 06 56 E6 54 25 55 5E 53 3A 52 7D 51 9D 50 00 00 00 00 00 00 00 00 00 00 00 00 

ACQ: 20260430.1040:879 | DATA:
AA 55 00 28 A3 18 4B 27 A0 03 6A 39 DE 46 00 00 00 00 A2 44 E4 43 50 43 98 42 00 42 E2 40 72 29 15 29 45 29 B9 29 00 00 00 00 00 00 00 00 00 00 00 00 72 26 44 26 20 26 18 26 D1 25 C1 26 A1 26 A1 26 BD 26 51 27 00 00 00 00 00 00 22 39 19 39 D8 38 A8 38 78 38 44 38 24 38 

ACQ: 20260430.1040:879 | DATA:
AA 55 00 28 AD 27 51 36 E5 7A F8 37 DC 37 14 37 91 37 61 37 65 37 51 37 B2 2E 3E 32 FA 33 31 34 12 2F 52 2D 55 2D 9A 30 C2 31 5E 35 52 30 E6 29 DA 36 89 37 A5 37 C1 37 B1 37 00 00 00 00 00 00 8A 0E F6 09 D1 09 91 09 7D 09 59 09 39 09 25 09 0D 09 F9 08 E9 08 E1 08 D9 08 

ACQ: 20260430.1040:879 | DATA:
AA 55 00 28 B3 36 6B 45 F5 0F D1 08 DD 08 F1 08 00 00 5E 0C 85 0C B9 0C E1 0C 21 0D 61 0D AD 0D BE 02 B9 02 BD 02 C1 02 C9 02 CD 02 D5 02 DD 02 E1 02 E9 02 ED 02 F5 02 FD 02 0D 03 00 00 00 00 00 00 CE 02 D9 02 5A 05 00 00 00 00 00 00 00 00 00 00 00 00 00 00 F6 42 38 42 

ACQ: 20260430.1040:879 | DATA:
AA 55 00 28 C5 45 75 54 BA 56 FD 41 9C 41 26 02 25 02 E2 41 22 43 8E 44 9A 52 7A 54 32 56 96 57 00 00 00 00 00 00 00 00 00 00 00 00 00 00 00 00 00 00 00 00 00 00 00 00 00 00 32 7B 00 00 00 00 00 00 00 00 00 00 46 04 58 04 00 00 00 00 62 03 86 03 00 00 00 00 00 00 00 00 

ACQ: 20260430.1040:879 | DATA:
AA 55 00 28 D7 54 8D 63 0E 90 00 00 00 00 00 00 D2 01 00 00 00 00 00 00 00 00 00 00 00 00 00 00 00 00 00 00 00 00 00 00 00 00 00 00 00 00 00 00 00 00 00 00 00 00 00 00 00 00 36 0E 0D 0E E9 0D 61 0D 3A 0E B1 0D AA 12 BE CA 00 00 00 00 00 00 00 00 00 00 00 00 00 00 00 00 

ACQ: 20260430.1040:879 | DATA:
AA 55 00 28 EF 63 AB 72 A6 66 00 00 00 00 00 00 00 00 00 00 00 00 00 00 00 00 00 00 4E 04 00 00 00 00 00 00 00 00 00 00 00 00 00 00 3E 0C 00 00 00 00 76 03 88 03 00 00 00 00 00 00 00 00 00 00 00 00 00 00 00 00 00 00 00 00 00 00 00 00 00 00 BA 02 C0 02 BC 02 00 00 00 00 

ACQ: 20260430.1040:879 | DATA:
AA 55 00 28 0F 73 CB 81 34 8B 00 00 00 00 00 00 00 00 00 00 00 00 00 00 00 00 00 00 00 00 00 00 F6 02 0C 03 00 00 00 00 00 00 00 00 00 00 00 00 00 00 00 00 00 00 C2 07 B1 07 D1 07 0E 02 0D 02 0D 02 09 02 09 02 09 02 05 02 05 02 05 02 05 02 05 02 01 02 01 02 01 02 01 02 

ACQ: 20260430.1040:879 | DATA:
AA 55 00 28 2D 82 CF 90 FE 54 FD 01 FD 01 DE 01 D5 01 06 02 0D 02 11 02 1D 02 00 00 00 00 00 00 00 00 00 00 00 00 00 00 00 00 00 00 00 00 00 00 00 00 00 00 00 00 00 00 00 00 3A 03 00 00 AA 41 84 41 00 42 6C 41 C2 3B 00 00 00 00 00 00 00 00 00 00 00 00 00 00 00 00 00 00 

ACQ: 20260430.1040:879 | DATA:
AA 55 00 28 31 91 D1 9F FC 59 00 00 00 00 00 00 00 00 00 00 00 00 8A 41 02 46 00 00 00 00 00 00 66 3E AA 41 E8 41 F4 42 D6 41 2A 43 00 00 90 42 54 43 00 00 00 00 00 00 00 00 00 00 D6 52 00 00 00 00 00 00 00 00 00 00 00 00 00 00 00 00 00 00 00 00 00 00 00 00 00 00 00 00 

ACQ: 20260430.1040:879 | DATA:
 00 25 29 A0 B1 AD 2F 6E 00 00 00 00 00 00 00 00 00 00 00 00 6E 07 00 00 00 00 00 00 00 00 00 00 BA 04 D5 04 00 00 00 00 00 00 00 00 00 00 00 00 00 00 00 00 36 06 28 06 30 06 9A 06 00 00 00 00 00 00 00 00 00 00 B2 03 D6 04 EA 0D A4 0D 70 0D F2 1E 

ACQ: 20260430.1040:879 | DATA:
 01 01 11 AE 11 AE D9 E9 72 BD

ACQ: 20260430.1040:989 | DATA:
AA 55 00 28 75 AE 1F 09 40 D8 00 00 00 00 12 0E 00 00 00 00 3E 4F 3C 4F 1C 4F F8 4E 46 14 45 14 49 14 49 14 55 14 55 14 5D 14 71 14 00 00 00 00 CA 4D C9 4D 91 4E C2 47 00 00 E6 42 F9 42 0E 51 41 51 FE 13 F4 13 02 04 00 00 BA 13 F9 13 09 14 1D 14 30 14 34 14 00 00 00 00 

ACQ: 20260430.1040:989 | DATA:
AA 55 00 28 7F 09 1F 18 EB 25 D4 14 C0 14 E8 14 F8 14 1C 15 40 15 68 15 88 15 B4 15 E0 15 00 00 D6 57 C1 58 55 59 BD 59 89 5A 29 5B D1 5B A1 5C 81 5D 4D 5E 00 00 00 00 A9 5F 0E 5E BE 5B 00 00 D2 54 A6 56 8E 54 CC 54 82 53 32 05 12 51 79 50 00 00 DA 4C 00 00 00 00 00 00 

ACQ: 20260430.1040:989 | DATA:
AA 55 00 28 79 18 17 27 97 7A 36 39 00 00 8E 46 00 00 00 00 62 44 C4 43 00 43 60 42 00 00 32 41 4E 29 01 29 91 29 A5 29 00 00 00 00 00 00 00 00 00 00 00 00 6E 26 38 26 28 26 1C 26 19 26 AD 26 A1 26 A5 26 D1 26 B0 27 00 00 00 00 00 00 3E 39 FD 38 C4 38 8C 38 68 38 34 38 

ACQ: 20260430.1040:989 | DATA:
AA 55 00 28 77 27 1B 36 6E 49 14 38 D4 37 D1 37 AA 36 7C 37 75 37 61 37 45 37 FE 33 DE 30 9E 33 CD 32 C2 2D 19 2D 75 2D A6 32 91 33 FE 36 42 2B EE 29 4A 37 95 37 4D 37 DD 37 7D 37 00 00 00 00 00 00 96 0E E2 09 B9 09 85 09 6D 09 4D 09 31 09 19 09 09 09 F5 08 E9 08 E1 08 

ACQ: 20260430.1040:989 | DATA:
AA 55 00 28 7D 36 2B 45 00 4F D9 08 D9 08 E9 08 00 09 3A 0C 69 0C 95 0C C5 0C F1 0C 39 0D 79 0D C8 0D BA 02 BD 02 BD 02 C5 02 C9 02 D1 02 D5 02 DD 02 E5 02 E9 02 F1 02 F9 02 01 03 15 03 00 00 00 00 00 00 D2 02 42 05 82 05 00 00 00 00 00 00 00 00 00 00 00 00 00 00 02 43 

ACQ: 20260430.1040:989 | DATA:
AA 55 00 28 8D 45 3F 54 7B 0D F9 41 DD 41 40 41 26 02 25 02 72 42 A2 43 00 00 82 53 12 55 E6 56 00 00 00 00 00 00 00 00 00 00 00 00 00 00 00 00 00 00 00 00 00 00 00 00 00 00 00 00 52 7C 00 00 9A 09 00 00 00 00 00 00 56 04 00 00 00 00 4E 03 72 03 00 00 00 00 00 00 00 00 

ACQ: 20260430.1040:989 | DATA:
AA 55 00 28 A1 54 51 63 3A 8C 00 00 00 00 00 00 CA 01 D4 01 00 00 00 00 00 00 00 00 00 00 00 00 00 00 00 00 00 00 00 00 00 00 00 00 00 00 00 00 00 00 00 00 00 00 00 00 00 00 12 0E 21 0E F5 0D F9 0D C9 0D AD 0D B1 0D BE 12 2A D9 00 00 00 00 00 00 00 00 00 00 00 00 00 00 

ACQ: 20260430.1040:989 | DATA:
AA 55 00 28 B3 63 87 72 26 60 00 00 00 00 00 00 00 00 00 00 00 00 00 00 00 00 00 00 3E 04 58 04 00 00 00 00 00 00 00 00 00 00 00 00 4A 0C 00 00 00 00 6E 03 80 03 00 00 00 00 00 00 00 00 00 00 00 00 00 00 00 00 00 00 00 00 00 00 00 00 00 00 00 00 BE 02 C4 02 00 00 00 00 

ACQ: 20260430.1040:989 | DATA:
AA 55 00 28 E1 72 9F 81 07 8C 00 00 00 00 00 00 00 00 00 00 00 00 00 00 00 00 00 00 00 00 00 00 F2 02 00 03 10 03 00 00 00 00 00 00 00 00 00 00 00 00 00 00 00 00 DA 07 B1 07 BD 07 E8 07 0E 02 0D 02 09 02 09 02 09 02 05 02 05 02 05 02 05 02 05 02 01 02 01 02 01 02 01 02 

ACQ: 20260430.1040:989 | DATA:
 00 28 01 82 A1 90 D2 52 01 02 FD 01 F9 01 D6 01 D5 01 0A 02 0D 02 15 02 20 02 00 00 00 00 00 00 00 00 00 00 00 00 00 00 00 00 00 00 00 00 00 00 00 00 00 00 00 00 00 00 00 00 00 00 00 00 52 41 00 00 68 42 D6 3C 00 00 00 00 00 00 00 00 00 00 00 00 00 00 00 00 00 00 

ACQ: 20260430.1040:989 | DATA:
 00 28 03 91 9B 9F AE 66 00 00 00 00 00 00 00 00 00 00 00 00 DE 3F 0A 46 2C 45 00 00 00 00 00 00 36 3F F6 41 3C 42 C8 42 D4 41 D2 44 0A 43 98 42 12 44 50 44 00 00 00 00 00 00 00 00 86 53 00 00 00 00 00 00 00 00 00 00 00 00 00 00 00 00 00 00 00 00 00 00 00 00 00 00

ACQ: 20260430.1040:112 | DATA:
AA 55 00 26 FD 9F D3 AD F1 72 00 00 00 00 00 00 00 00 00 00 00 00 00 00 7A 07 00 00 00 00 00 00 00 00 00 00 C2 04 E0 04 00 00 00 00 00 00 00 00 00 00 00 00 00 00 32 06 30 06 25 06 00 00 A6 06 00 00 00 00 00 00 00 00 00 00 B6 03 0E 0E D8 0D 9C 0D CA 13 9A 2A 

ACQ: 20260430.1040:112 | DATA:
AA 55 01 01 2D AE 2D AE AB 54 00 00 

ACQ: 20260430.1040:112 | DATA:
AA 55 00 28 8F AE 39 09 9F 9F 00 00 2E 0E 19 0E 00 00 00 00 6A 4F 48 4F 38 4F F8 4E 46 14 45 14 4D 14 4D 14 55 14 55 14 51 14 89 14 00 00 42 4E C9 4D E1 4D 31 4E A2 42 00 00 D2 44 DE 46 0E 51 39 51 EA 13 00 00 02 04 92 13 C1 13 F9 13 09 14 18 14 38 14 24 14 00 00 00 00 

ACQ: 20260430.1040:112 | DATA:
AA 55 00 28 91 09 2D 18 96 2F CA 14 C8 14 E8 14 00 15 24 15 40 15 74 15 94 15 B4 15 00 00 00 00 02 58 D9 58 49 59 C9 59 AD 5A 7D 5B B1 5B DE 5C A5 5D 61 5E 00 00 24 5E D9 5E 82 5D 7E 5B 00 00 E6 54 1E 57 AA 54 60 54 16 53 3A 05 12 51 85 50 D6 4D 24 4D 00 00 00 00 00 00 

ACQ: 20260430.1040:112 | DATA:
AA 55 00 28 8F 18 1F 27 4F 74 3E 39 72 47 70 46 00 00 7E 44 58 44 84 43 E8 42 4C 42 00 00 32 41 46 29 F9 28 9D 29 C5 29 00 00 00 00 00 00 00 00 00 00 00 00 4E 26 3C 26 20 26 F0 25 45 26 A5 26 9D 26 A9 26 DD 26 16 28 00 00 00 00 00 00 3E 39 01 39 C8 38 8C 38 6C 38 30 38 

ACQ: 20260430.1040:112 | DATA:
AA 55 00 28 81 27 2D 36 CF 70 14 38 D0 37 C8 37 E4 36 78 37 71 37 51 37 21 37 CA 30 F5 30 22 34 F6 30 7A 2D 19 2D 89 2D DE 36 92 33 62 35 FA 2A F6 29 4E 37 8D 37 75 37 E1 37 9D 37 BC 37 00 00 8A 0E 9D 0E E6 09 B9 09 89 09 71 09 51 09 39 09 21 09 11 09 FD 08 F1 08 E9 08 

ACQ: 20260430.1040:112 | DATA:
AA 55 00 28 8F 36 3F 45 9D 03 E5 08 ED 08 04 09 00 00 4E 0C 75 0C A1 0C D1 0C 09 0D 49 0D 89 0D A8 0D BA 02 BD 02 C1 02 C5 02 CD 02 D1 02 D9 02 DD 02 E5 02 ED 02 F5 02 F9 02 05 03 19 03 00 00 00 00 CA 02 D5 02 46 05 00 00 00 00 00 00 00 00 00 00 00 00 00 00 0A 43 F1 42 

ACQ: 20260430.1040:112 | DATA:
AA 55 00 28 A1 45 47 54 8D 0C E5 41 E1 41 26 02 25 02 4E 41 9A 42 D2 43 00 00 DE 53 32 55 2E 57 00 00 00 00 00 00 00 00 00 00 00 00 00 00 00 00 00 00 00 00 00 00 00 00 00 00 00 00 E6 7C 00 00 9A 09 00 00 00 00 00 00 5A 04 00 00 00 00 52 03 76 03 00 00 00 00 00 00 00 00 

ACQ: 20260430.1040:112 | DATA:
AA 55 00 28 A9 54 71 63 D6 81 00 00 00 00 00 00 CA 01 D4 01 00 00 00 00 00 00 00 00 00 00 00 00 00 00 00 00 00 00 00 00 00 00 00 00 00 00 00 00 00 00 00 00 00 00 00 00 00 00 1A 0E 21 0E F5 0D FD 0D C9 0D AD 0D B1 0D BE 12 E2 D4 00 00 00 00 00 00 00 00 00 00 00 00 00 00 

ACQ: 20260430.1040:112 | DATA:
 00 28 CB 63 7D 72 D2 60 00 00 00 00 00 00 00 00 00 00 00 00 00 00 00 00 00 00 42 04 5E 04 00 00 00 00 00 00 00 00 00 00 00 00 46 0C 00 00 00 00 6E 03 80 03 00 00 00 00 00 00 00 00 00 00 00 00 00 00 00 00 00 00 00 00 00 00 00 00 00 00 00 00 BE 02 C4 02 00 00 00 00 

ACQ: 20260430.1040:112 | DATA:
 00 28 DF 72 9F 81 CD 8E 00 00 00 00 00 00 00 00 00 00 00 00 00 00 00 00 00 00 00 00 00 00 00 00 02 03 10 03 00 00 00 00 00 00 00 00 00 00 00 00 00 00 00 00 DA 07 B1 07 BD 07 E8 07 0E 02 0D 02 09 02 09 02 09 02 05 02 05 02 05 02 05 02 05 02 05 02 01 02 01 02 01 02

ACQ: 20260430.1040:223 | DATA:
AA 55 00 28 01 82 9B 90 62 53 01 02 FD 01 F9 01 D6 01 D5 01 0A 02 0D 02 15 02 24 02 00 00 00 00 00 00 00 00 00 00 00 00 00 00 00 00 00 00 00 00 00 00 00 00 00 00 00 00 00 00 00 00 00 00 00 00 3E 41 00 00 5E 42 02 3D 00 00 00 00 00 00 00 00 00 00 00 00 00 00 00 00 00 00 

ACQ: 20260430.1040:223 | DATA:
AA 55 00 28 FD 90 9B 9F 3C 1A 00 00 00 00 00 00 00 00 00 00 00 00 52 42 1A 46 1C 45 00 00 00 00 00 00 CE 3F FE 41 A0 42 90 42 F8 41 0E 45 C6 42 A4 42 32 44 94 44 00 00 00 00 00 00 00 00 96 53 00 00 00 00 00 00 00 00 00 00 00 00 00 00 00 00 00 00 00 00 00 00 00 00 00 00 

ACQ: 20260430.1040:223 | DATA:
AA 55 00 26 FD 9F E5 AD 3B 6A 00 00 00 00 00 00 00 00 00 00 00 00 00 00 82 07 00 00 00 00 00 00 00 00 00 00 CA 04 E8 04 00 00 00 00 00 00 00 00 00 00 00 00 00 00 36 06 2C 06 29 06 00 00 AA 06 00 00 00 00 00 00 00 00 00 00 B6 03 0A 0E C0 0D 90 0D 26 16 7A 37 

ACQ: 20260430.1040:223 | DATA:
AA 55 01 01 47 AE 47 AE AB 54 00 00 

ACQ: 20260430.1040:223 | DATA:
AA 55 00 28 A1 AE 4B 09 B7 CD 00 00 0E 0E 21 0E 00 00 00 00 36 4F 2C 4F 18 4F 3A 14 45 14 49 14 49 14 4D 14 55 14 59 14 51 14 D5 14 00 00 02 4E B9 4D ED 4D 72 4B B6 42 00 00 00 43 66 4B 1A 51 1D 51 EA 13 00 00 02 04 A2 13 D1 13 01 14 09 14 24 14 3C 14 18 14 00 00 00 00 

ACQ: 20260430.1040:223 | DATA:
AA 55 00 28 AB 09 31 18 B3 7D C6 14 D0 14 EC 14 08 15 2C 15 48 15 78 15 94 15 B8 15 00 00 00 00 0E 58 F5 58 5D 59 ED 59 ED 5A 5D 5B E5 5B 2E 5D B9 5D 65 5E 00 00 A4 5E 05 5F 12 5D 5E 5B 00 00 E6 54 9A 56 F6 54 CA 53 E9 52 36 51 F9 50 88 50 86 4D 28 4D 00 00 00 00 00 00 

ACQ: 20260430.1040:223 | DATA:
AA 55 00 28 93 18 27 27 67 1A 3E 39 92 47 00 00 00 00 92 44 40 44 84 43 DC 42 3C 42 00 00 2C 41 32 29 05 29 91 29 D1 29 00 00 00 00 00 00 00 00 00 00 00 00 4E 26 34 26 24 26 D4 25 4D 26 A5 26 A1 26 AD 26 ED 26 00 00 00 00 00 00 00 00 36 39 F9 38 B4 38 84 38 68 38 2C 38 

ACQ: 20260430.1040:223 | DATA:
AA 55 00 28 89 27 2D 36 9C 70 14 38 D0 37 BC 37 FC 36 79 37 6D 37 5D 37 00 37 26 31 ED 30 2A 34 B6 30 66 2D 15 2D 95 2D DE 36 9E 33 F6 34 DA 2A F9 29 4A 37 85 37 51 37 DD 37 9D 37 84 37 00 00 92 0E A9 0E E6 09 B5 09 89 09 71 09 51 09 35 09 21 09 11 09 FD 08 F5 08 ED 08 

ACQ: 20260430.1040:223 | DATA:
AA 55 00 28 8F 36 33 45 14 0D E9 08 ED 08 08 09 00 00 52 0C 79 0C A5 0C D5 0C 0D 0D 51 0D 91 0D CA 02 B9 02 BD 02 C1 02 C5 02 CD 02 D1 02 D9 02 DD 02 E5 02 ED 02 F1 02 F9 02 05 03 19 03 00 00 00 00 C6 02 D5 02 42 05 00 00 00 00 00 00 00 00 00 00 00 00 00 00 FE 42 F9 42 

ACQ: 20260430.1040:223 | DATA:
AA 55 00 28 95 45 47 54 65 0A E1 41 CD 41 26 02 25 02 66 41 9E 42 C2 43 00 00 D2 53 3A 55 FA 56 00 00 00 00 00 00 00 00 00 00 00 00 00 00 00 00 00 00 00 00 00 00 00 00 00 00 00 00 F2 7B 00 00 9A 09 00 00 00 00 00 00 56 04 00 00 00 00 52 03 76 03 00 00 00 00 00 00 00 00 

ACQ: 20260430.1040:223 | DATA:
 00 28 A1 54 59 63 91 93 00 00 00 00 00 00 CA 01 D4 01 00 00 00 00 00 00 00 00 00 00 00 00 00 00 00 00 00 00 00 00 00 00 00 00 00 00 00 00 00 00 00 00 00 00 00 00 00 00 1A 03 22 0E FD 0D F5 0D C9 0D AD 0D B1 0D B6 12 8E CB 00 00 00 00 00 00 00 00 00 00 00 00 00 00 

ACQ: 20260430.1040:223 | DATA:
 00 28 BB 63 7D 72 E8 64 00 00 00 00 00 00 00 00 00 00 00 00 00 00 00 00 00 00 00 00 5A 04 00 00 00 00 00 00 00 00 00 00 00 00 4E 0C 00 00 00 00 6A 03 80 03 00 00 00 00 00 00 00 00 00 00 00 00 00 00 00 00 00 00 00 00 00 00 00 00 00 00 00 00 BE 02 C4 02 00 00 00 00

ACQ: 20260430.1040:332 | DATA:
AA 55 00 28 E1 72 9F 81 9F 8E 00 00 00 00 00 00 00 00 00 00 00 00 00 00 00 00 00 00 00 00 00 00 00 00 02 03 10 03 00 00 00 00 00 00 00 00 00 00 00 00 00 00 00 00 DA 07 AD 07 C1 07 E4 07 0E 02 0D 02 09 02 09 02 09 02 05 02 05 02 05 02 05 02 05 02 05 02 01 02 01 02 01 02 

ACQ: 20260430.1040:332 | DATA:
AA 55 00 28 01 82 A1 90 F6 52 01 02 FD 01 F9 01 D6 01 D5 01 0A 02 0D 02 15 02 24 02 00 00 00 00 00 00 00 00 00 00 00 00 00 00 00 00 00 00 00 00 00 00 00 00 00 00 00 00 00 00 00 00 00 00 00 00 4E 41 00 00 58 42 DA 3C 00 00 00 00 00 00 00 00 00 00 00 00 00 00 00 00 00 00 

ACQ: 20260430.1040:332 | DATA:
AA 55 00 28 03 91 A3 9F FA 65 00 00 00 00 00 00 00 00 00 00 00 00 1A 40 8A 46 02 45 00 00 00 00 00 00 06 40 FA 41 AC 42 78 42 18 42 2A 45 A6 42 A4 42 00 00 00 00 00 00 00 00 00 00 00 00 7A 53 00 00 00 00 00 00 00 00 00 00 00 00 00 00 00 00 00 00 00 00 00 00 00 00 00 00 

ACQ: 20260430.1040:332 | DATA:
AA 55 00 26 05 A0 E5 AD EF 54 00 00 00 00 00 00 00 00 00 00 00 00 00 00 82 07 00 00 00 00 00 00 00 00 00 00 CA 04 E4 04 00 00 00 00 00 00 00 00 00 00 00 00 00 00 36 06 2C 06 29 06 00 00 AA 06 00 00 00 00 00 00 00 00 00 00 B2 03 0A 0E C0 0D 8C 0D DE 15 BA 35 

ACQ: 20260430.1040:332 | DATA:
AA 55 01 01 47 AE 47 AE AB 54 00 00 

ACQ: 20260430.1040:332 | DATA:
AA 55 00 28 A9 AE 4B 09 F7 CC 00 00 0E 0E 1D 0E 00 00 00 00 52 4F 30 4F 20 4F 3A 14 45 14 49 14 49 14 4D 14 59 14 59 14 4D 14 CD 14 00 00 02 4E C1 4D F9 4D 7A 4B A6 42 00 00 A0 42 C2 4B 06 51 1D 51 EA 13 00 00 02 04 A6 13 CD 13 05 14 0D 14 28 14 40 14 20 14 00 00 00 00 

ACQ: 20260430.1040:332 | DATA:
AA 55 00 28 AB 09 31 18 7B 31 C0 14 D4 14 EC 14 08 15 2C 15 48 15 78 15 90 15 BC 15 00 00 00 00 1A 58 ED 58 5D 59 E5 59 C5 5A 59 5B F1 5B 05 5D C5 5D 79 5E 00 00 60 5F 31 5F 12 5D 52 5B 00 00 DE 54 5A 56 22 55 BE 53 96 52 7C 51 C1 50 5C 50 00 00 6E 4C 00 00 00 00 00 00 

ACQ: 20260430.1040:332 | DATA:
AA 55 00 28 93 18 31 27 28 6C 2E 39 3A 47 00 00 00 00 AA 44 40 44 80 43 E0 42 3C 42 00 00 7A 29 29 29 11 29 91 29 B4 29 00 00 00 00 00 00 00 00 00 00 7E 26 4C 26 34 26 30 26 D5 25 79 26 99 26 A1 26 B5 26 19 27 00 00 00 00 00 00 26 39 2C 39 FD 38 BC 38 80 38 60 38 40 38 

ACQ: 20260430.1040:332 | DATA:
AA 55 00 28 93 27 3F 36 06 59 14 38 D4 37 B0 37 28 37 7D 37 71 37 65 37 B0 36 B2 33 4A 31 EA 33 0A 30 52 2D 15 2D 1A 2E 2E 32 7E 35 B6 33 FA 29 86 36 8E 37 A5 37 71 37 A1 37 BD 37 00 00 00 00 92 0E A8 0E DA 09 A5 09 85 09 6D 09 4D 09 35 09 21 09 0D 09 FD 08 F1 08 ED 08 

ACQ: 20260430.1040:332 | DATA:
AA 55 00 28 A1 36 57 45 7B 00 ED 08 F5 08 18 09 3E 0C 5D 0C 85 0C B9 0C DD 0C 21 0D 61 0D A9 0D C2 02 B9 02 BD 02 C1 02 C5 02 CD 02 D5 02 D9 02 DD 02 E5 02 ED 02 F5 02 FD 02 09 03 1C 03 00 00 00 00 CE 02 D5 02 52 05 00 00 00 00 00 00 00 00 00 00 00 00 00 00 16 43 D8 42 

ACQ: 20260430.1040:332 | DATA:
 00 28 AF 45 63 54 64 08 FD 41 A0 41 26 02 29 02 AE 41 FA 42 46 44 00 00 26 54 7E 55 3A 57 00 00 00 00 00 00 00 00 00 00 00 00 00 00 00 00 00 00 00 00 00 00 00 00 00 00 00 00 FE 7C 00 00 9A 09 00 00 00 00 3E 04 5E 04 00 00 00 00 5A 03 7E 03 00 00 00 00 00 00 00 00 

ACQ: 20260430.1040:332 | DATA:
 00 28 C5 54 63 63 7E 0E 00 00 00 00 00 00 CE 01 00 00 00 00 00 00 00 00 00 00 00 00 00 00 00 00 00 00 00 00 00 00 00 00 00 00 00 00 00 00 00 00 00 00 00 00 00 00 00 00 22 0E 1D 0E D1 0D 05 0E C9 0D AD 0D B1 0D 82 4B 00 00 00 00 00 00 00 00 00 00 00 00 00 00 00 00

ACQ: 20260430.1040:450 | DATA:
AA 55 00 28 C5 63 7D 72 6A 62 00 00 00 00 00 00 00 00 00 00 00 00 00 00 00 00 00 00 42 04 54 04 00 00 00 00 00 00 00 00 00 00 00 00 4E 0C 00 00 00 00 6E 03 80 03 00 00 00 00 00 00 00 00 00 00 00 00 00 00 00 00 00 00 00 00 00 00 00 00 00 00 B6 02 BC 02 C4 02 00 00 00 00 

ACQ: 20260430.1040:450 | DATA:
AA 55 00 28 E1 72 9F 81 7F 8C 00 00 00 00 00 00 00 00 00 00 00 00 00 00 00 00 00 00 00 00 00 00 F2 02 00 03 0C 03 00 00 00 00 00 00 00 00 00 00 00 00 00 00 00 00 D6 07 AD 07 C1 07 E4 07 0E 02 0D 02 09 02 09 02 09 02 05 02 05 02 05 02 05 02 05 02 05 02 01 02 01 02 01 02 

ACQ: 20260430.1040:450 | DATA:
AA 55 00 28 01 82 A1 90 02 53 01 02 FD 01 F9 01 D6 01 D5 01 0A 02 0D 02 15 02 24 02 00 00 00 00 00 00 00 00 00 00 00 00 00 00 00 00 00 00 00 00 00 00 00 00 00 00 00 00 00 00 00 00 00 00 00 00 52 41 00 00 68 42 02 3D 00 00 00 00 00 00 00 00 00 00 00 00 00 00 00 00 00 00 

ACQ: 20260430.1040:450 | DATA:
AA 55 00 28 03 91 A3 9F 88 66 00 00 00 00 00 00 00 00 00 00 00 00 FE 3F 5E 46 16 45 00 00 00 00 00 00 8A 3F FE 41 88 42 B0 42 E8 41 0E 45 DE 42 AC 42 1A 44 64 44 00 00 00 00 00 00 00 00 92 53 00 00 00 00 00 00 00 00 00 00 00 00 00 00 00 00 00 00 00 00 00 00 00 00 00 00 

ACQ: 20260430.1040:450 | DATA:
AA 55 00 26 FD 9F D3 AD 7D 7A 00 00 00 00 00 00 00 00 00 00 00 00 00 00 7E 07 00 00 00 00 00 00 00 00 00 00 C2 04 E0 04 00 00 00 00 00 00 00 00 00 00 00 00 00 00 32 06 30 06 29 06 00 00 AA 06 00 00 00 00 00 00 00 00 00 00 B6 03 0A 0E 86 05 8E 0D 72 14 E2 2D 

ACQ: 20260430.1040:450 | DATA:
AA 55 01 01 35 AE 35 AE AB 54 00 00 

ACQ: 20260430.1040:450 | DATA:
AA 55 00 28 97 AE 35 09 30 94 00 00 22 0E 19 0E 00 00 00 00 76 4F 30 4F 28 4F 20 4F 46 14 49 14 4D 14 4D 14 55 14 59 14 49 14 95 14 00 00 1A 4E C9 4D D9 4D C9 4D 86 42 00 00 78 42 EE 49 1E 51 11 51 EA 13 00 00 02 04 A2 13 CD 13 F9 13 0D 14 29 14 38 14 2C 14 00 00 00 00 

ACQ: 20260430.1040:450 | DATA:
AA 55 00 28 97 09 35 18 51 35 C4 14 D0 14 EC 14 04 15 2C 15 48 15 74 15 8C 15 B8 15 00 00 00 00 16 58 DD 58 55 59 09 5A C9 5A 85 5B C5 5B 12 5D C1 5D 89 5E 00 00 18 5F 0D 5F 3A 5D 7E 5B 00 00 EE 54 AE 56 06 55 D2 53 CD 52 52 51 E1 50 80 50 00 00 FE 4B 00 00 00 00 00 00 

ACQ: 20260430.1040:450 | DATA:
AA 55 00 28 97 18 27 27 DE 65 32 39 2E 47 38 46 00 00 82 44 1C 44 7C 43 D0 42 3C 42 00 00 2C 41 32 29 09 29 89 29 B9 29 00 00 00 00 00 00 00 00 00 00 00 00 56 26 34 26 2C 26 D9 25 65 26 95 26 99 26 B1 26 FD 26 00 00 00 00 00 00 06 39 28 39 E9 38 B4 38 7C 38 5C 38 28 38 

ACQ: 20260430.1040:450 | DATA:
AA 55 00 28 89 27 35 36 98 41 05 38 C8 37 A8 37 EC 36 75 37 6D 37 55 37 60 36 DE 31 BE 30 26 34 76 30 52 2D 0D 2D B5 2D F6 36 56 34 A5 34 8A 2A F9 29 86 37 99 37 69 37 A9 37 70 37 00 00 00 00 8E 0E A9 0E E2 09 B5 09 89 09 71 09 55 09 39 09 21 09 15 09 FD 08 F5 08 F1 08 

ACQ: 20260430.1040:450 | DATA:
AA 55 00 28 8F 36 45 45 56 01 E9 08 F1 08 10 09 36 0C 55 0C 79 0C A9 0C D5 0C 11 0D 51 0D 95 0D C6 02 B9 02 BD 02 C1 02 C5 02 CD 02 D1 02 D9 02 DD 02 E5 02 ED 02 F5 02 F9 02 05 03 19 03 00 00 00 00 CA 02 D5 02 4E 05 00 00 00 00 00 00 00 00 00 00 00 00 00 00 F2 42 E8 42 

ACQ: 20260430.1040:450 | DATA:
 00 28 A7 45 47 54 77 0D F1 41 C9 41 26 02 25 02 6A 41 CA 42 F6 43 00 00 CA 53 66 55 FE 56 00 00 00 00 00 00 00 00 00 00 00 00 00 00 00 00 00 00 00 00 00 00 00 00 00 00 00 00 E6 7C 00 00 9A 09 00 00 00 00 00 00 5A 04 00 00 00 00 52 03 76 03 00 00 00 00 00 00 00 00 

ACQ: 20260430.1040:450 | DATA:
 00 28 A9 54 59 63 45 8B 00 00 00 00 00 00 CA 01 D4 01 00 00 00 00 00 00 00 00 00 00 00 00 00 00 00 00 00 00 00 00 00 00 00 00 00 00 00 00 00 00 00 00 00 00 00 00 00 00 1A 03 22 0E FD 0D F9 0D C9 0D AD 0D B1 0D AA 12 42 D3 00 00 00 00 00 00 00 00 00 00 00 00 00 00

ACQ: 20260430.1040:551 | DATA:
AA 55 00 28 BB 63 87 72 A6 66 00 00 00 00 00 00 00 00 00 00 00 00 00 00 00 00 00 00 00 00 5E 04 00 00 00 00 00 00 00 00 00 00 00 00 4E 0C 00 00 00 00 6E 03 80 03 00 00 00 00 00 00 00 00 00 00 00 00 00 00 00 00 00 00 00 00 00 00 00 00 00 00 B6 02 BC 02 C4 02 00 00 00 00 

ACQ: 20260430.1040:551 | DATA:
AA 55 00 28 E9 72 A7 81 43 8F 00 00 00 00 00 00 00 00 00 00 00 00 00 00 00 00 00 00 00 00 00 00 F2 02 04 03 00 00 00 00 00 00 00 00 00 00 00 00 00 00 00 00 00 00 D6 07 AD 07 C1 07 E0 07 0E 02 0D 02 09 02 09 02 09 02 05 02 05 02 05 02 05 02 05 02 05 02 01 02 01 02 01 02 

ACQ: 20260430.1040:551 | DATA:
AA 55 00 28 09 82 A5 90 82 52 01 02 FD 01 F9 01 D6 01 D9 01 0A 02 0D 02 19 02 20 02 00 00 00 00 00 00 00 00 00 00 00 00 00 00 00 00 00 00 00 00 00 00 00 00 00 00 00 00 00 00 00 00 00 00 00 00 56 41 00 00 34 42 D2 3C 00 00 00 00 00 00 00 00 00 00 00 00 00 00 00 00 00 00 

ACQ: 20260430.1040:551 | DATA:
AA 55 00 28 FD 90 9B 9F 30 67 00 00 00 00 00 00 00 00 00 00 00 00 FE 3F 6A 46 16 45 00 00 00 00 00 00 AE 3F EA 41 80 42 A8 42 E0 41 02 45 D6 42 A0 42 00 00 00 00 00 00 00 00 00 00 00 00 86 53 00 00 00 00 00 00 00 00 00 00 00 00 00 00 00 00 00 00 00 00 00 00 00 00 00 00 

ACQ: 20260430.1040:551 | DATA:
AA 55 00 26 FD 9F CB AD F5 7F 00 00 00 00 00 00 00 00 00 00 00 00 00 00 7E 07 00 00 00 00 00 00 00 00 00 00 C2 04 E0 04 00 00 00 00 00 00 00 00 00 00 00 00 00 00 32 06 30 06 29 06 0C 06 AA 06 00 00 00 00 00 00 00 00 00 00 B6 03 1A 0E 7A 05 96 0D A6 13 5E 29 

ACQ: 20260430.1040:551 | DATA:
AA 55 01 01 2D AE 2D AE AB 54 00 00 

ACQ: 20260430.1040:551 | DATA:
AA 55 00 28 8F AE 33 09 67 92 00 00 32 0E 19 0E 00 00 00 00 4E 4F 30 4F 1C 4F F4 4E 46 14 45 14 4D 14 4D 14 55 14 59 14 55 14 85 14 00 00 56 4E BD 4D C5 4D FD 4D 06 43 00 00 68 42 C2 4F 22 51 4D 51 EA 13 00 00 02 04 92 13 BC 13 F1 13 11 14 25 14 30 14 30 14 00 00 00 00 

ACQ: 20260430.1040:551 | DATA:
AA 55 00 28 95 09 27 18 B8 63 C8 14 CC 14 EC 14 00 15 24 15 44 15 70 15 90 15 B4 15 00 00 00 00 02 58 C1 58 59 59 B5 59 A1 5A 1D 5B 91 5B A9 5C 91 5D 3D 5E 00 00 08 5E CD 5E 5A 5D 46 5B 00 00 AE 54 BE 56 76 54 2D 54 AA 52 36 05 02 51 6D 50 00 00 1A 4C 00 00 00 00 00 00 

ACQ: 20260430.1040:551 | DATA:
AA 55 00 28 81 18 1F 27 55 32 62 39 56 47 84 46 00 00 00 00 52 44 88 43 E4 42 50 42 00 00 16 41 4A 29 F5 28 95 29 AD 29 00 00 00 00 00 00 00 00 00 00 00 00 56 26 30 26 2C 26 10 26 29 26 A5 26 9D 26 9D 26 D9 26 EA 28 00 00 00 00 00 00 3A 39 FD 38 D0 38 8C 38 68 38 38 38 

ACQ: 20260430.1040:551 | DATA:
 00 28 77 27 23 36 A5 43 18 38 D8 37 D5 37 E2 36 84 37 75 37 65 37 51 37 DE 30 0D 31 C6 33 56 31 B6 2D 19 2D 79 2D 3A 36 9A 33 E6 36 26 2B EE 29 66 37 91 37 75 37 A1 37 D8 37 00 00 00 00 8A 0E 9D 0E EA 09 C5 09 91 09 79 09 59 09 3D 09 29 09 15 09 05 09 F5 08 F1 08 

ACQ: 20260430.1040:551 | DATA:
 00 28 85 36 33 45 FE 40 ED 08 F1 08 04 09 00 00 4E 0C 75 0C 9D 0C CD 0C 01 0D 45 0D 85 0D D4 0D BA 02 BD 02 C1 02 C5 02 C9 02 D1 02 D5 02 DD 02 E5 02 ED 02 F1 02 F9 02 05 03 15 03 00 00 00 00 C2 02 D5 02 46 05 00 00 00 00 00 00 00 00 00 00 00 00 00 00 00 00 D6 42

ACQ: 20260430.1040:651 | DATA:
AA 55 00 28 95 45 43 54 30 4E ED 41 C5 41 28 41 26 02 22 41 7E 42 9A 43 00 00 BA 53 2E 55 E6 56 00 00 00 00 00 00 00 00 00 00 00 00 00 00 00 00 00 00 00 00 00 00 00 00 00 00 00 00 32 7C 00 00 9E 09 00 00 00 00 00 00 56 04 00 00 00 00 52 03 76 03 00 00 00 00 00 00 00 00 

ACQ: 20260430.1040:651 | DATA:
AA 55 00 28 A5 54 51 63 95 88 00 00 00 00 00 00 CA 01 D4 01 00 00 00 00 00 00 00 00 00 00 00 00 00 00 00 00 00 00 00 00 00 00 00 00 00 00 00 00 00 00 00 00 00 00 00 00 00 00 1A 03 22 0E FD 0D F5 0D C9 0D AD 0D B1 0D A6 12 96 D0 00 00 00 00 00 00 00 00 00 00 00 00 00 00 

ACQ: 20260430.1040:651 | DATA:
AA 55 00 28 B3 63 87 72 AA 66 00 00 00 00 00 00 00 00 00 00 00 00 00 00 00 00 00 00 00 00 5E 04 00 00 00 00 00 00 00 00 00 00 00 00 4E 0C 00 00 00 00 6E 03 80 03 00 00 00 00 00 00 00 00 00 00 00 00 00 00 00 00 00 00 00 00 00 00 00 00 00 00 B2 02 BC 02 C4 02 00 00 00 00 

ACQ: 20260430.1040:651 | DATA:
AA 55 00 28 E1 72 A5 81 A9 8E 00 00 00 00 00 00 00 00 00 00 00 00 00 00 00 00 00 00 00 00 00 00 00 00 02 03 10 03 00 00 00 00 00 00 00 00 00 00 00 00 00 00 00 00 D6 07 AD 07 C1 07 E4 07 0E 02 0D 02 09 02 09 02 09 02 05 02 05 02 05 02 05 02 05 02 05 02 01 02 01 02 01 02 

ACQ: 20260430.1040:651 | DATA:
AA 55 00 28 FD 81 A5 90 7A 51 01 02 FD 01 F9 01 D6 01 D9 01 0A 02 0D 02 15 02 24 02 00 00 00 00 00 00 00 00 00 00 00 00 00 00 00 00 00 00 00 00 00 00 00 00 00 00 00 00 00 00 00 00 00 00 00 00 4A 41 00 00 24 42 DA 3C 00 00 00 00 00 00 00 00 00 00 00 00 00 00 00 00 00 00 

ACQ: 20260430.1040:651 | DATA:
AA 55 00 28 07 91 9B 9F 96 66 00 00 00 00 00 00 00 00 00 00 00 00 C6 3F 5E 46 1A 45 00 00 00 00 00 00 DA 3F FE 41 9C 42 9C 42 F4 41 36 45 E2 42 AC 42 00 00 00 00 00 00 00 00 00 00 00 00 8A 53 00 00 00 00 00 00 00 00 00 00 00 00 00 00 00 00 00 00 00 00 00 00 00 00 00 00 

ACQ: 20260430.1040:651 | DATA:
AA 55 00 26 FD 9F E5 AD CB 61 00 00 00 00 00 00 00 00 00 00 00 00 00 00 7E 07 00 00 00 00 00 00 00 00 00 00 CA 04 E4 04 00 00 00 00 00 00 00 00 00 00 00 00 00 00 32 06 30 06 29 06 00 00 AA 06 00 00 00 00 00 00 00 00 00 00 B6 03 02 0E 86 07 7E 0D 12 16 F6 36 

ACQ: 20260430.1040:651 | DATA:
AA 55 01 01 3F AE 3F AE AB 54 00 00 

ACQ: 20260430.1040:651 | DATA:
AA 55 00 28 A1 AE 5D 09 F9 C8 00 00 0E 0E 21 0E 00 00 00 00 66 4F 40 4F 24 4F 3E 14 49 14 49 14 4D 14 55 14 55 14 59 14 51 14 DD 14 00 00 EE 4D C5 4D FD 4D 72 4A B2 42 00 00 9C 43 FA 4B 22 51 51 51 F2 13 00 00 02 04 AE 13 E9 13 FD 13 0D 14 30 14 40 14 10 14 00 00 00 00 

ACQ: 20260430.1040:651 | DATA:
 00 28 B5 09 43 18 95 2A BE 14 D8 14 F0 14 08 15 2C 15 5C 15 7C 15 98 15 C0 15 00 00 00 00 5A 58 05 59 81 59 11 5A D5 5A 89 5B E9 5B DD 5C FD 5D 45 5E 00 00 AC 5D B9 5E A2 5C 6A 5B BA 54 FA 55 10 55 21 55 66 53 79 52 3A 51 B5 50 20 50 00 00 00 00 00 00 00 00 00 00 

ACQ: 20260430.1040:651 | DATA:
 00 28 A3 18 43 27 F7 6A 22 39 FE 46 00 00 00 00 AA 44 F8 43 60 43 B8 42 10 42 00 00 76 29 1D 29 31 29 AD 29 A8 29 00 00 00 00 00 00 00 00 00 00 66 26 44 26 34 26 24 26 CD 25 9D 26 95 26 99 26 B5 26 29 27 00 00 00 00 00 00 12 39 15 39 E5 38 AC 38 78 38 48 38 28 38

ACQ: 20260430.1040:737 | DATA:
AA 55 00 28 A5 27 3F 36 CF 42 10 38 E4 37 A8 37 14 37 7C 37 6D 37 61 37 7C 36 D2 33 76 31 2E 34 E2 2F 4A 2D 19 2D 2A 2E 3E 32 82 35 C6 33 06 2A AA 36 89 37 9D 37 71 37 A5 37 88 37 00 00 00 00 8E 0E A8 0E DE 09 AD 09 89 09 6D 09 4D 09 39 09 1D 09 15 09 FD 08 F5 08 F1 08 

ACQ: 20260430.1040:737 | DATA:
AA 55 00 28 A1 36 51 45 6D 01 ED 08 F9 08 18 09 36 0C 59 0C 79 0C AD 0C D9 0C 11 0D 55 0D 99 0D C2 02 B9 02 BD 02 C1 02 C5 02 CD 02 D1 02 D9 02 DD 02 E5 02 ED 02 F5 02 FD 02 09 03 1C 03 00 00 00 00 CE 02 D5 02 52 05 00 00 00 00 00 00 00 00 00 00 00 00 00 00 F2 42 F0 42 

ACQ: 20260430.1040:737 | DATA:
AA 55 00 28 B3 45 55 54 AF 0F F5 41 A9 41 26 02 25 02 76 41 D6 42 3E 44 00 00 22 54 72 55 36 57 00 00 00 00 00 00 00 00 00 00 00 00 00 00 00 00 00 00 00 00 00 00 00 00 00 00 00 00 9E 7B 00 00 9E 09 00 00 00 00 3E 04 5E 04 00 00 00 00 5A 03 7E 03 00 00 00 00 00 00 00 00 

ACQ: 20260430.1040:737 | DATA:
AA 55 00 28 B7 54 7B 63 1B 3B 00 00 00 00 00 00 CE 01 00 00 00 00 00 00 00 00 00 00 00 00 00 00 00 00 00 00 00 00 00 00 00 00 00 00 00 00 00 00 00 00 00 00 00 00 00 00 00 00 2E 0E 19 0E BD 0D 01 0E DD 0D AD 0D CA 11 82 62 00 00 00 00 00 00 00 00 00 00 00 00 00 00 00 00 

ACQ: 20260430.1040:737 | DATA:
AA 55 00 28 D5 63 99 72 BA 66 00 00 00 00 00 00 00 00 00 00 00 00 00 00 00 00 00 00 46 04 00 00 00 00 00 00 00 00 00 00 00 00 00 00 42 0C 00 00 00 00 6E 03 84 03 00 00 00 00 00 00 00 00 00 00 00 00 00 00 00 00 00 00 00 00 00 00 00 00 00 00 B6 02 C0 02 C4 02 00 00 00 00 

ACQ: 20260430.1040:737 | DATA:
AA 55 00 28 FB 72 AF 81 A4 8A 00 00 00 00 00 00 00 00 00 00 00 00 00 00 00 00 00 00 00 00 00 00 F2 02 08 03 00 00 00 00 00 00 00 00 00 00 00 00 00 00 00 00 00 00 CE 07 AD 07 C5 07 0E 02 0D 02 0D 02 09 02 09 02 09 02 05 02 05 02 05 02 05 02 05 02 05 02 01 02 01 02 01 02 

ACQ: 20260430.1040:737 | DATA:
AA 55 00 28 11 82 B7 90 60 57 01 02 FD 01 F1 01 D6 01 E1 01 0A 02 11 02 19 02 00 00 00 00 00 00 00 00 00 00 00 00 00 00 00 00 00 00 00 00 00 00 00 00 00 00 00 00 00 00 00 00 00 00 00 00 00 00 3E 41 00 00 2C 42 46 3B 00 00 00 00 00 00 00 00 00 00 00 00 00 00 00 00 00 00 

ACQ: 20260430.1040:737 | DATA:
AA 55 00 28 17 91 BD 9F E0 70 00 00 00 00 00 00 00 00 00 00 00 00 AE 40 82 46 2E 45 00 00 00 00 00 00 02 41 E4 41 EC 42 44 42 98 42 FA 44 8E 42 04 43 7A 44 00 00 00 00 00 00 00 00 DA 51 E4 52 00 00 00 00 00 00 00 00 00 00 00 00 00 00 00 00 00 00 00 00 00 00 00 00 00 00 

ACQ: 20260430.1040:737 | DATA:
AA 55 00 26 1F A0 01 AE A5 3A 00 00 00 00 00 00 00 00 00 00 00 00 00 00 92 07 00 00 00 00 00 00 00 00 00 00 D2 04 00 00 00 00 00 00 00 00 00 00 00 00 00 00 00 00 36 06 28 06 2D 06 00 00 BE 06 00 00 00 00 00 00 00 00 00 00 C2 03 F2 0D B0 0D 8C 0D C2 19 12 53 

ACQ: 20260430.1040:737 | DATA:
AA 55 01 01 63 AE 63 AE AB 54 00 00 

ACQ: 20260430.1040:737 | DATA:
 00 28 BD AE 69 09 CC D0 4A 0E 0D 0E 49 0E 00 00 00 00 42 4F 2C 4F FC 4E 46 14 45 14 49 14 45 14 55 14 51 14 59 14 69 14 00 00 00 00 D2 4D C5 4D 35 4E 66 49 EA 42 00 00 5A 44 32 4F 32 51 48 51 E6 13 02 04 00 00 AA 13 F1 13 F1 13 15 14 2C 14 3C 14 00 00 00 00 E2 14 

ACQ: 20260430.1040:737 | DATA:
 00 28 CB 09 61 18 2B 64 BC 14 DC 14 F8 14 14 15 38 15 5C 15 80 15 A4 15 C8 15 00 00 76 57 79 58 29 59 69 59 61 5A 05 5B B5 5B 65 5C 41 5D 21 5E 20 5D 00 00 80 5E 45 5E 3E 5C 22 5B 7E 54 36 56 E6 54 F1 54 6E 53 A6 51 19 51 9D 50 00 00 5E 4D 00 00 00 00 00 00 00 00

ACQ: 20260430.1040:855 | DATA:
AA 55 00 28 C3 18 4D 27 0F 00 66 39 DA 46 00 00 00 00 96 44 CC 43 24 43 9C 42 A0 41 F8 40 5A 29 11 29 59 29 AD 29 00 00 00 00 00 00 00 00 00 00 00 00 62 26 38 26 34 26 2C 26 D9 25 D6 26 99 26 9D 26 B9 26 61 27 00 00 00 00 00 00 36 39 11 39 D8 38 A8 38 74 38 3C 38 1C 38 

ACQ: 20260430.1040:855 | DATA:
AA 55 00 28 AF 27 63 36 32 52 EC 37 D0 37 DA 36 9D 37 79 37 59 37 49 37 96 2E C6 31 22 35 F5 35 9A 2E 1E 2D 69 2D 3A 36 0E 33 22 35 1E 2E E6 29 F2 36 89 37 7D 37 D9 37 89 37 D5 37 00 00 00 00 8E 0E FA 09 D5 09 99 09 81 09 61 09 45 09 31 09 19 09 0D 09 F9 08 F1 08 F1 08 

ACQ: 20260430.1040:855 | DATA:
AA 55 00 28 C5 36 7B 45 E2 08 F1 08 00 09 00 00 46 0C 65 0C 89 0C BD 0C E5 0C 2D 0D 6D 0D B9 0D BE 02 B9 02 BD 02 C5 02 C9 02 D1 02 D5 02 DD 02 E1 02 E9 02 F1 02 F9 02 01 03 11 03 00 00 00 00 00 00 D2 02 DD 02 66 05 00 00 00 00 00 00 00 00 00 00 00 00 00 00 FA 42 E0 41 

ACQ: 20260430.1040:855 | DATA:
AA 55 00 28 DD 45 97 54 50 4D CD 41 70 41 26 02 29 02 2A 42 3C 43 00 00 36 53 E2 54 8E 56 00 00 00 00 00 00 00 00 00 00 00 00 00 00 00 00 00 00 00 00 00 00 00 00 00 00 00 00 A2 7C 00 00 9A 09 00 00 00 00 00 00 52 04 00 00 00 00 4A 03 6E 03 00 00 00 00 00 00 00 00 00 00 

ACQ: 20260430.1040:855 | DATA:
AA 55 00 28 F1 54 A1 63 F7 9A 00 00 00 00 CA 01 D4 01 00 00 00 00 00 00 00 00 00 00 00 00 00 00 00 00 00 00 00 00 00 00 00 00 00 00 00 00 00 00 00 00 00 00 00 00 00 00 00 00 2A 0E 01 0E DD 0D C5 0D A9 0D B5 0D B6 12 8A C2 00 00 00 00 00 00 00 00 00 00 00 00 00 00 00 00 

ACQ: 20260430.1040:855 | DATA:
AA 55 00 28 03 64 C5 72 61 63 00 00 00 00 00 00 00 00 00 00 00 00 00 00 00 00 00 00 56 04 00 00 00 00 00 00 00 00 00 00 00 00 00 00 36 0C 00 00 6E 03 7D 03 00 00 00 00 00 00 00 00 00 00 00 00 00 00 00 00 00 00 00 00 00 00 00 00 00 00 00 00 BA 02 C4 02 00 00 00 00 00 00 

ACQ: 20260430.1040:855 | DATA:
AA 55 00 28 27 73 DF 81 84 8C 00 00 00 00 00 00 00 00 00 00 00 00 00 00 00 00 00 00 00 00 00 00 FA 02 10 03 00 00 00 00 00 00 00 00 00 00 00 00 00 00 00 00 E2 07 B5 07 B5 07 DC 07 0E 02 0D 02 0D 02 09 02 09 02 09 02 05 02 05 02 05 02 05 02 05 02 01 02 01 02 01 02 01 02 

ACQ: 20260430.1040:855 | DATA:
AA 55 00 28 41 82 E1 90 94 13 01 02 FD 01 DA 01 D1 01 0A 02 0D 02 11 02 21 02 00 00 00 00 00 00 00 00 00 00 00 00 00 00 00 00 00 00 00 00 00 00 00 00 00 00 00 00 00 00 00 00 42 03 00 00 6E 41 A8 41 E4 41 3E 3D 00 00 00 00 00 00 00 00 00 00 00 00 00 00 00 00 00 00 00 00 

ACQ: 20260430.1040:855 | DATA:
AA 55 00 28 41 91 E1 9F 84 5B 00 00 00 00 00 00 00 00 00 00 00 00 5E 45 A0 45 00 00 00 00 00 00 BE 3E EE 41 14 42 E0 42 D4 41 FE 43 98 43 8C 42 A4 43 14 44 00 00 00 00 00 00 00 00 5A 53 00 00 00 00 00 00 00 00 00 00 00 00 00 00 00 00 00 00 00 00 00 00 00 00 00 00 00 00 

ACQ: 20260430.1040:855 | DATA:
AA 55 00 25 43 A0 C1 AD B7 4B 00 00 00 00 00 00 00 00 00 00 00 00 7A 07 00 00 00 00 00 00 00 00 00 00 BA 04 D9 04 00 00 00 00 00 00 00 00 00 00 00 00 00 00 26 06 34 06 28 06 34 06 A2 06 00 00 00 00 00 00 00 00 00 00 B6 03 E2 04 EA 0D A4 0D CE 11 FE 21 

ACQ: 20260430.1040:855 | DATA:
AA 55 01 01 23 AE 23 AE AB 54 00 00 

ACQ: 20260430.1040:855 | DATA:
 00 28 87 AE 27 09 EA D2 00 00 56 0E 15 0E 00 00 00 00 7A 4F 30 4F 34 4F 18 4F 46 14 45 14 49 14 49 14 55 14 55 14 5D 14 71 14 00 00 00 00 BA 4D AD 4D 11 4E D2 44 00 00 3E 43 A5 42 32 51 41 51 F2 13 FC 13 02 04 00 00 C2 13 FD 13 FD 13 1C 14 34 14 30 14 00 00 00 00 

ACQ: 20260430.1040:855 | DATA:
 00 28 89 09 17 18 07 7B CC 14 C4 14 E8 14 FC 14 1C 15 3C 15 6C 15 8C 15 AC 15 E0 15 00 00 C6 57 D9 58 5D 59 B1 59 85 5A 11 5B F1 5B B5 5C 6D 5D 6D 5E 00 00 F2 5C 06 5F C5 5D 82 5B 00 00 BE 54 AA 56 6E 54 A0 54 22 53 32 05 16 51 A9 50 00 00 46 4D 00 00 00 00 00 00

ACQ: 20260430.1040:957 | DATA:
AA 55 00 28 77 18 17 27 CF 7A 3E 39 00 00 A6 46 00 00 00 00 6A 44 B4 43 FC 42 68 42 00 00 42 41 4A 29 01 29 91 29 BD 29 00 00 00 00 00 00 00 00 00 00 00 00 5E 26 30 26 34 26 14 26 21 26 A5 26 9D 26 A5 26 D5 26 FA 27 00 00 00 00 00 00 32 39 05 39 CC 38 94 38 70 38 30 38 

ACQ: 20260430.1040:957 | DATA:
AA 55 00 28 77 27 2D 36 91 74 18 38 D8 37 D5 37 EC 36 84 37 71 37 5D 37 4D 37 D2 30 1D 31 EE 33 2E 31 AA 2D 1D 2D 7D 2D D2 36 A2 33 DE 36 12 2B F2 29 46 37 89 37 55 37 D9 37 9D 37 A5 37 00 00 86 0E 95 0E EA 09 C1 09 91 09 79 09 59 09 3D 09 29 09 15 09 01 09 F5 08 F1 08 

ACQ: 20260430.1040:957 | DATA:
AA 55 00 28 87 36 3F 45 29 02 ED 08 F1 08 08 09 00 00 4E 0C 71 0C 9D 0C CD 0C FD 0C 41 0D 81 0D C0 0D BA 02 BD 02 C1 02 C5 02 CD 02 D1 02 D9 02 DD 02 E5 02 ED 02 F1 02 F9 02 05 03 19 03 00 00 00 00 C6 02 D5 02 42 05 00 00 00 00 00 00 00 00 00 00 00 00 00 00 12 43 F9 42 

ACQ: 20260430.1040:957 | DATA:
AA 55 00 28 A1 45 43 54 E7 0D F5 41 D9 41 26 02 25 02 5E 41 AA 42 B4 43 00 00 C6 53 66 55 E6 56 00 00 00 00 00 00 00 00 00 00 00 00 00 00 00 00 00 00 00 00 00 00 00 00 00 00 00 00 6E 7C 00 00 9A 09 00 00 00 00 00 00 56 04 00 00 00 00 52 03 76 03 00 00 00 00 00 00 00 00 

ACQ: 20260430.1040:957 | DATA:
AA 55 00 28 A5 54 61 63 75 94 00 00 00 00 00 00 CA 01 D4 01 00 00 00 00 00 00 00 00 00 00 00 00 00 00 00 00 00 00 00 00 00 00 00 00 00 00 00 00 00 00 00 00 00 00 00 00 00 00 1A 03 22 0E FD 0D F5 0D C9 0D AD 0D B1 0D B2 12 52 CC 00 00 00 00 00 00 00 00 00 00 00 00 00 00 

ACQ: 20260430.1040:957 | DATA:
AA 55 00 28 C3 63 7D 72 94 64 00 00 00 00 00 00 00 00 00 00 00 00 00 00 00 00 00 00 00 00 5A 04 00 00 00 00 00 00 00 00 00 00 00 00 4E 0C 00 00 00 00 6E 03 80 03 00 00 00 00 00 00 00 00 00 00 00 00 00 00 00 00 00 00 00 00 00 00 00 00 00 00 00 00 BE 02 C4 02 00 00 00 00 

ACQ: 20260430.1040:957 | DATA:
AA 55 00 28 DF 72 95 81 CB 8E 00 00 00 00 00 00 00 00 00 00 00 00 00 00 00 00 00 00 00 00 00 00 00 00 02 03 14 03 00 00 00 00 00 00 00 00 00 00 00 00 00 00 00 00 DE 07 B1 07 BD 07 E4 07 0E 02 0D 02 09 02 09 02 09 02 05 02 05 02 05 02 05 02 05 02 05 02 01 02 01 02 01 02 

ACQ: 20260430.1040:957 | DATA:
AA 55 00 28 F7 81 AB 90 46 51 01 02 FD 01 F9 01 D6 01 D5 01 0A 02 0D 02 15 02 20 02 00 00 00 00 00 00 00 00 00 00 00 00 00 00 00 00 00 00 00 00 00 00 00 00 00 00 00 00 00 00 00 00 00 00 00 00 42 41 00 00 4C 42 8A 3C 00 00 00 00 00 00 00 00 00 00 00 00 00 00 00 00 00 00 

ACQ: 20260430.1040:957 | DATA:
AA 55 00 28 03 91 AD 9F E8 67 00 00 00 00 00 00 00 00 00 00 00 00 CE 42 96 46 12 45 00 00 00 00 00 00 3A 40 F6 41 B8 42 5C 42 28 42 3E 45 A6 42 B8 42 00 00 00 00 00 00 00 00 00 00 00 00 86 53 00 00 00 00 00 00 00 00 00 00 00 00 00 00 00 00 00 00 00 00 00 00 00 00 00 00 

ACQ: 20260430.1040:957 | DATA:
AA 55 00 26 0D A0 DD AD 3B 51 00 00 00 00 00 00 00 00 00 00 00 00 00 00 82 07 00 00 00 00 00 00 00 00 00 00 C6 04 E4 04 00 00 00 00 00 00 00 00 00 00 00 00 00 00 36 06 2C 06 29 06 00 00 AA 06 00 00 00 00 00 00 00 00 00 00 B2 03 0E 0E CC 0D 8C 0D 06 15 82 30 

ACQ: 20260430.1040:957 | DATA:
 01 01 3F AE 3F AE AB 54 00 00 

ACQ: 20260430.1040:957 | DATA:
 00

ACQ: 20260430.1040:86 | DATA:
AA 55 00 28 99 09 2D 18 25 6D C4 14 C8 14 EC 14 00 15 28 15 44 15 70 15 94 15 B4 15 00 00 00 00 F2 57 09 59 7D 59 D1 59 B5 5A 45 5B C1 5B F2 5C A5 5D 7D 5E 00 00 4C 5F 25 5F 7E 5D 62 5B 00 00 BA 54 06 57 BE 54 09 54 CE 52 3A 05 EE 50 49 50 00 00 86 4C 00 00 00 00 00 00 

ACQ: 20260430.1040:86 | DATA:
AA 55 00 28 85 18 1F 27 35 75 4A 39 66 47 50 46 00 00 86 44 50 44 84 43 EC 42 5C 42 00 00 32 41 3E 29 01 29 9D 29 BD 29 00 00 00 00 00 00 00 00 00 00 00 00 62 26 34 26 34 26 F4 25 41 26 A5 26 A1 26 AD 26 E1 26 1A 28 00 00 00 00 00 00 3E 39 0D 39 D0 38 8C 38 70 38 2C 38 

ACQ: 20260430.1040:86 | DATA:
AA 55 00 28 77 27 23 36 8A 42 14 38 D8 37 CD 37 14 37 84 37 71 37 69 37 21 37 06 31 11 31 DE 33 02 31 9A 2D 15 2D 79 2D E6 36 AA 33 CE 36 FE 2A EE 29 6A 37 99 37 69 37 DD 37 B5 37 00 00 00 00 82 0E 95 0E EA 09 C1 09 91 09 75 09 59 09 3D 09 29 09 15 09 05 09 F5 08 F1 08 

ACQ: 20260430.1040:86 | DATA:
AA 55 00 28 85 36 33 45 01 47 E9 08 F1 08 14 09 00 00 4E 0C 71 0C 99 0C C9 0C F9 0C 41 0D 7D 0D D0 0D BA 02 BD 02 C1 02 C5 02 C9 02 D1 02 D9 02 DD 02 E5 02 ED 02 F1 02 F9 02 05 03 15 03 00 00 00 00 00 00 D2 02 3E 05 86 05 00 00 00 00 00 00 00 00 00 00 00 00 00 00 0E 43 

ACQ: 20260430.1040:86 | DATA:
AA 55 00 28 95 45 3F 54 D4 4D 19 42 F5 41 54 41 26 02 26 41 86 42 AA 43 00 00 8E 53 06 55 E6 56 00 00 00 00 00 00 00 00 00 00 00 00 00 00 00 00 00 00 00 00 00 00 00 00 00 00 00 00 DE 7C 00 00 9A 09 00 00 00 00 00 00 56 04 00 00 00 00 4E 03 72 03 00 00 00 00 00 00 00 00 

ACQ: 20260430.1040:86 | DATA:
AA 55 00 28 A1 54 47 63 1F 99 00 00 00 00 00 00 CA 01 D4 01 00 00 00 00 00 00 00 00 00 00 00 00 00 00 00 00 00 00 00 00 00 00 00 00 00 00 00 00 00 00 00 00 00 00 00 00 00 00 16 03 26 0E 01 0E E5 0D C9 0D B1 0D B1 0D B2 12 E2 C2 00 00 00 00 00 00 00 00 00 00 00 00 00 00 

ACQ: 20260430.1040:86 | DATA:
AA 55 00 28 A9 63 7D 72 EA 64 00 00 00 00 00 00 00 00 00 00 00 00 00 00 00 00 00 00 00 00 5A 04 00 00 00 00 00 00 00 00 00 00 00 00 5A 0C 00 00 00 00 6E 03 80 03 00 00 00 00 00 00 00 00 00 00 00 00 00 00 00 00 00 00 00 00 00 00 00 00 00 00 00 00 BE 02 C4 02 00 00 00 00 

ACQ: 20260430.1040:86 | DATA:
AA 55 00 28 D7 72 97 81 C1 8E 00 00 00 00 00 00 00 00 00 00 00 00 00 00 00 00 00 00 00 00 00 00 00 00 02 03 14 03 00 00 00 00 00 00 00 00 00 00 00 00 00 00 00 00 DE 07 B1 07 BD 07 E4 07 0E 02 0D 02 09 02 09 02 09 02 05 02 05 02 05 02 05 02 05 02 05 02 01 02 01 02 01 02 

ACQ: 20260430.1040:86 | DATA:
AA 55 00 28 F1 81 A1 90 1E 51 01 02 FD 01 F9 01 D6 01 D5 01 0A 02 0D 02 15 02 20 02 00 00 00 00 00 00 00 00 00 00 00 00 00 00 00 00 00 00 00 00 00 00 00 00 00 00 00 00 00 00 00 00 00 00 00 00 4A 41 00 00 54 42 CE 3C 00 00 00 00 00 00 00 00 00 00 00 00 00 00 00 00 00 00 

ACQ: 20260430.1040:86 | DATA:
AA 55 00 28 03 91 93 9F 8A 1B 00 00 00 00 00 00 00 00 00 00 00 00 2E 40 3E 46 2C 45 00 00 00 00 00 00 82 3F 1E 42 6C 42 B8 42 DC 41 EE 44 EA 42 B8 42 06 44 38 44 00 00 00 00 00 00 00 00 9A 53 00 00 00 00 00 00 00 00 00 00 00 00 00 00 00 00 00 00 00 00 00 00 00 00 00 00 

ACQ: 20260430.1040:86 | DATA:
AA 55 00 26 F5 9F D3 AD 35 77 00 00 00 00 00 00 00 00 00 00 00 00 00 00 82 07 00 00 00 00 00 00 00 00 00 00 C2 04 E0 04 00 00 00 00 00 00 00 00 00 00 00 00 00 00 2E 06 30 06 25 06 18 06 AA 06 00 00 00 00 00 00 00 00 00 00 B6 03 0E 0E D0 0D A0 0D 9A 13 C2 29 

ACQ: 20260430.1040:86 | DATA:
 01 01 2D AE 2D AE AB 54 00 00 

ACQ: 20260430.1040:86 | DATA:
 00 28 8F AE 35 09 85 95 00 00 36 0E 15 0E 00 00 00 00 56 4F 2C 4F 10 4F 04 4F 46 14 49 14 49 14 4D 14 55 14 59 14 55 14 81 14 00 00 4E 4E D1 4D D9 4D F5 4D C2 42 00 00 68 42 FE 4F 3A 51 51 51 EE 13 00 00 FE 03 9A 13 C0 13 F9 13 15 14 25 14 34 14 30 14 00 00 00 00

ACQ: 20260430.1040:185 | DATA:
AA 55 00 28 8D 09 27 18 0F 63 C4 14 C8 14 EC 14 00 15 24 15 40 15 70 15 90 15 B4 15 00 00 00 00 06 58 D5 58 65 59 C9 59 B1 5A 3D 5B A9 5B F6 5C 8D 5D 75 5E 00 00 9C 5F F1 5E 4A 5D 52 5B 00 00 C2 54 FA 56 BE 54 09 54 E6 52 3A 05 FA 50 65 50 00 00 32 4C 00 00 00 00 00 00 

ACQ: 20260430.1040:185 | DATA:
AA 55 00 28 89 18 27 27 71 5C 22 39 36 47 44 46 00 00 86 44 3C 44 7C 43 E4 42 44 42 00 00 30 41 3A 29 05 29 95 29 D5 29 00 00 00 00 00 00 00 00 00 00 00 00 56 26 30 26 24 26 E0 25 55 26 9D 26 9D 26 B1 26 ED 26 00 00 00 00 00 00 00 00 32 39 F5 38 BC 38 88 38 60 38 34 38 

ACQ: 20260430.1040:185 | DATA:
AA 55 00 28 89 27 23 36 5F 47 18 38 D4 37 BC 37 F0 36 80 37 71 37 61 37 04 37 1A 31 F5 30 12 34 CA 30 72 2D 19 2D 91 2D E6 36 A2 33 16 35 DA 2A F9 29 66 37 91 37 61 37 D1 37 5D 37 00 00 00 00 86 0E 91 0E EA 09 BD 09 91 09 79 09 59 09 3D 09 29 09 15 09 05 09 F5 08 ED 08 

ACQ: 20260430.1040:185 | DATA:
AA 55 00 28 85 36 2B 45 15 47 ED 08 F1 08 08 09 00 00 4E 0C 6D 0C 99 0C C9 0C F9 0C 3D 0D 7D 0D D0 0D BA 02 BD 02 C1 02 C5 02 C9 02 D1 02 D5 02 DD 02 E5 02 E9 02 F1 02 F9 02 05 03 15 03 00 00 00 00 00 00 D2 02 42 05 82 05 00 00 00 00 00 00 00 00 00 00 00 00 00 00 0A 43 

ACQ: 20260430.1040:185 | DATA:
AA 55 00 28 8D 45 31 54 BD 0F 0D 42 F5 41 54 41 26 02 29 02 5E 42 8A 43 00 00 72 53 FE 54 82 56 00 00 00 00 00 00 00 00 00 00 00 00 00 00 00 00 00 00 00 00 00 00 00 00 00 00 00 00 3E 7C 00 00 9A 09 00 00 00 00 00 00 52 04 00 00 00 00 4A 03 6E 03 00 00 00 00 00 00 00 00 

ACQ: 20260430.1040:185 | DATA:
AA 55 00 28 93 54 4F 63 5F 9E 00 00 00 00 00 00 CA 01 D4 01 00 00 00 00 00 00 00 00 00 00 00 00 00 00 00 00 00 00 00 00 00 00 00 00 00 00 00 00 00 00 00 00 00 00 00 00 00 00 00 00 2A 0E 05 0E E1 0D C5 0D A5 0D B5 0D AA 12 86 C6 00 00 00 00 00 00 00 00 00 00 00 00 00 00 

ACQ: 20260430.1040:185 | DATA:
AA 55 00 28 A7 63 63 72 7F 64 00 00 00 00 00 00 00 00 00 00 00 00 00 00 00 00 00 00 00 00 56 04 00 00 00 00 00 00 00 00 00 00 00 00 00 00 36 0C 00 00 72 03 7D 03 00 00 00 00 00 00 00 00 00 00 00 00 00 00 00 00 00 00 00 00 00 00 00 00 00 00 00 00 BA 02 C4 02 00 00 00 00 

ACQ: 20260430.1040:185 | DATA:
AA 55 00 28 C5 72 85 81 39 8F 00 00 00 00 00 00 00 00 00 00 00 00 00 00 00 00 00 00 00 00 00 00 00 00 FA 02 10 03 00 00 00 00 00 00 00 00 00 00 00 00 00 00 00 00 E2 07 B5 07 B5 07 DC 07 0E 02 0D 02 09 02 09 02 09 02 09 02 05 02 05 02 05 02 05 02 05 02 01 02 01 02 01 02 

ACQ: 20260430.1040:185 | DATA:
 00 28 E9 81 81 90 98 11 01 02 FD 01 FD 01 DA 01 D1 01 0A 02 0D 02 15 02 20 02 00 00 00 00 00 00 00 00 00 00 00 00 00 00 00 00 00 00 00 00 00 00 00 00 00 00 00 00 00 00 00 00 46 03 00 00 5E 41 A8 41 DC 41 0E 3D 00 00 00 00 00 00 00 00 00 00 00 00 00 00 00 00 00 00 

ACQ: 20260430.1040:185 | DATA:
 00 28 E3 90 79 9F 62 5A 00 00 00 00 00 00 00 00 00 00 00 00 00 00 9E 45 A8 45 00 00 00 00 00 00 AE 3E DA 41 00 42 D4 42 B2 41 02 44 00 00 9E 42 9C 43 00 00 00 00 00 00 00 00 00 00 76 53 00 00 00 00 00 00 00 00 00 00 00 00 00 00 00 00 00 00 00 00 00 00 00 00 00 00

ACQ: 20260430.1040:317 | DATA:
AA 55 00 26 D9 9F C1 AD 7D 71 00 00 00 00 00 00 00 00 00 00 00 00 00 00 7A 07 00 00 00 00 00 00 00 00 00 00 BE 04 D9 04 00 00 00 00 00 00 00 00 00 00 00 00 00 00 2A 06 30 06 28 06 38 06 A6 06 00 00 00 00 00 00 00 00 00 00 B6 03 F6 04 DE 0D 98 0D 5E 12 26 24 

ACQ: 20260430.1040:317 | DATA:
AA 55 01 01 23 AE 23 AE AB 54 00 00 

ACQ: 20260430.1040:317 | DATA:
AA 55 00 28 7D AE 2F 09 FD 8B 00 00 4E 0E 15 0E 00 00 00 00 2E 4F 2C 4F 04 4F F4 4E 46 14 45 14 49 14 49 14 55 14 55 14 59 14 75 14 00 00 72 4E C9 4D B9 4D AD 4D 2A 44 00 00 72 42 EC 42 3E 51 3D 51 EA 13 EC 13 02 04 86 13 C0 13 F5 13 0D 14 25 14 30 14 34 14 00 00 00 00 

ACQ: 20260430.1040:317 | DATA:
AA 55 00 28 91 09 23 18 51 74 C8 14 C8 14 EC 14 00 15 20 15 44 15 70 15 8C 15 B0 15 D8 15 00 00 02 58 D5 58 5D 59 CD 59 99 5A 49 5B DD 5B CD 5C AD 5D 59 5E 00 00 86 5C C6 5E 5E 5D 36 5B 00 00 AA 54 9E 56 66 54 51 54 D6 52 36 05 16 51 75 50 00 00 8E 4C 00 00 00 00 00 00 

ACQ: 20260430.1040:317 | DATA:
AA 55 00 28 85 18 1F 27 09 78 26 39 00 00 82 46 00 00 00 00 4E 44 9C 43 E8 42 68 42 00 00 22 41 4A 29 FD 28 99 29 B9 29 00 00 00 00 00 00 00 00 00 00 00 00 5E 26 3C 26 30 26 F8 25 31 26 A1 26 99 26 A9 26 D9 26 FA 27 00 00 00 00 00 00 32 39 01 39 C0 38 8C 38 6C 38 40 38 

ACQ: 20260430.1040:317 | DATA:
AA 55 00 28 81 27 23 36 09 43 1C 38 D8 37 D5 37 F0 36 80 37 6D 37 5D 37 25 37 E2 30 11 31 D2 33 22 31 A6 2D 19 2D 79 2D DE 36 AA 33 DE 36 0E 2B EE 29 6A 37 9D 37 71 37 BD 37 40 37 00 00 00 00 86 0E 95 0E EA 09 C1 09 91 09 79 09 59 09 3D 09 2D 09 15 09 05 09 F9 08 F1 08 

ACQ: 20260430.1040:317 | DATA:
AA 55 00 28 85 36 33 45 27 03 F1 08 F5 08 0C 09 00 00 52 0C 71 0C 99 0C C9 0C F9 0C 41 0D 7D 0D CC 0D BA 02 BD 02 C1 02 C5 02 C9 02 D1 02 D9 02 DD 02 E5 02 ED 02 F1 02 F9 02 05 03 19 03 00 00 00 00 C6 02 D5 02 46 05 00 00 00 00 00 00 00 00 00 00 00 00 00 00 F6 42 E9 42 

ACQ: 20260430.1040:317 | DATA:
AA 55 00 28 95 45 43 54 9A 4E F9 41 E1 41 34 41 26 02 3A 41 82 42 80 43 00 00 9A 53 26 55 E6 56 00 00 00 00 00 00 00 00 00 00 00 00 00 00 00 00 00 00 00 00 00 00 00 00 00 00 00 00 66 7C 00 00 9A 09 00 00 00 00 00 00 56 04 00 00 00 00 52 03 76 03 00 00 00 00 00 00 00 00 

ACQ: 20260430.1040:317 | DATA:
AA 55 00 28 9B 54 63 63 7C 0E 00 00 00 00 00 00 CA 01 D4 01 00 00 00 00 00 00 00 00 00 00 00 00 00 00 00 00 00 00 00 00 00 00 00 00 00 00 00 00 00 00 00 00 00 00 00 00 00 00 1E 0E 1D 0E D9 0D 01 0E C9 0D AD 0D B1 0D 3E 4A 00 00 00 00 00 00 00 00 00 00 00 00 00 00 00 00 

ACQ: 20260430.1040:317 | DATA:
AA 55 00 28 C5 63 87 72 84 62 00 00 00 00 00 00 00 00 00 00 00 00 00 00 00 00 00 00 42 04 4C 04 00 00 00 00 00 00 00 00 00 00 00 00 46 0C 00 00 00 00 6E 03 84 03 00 00 00 00 00 00 00 00 00 00 00 00 00 00 00 00 00 00 00 00 00 00 00 00 00 00 B6 02 BC 02 C4 02 00 00 00 00 

ACQ: 20260430.1040:317 | DATA:
 00 28 E9 72 9F 81 67 8C 00 00 00 00 00 00 00 00 00 00 00 00 00 00 00 00 00 00 00 00 00 00 EE 02 00 03 0C 03 00 00 00 00 00 00 00 00 00 00 00 00 00 00 00 00 DA 07 AD 07 C1 07 E4 07 0E 02 0D 02 09 02 09 02 09 02 05 02 05 02 05 02 05 02 05 02 05 02 01 02 01 02 01 02 

ACQ: 20260430.1040:317 | DATA:
 00 28 01 82 9B 90 98 52 01 02 FD 01 F9 01 D6 01 D5 01 0A 02 0D 02 15 02 20 02 00 00 00 00 00 00 00 00 00 00 00 00 00 00 00 00 00 00 00 00 00 00 00 00 00 00 00 00 00 00 00 00 00 00 00 00 42 41 00 00 3C 42 E2 3C 00 00 00 00 00 00 00 00 00 00 00 00 00 00 00 00 00 00

ACQ: 20260430.1040:432 | DATA:
AA 55 00 28 FD 90 9B 9F C6 67 00 00 00 00 00 00 00 00 00 00 00 00 EE 3F 76 46 26 45 00 00 00 00 00 00 AA 3F F2 41 88 42 94 42 EC 41 16 45 DE 42 C4 42 32 44 84 44 00 00 00 00 00 00 00 00 A6 53 00 00 00 00 00 00 00 00 00 00 00 00 00 00 00 00 00 00 00 00 00 00 00 00 00 00 

ACQ: 20260430.1040:432 | DATA:
AA 55 00 26 FD 9F DD AD 33 66 00 00 00 00 00 00 00 00 00 00 00 00 00 00 7A 07 00 00 00 00 00 00 00 00 00 00 C6 04 E4 04 00 00 00 00 00 00 00 00 00 00 00 00 00 00 36 06 30 06 29 06 00 00 AA 06 00 00 00 00 00 00 00 00 00 00 BA 03 02 0E 52 07 7A 0D 62 15 96 32 

ACQ: 20260430.1040:432 | DATA:
AA 55 01 01 3F AE 3F AE AB 54 00 00 

ACQ: 20260430.1040:432 | DATA:
AA 55 00 28 A1 AE 4B 09 F6 90 00 00 12 0E 1D 0E 00 00 00 00 66 4F 44 4F 20 4F 30 4F 4A 14 49 14 49 14 51 14 55 14 59 14 49 14 C1 14 00 00 12 4E C9 4D E5 4D 6A 4C 96 42 00 00 90 43 E2 4A 26 51 29 51 EA 13 00 00 02 04 A6 13 CD 13 05 14 11 14 24 14 3C 14 24 14 00 00 00 00 

ACQ: 20260430.1040:432 | DATA:
AA 55 00 28 AB 09 3F 18 0B 31 C0 14 D4 14 EC 14 04 15 2C 15 4C 15 7C 15 90 15 C0 15 00 00 00 00 1E 58 F5 58 6D 59 FD 59 CD 5A 69 5B D5 5B C1 5C D5 5D 49 5E 00 00 22 5D AD 5E CE 5C 36 5B 00 00 3A 55 EC 55 FD 54 AE 53 B1 52 56 51 C1 50 6C 50 00 00 6A 4C 00 00 00 00 00 00 

ACQ: 20260430.1040:432 | DATA:
AA 55 00 28 9F 18 31 27 4D 4A 26 39 02 47 00 00 00 00 AA 44 24 44 80 43 C8 42 2C 42 00 00 7A 29 25 29 1D 29 A1 29 B0 29 00 00 00 00 00 00 00 00 00 00 00 00 4A 26 38 26 28 26 C9 25 8D 26 A1 26 A1 26 B9 26 2D 27 00 00 00 00 00 00 22 39 29 39 F1 38 B8 38 78 38 54 38 30 38 

ACQ: 20260430.1040:432 | DATA:
AA 55 00 28 93 27 3F 36 02 41 08 38 D4 37 9C 37 10 37 74 37 6D 37 51 37 80 36 CA 33 66 31 3A 34 E6 2F 46 2D 15 2D 42 2E 16 32 82 35 B6 33 EE 29 72 36 8A 37 A5 37 6D 37 99 37 60 37 00 00 00 00 8E 0E 78 0E E2 09 AD 09 89 09 6D 09 51 09 39 09 21 09 15 09 FD 08 F5 08 F1 08 

ACQ: 20260430.1040:432 | DATA:
AA 55 00 28 A1 36 5F 45 E3 00 F1 08 F9 08 1C 09 36 0C 59 0C 7D 0C B1 0C D9 0C 15 0D 59 0D 9D 0D C2 02 B9 02 BD 02 C1 02 C9 02 CD 02 D5 02 D9 02 E1 02 E5 02 ED 02 F5 02 FD 02 09 03 20 03 00 00 00 00 CE 02 D9 02 56 05 00 00 00 00 00 00 00 00 00 00 00 00 00 00 02 43 8C 42 

ACQ: 20260430.1040:432 | DATA:
AA 55 00 28 B9 45 6F 54 B2 71 0D 42 C8 41 26 02 25 02 BA 41 0E 43 62 44 00 00 52 54 

ACQ: 20260430.1040:432 | DATA:
AA 55 72 57 00 00 00 00 00 00 00 00 00 00 00 00 00 00 00 00 00 00 00 00 00 00 00 00 00 00 36 7C 30 7B 00 00 AE 09 00 00 00 00 46 04 62 04 00 00 00 00 5E 03 86 03 00 00 00 00 00 00 00 00 

ACQ: 20260430.1040:432 | DATA:
AA 55 00 28 D3 54 85 63 BA F8 00 00 00 00 00 00 D2 01 00 00 00 00 00 00 00 00 00 00 00 00 00 00 00 00 00 00 00 00 00 00 00 00 00 00 00 00 00 00 00 00 00 00 00 00 00 00 00 00 36 0E 11 0E D1 0D 69 0D 36 0E B1 0D A2 12 2E A2 00 00 00 00 00 00 00 00 00 00 00 00 00 00 00 00 

ACQ: 20260430.1040:432 | DATA:
AA 55 00 28 E7 63 A1 72 D4 66 00 00 00 00 00 00 00 00 00 00 00 00 00 00 00 00 00 00 4E 04 00 00 00 00 00 00 00 00 00 00 00 00 00 00 3E 0C 00 00 00 00 72 03 8C 03 00 00 00 00 00 00 00 00 00 00 00 00 00 00 00 00 00 00 00 00 00 00 00 00 00 00 B6 02 C0 02 C0 02 00 00 00 00 

ACQ: 20260430.1040:432 | DATA:
 00 28 03 73 C1 81 36 8B 00 00 00 00 00 00 00 00 00 00 00 00 00 00 00 00 00 00 00 00 00 00 F2 02 08 03 00 00 00 00 00 00 00 00 00 00 00 00 00 00 00 00 00 00 C6 07 AD 07 CD 07 0E 02 0D 02 0D 02 09 02 09 02 09 02 05 02 05 02 05 02 05 02 05 02 01 02 01 02 01 02 01 02 

ACQ: 20260430.1040:432 | DATA:


ACQ: 20260430.1040:537 | DATA:
AA 55 00 28 21 91 CF 9F B4 5B 00 00 00 00 00 00 00 00 00 00 00 00 42 41 2E 46 00 00 00 00 00 00 5E 3E 72 41 F4 41 08 43 00 42 22 43 00 00 98 42 30 43 00 00 00 00 00 00 00 00 00 00 C6 52 00 00 00 00 00 00 00 00 00 00 00 00 00 00 00 00 00 00 00 00 00 00 00 00 00 00 00 00 

ACQ: 20260430.1040:537 | DATA:
AA 55 00 25 29 A0 B1 AD 29 65 00 00 00 00 00 00 00 00 00 00 00 00 6E 07 00 00 00 00 00 00 00 00 00 00 BA 04 D5 04 00 00 00 00 00 00 00 00 00 00 00 00 00 00 00 00 36 06 28 06 30 06 9A 06 00 00 00 00 00 00 00 00 00 00 B2 03 2A 0E E8 0D A4 0D 74 0D 0E 1F 

ACQ: 20260430.1040:537 | DATA:
AA 55 01 01 11 AE 11 AE 51 F1 FA A5 

ACQ: 20260430.1040:537 | DATA:
AA 55 00 28 75 AE 15 09 9A 93 00 00 00 00 12 0E 00 00 00 00 3E 4F 3C 4F 20 4F F4 4E 46 14 45 14 49 14 4D 14 51 14 55 14 5D 14 71 14 00 00 00 00 CE 4D C9 4D 5D 4E A6 48 32 43 8C 42 81 43 F2 50 31 51 06 14 F0 13 02 04 00 00 B2 13 F9 13 05 14 15 14 2C 14 38 14 00 00 00 00 

ACQ: 20260430.1040:537 | DATA:
AA 55 00 28 77 09 FB 17 48 78 D8 14 C0 14 E4 14 F8 14 1C 15 40 15 64 15 88 15 AC 15 D4 15 00 00 B6 57 AD 58 49 59 B4 59 79 5A 01 5B C5 5B 45 5C 41 5D 0D 5E 3A 5C 00 00 7A 5E 29 5E F6 5B DA 5A D2 54 62 56 26 55 19 55 9A 53 2E 51 0D 51 99 50 00 00 1A 4D 00 00 00 00 00 00 

ACQ: 20260430.1040:537 | DATA:
AA 55 00 28 5D 18 0B 27 DD 25 22 39 A2 3A BE 46 00 00 00 00 96 44 E4 43 38 43 8C 42 8C 41 04 41 62 29 09 29 6D 29 A9 29 00 00 00 00 00 00 00 00 00 00 00 00 00 00 36 26 34 26 20 26 C5 25 DA 26 99 26 A1 26 C1 26 71 27 00 00 00 00 00 00 32 39 05 39 E8 38 A4 38 78 38 48 38 

ACQ: 20260430.1040:537 | DATA:
AA 55 00 28 65 27 09 36 85 78 1C 38 E8 37 D9 37 C2 36 9D 37 7D 37 4D 37 49 37 8A 2E 9E 31 DE 34 D2 36 93 36 0E 2D 61 2D 46 36 42 33 56 37 FA 2C E2 29 FE 36 7D 37 41 37 D9 37 81 37 C0 37 00 00 00 00 8A 0E FA 09 D5 09 9D 09 81 09 65 09 49 09 31 09 1D 09 0D 09 FD 08 F5 08 

ACQ: 20260430.1040:537 | DATA:
AA 55 00 28 6B 36 19 45 C6 40 F1 08 F1 08 01 09 00 00 4A 0C 65 0C 89 0C BD 0C E9 0C 2D 0D 69 0D B9 0D BE 02 B9 02 BD 02 C5 02 C9 02 D1 02 D5 02 DD 02 E1 02 E9 02 F1 02 F9 02 01 03 11 03 00 00 00 00 00 00 D2 02 DD 02 62 05 00 00 00 00 00 00 00 00 00 00 00 00 00 00 02 43 

ACQ: 20260430.1040:537 | DATA:
AA 55 00 28 7B 45 23 54 FE 4A F8 41 01 42 8C 41 26 02 25 02 26 42 5E 43 2E 45 02 53 BA 54 52 56 00 00 00 00 00 00 00 00 00 00 00 00 00 00 00 00 00 00 00 00 00 00 00 00 00 00 00 00 26 7C 00 00 8E 09 00 00 00 00 00 00 4E 04 00 00 00 00 4A 03 6A 03 00 00 00 00 00 00 00 00 

ACQ: 20260430.1040:537 | DATA:
 00 28 85 54 3D 63 FB 91 00 00 00 00 00 00 C6 01 D0 01 00 00 00 00 00 00 00 00 00 00 00 00 00 00 00 00 00 00 00 00 00 00 00 00 00 00 00 00 00 00 00 00 00 00 00 00 00 00 00 00 2E 0E 05 0E D9 0D A1 0D A9 0D B5 0D B6 12 06 C9 00 00 00 00 00 00 00 00 00 00 00 00 00 00 

ACQ: 20260430.1040:537 | DATA:
 00 28 9F 63 63 72 5F 64 00 00 00 00 00 00 00 00 00 00 00 00 00 00 00 00 00 00 00 00 56 04 00 00 00 00 00 00 00 00 00 00 00 00 00 00 36 0C 00 00 6A 03 7D 03 00 00 00 00 00 00 00 00 00 00 00 00 00 00 00 00 00 00 00 00 00 00 00 00 00 00 00 00 BA 02 C4 02 00 00 00 00

ACQ: 20260430.1040:647 | DATA:
AA 55 00 28 C5 72 8D 81 01 8F 00 00 00 00 00 00 00 00 00 00 00 00 00 00 00 00 00 00 00 00 00 00 00 00 FE 02 10 03 00 00 00 00 00 00 00 00 00 00 00 00 00 00 00 00 E6 07 B5 07 B9 07 E0 07 0E 02 0D 02 09 02 09 02 09 02 09 02 05 02 05 02 05 02 05 02 05 02 01 02 01 02 01 02 

ACQ: 20260430.1040:647 | DATA:
AA 55 00 28 E5 81 99 90 18 52 01 02 FD 01 FD 01 D6 01 D1 01 0A 02 0D 02 15 02 20 02 00 00 00 00 00 00 00 00 00 00 00 00 00 00 00 00 00 00 00 00 00 00 00 00 00 00 00 00 00 00 00 00 42 03 00 00 46 41 00 00 34 42 CA 3C 00 00 00 00 00 00 00 00 00 00 00 00 00 00 00 00 00 00 

ACQ: 20260430.1040:647 | DATA:
AA 55 00 28 FB 90 99 9F DC 62 00 00 00 00 00 00 00 00 00 00 00 00 DE 3F EA 45 50 45 00 00 00 00 00 00 32 3F F6 41 54 42 B8 42 DC 41 BE 44 FE 42 98 42 EE 43 30 44 00 00 00 00 00 00 00 00 82 53 00 00 00 00 00 00 00 00 00 00 00 00 00 00 00 00 00 00 00 00 00 00 00 00 00 00 

ACQ: 20260430.1040:647 | DATA:
AA 55 00 26 FB 9F DD AD E1 72 00 00 00 00 00 00 00 00 00 00 00 00 00 00 7E 07 00 00 00 00 00 00 00 00 00 00 C2 04 E0 04 00 00 00 00 00 00 00 00 00 00 00 00 00 00 32 06 30 06 25 06 00 00 AA 06 00 00 00 00 00 00 00 00 00 00 B6 03 16 0E D0 0D 90 0D 86 14 DA 2D 

ACQ: 20260430.1040:647 | DATA:
AA 55 01 01 35 AE 35 AE AB 54 00 00 

ACQ: 20260430.1040:647 | DATA:
AA 55 00 28 97 AE 3D 09 35 96 00 00 22 0E 19 0E 00 00 00 00 6E 4F 30 4F 28 4F 04 4F 46 14 49 14 49 14 51 14 55 14 59 14 45 14 A1 14 00 00 1A 4E C5 4D D9 4D 31 4E 8E 42 00 00 1C 43 5A 49 1E 51 3D 51 EE 13 00 00 02 04 9A 13 D1 13 FD 13 05 14 20 14 3C 14 1C 14 00 00 00 00 

ACQ: 20260430.1040:647 | DATA:
AA 55 00 28 97 09 35 18 43 7D C6 14 CC 14 EC 14 04 15 2C 15 44 15 74 15 94 15 B8 15 00 00 00 00 1A 58 F9 58 61 59 E5 59 C1 5A 45 5B CD 5B 0A 5D A9 5D 71 5E 00 00 48 5F FD 5E 06 5D 7E 5B 00 00 CE 54 8A 56 F6 54 BA 53 E9 52 42 51 ED 50 94 50 62 4D 10 4D 00 00 00 00 00 00 

ACQ: 20260430.1040:647 | DATA:
AA 55 00 28 8F 18 31 27 99 4A 56 39 62 47 00 00 00 00 AE 44 40 44 84 43 DC 42 4C 42 00 00 8A 29 39 29 15 29 8D 29 A5 29 00 00 00 00 00 00 00 00 00 00 00 00 4E 26 30 26 1C 26 D5 25 85 26 A1 26 9D 26 B5 26 19 27 00 00 00 00 00 00 16 39 2C 39 F5 38 BC 38 78 38 54 38 30 38 

ACQ: 20260430.1040:647 | DATA:
AA 55 00 28 93 27 51 36 CB 74 14 38 CC 37 A0 37 20 37 7D 37 69 37 55 37 80 36 BA 33 6A 31 32 34 D6 2F 4A 2D 19 2D 7E 2E B2 31 86 35 5E 33 D2 29 BA 36 71 37 9D 37 6D 37 A5 37 B5 37 B4 37 00 00 8E 0E 4C 0E DE 09 A9 09 85 09 6D 09 51 09 39 09 21 09 15 09 01 09 F5 08 F1 08 

ACQ: 20260430.1040:647 | DATA:
AA 55 00 28 B3 36 5F 45 D1 01 ED 08 F9 08 18 09 3A 0C 5D 0C 81 0C B5 0C D9 0C 1D 0D 5D 0D A1 0D C2 02 B9 02 BD 02 C1 02 C9 02 CD 02 D5 02 D9 02 E1 02 E9 02 ED 02 F5 02 FD 02 0D 03 20 03 00 00 00 00 CE 02 D9 02 56 05 00 00 00 00 00 00 00 00 00 00 00 00 00 00 F2 42 8C 42 

ACQ: 20260430.1040:647 | DATA:
 00 28 C1 45 6B 54 A8 22 05 42 A0 41 26 02 25 02 BA 41 1A 43 8E 44 9A 52 42 54 D6 55 92 57 00 00 00 00 00 00 00 00 00 00 00 00 00 00 00 00 00 00 00 00 00 00 00 00 00 00 FE 7B 14 7D 00 00 AE 09 00 00 00 00 42 04 62 04 00 00 00 00 5E 03 86 03 00 00 00 00 00 00 00 00 

ACQ: 20260430.1040:647 | DATA:
 00 28 CD 54 85 63 1F DE 00 00 00 00 00 00 D2 01 00 00 00 00 00 00 00 00 00 00 00 00 00 00 00 00 00 00 00 00 00 00 00 00 00 00 00 00 00 00 00 00 00 00 00 00 00 00 00 00 32 0E 11 0E C5 0D 91 0D 1D 0E AD 0D 6A 12 82 84 00 00 00 00 00 00 00 00 00 00 00 00 00 00 00 00

ACQ: 20260430.1040:769 | DATA:
AA 55 00 28 DD 63 A1 72 EE 66 00 00 00 00 00 00 00 00 00 00 00 00 00 00 00 00 00 00 4A 04 00 00 00 00 00 00 00 00 00 00 00 00 00 00 3E 0C 00 00 00 00 72 03 88 03 00 00 00 00 00 00 00 00 00 00 00 00 00 00 00 00 00 00 00 00 00 00 00 00 00 00 B6 02 C0 02 C0 02 00 00 00 00 

ACQ: 20260430.1040:769 | DATA:
AA 55 00 28 FB 72 C5 81 D2 8A 00 00 00 00 00 00 00 00 00 00 00 00 00 00 00 00 00 00 00 00 00 00 F2 02 08 03 00 00 00 00 00 00 00 00 00 00 00 00 00 00 00 00 00 00 C6 07 B1 07 CD 07 0E 02 0D 02 0D 02 09 02 09 02 09 02 05 02 05 02 05 02 05 02 05 02 05 02 01 02 01 02 01 02 

ACQ: 20260430.1040:769 | DATA:
AA 55 00 28 27 82 BF 90 08 54 01 02 FD 01 E2 01 D5 01 0A 02 09 02 11 02 19 02 00 00 00 00 00 00 00 00 00 00 00 00 00 00 00 00 00 00 00 00 00 00 00 00 00 00 00 00 00 00 00 00 2E 03 00 00 00 00 26 41 00 00 84 41 76 3B 00 00 00 00 00 00 00 00 00 00 00 00 00 00 00 00 00 00 

ACQ: 20260430.1040:769 | DATA:
AA 55 00 28 21 91 CF 9F 38 0B 00 00 00 00 00 00 00 00 00 00 00 00 0E 41 62 46 00 00 00 00 00 00 5A 3E 62 41 04 42 10 43 08 42 DC 42 AA 44 AE 42 08 43 5A 44 00 00 00 00 00 00 00 00 9A 52 24 52 00 00 00 00 00 00 00 00 00 00 00 00 00 00 00 00 00 00 00 00 00 00 00 00 00 00 

ACQ: 20260430.1040:769 | DATA:
AA 55 00 25 31 A0 A7 AD 56 63 00 00 00 00 00 00 00 00 00 00 00 00 6A 07 00 00 00 00 00 00 00 00 00 00 00 00 D2 04 00 00 00 00 00 00 00 00 00 00 00 00 00 00 00 00 36 06 28 06 30 06 86 06 BC 06 00 00 00 00 00 00 00 00 AA 03 2E 0E EC 0D A4 0D 88 0D 82 1B 

ACQ: 20260430.1040:769 | DATA:
AA 55 01 01 09 AE 09 AE 09 3C A2 68 

ACQ: 20260430.1040:769 | DATA:
AA 55 00 28 6B AE 15 09 9C 9D 00 00 7E 0E 11 0E 6C 0E 00 00 36 4F 4C 4F 48 4F 2C 4F 4A 14 45 14 49 14 49 14 55 14 55 14 61 14 65 14 00 00 00 00 EE 4D DD 4D 8D 4E E2 47 FA 42 74 42 C8 42 D6 50 25 51 02 14 F0 13 02 04 00 00 B2 13 FD 13 0D 14 15 14 28 14 38 14 00 00 00 00 

ACQ: 20260430.1040:769 | DATA:
AA 55 00 28 77 09 11 18 69 2D D8 14 C0 14 E4 14 F8 14 18 15 3C 15 64 15 88 15 AC 15 CC 15 00 00 BE 57 DA 58 65 59 A1 59 55 5A 0D 5B F9 5B 95 5C 69 5D 4D 5E 68 5D 00 00 AA 5F 21 5E D2 5B 00 00 AE 54 72 56 CA 54 FC 54 86 53 8E 50 29 51 9D 50 00 00 DE 4C 00 00 00 00 00 00 

ACQ: 20260430.1040:769 | DATA:
AA 55 00 28 73 18 15 27 5A 5C CE 38 00 00 B6 46 00 00 00 00 72 44 E0 43 18 43 7C 42 00 00 1A 41 5A 29 09 29 7D 29 BD 29 00 00 00 00 00 00 00 00 00 00 00 00 00 00 46 26 30 26 24 26 01 26 AD 26 9D 26 A5 26 CD 26 A9 27 00 00 00 00 00 00 3E 39 01 39 C8 38 90 38 6C 38 38 38 

ACQ: 20260430.1040:769 | DATA:
AA 55 00 28 75 27 1B 36 F1 68 14 38 DC 37 CD 37 AE 36 88 37 7D 37 69 37 4D 37 FA 2E EE 30 5E 33 9E 36 CE 2D 15 2D 71 2D 76 32 A2 33 FA 36 42 2B EE 29 52 37 91 37 51 37 F5 37 99 37 B8 37 00 00 82 0E 8D 0E F2 09 CD 09 95 09 7D 09 5D 09 41 09 2D 09 19 09 09 09 FD 08 F1 08 

ACQ: 20260430.1040:769 | DATA:
AA 55 00 28 7D 36 33 45 89 47 F1 08 F5 08 08 09 00 00 52 0C 71 0C 99 0C CD 0C F9 0C 41 0D 7D 0D CC 0D BA 02 BD 02 BD 02 C5 02 C9 02 D1 02 D5 02 DD 02 E5 02 E9 02 F1 02 F9 02 05 03 15 03 00 00 00 00 00 00 D2 02 3E 05 82 05 00 00 00 00 00 00 00 00 00 00 00 00 00 00 0A 43 

ACQ: 20260430.1040:769 | DATA:
 00 28 8D 45 39 54 16 4D 05 42 DD 41 40 41 26 02 2E 41 76 42 92 43 00 00 86 53 22 55 E6 56 00 00 00 00 00 00 00 00 00 00 00 00 00 00 00 00 00 00 00 00 00 00 00 00 00 00 00 00 CE 7C 00 00 9A 09 00 00 00 00 00 00 56 04 00 00 00 00 4E 03 72 03 00 00 00 00 00 00 00 00 

ACQ: 20260430.1040:769 | DATA:
 00 28 9B 54 57 63 35 98 00 00 00 00 00 00 CA 01 D4 01 00 00 00 00 00 00 00 00 00 00 00 00 00 00 00 00 00 00 00 00 00 00 00 00 00 00 00 00 00 00 00 00 00 00 00 00 00 00 16 03 26 0E 01 0E E5 0D C9 0D B1 0D B1 0D B2 12 E2 C3 00 00 00 00 00 00 00 00 00 00 00 00 00 00

ACQ: 20260430.1040:867 | DATA:
AA 55 00 28 B9 63 87 72 A4 66 00 00 00 00 00 00 00 00 00 00 00 00 00 00 00 00 00 00 00 00 5A 04 00 00 00 00 00 00 00 00 00 00 00 00 4E 0C 00 00 00 00 6A 03 80 03 00 00 00 00 00 00 00 00 00 00 00 00 00 00 00 00 00 00 00 00 00 00 00 00 00 00 B6 02 BC 02 C4 02 00 00 00 00 

ACQ: 20260430.1040:867 | DATA:
AA 55 00 28 E9 72 A9 81 45 8F 00 00 00 00 00 00 00 00 00 00 00 00 00 00 00 00 00 00 00 00 00 00 F2 02 04 03 00 00 00 00 00 00 00 00 00 00 00 00 00 00 00 00 00 00 D6 07 AD 07 C1 07 E8 07 0E 02 0D 02 09 02 09 02 09 02 05 02 05 02 05 02 05 02 05 02 05 02 01 02 01 02 01 02 

ACQ: 20260430.1040:867 | DATA:
AA 55 00 28 0B 82 AB 90 E6 52 01 02 FD 01 F9 01 D2 01 D9 01 0A 02 0D 02 19 02 1C 02 00 00 00 00 00 00 00 00 00 00 00 00 00 00 00 00 00 00 00 00 00 00 00 00 00 00 00 00 00 00 00 00 00 00 00 00 5A 41 00 00 60 42 DA 3C 00 00 00 00 00 00 00 00 00 00 00 00 00 00 00 00 00 00 

ACQ: 20260430.1040:867 | DATA:
AA 55 00 28 0D 91 AD 9F 90 21 00 00 00 00 00 00 00 00 00 00 00 00 F6 3F 72 46 12 45 00 00 00 00 00 00 F6 3F 06 42 AC 42 8C 42 F4 41 22 45 CA 42 C0 42 00 00 AE 44 00 00 00 00 00 00 00 00 AE 53 00 00 00 00 00 00 00 00 00 00 00 00 00 00 00 00 00 00 00 00 00 00 00 00 00 00 

ACQ: 20260430.1040:867 | DATA:
AA 55 00 26 05 A0 DD AD 33 4F 00 00 00 00 00 00 00 00 00 00 00 00 00 00 82 07 00 00 00 00 00 00 00 00 00 00 C6 04 E0 04 00 00 00 00 00 00 00 00 00 00 00 00 00 00 32 06 30 06 29 06 00 00 AA 06 00 00 00 00 00 00 00 00 00 00 B2 03 0E 0E C4 0D 8C 0D CA 14 5A 2F 

ACQ: 20260430.1040:867 | DATA:
AA 55 01 01 3F AE 3F AE AB 54 00 00 

ACQ: 20260430.1040:867 | DATA:
AA 55 00 28 A1 AE 45 09 2F 90 00 00 1E 0E 19 0E 00 00 00 00 3A 4F 48 4F 24 4F 58 4F 46 14 49 14 49 14 4D 14 55 14 59 14 45 14 A1 14 00 00 F6 4D B1 4D E9 4D 0D 4E 86 42 00 00 7C 42 72 4A 26 51 2D 51 EA 13 00 00 02 04 A2 13 D1 13 01 14 0D 14 24 14 3C 14 24 14 00 00 00 00 

ACQ: 20260430.1040:867 | DATA:
AA 55 00 28 A7 09 2D 18 66 08 C4 14 D0 14 EC 14 04 15 2C 15 48 15 74 15 90 15 B8 15 00 00 00 00 1E 58 E9 58 61 59 F9 59 BD 5A 69 5B F5 5B 16 5D B1 5D 8D 5E 00 00 08 60 39 5F 3E 5D 56 5B 00 00 DE 54 DE 56 F6 54 CA 53 AE 52 3A 51 D9 50 3C 50 00 00 F2 4B 00 00 00 00 00 00 

ACQ: 20260430.1040:867 | DATA:
 00 28 8F 18 27 27 8F 43 4E 39 26 47 3C 46 00 00 9A 44 40 44 80 43 D8 42 44 42 00 00 2C 41 32 29 09 29 89 29 C5 29 00 00 00 00 00 00 00 00 00 00 82 26 44 26 34 26 24 26 DD 25 55 26 A5 26 9D 26 AD 26 F1 26 00 00 00 00 00 00 0E 39 29 39 E9 38 B8 38 7C 38 5C 38 28 38 

ACQ: 20260430.1040:867 | DATA:
 00 28 89 27 35 36 E8 47 04 38 CC 37 A8 37 E8 36 78 37 69 37 51 37 78 36 C6 31 C2 30 F2 33 7A 30 5A 2D 0D 2D AD 2D F2 36 42 34 BD 34 8E 2A F5 29 86 37 91 37 65 37 A9 37 74 37 00 00 00 00 8A 0E 99 0E E6 09 B9 09 8D 09 79 09 59 09 3D 09 29 09 19 09 05 09 F9 08 F1 08

ACQ: 20260430.1040:980 | DATA:
AA 55 00 28 8F 36 4D 45 9E 0C F1 08 F5 08 14 09 00 00 56 0C 79 0C A5 0C D5 0C 0D 0D 51 0D 91 0D C6 02 B9 02 BD 02 C1 02 C5 02 CD 02 D1 02 D9 02 DD 02 E5 02 ED 02 F5 02 FD 02 05 03 1C 03 00 00 00 00 CA 02 D5 02 4E 05 00 00 00 00 00 00 00 00 00 00 00 00 00 00 16 43 F4 42 

ACQ: 20260430.1040:980 | DATA:
AA 55 00 28 AF 45 59 54 8E 0B 11 42 C0 41 26 02 29 02 66 41 CE 42 32 44 00 00 1A 54 9E 55 3A 57 00 00 00 00 00 00 00 00 00 00 00 00 00 00 00 00 00 00 00 00 00 00 00 00 00 00 00 00 CA 7C 00 00 9A 09 00 00 00 00 3E 04 62 04 00 00 00 00 5A 03 7E 03 00 00 00 00 00 00 00 00 

ACQ: 20260430.1040:980 | DATA:
AA 55 00 28 BB 54 73 63 4F 33 00 00 00 00 00 00 CE 01 00 00 00 00 00 00 00 00 00 00 00 00 00 00 00 00 00 00 00 00 00 00 00 00 00 00 00 00 00 00 00 00 00 00 00 00 00 00 00 00 32 0E 15 0E C5 0D F9 0D E5 0D AD 0D F6 11 46 69 00 00 00 00 00 00 00 00 00 00 00 00 00 00 00 00 

ACQ: 20260430.1040:980 | DATA:
AA 55 00 28 D5 63 99 72 A6 66 00 00 00 00 00 00 00 00 00 00 00 00 00 00 00 00 00 00 4A 04 00 00 00 00 00 00 00 00 00 00 00 00 00 00 42 0C 00 00 00 00 72 03 88 03 00 00 00 00 00 00 00 00 00 00 00 00 00 00 00 00 00 00 00 00 00 00 00 00 00 00 B6 02 C0 02 C4 02 00 00 00 00 

ACQ: 20260430.1040:980 | DATA:
AA 55 00 28 FB 72 B9 81 BA 8A 00 00 00 00 00 00 00 00 00 00 00 00 00 00 00 00 00 00 00 00 00 00 F2 02 08 03 00 00 00 00 00 00 00 00 00 00 00 00 00 00 00 00 00 00 CA 07 AD 07 CD 07 0E 02 0D 02 0D 02 09 02 09 02 09 02 05 02 05 02 05 02 05 02 05 02 01 02 01 02 01 02 01 02 

ACQ: 20260430.1040:980 | DATA:
AA 55 00 28 1B 82 BF 90 82 54 01 02 FD 01 ED 01 D2 01 06 02 09 02 11 02 19 02 00 00 00 00 00 00 00 00 00 00 00 00 00 00 00 00 00 00 00 00 00 00 00 00 00 00 00 00 00 00 00 00 00 00 00 00 00 00 36 41 00 00 28 42 56 3B 00 00 00 00 00 00 00 00 00 00 00 00 00 00 00 00 00 00 

ACQ: 20260430.1040:980 | DATA:
AA 55 00 28 17 91 B7 9F 08 35 00 00 00 00 00 00 00 00 00 00 00 00 3A 41 86 46 3E 45 00 00 00 00 00 00 26 41 EC 41 04 43 28 42 A4 42 1A 45 B2 42 28 43 00 00 00 00 00 00 00 00 00 00 EA 51 A8 52 00 00 00 00 00 00 00 00 00 00 00 00 00 00 00 00 00 00 00 00 00 00 00 00 00 00 

ACQ: 20260430.1040:980 | DATA:
AA 55 00 25 19 A0 9F AD CE 6D 00 00 00 00 00 00 00 00 00 00 00 00 5E 07 8C 07 00 00 00 00 00 00 00 00 00 00 D2 04 00 00 00 00 00 00 00 00 00 00 00 00 00 00 00 00 36 06 28 06 30 06 00 00 C2 06 00 00 00 00 00 00 00 00 00 00 CA 03 EE 0D B0 0D 80 0D 1A 1A 

ACQ: 20260430.1040:980 | DATA:
AA 55 01 01 01 AE 01 AE D5 02 7E 56 

ACQ: 20260430.1040:980 | DATA:
AA 55 00 28 63 AE 09 09 10 CA 00 00 52 0E 0D 0E 49 0E 00 00 E6 4E 30 4F 18 4F EC 4E 46 14 45 14 49 14 49 14 51 14 55 14 5D 14 69 14 00 00 00 00 D2 4D B9 4D 69 4E 02 48 16 43 F6 41 98 42 C2 4F 32 51 80 51 EE 13 FE 03 00 00 BE 13 E9 13 F9 13 15 14 30 14 44 14 00 00 00 00 

ACQ: 20260430.1040:980 | DATA:
AA 55 00 18 69 09 09 12 EC 5C E0 14 C0 14 E0 14 F8 14 14 15 3C 15 64 15 80 15 AC 15 D0 15 00 00 7A 57 8D 58 3D 59 95 59 5D 5A FD 5A A1 5B 59 5C 4D 5D 0D 5E 28 5D 00 00 C1 5C 

ACQ: 20260430.1040:980 | DATA:
AA 55 00 28 C5 13 4D 22 C0 12 36 55 D8 55 15 55 A6 53 B5 52 62 51 C5 50 58 50 00 00 1A 4C 00 00 00 00 00 00 36 39 12 47 00 00 00 00 B2 44 28 44 74 43 D0 42 34 42 00 00 82 29 2D 29 1D 29 99 29 B9 29 00 00 00 00 00 00 00 00 00 00 00 00 46 26 28 26 20 26 C9 25 75 26 A1 26 

ACQ: 20260430.1040:980 | DATA:
 00 28 AF 22 4D 31 CB 52 9D 26 B5 26 01 27 00 00 00 00 00 00 0A 39 28 39 F1 38 B0 38 7C 38 5C 38 2C 38 09 38 D4 37 B8 37 08 37 89 37 71 37 65 37 52 36 F2 31 CE 30 D2 33 7E 30 66 2D 15 2D A9 2D F2 36 12 34 C5 34 9E 2A F9 29 76 37 9D 37 6D 37 A5 37 4C 37 00 00 00 00 

ACQ: 20260430.1040:980 | DATA:
 00 28 AF 31 65 40 D9 03 8A 0E 95 0E EA 09 C1 09 91 09 79 09 59 09 41 09 29 09 19 09 05 09 F9 08 F5 08 F1 08 F5 08 10 09 00 00 52 0C 79 0C A5 0C D5 0C 09 0D 49 0D 8D 0D C6 02 B9 02 BD 02 C1 02 C5 02 CD 02 D1 02 D9 02 DD 02 E5 02 ED 02 F5 02 F9 02 05 03 19 03 00 00

ACQ: 20260430.1040:55 | DATA:
AA 55 00 28 BD 40 65 4F D8 19 00 00 CA 02 D5 02 4A 05 00 00 00 00 00 00 00 00 00 00 00 00 00 00 22 43 FC 42 0D 42 E1 41 26 02 25 02 62 41 A6 42 C2 43 00 00 9A 53 66 55 16 57 00 00 00 00 00 00 00 00 00 00 00 00 00 00 00 00 00 00 00 00 00 00 00 00 00 00 00 00 22 7D 00 00 

ACQ: 20260430.1040:55 | DATA:
AA 55 00 28 C7 4F 7B 5E 26 6C A2 09 00 00 00 00 00 00 56 04 00 00 00 00 52 03 76 03 00 00 00 00 00 00 00 00 00 00 00 00 00 00 CA 01 D4 01 00 00 00 00 00 00 00 00 00 00 00 00 00 00 00 00 00 00 00 00 00 00 00 00 00 00 00 00 00 00 00 00 00 00 00 00 00 00 1A 0E 1D 0E F9 0D 

ACQ: 20260430.1040:55 | DATA:
AA 55 00 28 DD 5E 95 6D C2 85 F9 0D C9 0D AD 0D B1 0D AA 12 66 D5 00 00 00 00 00 00 00 00 00 00 00 00 00 00 00 00 00 00 00 00 00 00 00 00 00 00 00 00 00 00 00 00 3A 04 5A 04 00 00 00 00 00 00 00 00 00 00 00 00 4E 0C 00 00 00 00 6E 03 80 03 00 00 00 00 00 00 00 00 00 00 

ACQ: 20260430.1040:55 | DATA:
AA 55 00 28 F7 6D BD 7C 98 6E 00 00 00 00 00 00 00 00 00 00 00 00 00 00 00 00 B2 02 BC 02 C4 02 00 00 00 00 00 00 00 00 00 00 00 00 00 00 00 00 00 00 00 00 00 00 00 00 00 00 EE 02 00 03 0C 03 00 00 00 00 00 00 00 00 00 00 00 00 00 00 00 00 D6 07 AD 07 C1 07 E4 07 0E 02 

ACQ: 20260430.1040:55 | DATA:
AA 55 00 28 1F 7D C3 8B BF 88 0D 02 09 02 09 02 09 02 05 02 05 02 05 02 05 02 05 02 01 02 01 02 01 02 01 02 FD 01 FD 01 F9 01 D6 01 D9 01 0A 02 0D 02 19 02 20 02 00 00 00 00 00 00 00 00 00 00 00 00 00 00 00 00 00 00 00 00 00 00 00 00 00 00 00 00 00 00 00 00 00 00 00 00 

ACQ: 20260430.1040:55 | DATA:
AA 55 00 28 25 8C CF 9A 74 42 3E 41 00 00 34 42 16 3C 00 00 00 00 00 00 00 00 00 00 00 00 00 00 00 00 00 00 00 00 00 00 00 00 00 00 00 00 00 00 5E 40 8E 46 16 45 00 00 00 00 00 00 56 40 FA 41 C8 42 7C 42 28 42 4A 45 A6 42 BC 42 00 00 00 00 00 00 00 00 00 00 00 00 8E 53 

ACQ: 20260430.1040:55 | DATA:
AA 55 00 28 29 9B D3 A9 79 48 00 00 00 00 00 00 00 00 00 00 00 00 00 00 00 00 00 00 00 00 00 00 00 00 00 00 00 00 00 00 00 00 00 00 00 00 00 00 00 00 86 07 00 00 00 00 00 00 00 00 00 00 CE 04 E4 04 00 00 00 00 00 00 00 00 00 00 00 00 00 00 36 06 2C 06 2D 06 00 00 B2 06 

ACQ: 20260430.1040:55 | DATA:
AA 55 00 0B 35 AA F7 AD 18 09 00 00 00 00 00 00 00 00 00 00 BE 03 06 0E 86 07 82 0D 8A 17 46 40 

ACQ: 20260430.1040:55 | DATA:
AA 55 01 01 51 AE 51 AE AB 54 00 00 

ACQ: 20260430.1040:55 | DATA:
AA 55 00 28 B3 AE 5D 09 82 CE 00 00 0E 0E 29 0E 00 00 00 00 4A 4F 3C 4F 0C 4F 3A 14 49 14 49 14 49 14 51 14 51 14 59 14 61 14 D8 14 00 00 EA 4D C5 4D 11 4E 5E 49 C2 42 00 00 48 43 D6 4D 26 51 39 51 EA 13 00 00 FE 03 AE 13 ED 13 01 14 15 14 30 14 40 14 18 14 00 00 00 00 

ACQ: 20260430.1040:55 | DATA:
 00 28 B5 09 4F 18 F9 2A BC 14 DC 14 F4 14 0C 15 30 15 5C 15 7C 15 A0 15 C4 15 00 00 2E 57 66 58 19 59 7D 59 51 5A ED 5A 79 5B 05 5C 05 5D 09 5E 2D 5D 00 00 28 5E 71 5E 3A 5C 2C 5B 96 54 2A 56 DA 54 11 55 76 53 32 52 59 51 AD 50 00 00 00 00 00 00 00 00 00 00 00 00 

ACQ: 20260430.1040:55 | DATA:


ACQ: 20260430.1040:173 | DATA:
AA 55 00 28 AD 27 59 36 68 79 FC 37 E5 37 58 37 9D 37 6D 37 65 37 49 37 9E 2E 3E 32 92 33 05 34 32 2F 4E 2D 49 2D 72 30 7E 31 6E 35 A6 30 E6 29 DE 36 8D 37 9D 37 BD 37 BD 37 00 00 00 00 00 00 92 0E 02 0A D9 09 A5 09 85 09 6D 09 4D 09 39 09 21 09 15 09 01 09 F5 08 F5 08 

ACQ: 20260430.1040:173 | DATA:
AA 55 00 28 BB 36 71 45 CE 0A F5 08 00 09 00 00 42 0C 65 0C 8D 0C C1 0C E5 0C 2D 0D 6D 0D B5 0D BE 02 B9 02 BD 02 C5 02 C9 02 CD 02 D5 02 DD 02 E1 02 E9 02 F1 02 F9 02 01 03 11 03 00 00 00 00 00 00 D2 02 DD 02 5E 05 00 00 00 00 00 00 00 00 00 00 00 00 00 00 02 43 10 42 

ACQ: 20260430.1040:173 | DATA:
AA 55 00 28 D3 45 85 54 88 08 F5 41 84 41 26 02 25 02 1E 42 4A 43 4A 45 16 53 BA 54 52 56 00 00 00 00 00 00 00 00 00 00 00 00 00 00 00 00 00 00 00 00 00 00 00 00 00 00 00 00 16 7C 00 00 9A 09 00 00 00 00 00 00 4E 04 00 00 00 00 4A 03 6E 03 00 00 00 00 00 00 00 00 00 00 

ACQ: 20260430.1040:173 | DATA:
AA 55 00 28 E9 54 A1 63 03 91 00 00 00 00 C6 01 D4 01 00 00 00 00 00 00 00 00 00 00 00 00 00 00 00 00 00 00 00 00 00 00 00 00 00 00 00 00 00 00 00 00 00 00 00 00 00 00 00 00 2E 0E 05 0E DD 0D A5 0D A5 0D B5 0D AE 12 1E C9 00 00 00 00 00 00 00 00 00 00 00 00 00 00 00 00 

ACQ: 20260430.1040:173 | DATA:
AA 55 00 28 FB 63 BD 72 80 67 00 00 00 00 00 00 00 00 00 00 00 00 00 00 00 00 00 00 52 04 00 00 00 00 00 00 00 00 00 00 00 00 00 00 3A 0C 00 00 00 00 7A 03 00 00 00 00 00 00 00 00 00 00 00 00 00 00 00 00 00 00 00 00 00 00 00 00 00 00 00 00 BA 02 C4 02 00 00 00 00 00 00 

ACQ: 20260430.1040:173 | DATA:
AA 55 00 28 1F 73 DD 81 9B 8C 00 00 00 00 00 00 00 00 00 00 00 00 00 00 00 00 00 00 00 00 00 00 FA 02 0C 03 00 00 00 00 00 00 00 00 00 00 00 00 00 00 00 00 D6 07 B9 07 B1 07 D9 07 0E 02 0D 02 0D 02 09 02 09 02 09 02 05 02 05 02 05 02 05 02 05 02 01 02 01 02 01 02 01 02 

ACQ: 20260430.1040:173 | DATA:
AA 55 00 28 3F 82 E1 90 02 13 01 02 FD 01 DE 01 D5 01 0A 02 0D 02 11 02 1D 02 00 00 00 00 00 00 00 00 00 00 00 00 00 00 00 00 00 00 00 00 00 00 00 00 00 00 00 00 00 00 00 00 42 03 00 00 8E 41 94 41 E8 41 3A 3D 00 00 00 00 00 00 00 00 00 00 00 00 00 00 00 00 00 00 00 00 

ACQ: 20260430.1040:173 | DATA:
AA 55 00 28 41 91 D9 9F BA 5A 00 00 00 00 00 00 00 00 00 00 00 00 3A 43 CE 45 00 00 00 00 00 00 AE 3E E6 41 04 42 E8 42 CE 41 CE 43 00 00 9E 42 70 43 00 00 00 00 00 00 00 00 00 00 36 53 00 00 00 00 00 00 00 00 00 00 00 00 00 00 00 00 00 00 00 00 00 00 00 00 00 00 00 00 

ACQ: 20260430.1040:173 | DATA:
AA 55 00 25 3B A0 B9 AD C1 57 00 00 00 00 00 00 00 00 00 00 00 00 72 07 00 00 00 00 00 00 00 00 00 00 BE 04 D9 04 00 00 00 00 00 00 00 00 00 00 00 00 00 00 2A 06 34 06 28 06 34 06 A2 06 00 00 00 00 00 00 00 00 00 00 B2 03 E2 04 EA 0D A4 0D 70 0D 32 21 

ACQ: 20260430.1040:173 | DATA:
AA 55 01 01 1B AE 1B AE AB 54 00 00 

ACQ: 20260430.1040:173 | DATA:
 00 28 7D AE 2B 09 80 D1 00 00 4A 0E 15 0E 00 00 00 00 3E 4F 34 4F 30 4F 1C 4F 4A 14 49 14 4D 14 4D 14 55 14 55 14 5D 14 71 14 00 00 00 00 BA 4D B9 4D 25 4E 82 46 00 00 E6 42 19 43 E6 50 31 51 FA 13 FC 13 02 04 00 00 BE 13 FD 13 FD 13 18 14 30 14 34 14 00 00 00 00 

ACQ: 20260430.1040:173 | DATA:
 00 28 8D 09 17 18 AB 6B CC 14 C0 14 E8 14 F8 14 1C 15 40 15 68 15 8C 15 B0 15 E0 15 00 00 96 57 9D 58 45 59 B0 59 85 5A 21 5B D9 5B BD 5C B1 5D 71 5E 00 00 00 00 C5 5E D1 5D AA 5B 00 00 D6 54 C6 56 8A 54 C4 54 26 53 32 05 02 51 91 50 D6 4D 20 4D 00 00 00 00 00 00

ACQ: 20260430.1040:274 | DATA:
AA 55 00 28 77 18 1D 27 A5 76 2E 39 00 00 8A 46 00 00 00 00 52 44 AC 43 E8 42 44 42 00 00 22 41 46 29 FD 28 99 29 B9 29 00 00 00 00 00 00 00 00 00 00 00 00 56 26 34 26 20 26 FC 25 39 26 AD 26 9D 26 AD 26 E1 26 0A 28 00 00 00 00 00 00 32 39 FD 38 C4 38 90 38 6C 38 2C 38 

ACQ: 20260430.1040:274 | DATA:
AA 55 00 28 7F 27 2D 36 03 46 0C 38 CC 37 B5 37 DC 36 70 37 5D 37 49 37 45 37 C6 30 E9 30 22 34 D6 30 72 2D 19 2D 8D 2D E2 36 9A 33 22 35 E2 2A F9 29 56 37 89 37 51 37 E1 37 95 37 00 00 00 00 8A 0E 95 0E EA 09 C1 09 91 09 79 09 59 09 41 09 2D 09 19 09 09 09 F9 08 F5 08 

ACQ: 20260430.1040:274 | DATA:
AA 55 00 28 87 36 47 45 95 0C F5 08 F9 08 14 09 00 00 52 0C 75 0C A5 0C D5 0C 09 0D 4D 0D 8D 0D C6 02 B9 02 BD 02 C1 02 C5 02 CD 02 D1 02 D9 02 DD 02 E5 02 ED 02 F5 02 F9 02 05 03 19 03 00 00 00 00 CA 02 D5 02 4E 05 00 00 00 00 00 00 00 00 00 00 00 00 00 00 EA 42 04 43 

ACQ: 20260430.1040:274 | DATA:
AA 55 00 28 A1 45 59 54 CD 0F F9 41 C1 41 26 02 25 02 5A 41 B6 42 F2 43 00 00 02 54 66 55 2E 57 00 00 00 00 00 00 00 00 00 00 00 00 00 00 00 00 00 00 00 00 00 00 00 00 00 00 00 00 22 7C 00 00 9A 09 00 00 00 00 3A 04 5E 04 00 00 00 00 56 03 7A 03 00 00 00 00 00 00 00 00 

ACQ: 20260430.1040:274 | DATA:
AA 55 00 28 BB 54 63 63 EC 17 00 00 00 00 00 00 CE 01 00 00 00 00 00 00 00 00 00 00 00 00 00 00 00 00 00 00 00 00 00 00 00 00 00 00 00 00 00 00 00 00 00 00 00 00 00 00 00 00 2A 0E 1D 0E C5 0D 05 0E CD 0D AD 0D B1 0D 76 52 00 00 00 00 00 00 00 00 00 00 00 00 00 00 00 00 

ACQ: 20260430.1040:274 | DATA:
AA 55 00 28 C5 63 8F 72 BC 66 00 00 00 00 00 00 00 00 00 00 00 00 00 00 00 00 00 00 46 04 00 00 00 00 00 00 00 00 00 00 00 00 00 00 42 0C 00 00 00 00 6E 03 84 03 00 00 00 00 00 00 00 00 00 00 00 00 00 00 00 00 00 00 00 00 00 00 00 00 00 00 B6 02 C0 02 C4 02 00 00 00 00 

ACQ: 20260430.1040:274 | DATA:
AA 55 00 28 F3 72 AF 81 A4 8A 00 00 00 00 00 00 00 00 00 00 00 00 00 00 00 00 00 00 00 00 00 00 F2 02 08 03 00 00 00 00 00 00 00 00 00 00 00 00 00 00 00 00 00 00 CE 07 AD 07 C9 07 0E 02 0D 02 0D 02 09 02 09 02 09 02 05 02 05 02 05 02 05 02 05 02 01 02 01 02 01 02 01 02 

ACQ: 20260430.1040:274 | DATA:
AA 55 00 28 11 82 C9 90 C8 54 01 02 FD 01 F1 01 D6 01 06 02 09 02 11 02 19 02 00 00 00 00 00 00 00 00 00 00 00 00 00 00 00 00 00 00 00 00 00 00 00 00 00 00 00 00 00 00 00 00 2E 03 00 00 00 00 26 41 00 00 54 41 3A 3B 00 00 00 00 00 00 00 00 00 00 00 00 00 00 00 00 00 00 

ACQ: 20260430.1040:274 | DATA:
AA 55 00 28 21 91 C7 9F 26 36 00 00 00 00 00 00 00 00 00 00 00 00 22 41 6E 46 00 00 00 00 00 00 00 00 6A 41 FC 41 14 43 24 42 DC 42 D2 44 A2 42 04 43 5A 44 00 00 00 00 00 00 00 00 7A 52 08 52 00 00 00 00 00 00 00 00 00 00 00 00 00 00 00 00 00 00 00 00 00 00 00 00 00 00 

ACQ: 20260430.1040:274 | DATA:
 00 26 1F A0 01 AE C4 3A 00 00 00 00 00 00 00 00 00 00 00 00 62 07 84 07 00 00 00 00 00 00 00 00 00 00 D2 04 00 00 00 00 00 00 00 00 00 00 00 00 00 00 00 00 36 06 28 06 30 06 54 06 C2 06 00 00 00 00 00 00 00 00 00 00 BE 03 EE 0D B0 0D 8C 0D C2 19 52 52 

ACQ: 20260430.1040:274 | DATA:
 01 01 63 AE 63 AE AB 54 00 00

