

Microchip MPLAB XC8 Assembler V3.10 build 20250813170317 
                                                                                               Mon Apr  6 12:19:18 2026

Microchip MPLAB XC8 C Compiler v3.10 (Free license) build 20250813170317 Og1 
     1                           	processor	16F1788
     2                           	pagewidth 120
     3                           	opt	flic
     4                           	psect	stringtext1,global,class=STRCODE,space=0,delta=2,noexec
     5                           	psect	stringtext2,global,class=STRCODE,space=0,delta=2,noexec
     6                           	psect	stringtext3,global,class=STRCODE,space=0,delta=2,noexec
     7                           	psect	stringtext4,global,class=STRCODE,space=0,delta=2,noexec
     8                           	psect	cinit,global,class=CODE,space=0,merge=1,delta=2
     9                           	psect	bssCOMMON,global,class=COMMON,space=1,delta=1,noexec
    10                           	psect	bssBANK0,global,class=BANK0,space=1,delta=1,noexec
    11                           	psect	cstackCOMMON,global,class=COMMON,space=1,delta=1,noexec
    12                           	psect	cstackBANK0,global,class=BANK0,space=1,delta=1,noexec
    13                           	psect	maintext,global,class=CODE,space=0,merge=1,split=1,delta=2
    14                           	psect	text1,local,class=CODE,space=0,merge=1,delta=2
    15                           	psect	text2,local,class=CODE,space=0,merge=1,delta=2
    16                           	psect	text3,local,class=CODE,space=0,merge=1,delta=2
    17                           	psect	text4,local,class=CODE,space=0,merge=1,delta=2
    18                           	psect	text5,local,class=CODE,space=0,merge=1,delta=2
    19                           	psect	text6,local,class=CODE,space=0,merge=1,delta=2,group=1
    20                           	psect	text7,local,class=CODE,space=0,merge=1,delta=2
    21                           	psect	text8,local,class=CODE,space=0,merge=1,delta=2
    22                           	psect	text9,local,class=CODE,space=0,merge=1,delta=2
    23                           	psect	text10,local,class=CODE,space=0,merge=1,delta=2
    24                           	psect	text11,local,class=CODE,space=0,merge=1,delta=2
    25                           	psect	text12,local,class=CODE,space=0,merge=1,delta=2
    26                           	psect	text13,local,class=CODE,space=0,merge=1,delta=2
    27                           	psect	text14,local,class=CODE,space=0,merge=1,delta=2
    28                           	psect	text15,local,class=CODE,space=0,merge=1,delta=2
    29                           	psect	text16,local,class=CODE,space=0,merge=1,delta=2
    30                           	psect	text17,local,class=CODE,space=0,merge=1,delta=2
    31                           	psect	text18,local,class=CODE,space=0,merge=1,delta=2
    32                           	psect	text19,local,class=CODE,space=0,merge=1,delta=2
    33                           	psect	intentry,global,class=CODE,space=0,delta=2
    34                           	psect	text21,local,class=CODE,space=0,merge=1,delta=2,group=1
    35                           	psect	config,global,abs,ovrld,class=CONFIG,space=4,delta=2,noexec
    36                           	dabs	1,0x7E,2
    37     0000                     
    38                           ; Generated 07/09/2023 GMT
    39                           ; 
    40                           ; Copyright © 2023, Microchip Technology Inc. and its subsidiaries ("Microchip")
    41                           ; All rights reserved.
    42                           ; 
    43                           ; This software is developed by Microchip Technology Inc. and its subsidiaries ("Microch
      +                          ip").
    44                           ; 
    45                           ; Redistribution and use in source and binary forms, with or without modification, are
    46                           ; permitted provided that the following conditions are met:
    47                           ; 
    48                           ;     1. Redistributions of source code must retain the above copyright notice, this lis
      +                          t of
    49                           ;        conditions and the following disclaimer.
    50                           ; 
    51                           ;     2. Redistributions in binary form must reproduce the above copyright notice, this 
      +                          list
    52                           ;        of conditions and the following disclaimer in the documentation and/or other
    53                           ;        materials provided with the distribution. Publication is not required when
    54                           ;        this file is used in an embedded application.
    55                           ; 
    56                           ;     3. Microchip's name may not be used to endorse or promote products derived from th
      +                          is
    57                           ;        software without specific prior written permission.
    58                           ; 
    59                           ; THIS SOFTWARE IS PROVIDED BY MICROCHIP "AS IS" AND ANY EXPRESS OR IMPLIED WARRANTIES,
    60                           ; INCLUDING, BUT NOT LIMITED TO, THE IMPLIED WARRANTIES OF MERCHANTABILITY AND FITNESS F
      +                          OR
    61                           ; PURPOSE ARE DISCLAIMED.  IN NO EVENT SHALL MICROCHIP BE LIABLE FOR ANY DIRECT, INDIREC
      +                          T,
    62                           ; INCIDENTAL, SPECIAL, EXEMPLARY, OR CONSEQUENTIAL DAMAGES (INCLUDING BUT NOT LIMITED TO
    63                           ; PROCUREMENT OF SUBSTITUTE GOODS OR SERVICES; LOSS OF USE, DATA OR PROFITS; OR BUSINESS
    64                           ; INTERRUPTION) HOWSOEVER CAUSED AND ON ANY THEORY OF LIABILITY, WHETHER IN CONTRACT, ST
      +                          RICT
    65                           ; LIABILITY, OR TORT (INCLUDING NEGLIGENCE OR OTHERWISE) ARISING IN ANY WAY OUT OF THE U
      +                          SE OF
    66                           ; THIS SOFTWARE, EVEN IF ADVISED OF THE POSSIBILITY OF SUCH DAMAGE.
    67                           ; 
    68                           ; 
    69                           ; Code-generator required, PIC16F1788 Definitions
    70                           ; 
    71                           ; SFR Addresses
    72     0008                     bsr             equ	8
    73     0005                     fsr0h           equ	5
    74     0004                     fsr0l           equ	4
    75     0007                     fsr1h           equ	7
    76     0006                     fsr1l           equ	6
    77     0000                     indf            equ	0
    78     0000                     indf0           equ	0
    79     0001                     indf1           equ	1
    80     000B                     intcon          equ	11
    81     0002                     pc              equ	2
    82     0002                     pcl             equ	2
    83     000A                     pclath          equ	10
    84     0003                     status          equ	3
    85     0009                     wreg            equ	9
    86     0000                     INDF0           equ	0	;# 
    87     0001                     INDF1           equ	1	;# 
    88     0002                     PCL             equ	2	;# 
    89     0003                     STATUS          equ	3	;# 
    90     0004                     FSR0L           equ	4	;# 
    91     0005                     FSR0H           equ	5	;# 
    92     0006                     FSR1L           equ	6	;# 
    93     0007                     FSR1H           equ	7	;# 
    94     0008                     BSR             equ	8	;# 
    95     0009                     WREG            equ	9	;# 
    96     000A                     PCLATH          equ	10	;# 
    97     000B                     INTCON          equ	11	;# 
    98     000C                     PORTA           equ	12	;# 
    99     000D                     PORTB           equ	13	;# 
   100     000E                     PORTC           equ	14	;# 
   101     0010                     PORTE           equ	16	;# 
   102     0011                     PIR1            equ	17	;# 
   103     0012                     PIR2            equ	18	;# 
   104     0013                     PIR3            equ	19	;# 
   105     0014                     PIR4            equ	20	;# 
   106     0015                     TMR0            equ	21	;# 
   107     0016                     TMR1            equ	22	;# 
   108     0016                     TMR1L           equ	22	;# 
   109     0017                     TMR1H           equ	23	;# 
   110     0018                     T1CON           equ	24	;# 
   111     0019                     T1GCON          equ	25	;# 
   112     001A                     TMR2            equ	26	;# 
   113     001B                     PR2             equ	27	;# 
   114     001C                     T2CON           equ	28	;# 
   115     008C                     TRISA           equ	140	;# 
   116     008D                     TRISB           equ	141	;# 
   117     008E                     TRISC           equ	142	;# 
   118     0090                     TRISE           equ	144	;# 
   119     0091                     PIE1            equ	145	;# 
   120     0092                     PIE2            equ	146	;# 
   121     0093                     PIE3            equ	147	;# 
   122     0094                     PIE4            equ	148	;# 
   123     0095                     OPTION_REG      equ	149	;# 
   124     0096                     PCON            equ	150	;# 
   125     0097                     WDTCON          equ	151	;# 
   126     0098                     OSCTUNE         equ	152	;# 
   127     0099                     OSCCON          equ	153	;# 
   128     009A                     OSCSTAT         equ	154	;# 
   129     009B                     ADRES           equ	155	;# 
   130     009B                     ADRESL          equ	155	;# 
   131     009C                     ADRESH          equ	156	;# 
   132     009D                     ADCON0          equ	157	;# 
   133     009E                     ADCON1          equ	158	;# 
   134     009F                     ADCON2          equ	159	;# 
   135     010C                     LATA            equ	268	;# 
   136     010D                     LATB            equ	269	;# 
   137     010E                     LATC            equ	270	;# 
   138     0111                     CM1CON0         equ	273	;# 
   139     0112                     CM1CON1         equ	274	;# 
   140     0113                     CM2CON0         equ	275	;# 
   141     0114                     CM2CON1         equ	276	;# 
   142     0115                     CMOUT           equ	277	;# 
   143     0116                     BORCON          equ	278	;# 
   144     0117                     FVRCON          equ	279	;# 
   145     0118                     DAC1CON0        equ	280	;# 
   146     0119                     DAC1CON1        equ	281	;# 
   147     011A                     CM4CON0         equ	282	;# 
   148     011B                     CM4CON1         equ	283	;# 
   149     011C                     APFCON2         equ	284	;# 
   150     011D                     APFCON1         equ	285	;# 
   151     011D                     APFCON0         equ	285	;# 
   152     011D                     APFCON          equ	285	;# 
   153     011E                     CM3CON0         equ	286	;# 
   154     011F                     CM3CON1         equ	287	;# 
   155     018C                     ANSELA          equ	396	;# 
   156     018D                     ANSELB          equ	397	;# 
   157     018E                     ANSELC          equ	398	;# 
   158     0191                     EEADR           equ	401	;# 
   159     0191                     EEADRL          equ	401	;# 
   160     0192                     EEADRH          equ	402	;# 
   161     0193                     EEDAT           equ	403	;# 
   162     0193                     EEDATL          equ	403	;# 
   163     0193                     EEDATA          equ	403	;# 
   164     0194                     EEDATH          equ	404	;# 
   165     0195                     EECON1          equ	405	;# 
   166     0196                     EECON2          equ	406	;# 
   167     0197                     VREGCON         equ	407	;# 
   168     0199                     RC1REG          equ	409	;# 
   169     0199                     RCREG           equ	409	;# 
   170     0199                     RCREG1          equ	409	;# 
   171     019A                     TX1REG          equ	410	;# 
   172     019A                     TXREG1          equ	410	;# 
   173     019A                     TXREG           equ	410	;# 
   174     019B                     SP1BRG          equ	411	;# 
   175     019B                     SPBRG           equ	411	;# 
   176     019B                     SP1BRGL         equ	411	;# 
   177     019B                     SPBRG1          equ	411	;# 
   178     019B                     SPBRGL          equ	411	;# 
   179     019C                     SP1BRGH         equ	412	;# 
   180     019C                     SPBRGH          equ	412	;# 
   181     019C                     SPBRGH1         equ	412	;# 
   182     019D                     RC1STA          equ	413	;# 
   183     019D                     RCSTA1          equ	413	;# 
   184     019D                     RCSTA           equ	413	;# 
   185     019E                     TX1STA          equ	414	;# 
   186     019E                     TXSTA1          equ	414	;# 
   187     019E                     TXSTA           equ	414	;# 
   188     019F                     BAUD1CON        equ	415	;# 
   189     019F                     BAUDCON1        equ	415	;# 
   190     019F                     BAUDCTL1        equ	415	;# 
   191     019F                     BAUDCON         equ	415	;# 
   192     019F                     BAUDCTL         equ	415	;# 
   193     020C                     WPUA            equ	524	;# 
   194     020D                     WPUB            equ	525	;# 
   195     020E                     WPUC            equ	526	;# 
   196     0210                     WPUE            equ	528	;# 
   197     0211                     SSP1BUF         equ	529	;# 
   198     0211                     SSPBUF          equ	529	;# 
   199     0212                     SSP1ADD         equ	530	;# 
   200     0212                     SSPADD          equ	530	;# 
   201     0213                     SSP1MSK         equ	531	;# 
   202     0213                     SSPMSK          equ	531	;# 
   203     0214                     SSP1STAT        equ	532	;# 
   204     0214                     SSPSTAT         equ	532	;# 
   205     0215                     SSP1CON1        equ	533	;# 
   206     0215                     SSPCON          equ	533	;# 
   207     0215                     SSPCON1         equ	533	;# 
   208     0215                     SSP1CON         equ	533	;# 
   209     0216                     SSP1CON2        equ	534	;# 
   210     0216                     SSPCON2         equ	534	;# 
   211     0217                     SSP1CON3        equ	535	;# 
   212     0217                     SSPCON3         equ	535	;# 
   213     028C                     ODCONA          equ	652	;# 
   214     028D                     ODCONB          equ	653	;# 
   215     028E                     ODCONC          equ	654	;# 
   216     0291                     CCPR1           equ	657	;# 
   217     0291                     CCPR1L          equ	657	;# 
   218     0292                     CCPR1H          equ	658	;# 
   219     0293                     CCP1CON         equ	659	;# 
   220     0298                     CCPR2           equ	664	;# 
   221     0298                     CCPR2L          equ	664	;# 
   222     0299                     CCPR2H          equ	665	;# 
   223     029A                     CCP2CON         equ	666	;# 
   224     030C                     SLRCONA         equ	780	;# 
   225     030D                     SLRCONB         equ	781	;# 
   226     030E                     SLRCONC         equ	782	;# 
   227     0311                     CCPR3           equ	785	;# 
   228     0311                     CCPR3L          equ	785	;# 
   229     0312                     CCPR3H          equ	786	;# 
   230     0313                     CCP3CON         equ	787	;# 
   231     038C                     INLVLA          equ	908	;# 
   232     038D                     INLVLB          equ	909	;# 
   233     038E                     INLVLC          equ	910	;# 
   234     0390                     INLVLE          equ	912	;# 
   235     0391                     IOCAP           equ	913	;# 
   236     0392                     IOCAN           equ	914	;# 
   237     0393                     IOCAF           equ	915	;# 
   238     0394                     IOCBP           equ	916	;# 
   239     0395                     IOCBN           equ	917	;# 
   240     0396                     IOCBF           equ	918	;# 
   241     0397                     IOCCP           equ	919	;# 
   242     0398                     IOCCN           equ	920	;# 
   243     0399                     IOCCF           equ	921	;# 
   244     039D                     IOCEP           equ	925	;# 
   245     039E                     IOCEN           equ	926	;# 
   246     039F                     IOCEF           equ	927	;# 
   247     0511                     OPA1CON         equ	1297	;# 
   248     0513                     OPA2CON         equ	1299	;# 
   249     051A                     CLKRCON         equ	1306	;# 
   250     0591                     DAC2CON0        equ	1425	;# 
   251     0592                     DAC2REF         equ	1426	;# 
   252     0592                     DAC2CON1        equ	1426	;# 
   253     0593                     DAC3CON0        equ	1427	;# 
   254     0594                     DAC3REF         equ	1428	;# 
   255     0594                     DAC3CON1        equ	1428	;# 
   256     0595                     DAC4CON0        equ	1429	;# 
   257     0596                     DAC4REF         equ	1430	;# 
   258     0596                     DAC4CON1        equ	1430	;# 
   259     0E91                     PSMC1CON        equ	3729	;# 
   260     0E92                     PSMC1MDL        equ	3730	;# 
   261     0E93                     PSMC1SYNC       equ	3731	;# 
   262     0E94                     PSMC1CLK        equ	3732	;# 
   263     0E95                     PSMC1OEN        equ	3733	;# 
   264     0E96                     PSMC1POL        equ	3734	;# 
   265     0E97                     PSMC1BLNK       equ	3735	;# 
   266     0E98                     PSMC1REBS       equ	3736	;# 
   267     0E99                     PSMC1FEBS       equ	3737	;# 
   268     0E9A                     PSMC1PHS        equ	3738	;# 
   269     0E9B                     PSMC1DCS        equ	3739	;# 
   270     0E9C                     PSMC1PRS        equ	3740	;# 
   271     0E9D                     PSMC1ASDC       equ	3741	;# 
   272     0E9E                     PSMC1ASDL       equ	3742	;# 
   273     0E9F                     PSMC1ASDS       equ	3743	;# 
   274     0EA0                     PSMC1INT        equ	3744	;# 
   275     0EA1                     PSMC1PH         equ	3745	;# 
   276     0EA1                     PSMC1PHL        equ	3745	;# 
   277     0EA2                     PSMC1PHH        equ	3746	;# 
   278     0EA3                     PSMC1DC         equ	3747	;# 
   279     0EA3                     PSMC1DCL        equ	3747	;# 
   280     0EA4                     PSMC1DCH        equ	3748	;# 
   281     0EA5                     PSMC1PR         equ	3749	;# 
   282     0EA5                     PSMC1PRL        equ	3749	;# 
   283     0EA6                     PSMC1PRH        equ	3750	;# 
   284     0EA7                     PSMC1TMR        equ	3751	;# 
   285     0EA7                     PSMC1TMRL       equ	3751	;# 
   286     0EA8                     PSMC1TMRH       equ	3752	;# 
   287     0EA9                     PSMC1DBR        equ	3753	;# 
   288     0EAA                     PSMC1DBF        equ	3754	;# 
   289     0EAB                     PSMC1BLKR       equ	3755	;# 
   290     0EAC                     PSMC1BLKF       equ	3756	;# 
   291     0EAD                     PSMC1FFA        equ	3757	;# 
   292     0EAE                     PSMC1STR0       equ	3758	;# 
   293     0EAF                     PSMC1STR1       equ	3759	;# 
   294     0EB1                     PSMC2CON        equ	3761	;# 
   295     0EB2                     PSMC2MDL        equ	3762	;# 
   296     0EB3                     PSMC2SYNC       equ	3763	;# 
   297     0EB4                     PSMC2CLK        equ	3764	;# 
   298     0EB5                     PSMC2OEN        equ	3765	;# 
   299     0EB6                     PSMC2POL        equ	3766	;# 
   300     0EB7                     PSMC2BLNK       equ	3767	;# 
   301     0EB8                     PSMC2REBS       equ	3768	;# 
   302     0EB9                     PSMC2FEBS       equ	3769	;# 
   303     0EBA                     PSMC2PHS        equ	3770	;# 
   304     0EBB                     PSMC2DCS        equ	3771	;# 
   305     0EBC                     PSMC2PRS        equ	3772	;# 
   306     0EBD                     PSMC2ASDC       equ	3773	;# 
   307     0EBE                     PSMC2ASDL       equ	3774	;# 
   308     0EBF                     PSMC2ASDS       equ	3775	;# 
   309     0EC0                     PSMC2INT        equ	3776	;# 
   310     0EC1                     PSMC2PH         equ	3777	;# 
   311     0EC1                     PSMC2PHL        equ	3777	;# 
   312     0EC2                     PSMC2PHH        equ	3778	;# 
   313     0EC3                     PSMC2DC         equ	3779	;# 
   314     0EC3                     PSMC2DCL        equ	3779	;# 
   315     0EC4                     PSMC2DCH        equ	3780	;# 
   316     0EC5                     PSMC2PR         equ	3781	;# 
   317     0EC5                     PSMC2PRL        equ	3781	;# 
   318     0EC6                     PSMC2PRH        equ	3782	;# 
   319     0EC7                     PSMC2TMR        equ	3783	;# 
   320     0EC7                     PSMC2TMRL       equ	3783	;# 
   321     0EC8                     PSMC2TMRH       equ	3784	;# 
   322     0EC9                     PSMC2DBR        equ	3785	;# 
   323     0ECA                     PSMC2DBF        equ	3786	;# 
   324     0ECB                     PSMC2BLKR       equ	3787	;# 
   325     0ECC                     PSMC2BLKF       equ	3788	;# 
   326     0ECD                     PSMC2FFA        equ	3789	;# 
   327     0ECE                     PSMC2STR0       equ	3790	;# 
   328     0ECF                     PSMC2STR1       equ	3791	;# 
   329     0ED1                     PSMC3CON        equ	3793	;# 
   330     0ED2                     PSMC3MDL        equ	3794	;# 
   331     0ED3                     PSMC3SYNC       equ	3795	;# 
   332     0ED4                     PSMC3CLK        equ	3796	;# 
   333     0ED5                     PSMC3OEN        equ	3797	;# 
   334     0ED6                     PSMC3POL        equ	3798	;# 
   335     0ED7                     PSMC3BLNK       equ	3799	;# 
   336     0ED8                     PSMC3REBS       equ	3800	;# 
   337     0ED9                     PSMC3FEBS       equ	3801	;# 
   338     0EDA                     PSMC3PHS        equ	3802	;# 
   339     0EDB                     PSMC3DCS        equ	3803	;# 
   340     0EDC                     PSMC3PRS        equ	3804	;# 
   341     0EDD                     PSMC3ASDC       equ	3805	;# 
   342     0EDE                     PSMC3ASDL       equ	3806	;# 
   343     0EDF                     PSMC3ASDS       equ	3807	;# 
   344     0EE0                     PSMC3INT        equ	3808	;# 
   345     0EE1                     PSMC3PH         equ	3809	;# 
   346     0EE1                     PSMC3PHL        equ	3809	;# 
   347     0EE2                     PSMC3PHH        equ	3810	;# 
   348     0EE3                     PSMC3DC         equ	3811	;# 
   349     0EE3                     PSMC3DCL        equ	3811	;# 
   350     0EE4                     PSMC3DCH        equ	3812	;# 
   351     0EE5                     PSMC3PR         equ	3813	;# 
   352     0EE5                     PSMC3PRL        equ	3813	;# 
   353     0EE6                     PSMC3PRH        equ	3814	;# 
   354     0EE7                     PSMC3TMR        equ	3815	;# 
   355     0EE7                     PSMC3TMRL       equ	3815	;# 
   356     0EE8                     PSMC3TMRH       equ	3816	;# 
   357     0EE9                     PSMC3DBR        equ	3817	;# 
   358     0EEA                     PSMC3DBF        equ	3818	;# 
   359     0EEB                     PSMC3BLKR       equ	3819	;# 
   360     0EEC                     PSMC3BLKF       equ	3820	;# 
   361     0EED                     PSMC3FFA        equ	3821	;# 
   362     0EEE                     PSMC3STR0       equ	3822	;# 
   363     0EEF                     PSMC3STR1       equ	3823	;# 
   364     0F11                     PSMC4CON        equ	3857	;# 
   365     0F12                     PSMC4MDL        equ	3858	;# 
   366     0F13                     PSMC4SYNC       equ	3859	;# 
   367     0F14                     PSMC4CLK        equ	3860	;# 
   368     0F15                     PSMC4OEN        equ	3861	;# 
   369     0F16                     PSMC4POL        equ	3862	;# 
   370     0F17                     PSMC4BLNK       equ	3863	;# 
   371     0F18                     PSMC4REBS       equ	3864	;# 
   372     0F19                     PSMC4FEBS       equ	3865	;# 
   373     0F1A                     PSMC4PHS        equ	3866	;# 
   374     0F1B                     PSMC4DCS        equ	3867	;# 
   375     0F1C                     PSMC4PRS        equ	3868	;# 
   376     0F1D                     PSMC4ASDC       equ	3869	;# 
   377     0F1E                     PSMC4ASDL       equ	3870	;# 
   378     0F1F                     PSMC4ASDS       equ	3871	;# 
   379     0F20                     PSMC4INT        equ	3872	;# 
   380     0F21                     PSMC4PH         equ	3873	;# 
   381     0F21                     PSMC4PHL        equ	3873	;# 
   382     0F22                     PSMC4PHH        equ	3874	;# 
   383     0F23                     PSMC4DC         equ	3875	;# 
   384     0F23                     PSMC4DCL        equ	3875	;# 
   385     0F24                     PSMC4DCH        equ	3876	;# 
   386     0F25                     PSMC4PR         equ	3877	;# 
   387     0F25                     PSMC4PRL        equ	3877	;# 
   388     0F26                     PSMC4PRH        equ	3878	;# 
   389     0F27                     PSMC4TMR        equ	3879	;# 
   390     0F27                     PSMC4TMRL       equ	3879	;# 
   391     0F28                     PSMC4TMRH       equ	3880	;# 
   392     0F29                     PSMC4DBR        equ	3881	;# 
   393     0F2A                     PSMC4DBF        equ	3882	;# 
   394     0F2B                     PSMC4BLKR       equ	3883	;# 
   395     0F2C                     PSMC4BLKF       equ	3884	;# 
   396     0F2D                     PSMC4FFA        equ	3885	;# 
   397     0F2E                     PSMC4STR0       equ	3886	;# 
   398     0F2F                     PSMC4STR1       equ	3887	;# 
   399     0FE4                     STATUS_SHAD     equ	4068	;# 
   400     0FE5                     WREG_SHAD       equ	4069	;# 
   401     0FE6                     BSR_SHAD        equ	4070	;# 
   402     0FE7                     PCLATH_SHAD     equ	4071	;# 
   403     0FE8                     FSR0L_SHAD      equ	4072	;# 
   404     0FE9                     FSR0H_SHAD      equ	4073	;# 
   405     0FEA                     FSR1L_SHAD      equ	4074	;# 
   406     0FEB                     FSR1H_SHAD      equ	4075	;# 
   407     0FED                     STKPTR          equ	4077	;# 
   408     0FEE                     TOSL            equ	4078	;# 
   409     0FEF                     TOSH            equ	4079	;# 
   410     0000                     INDF0           equ	0	;# 
   411     0001                     INDF1           equ	1	;# 
   412     0002                     PCL             equ	2	;# 
   413     0003                     STATUS          equ	3	;# 
   414     0004                     FSR0L           equ	4	;# 
   415     0005                     FSR0H           equ	5	;# 
   416     0006                     FSR1L           equ	6	;# 
   417     0007                     FSR1H           equ	7	;# 
   418     0008                     BSR             equ	8	;# 
   419     0009                     WREG            equ	9	;# 
   420     000A                     PCLATH          equ	10	;# 
   421     000B                     INTCON          equ	11	;# 
   422     000C                     PORTA           equ	12	;# 
   423     000D                     PORTB           equ	13	;# 
   424     000E                     PORTC           equ	14	;# 
   425     0010                     PORTE           equ	16	;# 
   426     0011                     PIR1            equ	17	;# 
   427     0012                     PIR2            equ	18	;# 
   428     0013                     PIR3            equ	19	;# 
   429     0014                     PIR4            equ	20	;# 
   430     0015                     TMR0            equ	21	;# 
   431     0016                     TMR1            equ	22	;# 
   432     0016                     TMR1L           equ	22	;# 
   433     0017                     TMR1H           equ	23	;# 
   434     0018                     T1CON           equ	24	;# 
   435     0019                     T1GCON          equ	25	;# 
   436     001A                     TMR2            equ	26	;# 
   437     001B                     PR2             equ	27	;# 
   438     001C                     T2CON           equ	28	;# 
   439     008C                     TRISA           equ	140	;# 
   440     008D                     TRISB           equ	141	;# 
   441     008E                     TRISC           equ	142	;# 
   442     0090                     TRISE           equ	144	;# 
   443     0091                     PIE1            equ	145	;# 
   444     0092                     PIE2            equ	146	;# 
   445     0093                     PIE3            equ	147	;# 
   446     0094                     PIE4            equ	148	;# 
   447     0095                     OPTION_REG      equ	149	;# 
   448     0096                     PCON            equ	150	;# 
   449     0097                     WDTCON          equ	151	;# 
   450     0098                     OSCTUNE         equ	152	;# 
   451     0099                     OSCCON          equ	153	;# 
   452     009A                     OSCSTAT         equ	154	;# 
   453     009B                     ADRES           equ	155	;# 
   454     009B                     ADRESL          equ	155	;# 
   455     009C                     ADRESH          equ	156	;# 
   456     009D                     ADCON0          equ	157	;# 
   457     009E                     ADCON1          equ	158	;# 
   458     009F                     ADCON2          equ	159	;# 
   459     010C                     LATA            equ	268	;# 
   460     010D                     LATB            equ	269	;# 
   461     010E                     LATC            equ	270	;# 
   462     0111                     CM1CON0         equ	273	;# 
   463     0112                     CM1CON1         equ	274	;# 
   464     0113                     CM2CON0         equ	275	;# 
   465     0114                     CM2CON1         equ	276	;# 
   466     0115                     CMOUT           equ	277	;# 
   467     0116                     BORCON          equ	278	;# 
   468     0117                     FVRCON          equ	279	;# 
   469     0118                     DAC1CON0        equ	280	;# 
   470     0119                     DAC1CON1        equ	281	;# 
   471     011A                     CM4CON0         equ	282	;# 
   472     011B                     CM4CON1         equ	283	;# 
   473     011C                     APFCON2         equ	284	;# 
   474     011D                     APFCON1         equ	285	;# 
   475     011D                     APFCON0         equ	285	;# 
   476     011D                     APFCON          equ	285	;# 
   477     011E                     CM3CON0         equ	286	;# 
   478     011F                     CM3CON1         equ	287	;# 
   479     018C                     ANSELA          equ	396	;# 
   480     018D                     ANSELB          equ	397	;# 
   481     018E                     ANSELC          equ	398	;# 
   482     0191                     EEADR           equ	401	;# 
   483     0191                     EEADRL          equ	401	;# 
   484     0192                     EEADRH          equ	402	;# 
   485     0193                     EEDAT           equ	403	;# 
   486     0193                     EEDATL          equ	403	;# 
   487     0193                     EEDATA          equ	403	;# 
   488     0194                     EEDATH          equ	404	;# 
   489     0195                     EECON1          equ	405	;# 
   490     0196                     EECON2          equ	406	;# 
   491     0197                     VREGCON         equ	407	;# 
   492     0199                     RC1REG          equ	409	;# 
   493     0199                     RCREG           equ	409	;# 
   494     0199                     RCREG1          equ	409	;# 
   495     019A                     TX1REG          equ	410	;# 
   496     019A                     TXREG1          equ	410	;# 
   497     019A                     TXREG           equ	410	;# 
   498     019B                     SP1BRG          equ	411	;# 
   499     019B                     SPBRG           equ	411	;# 
   500     019B                     SP1BRGL         equ	411	;# 
   501     019B                     SPBRG1          equ	411	;# 
   502     019B                     SPBRGL          equ	411	;# 
   503     019C                     SP1BRGH         equ	412	;# 
   504     019C                     SPBRGH          equ	412	;# 
   505     019C                     SPBRGH1         equ	412	;# 
   506     019D                     RC1STA          equ	413	;# 
   507     019D                     RCSTA1          equ	413	;# 
   508     019D                     RCSTA           equ	413	;# 
   509     019E                     TX1STA          equ	414	;# 
   510     019E                     TXSTA1          equ	414	;# 
   511     019E                     TXSTA           equ	414	;# 
   512     019F                     BAUD1CON        equ	415	;# 
   513     019F                     BAUDCON1        equ	415	;# 
   514     019F                     BAUDCTL1        equ	415	;# 
   515     019F                     BAUDCON         equ	415	;# 
   516     019F                     BAUDCTL         equ	415	;# 
   517     020C                     WPUA            equ	524	;# 
   518     020D                     WPUB            equ	525	;# 
   519     020E                     WPUC            equ	526	;# 
   520     0210                     WPUE            equ	528	;# 
   521     0211                     SSP1BUF         equ	529	;# 
   522     0211                     SSPBUF          equ	529	;# 
   523     0212                     SSP1ADD         equ	530	;# 
   524     0212                     SSPADD          equ	530	;# 
   525     0213                     SSP1MSK         equ	531	;# 
   526     0213                     SSPMSK          equ	531	;# 
   527     0214                     SSP1STAT        equ	532	;# 
   528     0214                     SSPSTAT         equ	532	;# 
   529     0215                     SSP1CON1        equ	533	;# 
   530     0215                     SSPCON          equ	533	;# 
   531     0215                     SSPCON1         equ	533	;# 
   532     0215                     SSP1CON         equ	533	;# 
   533     0216                     SSP1CON2        equ	534	;# 
   534     0216                     SSPCON2         equ	534	;# 
   535     0217                     SSP1CON3        equ	535	;# 
   536     0217                     SSPCON3         equ	535	;# 
   537     028C                     ODCONA          equ	652	;# 
   538     028D                     ODCONB          equ	653	;# 
   539     028E                     ODCONC          equ	654	;# 
   540     0291                     CCPR1           equ	657	;# 
   541     0291                     CCPR1L          equ	657	;# 
   542     0292                     CCPR1H          equ	658	;# 
   543     0293                     CCP1CON         equ	659	;# 
   544     0298                     CCPR2           equ	664	;# 
   545     0298                     CCPR2L          equ	664	;# 
   546     0299                     CCPR2H          equ	665	;# 
   547     029A                     CCP2CON         equ	666	;# 
   548     030C                     SLRCONA         equ	780	;# 
   549     030D                     SLRCONB         equ	781	;# 
   550     030E                     SLRCONC         equ	782	;# 
   551     0311                     CCPR3           equ	785	;# 
   552     0311                     CCPR3L          equ	785	;# 
   553     0312                     CCPR3H          equ	786	;# 
   554     0313                     CCP3CON         equ	787	;# 
   555     038C                     INLVLA          equ	908	;# 
   556     038D                     INLVLB          equ	909	;# 
   557     038E                     INLVLC          equ	910	;# 
   558     0390                     INLVLE          equ	912	;# 
   559     0391                     IOCAP           equ	913	;# 
   560     0392                     IOCAN           equ	914	;# 
   561     0393                     IOCAF           equ	915	;# 
   562     0394                     IOCBP           equ	916	;# 
   563     0395                     IOCBN           equ	917	;# 
   564     0396                     IOCBF           equ	918	;# 
   565     0397                     IOCCP           equ	919	;# 
   566     0398                     IOCCN           equ	920	;# 
   567     0399                     IOCCF           equ	921	;# 
   568     039D                     IOCEP           equ	925	;# 
   569     039E                     IOCEN           equ	926	;# 
   570     039F                     IOCEF           equ	927	;# 
   571     0511                     OPA1CON         equ	1297	;# 
   572     0513                     OPA2CON         equ	1299	;# 
   573     051A                     CLKRCON         equ	1306	;# 
   574     0591                     DAC2CON0        equ	1425	;# 
   575     0592                     DAC2REF         equ	1426	;# 
   576     0592                     DAC2CON1        equ	1426	;# 
   577     0593                     DAC3CON0        equ	1427	;# 
   578     0594                     DAC3REF         equ	1428	;# 
   579     0594                     DAC3CON1        equ	1428	;# 
   580     0595                     DAC4CON0        equ	1429	;# 
   581     0596                     DAC4REF         equ	1430	;# 
   582     0596                     DAC4CON1        equ	1430	;# 
   583     0E91                     PSMC1CON        equ	3729	;# 
   584     0E92                     PSMC1MDL        equ	3730	;# 
   585     0E93                     PSMC1SYNC       equ	3731	;# 
   586     0E94                     PSMC1CLK        equ	3732	;# 
   587     0E95                     PSMC1OEN        equ	3733	;# 
   588     0E96                     PSMC1POL        equ	3734	;# 
   589     0E97                     PSMC1BLNK       equ	3735	;# 
   590     0E98                     PSMC1REBS       equ	3736	;# 
   591     0E99                     PSMC1FEBS       equ	3737	;# 
   592     0E9A                     PSMC1PHS        equ	3738	;# 
   593     0E9B                     PSMC1DCS        equ	3739	;# 
   594     0E9C                     PSMC1PRS        equ	3740	;# 
   595     0E9D                     PSMC1ASDC       equ	3741	;# 
   596     0E9E                     PSMC1ASDL       equ	3742	;# 
   597     0E9F                     PSMC1ASDS       equ	3743	;# 
   598     0EA0                     PSMC1INT        equ	3744	;# 
   599     0EA1                     PSMC1PH         equ	3745	;# 
   600     0EA1                     PSMC1PHL        equ	3745	;# 
   601     0EA2                     PSMC1PHH        equ	3746	;# 
   602     0EA3                     PSMC1DC         equ	3747	;# 
   603     0EA3                     PSMC1DCL        equ	3747	;# 
   604     0EA4                     PSMC1DCH        equ	3748	;# 
   605     0EA5                     PSMC1PR         equ	3749	;# 
   606     0EA5                     PSMC1PRL        equ	3749	;# 
   607     0EA6                     PSMC1PRH        equ	3750	;# 
   608     0EA7                     PSMC1TMR        equ	3751	;# 
   609     0EA7                     PSMC1TMRL       equ	3751	;# 
   610     0EA8                     PSMC1TMRH       equ	3752	;# 
   611     0EA9                     PSMC1DBR        equ	3753	;# 
   612     0EAA                     PSMC1DBF        equ	3754	;# 
   613     0EAB                     PSMC1BLKR       equ	3755	;# 
   614     0EAC                     PSMC1BLKF       equ	3756	;# 
   615     0EAD                     PSMC1FFA        equ	3757	;# 
   616     0EAE                     PSMC1STR0       equ	3758	;# 
   617     0EAF                     PSMC1STR1       equ	3759	;# 
   618     0EB1                     PSMC2CON        equ	3761	;# 
   619     0EB2                     PSMC2MDL        equ	3762	;# 
   620     0EB3                     PSMC2SYNC       equ	3763	;# 
   621     0EB4                     PSMC2CLK        equ	3764	;# 
   622     0EB5                     PSMC2OEN        equ	3765	;# 
   623     0EB6                     PSMC2POL        equ	3766	;# 
   624     0EB7                     PSMC2BLNK       equ	3767	;# 
   625     0EB8                     PSMC2REBS       equ	3768	;# 
   626     0EB9                     PSMC2FEBS       equ	3769	;# 
   627     0EBA                     PSMC2PHS        equ	3770	;# 
   628     0EBB                     PSMC2DCS        equ	3771	;# 
   629     0EBC                     PSMC2PRS        equ	3772	;# 
   630     0EBD                     PSMC2ASDC       equ	3773	;# 
   631     0EBE                     PSMC2ASDL       equ	3774	;# 
   632     0EBF                     PSMC2ASDS       equ	3775	;# 
   633     0EC0                     PSMC2INT        equ	3776	;# 
   634     0EC1                     PSMC2PH         equ	3777	;# 
   635     0EC1                     PSMC2PHL        equ	3777	;# 
   636     0EC2                     PSMC2PHH        equ	3778	;# 
   637     0EC3                     PSMC2DC         equ	3779	;# 
   638     0EC3                     PSMC2DCL        equ	3779	;# 
   639     0EC4                     PSMC2DCH        equ	3780	;# 
   640     0EC5                     PSMC2PR         equ	3781	;# 
   641     0EC5                     PSMC2PRL        equ	3781	;# 
   642     0EC6                     PSMC2PRH        equ	3782	;# 
   643     0EC7                     PSMC2TMR        equ	3783	;# 
   644     0EC7                     PSMC2TMRL       equ	3783	;# 
   645     0EC8                     PSMC2TMRH       equ	3784	;# 
   646     0EC9                     PSMC2DBR        equ	3785	;# 
   647     0ECA                     PSMC2DBF        equ	3786	;# 
   648     0ECB                     PSMC2BLKR       equ	3787	;# 
   649     0ECC                     PSMC2BLKF       equ	3788	;# 
   650     0ECD                     PSMC2FFA        equ	3789	;# 
   651     0ECE                     PSMC2STR0       equ	3790	;# 
   652     0ECF                     PSMC2STR1       equ	3791	;# 
   653     0ED1                     PSMC3CON        equ	3793	;# 
   654     0ED2                     PSMC3MDL        equ	3794	;# 
   655     0ED3                     PSMC3SYNC       equ	3795	;# 
   656     0ED4                     PSMC3CLK        equ	3796	;# 
   657     0ED5                     PSMC3OEN        equ	3797	;# 
   658     0ED6                     PSMC3POL        equ	3798	;# 
   659     0ED7                     PSMC3BLNK       equ	3799	;# 
   660     0ED8                     PSMC3REBS       equ	3800	;# 
   661     0ED9                     PSMC3FEBS       equ	3801	;# 
   662     0EDA                     PSMC3PHS        equ	3802	;# 
   663     0EDB                     PSMC3DCS        equ	3803	;# 
   664     0EDC                     PSMC3PRS        equ	3804	;# 
   665     0EDD                     PSMC3ASDC       equ	3805	;# 
   666     0EDE                     PSMC3ASDL       equ	3806	;# 
   667     0EDF                     PSMC3ASDS       equ	3807	;# 
   668     0EE0                     PSMC3INT        equ	3808	;# 
   669     0EE1                     PSMC3PH         equ	3809	;# 
   670     0EE1                     PSMC3PHL        equ	3809	;# 
   671     0EE2                     PSMC3PHH        equ	3810	;# 
   672     0EE3                     PSMC3DC         equ	3811	;# 
   673     0EE3                     PSMC3DCL        equ	3811	;# 
   674     0EE4                     PSMC3DCH        equ	3812	;# 
   675     0EE5                     PSMC3PR         equ	3813	;# 
   676     0EE5                     PSMC3PRL        equ	3813	;# 
   677     0EE6                     PSMC3PRH        equ	3814	;# 
   678     0EE7                     PSMC3TMR        equ	3815	;# 
   679     0EE7                     PSMC3TMRL       equ	3815	;# 
   680     0EE8                     PSMC3TMRH       equ	3816	;# 
   681     0EE9                     PSMC3DBR        equ	3817	;# 
   682     0EEA                     PSMC3DBF        equ	3818	;# 
   683     0EEB                     PSMC3BLKR       equ	3819	;# 
   684     0EEC                     PSMC3BLKF       equ	3820	;# 
   685     0EED                     PSMC3FFA        equ	3821	;# 
   686     0EEE                     PSMC3STR0       equ	3822	;# 
   687     0EEF                     PSMC3STR1       equ	3823	;# 
   688     0F11                     PSMC4CON        equ	3857	;# 
   689     0F12                     PSMC4MDL        equ	3858	;# 
   690     0F13                     PSMC4SYNC       equ	3859	;# 
   691     0F14                     PSMC4CLK        equ	3860	;# 
   692     0F15                     PSMC4OEN        equ	3861	;# 
   693     0F16                     PSMC4POL        equ	3862	;# 
   694     0F17                     PSMC4BLNK       equ	3863	;# 
   695     0F18                     PSMC4REBS       equ	3864	;# 
   696     0F19                     PSMC4FEBS       equ	3865	;# 
   697     0F1A                     PSMC4PHS        equ	3866	;# 
   698     0F1B                     PSMC4DCS        equ	3867	;# 
   699     0F1C                     PSMC4PRS        equ	3868	;# 
   700     0F1D                     PSMC4ASDC       equ	3869	;# 
   701     0F1E                     PSMC4ASDL       equ	3870	;# 
   702     0F1F                     PSMC4ASDS       equ	3871	;# 
   703     0F20                     PSMC4INT        equ	3872	;# 
   704     0F21                     PSMC4PH         equ	3873	;# 
   705     0F21                     PSMC4PHL        equ	3873	;# 
   706     0F22                     PSMC4PHH        equ	3874	;# 
   707     0F23                     PSMC4DC         equ	3875	;# 
   708     0F23                     PSMC4DCL        equ	3875	;# 
   709     0F24                     PSMC4DCH        equ	3876	;# 
   710     0F25                     PSMC4PR         equ	3877	;# 
   711     0F25                     PSMC4PRL        equ	3877	;# 
   712     0F26                     PSMC4PRH        equ	3878	;# 
   713     0F27                     PSMC4TMR        equ	3879	;# 
   714     0F27                     PSMC4TMRL       equ	3879	;# 
   715     0F28                     PSMC4TMRH       equ	3880	;# 
   716     0F29                     PSMC4DBR        equ	3881	;# 
   717     0F2A                     PSMC4DBF        equ	3882	;# 
   718     0F2B                     PSMC4BLKR       equ	3883	;# 
   719     0F2C                     PSMC4BLKF       equ	3884	;# 
   720     0F2D                     PSMC4FFA        equ	3885	;# 
   721     0F2E                     PSMC4STR0       equ	3886	;# 
   722     0F2F                     PSMC4STR1       equ	3887	;# 
   723     0FE4                     STATUS_SHAD     equ	4068	;# 
   724     0FE5                     WREG_SHAD       equ	4069	;# 
   725     0FE6                     BSR_SHAD        equ	4070	;# 
   726     0FE7                     PCLATH_SHAD     equ	4071	;# 
   727     0FE8                     FSR0L_SHAD      equ	4072	;# 
   728     0FE9                     FSR0H_SHAD      equ	4073	;# 
   729     0FEA                     FSR1L_SHAD      equ	4074	;# 
   730     0FEB                     FSR1H_SHAD      equ	4075	;# 
   731     0FED                     STKPTR          equ	4077	;# 
   732     0FEE                     TOSL            equ	4078	;# 
   733     0FEF                     TOSH            equ	4079	;# 
   734     0000                     INDF0           equ	0	;# 
   735     0001                     INDF1           equ	1	;# 
   736     0002                     PCL             equ	2	;# 
   737     0003                     STATUS          equ	3	;# 
   738     0004                     FSR0L           equ	4	;# 
   739     0005                     FSR0H           equ	5	;# 
   740     0006                     FSR1L           equ	6	;# 
   741     0007                     FSR1H           equ	7	;# 
   742     0008                     BSR             equ	8	;# 
   743     0009                     WREG            equ	9	;# 
   744     000A                     PCLATH          equ	10	;# 
   745     000B                     INTCON          equ	11	;# 
   746     000C                     PORTA           equ	12	;# 
   747     000D                     PORTB           equ	13	;# 
   748     000E                     PORTC           equ	14	;# 
   749     0010                     PORTE           equ	16	;# 
   750     0011                     PIR1            equ	17	;# 
   751     0012                     PIR2            equ	18	;# 
   752     0013                     PIR3            equ	19	;# 
   753     0014                     PIR4            equ	20	;# 
   754     0015                     TMR0            equ	21	;# 
   755     0016                     TMR1            equ	22	;# 
   756     0016                     TMR1L           equ	22	;# 
   757     0017                     TMR1H           equ	23	;# 
   758     0018                     T1CON           equ	24	;# 
   759     0019                     T1GCON          equ	25	;# 
   760     001A                     TMR2            equ	26	;# 
   761     001B                     PR2             equ	27	;# 
   762     001C                     T2CON           equ	28	;# 
   763     008C                     TRISA           equ	140	;# 
   764     008D                     TRISB           equ	141	;# 
   765     008E                     TRISC           equ	142	;# 
   766     0090                     TRISE           equ	144	;# 
   767     0091                     PIE1            equ	145	;# 
   768     0092                     PIE2            equ	146	;# 
   769     0093                     PIE3            equ	147	;# 
   770     0094                     PIE4            equ	148	;# 
   771     0095                     OPTION_REG      equ	149	;# 
   772     0096                     PCON            equ	150	;# 
   773     0097                     WDTCON          equ	151	;# 
   774     0098                     OSCTUNE         equ	152	;# 
   775     0099                     OSCCON          equ	153	;# 
   776     009A                     OSCSTAT         equ	154	;# 
   777     009B                     ADRES           equ	155	;# 
   778     009B                     ADRESL          equ	155	;# 
   779     009C                     ADRESH          equ	156	;# 
   780     009D                     ADCON0          equ	157	;# 
   781     009E                     ADCON1          equ	158	;# 
   782     009F                     ADCON2          equ	159	;# 
   783     010C                     LATA            equ	268	;# 
   784     010D                     LATB            equ	269	;# 
   785     010E                     LATC            equ	270	;# 
   786     0111                     CM1CON0         equ	273	;# 
   787     0112                     CM1CON1         equ	274	;# 
   788     0113                     CM2CON0         equ	275	;# 
   789     0114                     CM2CON1         equ	276	;# 
   790     0115                     CMOUT           equ	277	;# 
   791     0116                     BORCON          equ	278	;# 
   792     0117                     FVRCON          equ	279	;# 
   793     0118                     DAC1CON0        equ	280	;# 
   794     0119                     DAC1CON1        equ	281	;# 
   795     011A                     CM4CON0         equ	282	;# 
   796     011B                     CM4CON1         equ	283	;# 
   797     011C                     APFCON2         equ	284	;# 
   798     011D                     APFCON1         equ	285	;# 
   799     011D                     APFCON0         equ	285	;# 
   800     011D                     APFCON          equ	285	;# 
   801     011E                     CM3CON0         equ	286	;# 
   802     011F                     CM3CON1         equ	287	;# 
   803     018C                     ANSELA          equ	396	;# 
   804     018D                     ANSELB          equ	397	;# 
   805     018E                     ANSELC          equ	398	;# 
   806     0191                     EEADR           equ	401	;# 
   807     0191                     EEADRL          equ	401	;# 
   808     0192                     EEADRH          equ	402	;# 
   809     0193                     EEDAT           equ	403	;# 
   810     0193                     EEDATL          equ	403	;# 
   811     0193                     EEDATA          equ	403	;# 
   812     0194                     EEDATH          equ	404	;# 
   813     0195                     EECON1          equ	405	;# 
   814     0196                     EECON2          equ	406	;# 
   815     0197                     VREGCON         equ	407	;# 
   816     0199                     RC1REG          equ	409	;# 
   817     0199                     RCREG           equ	409	;# 
   818     0199                     RCREG1          equ	409	;# 
   819     019A                     TX1REG          equ	410	;# 
   820     019A                     TXREG1          equ	410	;# 
   821     019A                     TXREG           equ	410	;# 
   822     019B                     SP1BRG          equ	411	;# 
   823     019B                     SPBRG           equ	411	;# 
   824     019B                     SP1BRGL         equ	411	;# 
   825     019B                     SPBRG1          equ	411	;# 
   826     019B                     SPBRGL          equ	411	;# 
   827     019C                     SP1BRGH         equ	412	;# 
   828     019C                     SPBRGH          equ	412	;# 
   829     019C                     SPBRGH1         equ	412	;# 
   830     019D                     RC1STA          equ	413	;# 
   831     019D                     RCSTA1          equ	413	;# 
   832     019D                     RCSTA           equ	413	;# 
   833     019E                     TX1STA          equ	414	;# 
   834     019E                     TXSTA1          equ	414	;# 
   835     019E                     TXSTA           equ	414	;# 
   836     019F                     BAUD1CON        equ	415	;# 
   837     019F                     BAUDCON1        equ	415	;# 
   838     019F                     BAUDCTL1        equ	415	;# 
   839     019F                     BAUDCON         equ	415	;# 
   840     019F                     BAUDCTL         equ	415	;# 
   841     020C                     WPUA            equ	524	;# 
   842     020D                     WPUB            equ	525	;# 
   843     020E                     WPUC            equ	526	;# 
   844     0210                     WPUE            equ	528	;# 
   845     0211                     SSP1BUF         equ	529	;# 
   846     0211                     SSPBUF          equ	529	;# 
   847     0212                     SSP1ADD         equ	530	;# 
   848     0212                     SSPADD          equ	530	;# 
   849     0213                     SSP1MSK         equ	531	;# 
   850     0213                     SSPMSK          equ	531	;# 
   851     0214                     SSP1STAT        equ	532	;# 
   852     0214                     SSPSTAT         equ	532	;# 
   853     0215                     SSP1CON1        equ	533	;# 
   854     0215                     SSPCON          equ	533	;# 
   855     0215                     SSPCON1         equ	533	;# 
   856     0215                     SSP1CON         equ	533	;# 
   857     0216                     SSP1CON2        equ	534	;# 
   858     0216                     SSPCON2         equ	534	;# 
   859     0217                     SSP1CON3        equ	535	;# 
   860     0217                     SSPCON3         equ	535	;# 
   861     028C                     ODCONA          equ	652	;# 
   862     028D                     ODCONB          equ	653	;# 
   863     028E                     ODCONC          equ	654	;# 
   864     0291                     CCPR1           equ	657	;# 
   865     0291                     CCPR1L          equ	657	;# 
   866     0292                     CCPR1H          equ	658	;# 
   867     0293                     CCP1CON         equ	659	;# 
   868     0298                     CCPR2           equ	664	;# 
   869     0298                     CCPR2L          equ	664	;# 
   870     0299                     CCPR2H          equ	665	;# 
   871     029A                     CCP2CON         equ	666	;# 
   872     030C                     SLRCONA         equ	780	;# 
   873     030D                     SLRCONB         equ	781	;# 
   874     030E                     SLRCONC         equ	782	;# 
   875     0311                     CCPR3           equ	785	;# 
   876     0311                     CCPR3L          equ	785	;# 
   877     0312                     CCPR3H          equ	786	;# 
   878     0313                     CCP3CON         equ	787	;# 
   879     038C                     INLVLA          equ	908	;# 
   880     038D                     INLVLB          equ	909	;# 
   881     038E                     INLVLC          equ	910	;# 
   882     0390                     INLVLE          equ	912	;# 
   883     0391                     IOCAP           equ	913	;# 
   884     0392                     IOCAN           equ	914	;# 
   885     0393                     IOCAF           equ	915	;# 
   886     0394                     IOCBP           equ	916	;# 
   887     0395                     IOCBN           equ	917	;# 
   888     0396                     IOCBF           equ	918	;# 
   889     0397                     IOCCP           equ	919	;# 
   890     0398                     IOCCN           equ	920	;# 
   891     0399                     IOCCF           equ	921	;# 
   892     039D                     IOCEP           equ	925	;# 
   893     039E                     IOCEN           equ	926	;# 
   894     039F                     IOCEF           equ	927	;# 
   895     0511                     OPA1CON         equ	1297	;# 
   896     0513                     OPA2CON         equ	1299	;# 
   897     051A                     CLKRCON         equ	1306	;# 
   898     0591                     DAC2CON0        equ	1425	;# 
   899     0592                     DAC2REF         equ	1426	;# 
   900     0592                     DAC2CON1        equ	1426	;# 
   901     0593                     DAC3CON0        equ	1427	;# 
   902     0594                     DAC3REF         equ	1428	;# 
   903     0594                     DAC3CON1        equ	1428	;# 
   904     0595                     DAC4CON0        equ	1429	;# 
   905     0596                     DAC4REF         equ	1430	;# 
   906     0596                     DAC4CON1        equ	1430	;# 
   907     0E91                     PSMC1CON        equ	3729	;# 
   908     0E92                     PSMC1MDL        equ	3730	;# 
   909     0E93                     PSMC1SYNC       equ	3731	;# 
   910     0E94                     PSMC1CLK        equ	3732	;# 
   911     0E95                     PSMC1OEN        equ	3733	;# 
   912     0E96                     PSMC1POL        equ	3734	;# 
   913     0E97                     PSMC1BLNK       equ	3735	;# 
   914     0E98                     PSMC1REBS       equ	3736	;# 
   915     0E99                     PSMC1FEBS       equ	3737	;# 
   916     0E9A                     PSMC1PHS        equ	3738	;# 
   917     0E9B                     PSMC1DCS        equ	3739	;# 
   918     0E9C                     PSMC1PRS        equ	3740	;# 
   919     0E9D                     PSMC1ASDC       equ	3741	;# 
   920     0E9E                     PSMC1ASDL       equ	3742	;# 
   921     0E9F                     PSMC1ASDS       equ	3743	;# 
   922     0EA0                     PSMC1INT        equ	3744	;# 
   923     0EA1                     PSMC1PH         equ	3745	;# 
   924     0EA1                     PSMC1PHL        equ	3745	;# 
   925     0EA2                     PSMC1PHH        equ	3746	;# 
   926     0EA3                     PSMC1DC         equ	3747	;# 
   927     0EA3                     PSMC1DCL        equ	3747	;# 
   928     0EA4                     PSMC1DCH        equ	3748	;# 
   929     0EA5                     PSMC1PR         equ	3749	;# 
   930     0EA5                     PSMC1PRL        equ	3749	;# 
   931     0EA6                     PSMC1PRH        equ	3750	;# 
   932     0EA7                     PSMC1TMR        equ	3751	;# 
   933     0EA7                     PSMC1TMRL       equ	3751	;# 
   934     0EA8                     PSMC1TMRH       equ	3752	;# 
   935     0EA9                     PSMC1DBR        equ	3753	;# 
   936     0EAA                     PSMC1DBF        equ	3754	;# 
   937     0EAB                     PSMC1BLKR       equ	3755	;# 
   938     0EAC                     PSMC1BLKF       equ	3756	;# 
   939     0EAD                     PSMC1FFA        equ	3757	;# 
   940     0EAE                     PSMC1STR0       equ	3758	;# 
   941     0EAF                     PSMC1STR1       equ	3759	;# 
   942     0EB1                     PSMC2CON        equ	3761	;# 
   943     0EB2                     PSMC2MDL        equ	3762	;# 
   944     0EB3                     PSMC2SYNC       equ	3763	;# 
   945     0EB4                     PSMC2CLK        equ	3764	;# 
   946     0EB5                     PSMC2OEN        equ	3765	;# 
   947     0EB6                     PSMC2POL        equ	3766	;# 
   948     0EB7                     PSMC2BLNK       equ	3767	;# 
   949     0EB8                     PSMC2REBS       equ	3768	;# 
   950     0EB9                     PSMC2FEBS       equ	3769	;# 
   951     0EBA                     PSMC2PHS        equ	3770	;# 
   952     0EBB                     PSMC2DCS        equ	3771	;# 
   953     0EBC                     PSMC2PRS        equ	3772	;# 
   954     0EBD                     PSMC2ASDC       equ	3773	;# 
   955     0EBE                     PSMC2ASDL       equ	3774	;# 
   956     0EBF                     PSMC2ASDS       equ	3775	;# 
   957     0EC0                     PSMC2INT        equ	3776	;# 
   958     0EC1                     PSMC2PH         equ	3777	;# 
   959     0EC1                     PSMC2PHL        equ	3777	;# 
   960     0EC2                     PSMC2PHH        equ	3778	;# 
   961     0EC3                     PSMC2DC         equ	3779	;# 
   962     0EC3                     PSMC2DCL        equ	3779	;# 
   963     0EC4                     PSMC2DCH        equ	3780	;# 
   964     0EC5                     PSMC2PR         equ	3781	;# 
   965     0EC5                     PSMC2PRL        equ	3781	;# 
   966     0EC6                     PSMC2PRH        equ	3782	;# 
   967     0EC7                     PSMC2TMR        equ	3783	;# 
   968     0EC7                     PSMC2TMRL       equ	3783	;# 
   969     0EC8                     PSMC2TMRH       equ	3784	;# 
   970     0EC9                     PSMC2DBR        equ	3785	;# 
   971     0ECA                     PSMC2DBF        equ	3786	;# 
   972     0ECB                     PSMC2BLKR       equ	3787	;# 
   973     0ECC                     PSMC2BLKF       equ	3788	;# 
   974     0ECD                     PSMC2FFA        equ	3789	;# 
   975     0ECE                     PSMC2STR0       equ	3790	;# 
   976     0ECF                     PSMC2STR1       equ	3791	;# 
   977     0ED1                     PSMC3CON        equ	3793	;# 
   978     0ED2                     PSMC3MDL        equ	3794	;# 
   979     0ED3                     PSMC3SYNC       equ	3795	;# 
   980     0ED4                     PSMC3CLK        equ	3796	;# 
   981     0ED5                     PSMC3OEN        equ	3797	;# 
   982     0ED6                     PSMC3POL        equ	3798	;# 
   983     0ED7                     PSMC3BLNK       equ	3799	;# 
   984     0ED8                     PSMC3REBS       equ	3800	;# 
   985     0ED9                     PSMC3FEBS       equ	3801	;# 
   986     0EDA                     PSMC3PHS        equ	3802	;# 
   987     0EDB                     PSMC3DCS        equ	3803	;# 
   988     0EDC                     PSMC3PRS        equ	3804	;# 
   989     0EDD                     PSMC3ASDC       equ	3805	;# 
   990     0EDE                     PSMC3ASDL       equ	3806	;# 
   991     0EDF                     PSMC3ASDS       equ	3807	;# 
   992     0EE0                     PSMC3INT        equ	3808	;# 
   993     0EE1                     PSMC3PH         equ	3809	;# 
   994     0EE1                     PSMC3PHL        equ	3809	;# 
   995     0EE2                     PSMC3PHH        equ	3810	;# 
   996     0EE3                     PSMC3DC         equ	3811	;# 
   997     0EE3                     PSMC3DCL        equ	3811	;# 
   998     0EE4                     PSMC3DCH        equ	3812	;# 
   999     0EE5                     PSMC3PR         equ	3813	;# 
  1000     0EE5                     PSMC3PRL        equ	3813	;# 
  1001     0EE6                     PSMC3PRH        equ	3814	;# 
  1002     0EE7                     PSMC3TMR        equ	3815	;# 
  1003     0EE7                     PSMC3TMRL       equ	3815	;# 
  1004     0EE8                     PSMC3TMRH       equ	3816	;# 
  1005     0EE9                     PSMC3DBR        equ	3817	;# 
  1006     0EEA                     PSMC3DBF        equ	3818	;# 
  1007     0EEB                     PSMC3BLKR       equ	3819	;# 
  1008     0EEC                     PSMC3BLKF       equ	3820	;# 
  1009     0EED                     PSMC3FFA        equ	3821	;# 
  1010     0EEE                     PSMC3STR0       equ	3822	;# 
  1011     0EEF                     PSMC3STR1       equ	3823	;# 
  1012     0F11                     PSMC4CON        equ	3857	;# 
  1013     0F12                     PSMC4MDL        equ	3858	;# 
  1014     0F13                     PSMC4SYNC       equ	3859	;# 
  1015     0F14                     PSMC4CLK        equ	3860	;# 
  1016     0F15                     PSMC4OEN        equ	3861	;# 
  1017     0F16                     PSMC4POL        equ	3862	;# 
  1018     0F17                     PSMC4BLNK       equ	3863	;# 
  1019     0F18                     PSMC4REBS       equ	3864	;# 
  1020     0F19                     PSMC4FEBS       equ	3865	;# 
  1021     0F1A                     PSMC4PHS        equ	3866	;# 
  1022     0F1B                     PSMC4DCS        equ	3867	;# 
  1023     0F1C                     PSMC4PRS        equ	3868	;# 
  1024     0F1D                     PSMC4ASDC       equ	3869	;# 
  1025     0F1E                     PSMC4ASDL       equ	3870	;# 
  1026     0F1F                     PSMC4ASDS       equ	3871	;# 
  1027     0F20                     PSMC4INT        equ	3872	;# 
  1028     0F21                     PSMC4PH         equ	3873	;# 
  1029     0F21                     PSMC4PHL        equ	3873	;# 
  1030     0F22                     PSMC4PHH        equ	3874	;# 
  1031     0F23                     PSMC4DC         equ	3875	;# 
  1032     0F23                     PSMC4DCL        equ	3875	;# 
  1033     0F24                     PSMC4DCH        equ	3876	;# 
  1034     0F25                     PSMC4PR         equ	3877	;# 
  1035     0F25                     PSMC4PRL        equ	3877	;# 
  1036     0F26                     PSMC4PRH        equ	3878	;# 
  1037     0F27                     PSMC4TMR        equ	3879	;# 
  1038     0F27                     PSMC4TMRL       equ	3879	;# 
  1039     0F28                     PSMC4TMRH       equ	3880	;# 
  1040     0F29                     PSMC4DBR        equ	3881	;# 
  1041     0F2A                     PSMC4DBF        equ	3882	;# 
  1042     0F2B                     PSMC4BLKR       equ	3883	;# 
  1043     0F2C                     PSMC4BLKF       equ	3884	;# 
  1044     0F2D                     PSMC4FFA        equ	3885	;# 
  1045     0F2E                     PSMC4STR0       equ	3886	;# 
  1046     0F2F                     PSMC4STR1       equ	3887	;# 
  1047     0FE4                     STATUS_SHAD     equ	4068	;# 
  1048     0FE5                     WREG_SHAD       equ	4069	;# 
  1049     0FE6                     BSR_SHAD        equ	4070	;# 
  1050     0FE7                     PCLATH_SHAD     equ	4071	;# 
  1051     0FE8                     FSR0L_SHAD      equ	4072	;# 
  1052     0FE9                     FSR0H_SHAD      equ	4073	;# 
  1053     0FEA                     FSR1L_SHAD      equ	4074	;# 
  1054     0FEB                     FSR1H_SHAD      equ	4075	;# 
  1055     0FED                     STKPTR          equ	4077	;# 
  1056     0FEE                     TOSL            equ	4078	;# 
  1057     0FEF                     TOSH            equ	4079	;# 
  1058                           
  1059                           	psect	stringtext1
  1060     00E2                     __pstringtext1:
  1061     00E2                     _cmd_table:
  1062     00E2  3400               	retlw	0
  1063     00E3  3400               	retlw	0
  1064     00E4  3480               	retlw	128
  1065     00E5  34DD               	retlw	221
  1066     00E6  347F               	retlw	127
  1067     00E7  348B               	retlw	139
  1068     00E8  340B               	retlw	11
  1069     00E9  3401               	retlw	1
  1070     00EA  3400               	retlw	0
  1071     00EB  3480               	retlw	128
  1072     00EC  3451               	retlw	81
  1073     00ED  347F               	retlw	127
  1074     00EE  344B               	retlw	75
  1075     00EF  346F               	retlw	111
  1076     00F0  3402               	retlw	2
  1077     00F1  3400               	retlw	0
  1078     00F2  3480               	retlw	128
  1079     00F3  3497               	retlw	151
  1080     00F4  347C               	retlw	124
  1081     00F5  34EA               	retlw	234
  1082     00F6  347C               	retlw	124
  1083     00F7  3403               	retlw	3
  1084     00F8  3400               	retlw	0
  1085     00F9  3480               	retlw	128
  1086     00FA  3423               	retlw	35
  1087     00FB  3480               	retlw	128
  1088     00FC  34AB               	retlw	171
  1089     00FD  340B               	retlw	11
  1090     00FE  3404               	retlw	4
  1091     00FF  3400               	retlw	0
  1092     0100  3480               	retlw	128
  1093     0101  34AF               	retlw	175
  1094     0102  3480               	retlw	128
  1095     0103  346B               	retlw	107
  1096     0104  346F               	retlw	111
  1097     0105  3405               	retlw	5
  1098     0106  3400               	retlw	0
  1099     0107  3480               	retlw	128
  1100     0108  3469               	retlw	105
  1101     0109  3483               	retlw	131
  1102     010A  34CA               	retlw	202
  1103     010B  347C               	retlw	124
  1104     010C  3406               	retlw	6
  1105     010D  34DD               	retlw	221
  1106     010E  347F               	retlw	127
  1107     010F  3400               	retlw	0
  1108     0110  3480               	retlw	128
  1109     0111  34C7               	retlw	199
  1110     0112  3418               	retlw	24
  1111     0113  3407               	retlw	7
  1112     0114  3451               	retlw	81
  1113     0115  347F               	retlw	127
  1114     0116  3400               	retlw	0
  1115     0117  3480               	retlw	128
  1116     0118  3457               	retlw	87
  1117     0119  3432               	retlw	50
  1118     011A  3408               	retlw	8
  1119     011B  3497               	retlw	151
  1120     011C  347C               	retlw	124
  1121     011D  3400               	retlw	0
  1122     011E  3480               	retlw	128
  1123     011F  34DF               	retlw	223
  1124     0120  34FE               	retlw	254
  1125     0121  3409               	retlw	9
  1126     0122  3423               	retlw	35
  1127     0123  3480               	retlw	128
  1128     0124  3400               	retlw	0
  1129     0125  3480               	retlw	128
  1130     0126  341F               	retlw	31
  1131     0127  3419               	retlw	25
  1132     0128  340A               	retlw	10
  1133     0129  34AF               	retlw	175
  1134     012A  3480               	retlw	128
  1135     012B  3400               	retlw	0
  1136     012C  3480               	retlw	128
  1137     012D  348F               	retlw	143
  1138     012E  3433               	retlw	51
  1139     012F  340B               	retlw	11
  1140     0130  3469               	retlw	105
  1141     0131  3483               	retlw	131
  1142     0132  3400               	retlw	0
  1143     0133  3480               	retlw	128
  1144     0134  3407               	retlw	7
  1145     0135  34FF               	retlw	255
  1146     0136                     __end_of_cmd_table:
  1147                           
  1148                           	psect	stringtext2
  1149     0298                     __pstringtext2:
  1150     0298                     _cmd_button_table:
  1151     0298  3400               	retlw	0
  1152     0299  345A               	retlw	90
  1153     029A  3401               	retlw	1
  1154     029B  3400               	retlw	0
  1155     029C  3400               	retlw	0
  1156     029D  3400               	retlw	0
  1157     029E  3401               	retlw	1
  1158     029F  3400               	retlw	0
  1159     02A0  34F3               	retlw	243
  1160     02A1  34DB               	retlw	219
  1161     02A2  3401               	retlw	1
  1162     02A3  345A               	retlw	90
  1163     02A4  34FF               	retlw	255
  1164     02A5  3400               	retlw	0
  1165     02A6  3400               	retlw	0
  1166     02A7  3400               	retlw	0
  1167     02A8  3401               	retlw	1
  1168     02A9  3400               	retlw	0
  1169     02AA  342D               	retlw	45
  1170     02AB  34CD               	retlw	205
  1171     02AC  3402               	retlw	2
  1172     02AD  347C               	retlw	124
  1173     02AE  3400               	retlw	0
  1174     02AF  3400               	retlw	0
  1175     02B0  3400               	retlw	0
  1176     02B1  3400               	retlw	0
  1177     02B2  3400               	retlw	0
  1178     02B3  3400               	retlw	0
  1179     02B4  3470               	retlw	112
  1180     02B5  349F               	retlw	159
  1181     02B6  3403               	retlw	3
  1182     02B7  3447               	retlw	71
  1183     02B8  344A               	retlw	74
  1184     02B9  3419               	retlw	25
  1185     02BA  34B8               	retlw	184
  1186     02BB  348B               	retlw	139
  1187     02BC  3400               	retlw	0
  1188     02BD  3480               	retlw	128
  1189     02BE  3431               	retlw	49
  1190     02BF  3453               	retlw	83
  1191     02C0  3404               	retlw	4
  1192     02C1  346D               	retlw	109
  1193     02C2  3401               	retlw	1
  1194     02C3  3403               	retlw	3
  1195     02C4  3400               	retlw	0
  1196     02C5  3400               	retlw	0
  1197     02C6  3400               	retlw	0
  1198     02C7  3400               	retlw	0
  1199     02C8  34A0               	retlw	160
  1200     02C9  34DB               	retlw	219
  1201     02CA  3405               	retlw	5
  1202     02CB  3447               	retlw	71
  1203     02CC  34FE               	retlw	254
  1204     02CD  3400               	retlw	0
  1205     02CE  3400               	retlw	0
  1206     02CF  3400               	retlw	0
  1207     02D0  3400               	retlw	0
  1208     02D1  3400               	retlw	0
  1209     02D2  34ED               	retlw	237
  1210     02D3  3400               	retlw	0
  1211     02D4                     __end_of_cmd_button_table:
  1212                           
  1213                           	psect	stringtext3
  1214     0389                     __pstringtext3:
  1215     0389                     _header_dir:
  1216     0389  3455               	retlw	85
  1217     038A  34AA               	retlw	170
  1218     038B  3407               	retlw	7
  1219     038C  344D               	retlw	77
  1220     038D  3400               	retlw	0
  1221     038E  3401               	retlw	1
  1222     038F  3400               	retlw	0
  1223     0390  3498               	retlw	152
  1224     0391  3400               	retlw	0
  1225     0392  3447               	retlw	71
  1226     0393  3420               	retlw	32
  1227     0394  3400               	retlw	0
  1228     0395                     __end_of_header_dir:
  1229                           
  1230                           	psect	stringtext4
  1231     03DA                     __pstringtext4:
  1232     03DA                     _header_static:
  1233     03DA  3455               	retlw	85
  1234     03DB  34AA               	retlw	170
  1235     03DC  3407               	retlw	7
  1236     03DD  344D               	retlw	77
  1237     03DE  3400               	retlw	0
  1238     03DF  3401               	retlw	1
  1239     03E0  3400               	retlw	0
  1240     03E1  3498               	retlw	152
  1241     03E2  3400               	retlw	0
  1242     03E3                     __end_of_header_static:
  1243     000D                     _PORTBbits      set	13
  1244     000B                     _INTCONbits     set	11
  1245     0011                     _PIR1bits       set	17
  1246     000B                     _INTCON         set	11
  1247     0093                     _PIE3           set	147
  1248     0092                     _PIE2           set	146
  1249     0091                     _PIE1           set	145
  1250     008E                     _TRISC          set	142
  1251     008D                     _TRISB          set	141
  1252     008C                     _TRISA          set	140
  1253     0095                     _OPTION_REG     set	149
  1254     0099                     _OSCCON         set	153
  1255     011C                     _APFCON2        set	284
  1256     011D                     _APFCON1        set	285
  1257     019A                     _TX1REG         set	410
  1258     019E                     _TX1STAbits     set	414
  1259     019C                     _SP1BRGH        set	412
  1260     019B                     _SP1BRGL        set	411
  1261     019F                     _BAUD1CON       set	415
  1262     019D                     _RC1STA         set	413
  1263     019E                     _TX1STA         set	414
  1264     018D                     _ANSELB         set	397
  1265     018C                     _ANSELA         set	396
  1266     0214                     _SSP1STATbits   set	532
  1267     0211                     _SSP1BUF        set	529
  1268     0215                     _SSP1CON1bits   set	533
  1269     0212                     _SSP1ADD        set	530
  1270     0216                     _SSP1CON2       set	534
  1271     0215                     _SSP1CON1       set	533
  1272     0214                     _SSP1STAT       set	532
  1273     020E                     _WPUC           set	526
  1274     020D                     _WPUB           set	525
  1275     020C                     _WPUA           set	524
  1276     030E                     _SLRCONC        set	782
  1277     030D                     _SLRCONB        set	781
  1278     030C                     _SLRCONA        set	780
  1279     038E                     _INLVLC         set	910
  1280     038D                     _INLVLB         set	909
  1281     038C                     _INLVLA         set	908
  1282     051A                     _CLKRCON        set	1306
  1283                           
  1284                           	psect	cinit
  1285     0064                     start_initialization:	
  1286                           ; #config settings
  1287                           
  1288     0064                     __initialization:
  1289                           
  1290                           ; Clear objects allocated to COMMON
  1291     0064  01F0               	clrf	__pbssCOMMON& (0+127)
  1292     0065  01F1               	clrf	(__pbssCOMMON+1)& (0+127)
  1293     0066  01F2               	clrf	(__pbssCOMMON+2)& (0+127)
  1294     0067  01F3               	clrf	(__pbssCOMMON+3)& (0+127)
  1295     0068  01F4               	clrf	(__pbssCOMMON+4)& (0+127)
  1296     0069  01F5               	clrf	(__pbssCOMMON+5)& (0+127)
  1297                           
  1298                           ; Clear objects allocated to BANK0
  1299     006A  0020               	movlb	0	; select bank0
  1300     006B  01B4               	clrf	__pbssBANK0& (0+127)
  1301     006C  01B5               	clrf	(__pbssBANK0+1)& (0+127)
  1302     006D  01B6               	clrf	(__pbssBANK0+2)& (0+127)
  1303     006E  01B7               	clrf	(__pbssBANK0+3)& (0+127)
  1304     006F  01B8               	clrf	(__pbssBANK0+4)& (0+127)
  1305     0070  01B9               	clrf	(__pbssBANK0+5)& (0+127)
  1306     0071  01BA               	clrf	(__pbssBANK0+6)& (0+127)
  1307     0072  01BB               	clrf	(__pbssBANK0+7)& (0+127)
  1308     0073                     end_of_initialization:	
  1309                           ;End of C runtime variable initialization code
  1310                           
  1311     0073                     __end_of__initialization:
  1312     0073  107E               	bcf	int$flags,0	;clear compiler interrupt flag (level 1)
  1313     0074  0020               	movlb	0
  1314     0075  3180  2877         	ljmp	_main	;jump to C main() function
  1315                           
  1316                           	psect	bssCOMMON
  1317     0070                     __pbssCOMMON:
  1318     0070                     _j:
  1319     0070                     	ds	1
  1320     0071                     _JButtons:
  1321     0071                     	ds	1
  1322     0072                     _TsABXY:
  1323     0072                     	ds	1
  1324     0073                     _Y_Byte:
  1325     0073                     	ds	1
  1326     0074                     _X_Byte:
  1327     0074                     	ds	1
  1328     0075                     _rx_done:
  1329     0075                     	ds	1
  1330                           
  1331                           	psect	bssBANK0
  1332     0034                     __pbssBANK0:
  1333     0034                     _TxJ:
  1334     0034                     	ds	1
  1335     0035                     _TxBY:
  1336     0035                     	ds	1
  1337     0036                     _TxB:
  1338     0036                     	ds	1
  1339     0037                     _TxA:
  1340     0037                     	ds	1
  1341     0038                     _TxTR:
  1342     0038                     	ds	1
  1343     0039                     _TxTL:
  1344     0039                     	ds	1
  1345     003A                     _TxX:
  1346     003A                     	ds	1
  1347     003B                     _TxY:
  1348     003B                     	ds	1
  1349                           
  1350                           	psect	cstackCOMMON
  1351     0076                     __pcstackCOMMON:
  1352     0076                     ?_InitOsc:
  1353     0076                     ?_InitOpt:	
  1354                           ; 1 bytes @ 0x0
  1355                           
  1356     0076                     ?_InitPIN:	
  1357                           ; 1 bytes @ 0x0
  1358                           
  1359     0076                     ?_InitPORTA:	
  1360                           ; 1 bytes @ 0x0
  1361                           
  1362     0076                     ?_InitPORTB:	
  1363                           ; 1 bytes @ 0x0
  1364                           
  1365     0076                     ?_InitPORTC:	
  1366                           ; 1 bytes @ 0x0
  1367                           
  1368     0076                     ?_InitUART:	
  1369                           ; 1 bytes @ 0x0
  1370                           
  1371     0076                     ?_InitI2C:	
  1372                           ; 1 bytes @ 0x0
  1373                           
  1374     0076                     ?_InitISR:	
  1375                           ; 1 bytes @ 0x0
  1376                           
  1377     0076                     ?_tx_uart:	
  1378                           ; 1 bytes @ 0x0
  1379                           
  1380     0076                     ?_TranslateTABXY:	
  1381                           ; 1 bytes @ 0x0
  1382                           
  1383     0076                     ?_TranslateJoysticks:	
  1384                           ; 1 bytes @ 0x0
  1385                           
  1386     0076                     ?_TranslateY:	
  1387                           ; 1 bytes @ 0x0
  1388                           
  1389     0076                     ?_TranslateX:	
  1390                           ; 1 bytes @ 0x0
  1391                           
  1392     0076                     ?_send_camera_command:	
  1393                           ; 1 bytes @ 0x0
  1394                           
  1395     0076                     ?_send_camera_button:	
  1396                           ; 1 bytes @ 0x0
  1397                           
  1398     0076                     ?_lookup_and_send_move:	
  1399                           ; 1 bytes @ 0x0
  1400                           
  1401     0076                     ?_lookup_and_send_buttons:	
  1402                           ; 1 bytes @ 0x0
  1403                           
  1404     0076                     ?_ISR:	
  1405                           ; 1 bytes @ 0x0
  1406                           
  1407     0076                     ?_main:	
  1408                           ; 1 bytes @ 0x0
  1409                           
  1410     0076                     ?___awmod:	
  1411                           ; 1 bytes @ 0x0
  1412                           
  1413     0076                     ___awmod@divisor:	
  1414                           ; 2 bytes @ 0x0
  1415                           
  1416                           
  1417                           ; 2 bytes @ 0x0
  1418     0076                     	ds	2
  1419     0078                     ___awmod@dividend:
  1420                           
  1421                           ; 2 bytes @ 0x2
  1422     0078                     	ds	2
  1423     007A                     ___awmod@counter:
  1424     007A                     ??___awmod:	
  1425                           ; 1 bytes @ 0x4
  1426                           
  1427                           
  1428                           ; 1 bytes @ 0x4
  1429     007A                     	ds	1
  1430     007B                     ___awmod@sign:
  1431                           
  1432                           ; 1 bytes @ 0x5
  1433     007B                     	ds	1
  1434     007C                     ??_ISR:
  1435                           
  1436                           	psect	cstackBANK0
  1437     0020                     __pcstackBANK0:	
  1438                           ; 1 bytes @ 0x6
  1439                           
  1440     0020                     ?___wmul:
  1441     0020                     TranslateTABXY@byte:	
  1442                           ; 2 bytes @ 0x0
  1443                           
  1444     0020                     TranslateJoysticks@byte:	
  1445                           ; 1 bytes @ 0x0
  1446                           
  1447     0020                     TranslateY@byte:	
  1448                           ; 1 bytes @ 0x0
  1449                           
  1450     0020                     TranslateX@byte:	
  1451                           ; 1 bytes @ 0x0
  1452                           
  1453     0020                     ___wmul@multiplier:	
  1454                           ; 1 bytes @ 0x0
  1455                           
  1456     0020                     ??_InitOsc:	
  1457                           ; 2 bytes @ 0x0
  1458                           
  1459     0020                     ??_InitOpt:	
  1460                           ; 1 bytes @ 0x0
  1461                           
  1462     0020                     ??_InitPIN:	
  1463                           ; 1 bytes @ 0x0
  1464                           
  1465     0020                     ??_InitPORTA:	
  1466                           ; 1 bytes @ 0x0
  1467                           
  1468     0020                     ??_InitPORTB:	
  1469                           ; 1 bytes @ 0x0
  1470                           
  1471     0020                     ??_InitPORTC:	
  1472                           ; 1 bytes @ 0x0
  1473                           
  1474     0020                     ??_InitUART:	
  1475                           ; 1 bytes @ 0x0
  1476                           
  1477     0020                     ??_InitI2C:	
  1478                           ; 1 bytes @ 0x0
  1479                           
  1480     0020                     ??_InitISR:	
  1481                           ; 1 bytes @ 0x0
  1482                           
  1483     0020                     ??_TranslateTABXY:	
  1484                           ; 1 bytes @ 0x0
  1485                           
  1486     0020                     ??_TranslateJoysticks:	
  1487                           ; 1 bytes @ 0x0
  1488                           
  1489     0020                     ??_TranslateY:	
  1490                           ; 1 bytes @ 0x0
  1491                           
  1492     0020                     ??_TranslateX:	
  1493                           ; 1 bytes @ 0x0
  1494                           
  1495                           
  1496                           ; 1 bytes @ 0x0
  1497     0020                     	ds	2
  1498     0022                     ___wmul@multiplicand:
  1499                           
  1500                           ; 2 bytes @ 0x2
  1501     0022                     	ds	2
  1502     0024                     ___wmul@product:
  1503     0024                     ??___wmul:	
  1504                           ; 2 bytes @ 0x4
  1505                           
  1506                           
  1507                           ; 1 bytes @ 0x4
  1508     0024                     	ds	2
  1509     0026                     tx_uart@byte:
  1510     0026                     ??_tx_uart:	
  1511                           ; 1 bytes @ 0x6
  1512                           
  1513                           
  1514                           ; 1 bytes @ 0x6
  1515     0026                     	ds	1
  1516     0027                     ??_send_camera_command:
  1517     0027                     ??_send_camera_button:	
  1518                           ; 1 bytes @ 0x7
  1519                           
  1520                           
  1521                           ; 1 bytes @ 0x7
  1522     0027                     	ds	6
  1523     002D                     send_camera_command@byte:
  1524     002D                     send_camera_button@byte:	
  1525                           ; 1 bytes @ 0xD
  1526                           
  1527                           
  1528                           ; 1 bytes @ 0xD
  1529     002D                     	ds	1
  1530     002E                     send_camera_command@i:
  1531     002E                     send_camera_button@i:	
  1532                           ; 1 bytes @ 0xE
  1533                           
  1534                           
  1535                           ; 1 bytes @ 0xE
  1536     002E                     	ds	1
  1537     002F                     ??_lookup_and_send_move:
  1538     002F                     ??_lookup_and_send_buttons:	
  1539                           ; 1 bytes @ 0xF
  1540                           
  1541                           
  1542                           ; 1 bytes @ 0xF
  1543     002F                     	ds	2
  1544     0031                     lookup_and_send_move@cmd:
  1545     0031                     lookup_and_send_buttons@cmd:	
  1546                           ; 1 bytes @ 0x11
  1547                           
  1548                           
  1549                           ; 1 bytes @ 0x11
  1550     0031                     	ds	1
  1551     0032                     lookup_and_send_move@i:
  1552     0032                     lookup_and_send_buttons@i:	
  1553                           ; 1 bytes @ 0x12
  1554                           
  1555                           
  1556                           ; 1 bytes @ 0x12
  1557     0032                     	ds	1
  1558     0033                     ??_main:
  1559                           
  1560                           ; 1 bytes @ 0x13
  1561     0033                     	ds	1
  1562                           
  1563                           	psect	maintext
  1564     0077                     __pmaintext:	
  1565 ;;
  1566 ;;Main: autosize = 0, tempsize = 1, incstack = 0, save=0
  1567 ;;
  1568 ;; *************** function _main *****************
  1569 ;; Defined at:
  1570 ;;		line 281 in file "Main.c"
  1571 ;; Parameters:    Size  Location     Type
  1572 ;;		None
  1573 ;; Auto vars:     Size  Location     Type
  1574 ;;		None
  1575 ;; Return value:  Size  Location     Type
  1576 ;;                  1    wreg      void 
  1577 ;; Registers used:
  1578 ;;		wreg, fsr0l, fsr0h, status,2, status,0, pclath, cstack
  1579 ;; Tracked objects:
  1580 ;;		On entry : B1F/0
  1581 ;;		On exit  : 0/0
  1582 ;;		Unchanged: 0/0
  1583 ;; Data sizes:     COMMON   BANK0   BANK1   BANK2   BANK3   BANK4   BANK5   BANK6   BANK7   BANK8   BANK9  BANK10  BANK1
      +1  BANK12  BANK13  BANK14  BANK15  BANK16  BANK17  BANK18  BANK19  BANK20  BANK21  BANK22  BANK23  BANK24  BANK25
  1584 ;;      Params:         0       0       0       0       0       0       0       0       0       0       0       0       
      +0       0       0       0       0       0       0       0       0       0       0       0       0       0       0
  1585 ;;      Locals:         0       0       0       0       0       0       0       0       0       0       0       0       
      +0       0       0       0       0       0       0       0       0       0       0       0       0       0       0
  1586 ;;      Temps:          0       1       0       0       0       0       0       0       0       0       0       0       
      +0       0       0       0       0       0       0       0       0       0       0       0       0       0       0
  1587 ;;      Totals:         0       1       0       0       0       0       0       0       0       0       0       0       
      +0       0       0       0       0       0       0       0       0       0       0       0       0       0       0
  1588 ;;Total ram usage:        1 bytes
  1589 ;; Hardware stack levels required when called: 5
  1590 ;; This function calls:
  1591 ;;		_InitI2C
  1592 ;;		_InitISR
  1593 ;;		_InitOpt
  1594 ;;		_InitOsc
  1595 ;;		_InitPIN
  1596 ;;		_InitPORTA
  1597 ;;		_InitPORTB
  1598 ;;		_InitPORTC
  1599 ;;		_InitUART
  1600 ;;		_TranslateJoysticks
  1601 ;;		_TranslateTABXY
  1602 ;;		_TranslateX
  1603 ;;		_TranslateY
  1604 ;;		_lookup_and_send_buttons
  1605 ;;		_lookup_and_send_move
  1606 ;; This function is called by:
  1607 ;;		Startup code after reset
  1608 ;; This function uses a non-reentrant model
  1609 ;;
  1610                           
  1611     0077                     _main:	
  1612                           ;psect for function _main
  1613                           
  1614     0077                     l1639:	
  1615                           ;incstack = 0
  1616                           ; Regs used in _main: [wreg-fsr0h+status,2+status,0+pclath+cstack]
  1617                           
  1618                           
  1619                           ;Main.c: 283:     InitOsc();
  1620     0077  3183  23F4  3180   	fcall	_InitOsc
  1621                           
  1622                           ;Main.c: 284:     InitOpt();
  1623     007A  3183  23FE  3180   	fcall	_InitOpt
  1624                           
  1625                           ;Main.c: 285:     InitPIN();
  1626     007D  3183  23FA  3180   	fcall	_InitPIN
  1627                           
  1628                           ;Main.c: 286:     InitPORTA();
  1629     0080  3183  23B9  3180   	fcall	_InitPORTA
  1630                           
  1631                           ;Main.c: 287:     InitPORTB();
  1632     0083  3183  23AD  3180   	fcall	_InitPORTB
  1633                           
  1634                           ;Main.c: 288:     InitPORTC();
  1635     0086  3183  23D0  3180   	fcall	_InitPORTC
  1636                           
  1637                           ;Main.c: 289:     InitUART();
  1638     0089  3183  23C5  3180   	fcall	_InitUART
  1639                           
  1640                           ;Main.c: 290:     InitI2C();
  1641     008C  3183  23E3  3180   	fcall	_InitI2C
  1642                           
  1643                           ;Main.c: 291:     InitISR();
  1644     008F  3183  23EC  3180   	fcall	_InitISR
  1645     0092                     l1641:
  1646                           
  1647                           ;Main.c: 294:     INTCONbits.GIE = 1;
  1648     0092  178B               	bsf	11,7	;volatile
  1649     0093                     l1643:
  1650                           
  1651                           ;Main.c: 298:         PORTBbits.RB7 ^= 1;
  1652     0093  0020               	movlb	0	; select bank0
  1653     0094  0D0D               	rlf	13,w	;volatile
  1654     0095  0D0D               	rlf	13,w	;volatile
  1655     0096  3901               	andlw	1
  1656     0097  00B3               	movwf	??_main
  1657     0098  3001               	movlw	1
  1658     0099  06B3               	xorwf	??_main,f
  1659     009A  0CB3               	rrf	??_main,f
  1660     009B  0CB3               	rrf	??_main,f
  1661     009C  080D               	movf	13,w	;volatile
  1662     009D  0633               	xorwf	??_main,w
  1663     009E  397F               	andlw	-129
  1664     009F  0633               	xorwf	??_main,w
  1665     00A0  008D               	movwf	13	;volatile
  1666     00A1                     l1645:
  1667                           
  1668                           ;Main.c: 299:         if (rx_done){
  1669     00A1  0875               	movf	_rx_done,w	;volatile
  1670     00A2  1903               	btfsc	3,2
  1671     00A3  28A5               	goto	u1431
  1672     00A4  28A6               	goto	u1430
  1673     00A5                     u1431:
  1674     00A5  2893               	goto	l1643
  1675     00A6                     u1430:
  1676     00A6                     l1647:
  1677                           
  1678                           ;Main.c: 300:             TranslateY(Y_Byte);
  1679     00A6  0873               	movf	_Y_Byte,w	;volatile
  1680     00A7  3182  2257  3180   	fcall	_TranslateY
  1681                           
  1682                           ;Main.c: 301:             TranslateX(X_Byte);
  1683     00AA  0874               	movf	_X_Byte,w	;volatile
  1684     00AB  3182  2215  3180   	fcall	_TranslateX
  1685                           
  1686                           ;Main.c: 302:             TranslateTABXY(TsABXY);
  1687     00AE  0872               	movf	_TsABXY,w	;volatile
  1688     00AF  3183  233A  3180   	fcall	_TranslateTABXY
  1689                           
  1690                           ;Main.c: 303:             TranslateJoysticks(JButtons);
  1691     00B2  0871               	movf	_JButtons,w	;volatile
  1692     00B3  3183  23A1  3180   	fcall	_TranslateJoysticks
  1693     00B6                     l1649:
  1694                           
  1695                           ;Main.c: 304:             lookup_and_send_move(TxY);
  1696     00B6  0020               	movlb	0	; select bank0
  1697     00B7  083B               	movf	_TxY,w	;volatile
  1698     00B8  3182  22D4  3180   	fcall	_lookup_and_send_move
  1699     00BB                     l1651:
  1700                           
  1701                           ;Main.c: 305:             lookup_and_send_move(TxX);
  1702     00BB  0020               	movlb	0	; select bank0
  1703     00BC  083A               	movf	_TxX,w	;volatile
  1704     00BD  3182  22D4  3180   	fcall	_lookup_and_send_move
  1705     00C0                     l1653:
  1706                           
  1707                           ;Main.c: 306:             lookup_and_send_buttons(TxA);
  1708     00C0  0020               	movlb	0	; select bank0
  1709     00C1  0837               	movf	_TxA,w	;volatile
  1710     00C2  3183  2307  3180   	fcall	_lookup_and_send_buttons
  1711     00C5                     l1655:
  1712                           
  1713                           ;Main.c: 307:             lookup_and_send_buttons(TxBY);
  1714     00C5  0020               	movlb	0	; select bank0
  1715     00C6  0835               	movf	_TxBY,w	;volatile
  1716     00C7  3183  2307  3180   	fcall	_lookup_and_send_buttons
  1717     00CA                     l1657:
  1718                           
  1719                           ;Main.c: 308:             lookup_and_send_buttons(TxB);
  1720     00CA  0020               	movlb	0	; select bank0
  1721     00CB  0836               	movf	_TxB,w	;volatile
  1722     00CC  3183  2307  3180   	fcall	_lookup_and_send_buttons
  1723     00CF                     l1659:
  1724                           
  1725                           ;Main.c: 309:             lookup_and_send_buttons(TxTR);
  1726     00CF  0020               	movlb	0	; select bank0
  1727     00D0  0838               	movf	_TxTR,w	;volatile
  1728     00D1  3183  2307  3180   	fcall	_lookup_and_send_buttons
  1729     00D4                     l1661:
  1730                           
  1731                           ;Main.c: 310:             lookup_and_send_buttons(TxTL);
  1732     00D4  0020               	movlb	0	; select bank0
  1733     00D5  0839               	movf	_TxTL,w	;volatile
  1734     00D6  3183  2307  3180   	fcall	_lookup_and_send_buttons
  1735     00D9                     l1663:
  1736                           
  1737                           ;Main.c: 311:             lookup_and_send_buttons(TxJ);
  1738     00D9  0020               	movlb	0	; select bank0
  1739     00DA  0834               	movf	_TxJ,w	;volatile
  1740     00DB  3183  2307  3180   	fcall	_lookup_and_send_buttons
  1741     00DE                     l1665:
  1742                           
  1743                           ;Main.c: 312:             rx_done = 0;
  1744     00DE  01F5               	clrf	_rx_done	;volatile
  1745     00DF  2893               	goto	l1643
  1746     00E0  3180  2862         	ljmp	start
  1747     00E2                     __end_of_main:
  1748                           
  1749                           	psect	text1
  1750     02D4                     __ptext1:	
  1751 ;; *************** function _lookup_and_send_move *****************
  1752 ;; Defined at:
  1753 ;;		line 219 in file "Main.c"
  1754 ;; Parameters:    Size  Location     Type
  1755 ;;  cmd             1    wreg     unsigned char 
  1756 ;; Auto vars:     Size  Location     Type
  1757 ;;  cmd             1   17[BANK0 ] unsigned char 
  1758 ;;  i               1   18[BANK0 ] unsigned char 
  1759 ;; Return value:  Size  Location     Type
  1760 ;;                  1    wreg      void 
  1761 ;; Registers used:
  1762 ;;		wreg, fsr0l, fsr0h, status,2, status,0, pclath, cstack
  1763 ;; Tracked objects:
  1764 ;;		On entry : 0/0
  1765 ;;		On exit  : 0/0
  1766 ;;		Unchanged: 0/0
  1767 ;; Data sizes:     COMMON   BANK0   BANK1   BANK2   BANK3   BANK4   BANK5   BANK6   BANK7   BANK8   BANK9  BANK10  BANK1
      +1  BANK12  BANK13  BANK14  BANK15  BANK16  BANK17  BANK18  BANK19  BANK20  BANK21  BANK22  BANK23  BANK24  BANK25
  1768 ;;      Params:         0       0       0       0       0       0       0       0       0       0       0       0       
      +0       0       0       0       0       0       0       0       0       0       0       0       0       0       0
  1769 ;;      Locals:         0       2       0       0       0       0       0       0       0       0       0       0       
      +0       0       0       0       0       0       0       0       0       0       0       0       0       0       0
  1770 ;;      Temps:          0       2       0       0       0       0       0       0       0       0       0       0       
      +0       0       0       0       0       0       0       0       0       0       0       0       0       0       0
  1771 ;;      Totals:         0       4       0       0       0       0       0       0       0       0       0       0       
      +0       0       0       0       0       0       0       0       0       0       0       0       0       0       0
  1772 ;;Total ram usage:        4 bytes
  1773 ;; Hardware stack levels used: 1
  1774 ;; Hardware stack levels required when called: 4
  1775 ;; This function calls:
  1776 ;;		___wmul
  1777 ;;		_send_camera_command
  1778 ;; This function is called by:
  1779 ;;		_main
  1780 ;; This function uses a non-reentrant model
  1781 ;;
  1782                           
  1783     02D4                     _lookup_and_send_move:	
  1784                           ;psect for function _lookup_and_send_move
  1785                           
  1786                           
  1787                           ;incstack = 0
  1788                           ; Regs used in _lookup_and_send_move: [wreg-fsr0h+status,2+status,0+pclath+cstack]
  1789                           ;lookup_and_send_move@cmd stored from wreg
  1790     02D4  0020               	movlb	0	; select bank0
  1791     02D5  00B1               	movwf	lookup_and_send_move@cmd
  1792     02D6                     l1603:
  1793                           
  1794                           ;Main.c: 220:     uint8_t i;;Main.c: 221:     if (cmd == 0xFF) return;
  1795     02D6  0A31               	incf	lookup_and_send_move@cmd,w
  1796     02D7  1D03               	btfss	3,2
  1797     02D8  2ADA               	goto	u1371
  1798     02D9  2ADB               	goto	u1370
  1799     02DA                     u1371:
  1800     02DA  2ADC               	goto	l1607
  1801     02DB                     u1370:
  1802     02DB  2B06               	goto	l237
  1803     02DC                     l1607:
  1804                           
  1805                           ;Main.c: 222:     for (i = 0; i < 12u; i++){
  1806     02DC  01B2               	clrf	lookup_and_send_move@i
  1807     02DD                     l1613:
  1808                           
  1809                           ;Main.c: 223:         if (cmd_table[i][0] == cmd){
  1810     02DD  0832               	movf	lookup_and_send_move@i,w
  1811     02DE  00AF               	movwf	??_lookup_and_send_move
  1812     02DF  01B0               	clrf	??_lookup_and_send_move+1
  1813     02E0  082F               	movf	??_lookup_and_send_move,w
  1814     02E1  00A0               	movwf	___wmul@multiplier
  1815     02E2  0830               	movf	??_lookup_and_send_move+1,w
  1816     02E3  00A1               	movwf	___wmul@multiplier+1
  1817     02E4  3007               	movlw	7
  1818     02E5  00A2               	movwf	___wmul@multiplicand
  1819     02E6  3000               	movlw	0
  1820     02E7  00A3               	movwf	___wmul@multiplicand+1
  1821     02E8  3183  2369  3182   	fcall	___wmul
  1822     02EB  30E2               	movlw	low _cmd_table
  1823     02EC  0020               	movlb	0	; select bank0
  1824     02ED  0720               	addwf	?___wmul,w
  1825     02EE  0084               	movwf	4
  1826     02EF  3000               	movlw	high _cmd_table
  1827     02F0  3D21               	addwfc	?___wmul+1,w
  1828     02F1  3880               	iorlw	128
  1829     02F2  0085               	movwf	5
  1830     02F3  0800               	movf	0,w	;code access
  1831     02F4  0631               	xorwf	lookup_and_send_move@cmd,w
  1832     02F5  1D03               	skipz
  1833     02F6  2AF8               	goto	u1381
  1834     02F7  2AF9               	goto	u1380
  1835     02F8                     u1381:
  1836     02F8  2AFE               	goto	l1617
  1837     02F9                     u1380:
  1838     02F9                     l1615:
  1839                           
  1840                           ;Main.c: 224:             send_camera_command(i);
  1841     02F9  0832               	movf	lookup_and_send_move@i,w
  1842     02FA  3181  2187  3182   	fcall	_send_camera_command
  1843                           
  1844                           ;Main.c: 225:             break;
  1845     02FD  2B06               	goto	l237
  1846     02FE                     l1617:
  1847                           
  1848                           ;Main.c: 227:     }
  1849     02FE  3001               	movlw	1
  1850     02FF  07B2               	addwf	lookup_and_send_move@i,f
  1851     0300                     l1619:
  1852     0300  300C               	movlw	12
  1853     0301  0232               	subwf	lookup_and_send_move@i,w
  1854     0302  1C03               	skipc
  1855     0303  2B05               	goto	u1391
  1856     0304  2B06               	goto	u1390
  1857     0305                     u1391:
  1858     0305  2ADD               	goto	l1613
  1859     0306                     u1390:
  1860     0306                     l237:
  1861     0306  0008               	return
  1862     0307                     __end_of_lookup_and_send_move:
  1863                           
  1864                           	psect	text2
  1865     0187                     __ptext2:	
  1866 ;; *************** function _send_camera_command *****************
  1867 ;; Defined at:
  1868 ;;		line 195 in file "Main.c"
  1869 ;; Parameters:    Size  Location     Type
  1870 ;;  byte            1    wreg     unsigned char 
  1871 ;; Auto vars:     Size  Location     Type
  1872 ;;  byte            1   13[BANK0 ] unsigned char 
  1873 ;;  i               1   14[BANK0 ] unsigned char 
  1874 ;; Return value:  Size  Location     Type
  1875 ;;                  1    wreg      void 
  1876 ;; Registers used:
  1877 ;;		wreg, fsr0l, fsr0h, status,2, status,0, pclath, cstack
  1878 ;; Tracked objects:
  1879 ;;		On entry : 0/0
  1880 ;;		On exit  : 0/0
  1881 ;;		Unchanged: 0/0
  1882 ;; Data sizes:     COMMON   BANK0   BANK1   BANK2   BANK3   BANK4   BANK5   BANK6   BANK7   BANK8   BANK9  BANK10  BANK1
      +1  BANK12  BANK13  BANK14  BANK15  BANK16  BANK17  BANK18  BANK19  BANK20  BANK21  BANK22  BANK23  BANK24  BANK25
  1883 ;;      Params:         0       0       0       0       0       0       0       0       0       0       0       0       
      +0       0       0       0       0       0       0       0       0       0       0       0       0       0       0
  1884 ;;      Locals:         0       2       0       0       0       0       0       0       0       0       0       0       
      +0       0       0       0       0       0       0       0       0       0       0       0       0       0       0
  1885 ;;      Temps:          0       6       0       0       0       0       0       0       0       0       0       0       
      +0       0       0       0       0       0       0       0       0       0       0       0       0       0       0
  1886 ;;      Totals:         0       8       0       0       0       0       0       0       0       0       0       0       
      +0       0       0       0       0       0       0       0       0       0       0       0       0       0       0
  1887 ;;Total ram usage:        8 bytes
  1888 ;; Hardware stack levels used: 1
  1889 ;; Hardware stack levels required when called: 3
  1890 ;; This function calls:
  1891 ;;		___wmul
  1892 ;;		_tx_uart
  1893 ;; This function is called by:
  1894 ;;		_lookup_and_send_move
  1895 ;; This function uses a non-reentrant model
  1896 ;;
  1897                           
  1898     0187                     _send_camera_command:	
  1899                           ;psect for function _send_camera_command
  1900                           
  1901                           
  1902                           ;incstack = 0
  1903                           ; Regs used in _send_camera_command: [wreg-fsr0h+status,2+status,0+pclath+cstack]
  1904                           ;send_camera_command@byte stored from wreg
  1905     0187  0020               	movlb	0	; select bank0
  1906     0188  00AD               	movwf	send_camera_command@byte
  1907     0189                     l1479:
  1908                           
  1909                           ;Main.c: 196:     uint8_t i;;Main.c: 198:     for ( i = 0; i < 12u; i++) {
  1910     0189  01AE               	clrf	send_camera_command@i
  1911     018A                     l1485:
  1912                           
  1913                           ;Main.c: 199:         tx_uart(header_dir[i]);
  1914     018A  082E               	movf	send_camera_command@i,w
  1915     018B  3E89               	addlw	low (_header_dir| (0+32768))
  1916     018C  0084               	movwf	4
  1917     018D  3083               	movlw	high (_header_dir| (0+32768))
  1918     018E  1803               	skipnc
  1919     018F  3E01               	addlw	1
  1920     0190  0085               	movwf	5
  1921     0191  0800               	movf	0,w	;code access
  1922     0192  3183  2395  3181   	fcall	_tx_uart
  1923     0195                     l1487:
  1924                           
  1925                           ;Main.c: 200:     }
  1926     0195  3001               	movlw	1
  1927     0196  0020               	movlb	0	; select bank0
  1928     0197  07AE               	addwf	send_camera_command@i,f
  1929     0198                     l1489:
  1930     0198  300C               	movlw	12
  1931     0199  022E               	subwf	send_camera_command@i,w
  1932     019A  1C03               	skipc
  1933     019B  299D               	goto	u1131
  1934     019C  299E               	goto	u1130
  1935     019D                     u1131:
  1936     019D  298A               	goto	l1485
  1937     019E                     u1130:
  1938     019E                     l223:
  1939                           
  1940                           ;Main.c: 202:     for ( i = 1; i < 7u; i++){
  1941     019E  3001               	movlw	1
  1942     019F  00AE               	movwf	send_camera_command@i
  1943     01A0                     l1495:
  1944                           
  1945                           ;Main.c: 203:         tx_uart(cmd_table[byte][i]);
  1946     01A0  082D               	movf	send_camera_command@byte,w
  1947     01A1  00A7               	movwf	??_send_camera_command
  1948     01A2  01A8               	clrf	??_send_camera_command+1
  1949     01A3  0827               	movf	??_send_camera_command,w
  1950     01A4  00A0               	movwf	___wmul@multiplier
  1951     01A5  0828               	movf	??_send_camera_command+1,w
  1952     01A6  00A1               	movwf	___wmul@multiplier+1
  1953     01A7  3007               	movlw	7
  1954     01A8  00A2               	movwf	___wmul@multiplicand
  1955     01A9  3000               	movlw	0
  1956     01AA  00A3               	movwf	___wmul@multiplicand+1
  1957     01AB  3183  2369  3181   	fcall	___wmul
  1958     01AE  30E2               	movlw	low (_cmd_table| (0+32768))
  1959     01AF  0020               	movlb	0	; select bank0
  1960     01B0  00A9               	movwf	??_send_camera_command+2
  1961     01B1  3080               	movlw	high (_cmd_table| (0+32768))
  1962     01B2  00AA               	movwf	??_send_camera_command+3
  1963     01B3  0820               	movf	?___wmul,w
  1964     01B4  0729               	addwf	??_send_camera_command+2,w
  1965     01B5  00AB               	movwf	??_send_camera_command+4
  1966     01B6  0821               	movf	?___wmul+1,w
  1967     01B7  3D2A               	addwfc	??_send_camera_command+3,w
  1968     01B8  00AC               	movwf	??_send_camera_command+5
  1969     01B9  082E               	movf	send_camera_command@i,w
  1970     01BA  072B               	addwf	??_send_camera_command+4,w
  1971     01BB  0084               	movwf	4
  1972     01BC  082C               	movf	??_send_camera_command+5,w
  1973     01BD  1803               	skipnc
  1974     01BE  3E01               	addlw	1
  1975     01BF  0085               	movwf	5
  1976     01C0  0800               	movf	0,w	;code access
  1977     01C1  3183  2395  3181   	fcall	_tx_uart
  1978     01C4                     l1497:
  1979                           
  1980                           ;Main.c: 204:     }
  1981     01C4  3001               	movlw	1
  1982     01C5  0020               	movlb	0	; select bank0
  1983     01C6  07AE               	addwf	send_camera_command@i,f
  1984     01C7                     l1499:
  1985     01C7  3007               	movlw	7
  1986     01C8  022E               	subwf	send_camera_command@i,w
  1987     01C9  1C03               	skipc
  1988     01CA  29CC               	goto	u1141
  1989     01CB  29CD               	goto	u1140
  1990     01CC                     u1141:
  1991     01CC  29A0               	goto	l1495
  1992     01CD                     u1140:
  1993     01CD                     l226:
  1994     01CD  0008               	return
  1995     01CE                     __end_of_send_camera_command:
  1996                           
  1997                           	psect	text3
  1998     0307                     __ptext3:	
  1999 ;; *************** function _lookup_and_send_buttons *****************
  2000 ;; Defined at:
  2001 ;;		line 230 in file "Main.c"
  2002 ;; Parameters:    Size  Location     Type
  2003 ;;  cmd             1    wreg     unsigned char 
  2004 ;; Auto vars:     Size  Location     Type
  2005 ;;  cmd             1   17[BANK0 ] unsigned char 
  2006 ;;  i               1   18[BANK0 ] unsigned char 
  2007 ;; Return value:  Size  Location     Type
  2008 ;;                  1    wreg      void 
  2009 ;; Registers used:
  2010 ;;		wreg, fsr0l, fsr0h, status,2, status,0, pclath, cstack
  2011 ;; Tracked objects:
  2012 ;;		On entry : 0/0
  2013 ;;		On exit  : 0/0
  2014 ;;		Unchanged: 0/0
  2015 ;; Data sizes:     COMMON   BANK0   BANK1   BANK2   BANK3   BANK4   BANK5   BANK6   BANK7   BANK8   BANK9  BANK10  BANK1
      +1  BANK12  BANK13  BANK14  BANK15  BANK16  BANK17  BANK18  BANK19  BANK20  BANK21  BANK22  BANK23  BANK24  BANK25
  2016 ;;      Params:         0       0       0       0       0       0       0       0       0       0       0       0       
      +0       0       0       0       0       0       0       0       0       0       0       0       0       0       0
  2017 ;;      Locals:         0       2       0       0       0       0       0       0       0       0       0       0       
      +0       0       0       0       0       0       0       0       0       0       0       0       0       0       0
  2018 ;;      Temps:          0       2       0       0       0       0       0       0       0       0       0       0       
      +0       0       0       0       0       0       0       0       0       0       0       0       0       0       0
  2019 ;;      Totals:         0       4       0       0       0       0       0       0       0       0       0       0       
      +0       0       0       0       0       0       0       0       0       0       0       0       0       0       0
  2020 ;;Total ram usage:        4 bytes
  2021 ;; Hardware stack levels used: 1
  2022 ;; Hardware stack levels required when called: 4
  2023 ;; This function calls:
  2024 ;;		___wmul
  2025 ;;		_send_camera_button
  2026 ;; This function is called by:
  2027 ;;		_main
  2028 ;; This function uses a non-reentrant model
  2029 ;;
  2030                           
  2031     0307                     _lookup_and_send_buttons:	
  2032                           ;psect for function _lookup_and_send_buttons
  2033                           
  2034                           
  2035                           ;incstack = 0
  2036                           ; Regs used in _lookup_and_send_buttons: [wreg-fsr0h+status,2+status,0+pclath+cstack]
  2037                           ;lookup_and_send_buttons@cmd stored from wreg
  2038     0307  0020               	movlb	0	; select bank0
  2039     0308  00B1               	movwf	lookup_and_send_buttons@cmd
  2040     0309                     l1621:
  2041                           
  2042                           ;Main.c: 231:     uint8_t i;;Main.c: 232:     if (cmd == 0xFF) return;
  2043     0309  0A31               	incf	lookup_and_send_buttons@cmd,w
  2044     030A  1D03               	btfss	3,2
  2045     030B  2B0D               	goto	u1401
  2046     030C  2B0E               	goto	u1400
  2047     030D                     u1401:
  2048     030D  2B0F               	goto	l1625
  2049     030E                     u1400:
  2050     030E  2B39               	goto	l244
  2051     030F                     l1625:
  2052                           
  2053                           ;Main.c: 233:     for (i = 0; i < 6u; i ++){
  2054     030F  01B2               	clrf	lookup_and_send_buttons@i
  2055     0310                     l1631:
  2056                           
  2057                           ;Main.c: 234:         if (cmd_button_table[i][0] == cmd){
  2058     0310  0832               	movf	lookup_and_send_buttons@i,w
  2059     0311  00AF               	movwf	??_lookup_and_send_buttons
  2060     0312  01B0               	clrf	??_lookup_and_send_buttons+1
  2061     0313  082F               	movf	??_lookup_and_send_buttons,w
  2062     0314  00A0               	movwf	___wmul@multiplier
  2063     0315  0830               	movf	??_lookup_and_send_buttons+1,w
  2064     0316  00A1               	movwf	___wmul@multiplier+1
  2065     0317  300A               	movlw	10
  2066     0318  00A2               	movwf	___wmul@multiplicand
  2067     0319  3000               	movlw	0
  2068     031A  00A3               	movwf	___wmul@multiplicand+1
  2069     031B  3183  2369  3183   	fcall	___wmul
  2070     031E  3098               	movlw	low _cmd_button_table
  2071     031F  0020               	movlb	0	; select bank0
  2072     0320  0720               	addwf	?___wmul,w
  2073     0321  0084               	movwf	4
  2074     0322  3002               	movlw	high _cmd_button_table
  2075     0323  3D21               	addwfc	?___wmul+1,w
  2076     0324  3880               	iorlw	128
  2077     0325  0085               	movwf	5
  2078     0326  0800               	movf	0,w	;code access
  2079     0327  0631               	xorwf	lookup_and_send_buttons@cmd,w
  2080     0328  1D03               	skipz
  2081     0329  2B2B               	goto	u1411
  2082     032A  2B2C               	goto	u1410
  2083     032B                     u1411:
  2084     032B  2B31               	goto	l1635
  2085     032C                     u1410:
  2086     032C                     l1633:
  2087                           
  2088                           ;Main.c: 235:             send_camera_button(i);
  2089     032C  0832               	movf	lookup_and_send_buttons@i,w
  2090     032D  3181  21CE  3183   	fcall	_send_camera_button
  2091                           
  2092                           ;Main.c: 236:             break;
  2093     0330  2B39               	goto	l244
  2094     0331                     l1635:
  2095                           
  2096                           ;Main.c: 238:     }
  2097     0331  3001               	movlw	1
  2098     0332  07B2               	addwf	lookup_and_send_buttons@i,f
  2099     0333                     l1637:
  2100     0333  3006               	movlw	6
  2101     0334  0232               	subwf	lookup_and_send_buttons@i,w
  2102     0335  1C03               	skipc
  2103     0336  2B38               	goto	u1421
  2104     0337  2B39               	goto	u1420
  2105     0338                     u1421:
  2106     0338  2B10               	goto	l1631
  2107     0339                     u1420:
  2108     0339                     l244:
  2109     0339  0008               	return
  2110     033A                     __end_of_lookup_and_send_buttons:
  2111                           
  2112                           	psect	text4
  2113     01CE                     __ptext4:	
  2114 ;; *************** function _send_camera_button *****************
  2115 ;; Defined at:
  2116 ;;		line 208 in file "Main.c"
  2117 ;; Parameters:    Size  Location     Type
  2118 ;;  byte            1    wreg     unsigned char 
  2119 ;; Auto vars:     Size  Location     Type
  2120 ;;  byte            1   13[BANK0 ] unsigned char 
  2121 ;;  i               1   14[BANK0 ] unsigned char 
  2122 ;; Return value:  Size  Location     Type
  2123 ;;                  1    wreg      void 
  2124 ;; Registers used:
  2125 ;;		wreg, fsr0l, fsr0h, status,2, status,0, pclath, cstack
  2126 ;; Tracked objects:
  2127 ;;		On entry : 0/0
  2128 ;;		On exit  : 0/0
  2129 ;;		Unchanged: 0/0
  2130 ;; Data sizes:     COMMON   BANK0   BANK1   BANK2   BANK3   BANK4   BANK5   BANK6   BANK7   BANK8   BANK9  BANK10  BANK1
      +1  BANK12  BANK13  BANK14  BANK15  BANK16  BANK17  BANK18  BANK19  BANK20  BANK21  BANK22  BANK23  BANK24  BANK25
  2131 ;;      Params:         0       0       0       0       0       0       0       0       0       0       0       0       
      +0       0       0       0       0       0       0       0       0       0       0       0       0       0       0
  2132 ;;      Locals:         0       2       0       0       0       0       0       0       0       0       0       0       
      +0       0       0       0       0       0       0       0       0       0       0       0       0       0       0
  2133 ;;      Temps:          0       6       0       0       0       0       0       0       0       0       0       0       
      +0       0       0       0       0       0       0       0       0       0       0       0       0       0       0
  2134 ;;      Totals:         0       8       0       0       0       0       0       0       0       0       0       0       
      +0       0       0       0       0       0       0       0       0       0       0       0       0       0       0
  2135 ;;Total ram usage:        8 bytes
  2136 ;; Hardware stack levels used: 1
  2137 ;; Hardware stack levels required when called: 3
  2138 ;; This function calls:
  2139 ;;		___wmul
  2140 ;;		_tx_uart
  2141 ;; This function is called by:
  2142 ;;		_lookup_and_send_buttons
  2143 ;; This function uses a non-reentrant model
  2144 ;;
  2145                           
  2146     01CE                     _send_camera_button:	
  2147                           ;psect for function _send_camera_button
  2148                           
  2149                           
  2150                           ;incstack = 0
  2151                           ; Regs used in _send_camera_button: [wreg-fsr0h+status,2+status,0+pclath+cstack]
  2152                           ;send_camera_button@byte stored from wreg
  2153     01CE  0020               	movlb	0	; select bank0
  2154     01CF  00AD               	movwf	send_camera_button@byte
  2155     01D0                     l1501:
  2156                           
  2157                           ;Main.c: 209:     uint8_t i;;Main.c: 210:     for ( i = 0; i < 9u; i++){
  2158     01D0  01AE               	clrf	send_camera_button@i
  2159     01D1                     l1507:
  2160                           
  2161                           ;Main.c: 211:         tx_uart(header_static[i]);
  2162     01D1  082E               	movf	send_camera_button@i,w
  2163     01D2  3EDA               	addlw	low (_header_static| (0+32768))
  2164     01D3  0084               	movwf	4
  2165     01D4  3083               	movlw	high (_header_static| (0+32768))
  2166     01D5  1803               	skipnc
  2167     01D6  3E01               	addlw	1
  2168     01D7  0085               	movwf	5
  2169     01D8  0800               	movf	0,w	;code access
  2170     01D9  3183  2395  3181   	fcall	_tx_uart
  2171     01DC                     l1509:
  2172                           
  2173                           ;Main.c: 212:     }
  2174     01DC  3001               	movlw	1
  2175     01DD  0020               	movlb	0	; select bank0
  2176     01DE  07AE               	addwf	send_camera_button@i,f
  2177     01DF                     l1511:
  2178     01DF  3009               	movlw	9
  2179     01E0  022E               	subwf	send_camera_button@i,w
  2180     01E1  1C03               	skipc
  2181     01E2  29E4               	goto	u1151
  2182     01E3  29E5               	goto	u1150
  2183     01E4                     u1151:
  2184     01E4  29D1               	goto	l1507
  2185     01E5                     u1150:
  2186     01E5                     l230:
  2187                           
  2188                           ;Main.c: 214:     for (i =1; i < 10u; i++){
  2189     01E5  3001               	movlw	1
  2190     01E6  00AE               	movwf	send_camera_button@i
  2191     01E7                     l1517:
  2192                           
  2193                           ;Main.c: 215:         tx_uart(cmd_button_table[byte][i]);
  2194     01E7  082D               	movf	send_camera_button@byte,w
  2195     01E8  00A7               	movwf	??_send_camera_button
  2196     01E9  01A8               	clrf	??_send_camera_button+1
  2197     01EA  0827               	movf	??_send_camera_button,w
  2198     01EB  00A0               	movwf	___wmul@multiplier
  2199     01EC  0828               	movf	??_send_camera_button+1,w
  2200     01ED  00A1               	movwf	___wmul@multiplier+1
  2201     01EE  300A               	movlw	10
  2202     01EF  00A2               	movwf	___wmul@multiplicand
  2203     01F0  3000               	movlw	0
  2204     01F1  00A3               	movwf	___wmul@multiplicand+1
  2205     01F2  3183  2369  3181   	fcall	___wmul
  2206     01F5  3098               	movlw	low (_cmd_button_table| (0+32768))
  2207     01F6  0020               	movlb	0	; select bank0
  2208     01F7  00A9               	movwf	??_send_camera_button+2
  2209     01F8  3082               	movlw	high (_cmd_button_table| (0+32768))
  2210     01F9  00AA               	movwf	??_send_camera_button+3
  2211     01FA  0820               	movf	?___wmul,w
  2212     01FB  0729               	addwf	??_send_camera_button+2,w
  2213     01FC  00AB               	movwf	??_send_camera_button+4
  2214     01FD  0821               	movf	?___wmul+1,w
  2215     01FE  3D2A               	addwfc	??_send_camera_button+3,w
  2216     01FF  00AC               	movwf	??_send_camera_button+5
  2217     0200  082E               	movf	send_camera_button@i,w
  2218     0201  072B               	addwf	??_send_camera_button+4,w
  2219     0202  0084               	movwf	4
  2220     0203  082C               	movf	??_send_camera_button+5,w
  2221     0204  1803               	skipnc
  2222     0205  3E01               	addlw	1
  2223     0206  0085               	movwf	5
  2224     0207  0800               	movf	0,w	;code access
  2225     0208  3183  2395  3181   	fcall	_tx_uart
  2226     020B                     l1519:
  2227                           
  2228                           ;Main.c: 216:     }
  2229     020B  3001               	movlw	1
  2230     020C  0020               	movlb	0	; select bank0
  2231     020D  07AE               	addwf	send_camera_button@i,f
  2232     020E                     l1521:
  2233     020E  300A               	movlw	10
  2234     020F  022E               	subwf	send_camera_button@i,w
  2235     0210  1C03               	skipc
  2236     0211  2A13               	goto	u1161
  2237     0212  2A14               	goto	u1160
  2238     0213                     u1161:
  2239     0213  29E7               	goto	l1517
  2240     0214                     u1160:
  2241     0214                     l233:
  2242     0214  0008               	return
  2243     0215                     __end_of_send_camera_button:
  2244                           
  2245                           	psect	text5
  2246     0395                     __ptext5:	
  2247 ;; *************** function _tx_uart *****************
  2248 ;; Defined at:
  2249 ;;		line 68 in file "Main.c"
  2250 ;; Parameters:    Size  Location     Type
  2251 ;;  byte            1    wreg     unsigned char 
  2252 ;; Auto vars:     Size  Location     Type
  2253 ;;  byte            1    6[BANK0 ] unsigned char 
  2254 ;; Return value:  Size  Location     Type
  2255 ;;                  1    wreg      void 
  2256 ;; Registers used:
  2257 ;;		wreg
  2258 ;; Tracked objects:
  2259 ;;		On entry : 0/0
  2260 ;;		On exit  : 0/0
  2261 ;;		Unchanged: 0/0
  2262 ;; Data sizes:     COMMON   BANK0   BANK1   BANK2   BANK3   BANK4   BANK5   BANK6   BANK7   BANK8   BANK9  BANK10  BANK1
      +1  BANK12  BANK13  BANK14  BANK15  BANK16  BANK17  BANK18  BANK19  BANK20  BANK21  BANK22  BANK23  BANK24  BANK25
  2263 ;;      Params:         0       0       0       0       0       0       0       0       0       0       0       0       
      +0       0       0       0       0       0       0       0       0       0       0       0       0       0       0
  2264 ;;      Locals:         0       1       0       0       0       0       0       0       0       0       0       0       
      +0       0       0       0       0       0       0       0       0       0       0       0       0       0       0
  2265 ;;      Temps:          0       0       0       0       0       0       0       0       0       0       0       0       
      +0       0       0       0       0       0       0       0       0       0       0       0       0       0       0
  2266 ;;      Totals:         0       1       0       0       0       0       0       0       0       0       0       0       
      +0       0       0       0       0       0       0       0       0       0       0       0       0       0       0
  2267 ;;Total ram usage:        1 bytes
  2268 ;; Hardware stack levels used: 1
  2269 ;; Hardware stack levels required when called: 2
  2270 ;; This function calls:
  2271 ;;		Nothing
  2272 ;; This function is called by:
  2273 ;;		_send_camera_command
  2274 ;;		_send_camera_button
  2275 ;; This function uses a non-reentrant model
  2276 ;;
  2277                           
  2278     0395                     _tx_uart:	
  2279                           ;psect for function _tx_uart
  2280                           
  2281                           
  2282                           ;incstack = 0
  2283                           ; Regs used in _tx_uart: [wreg]
  2284                           ;tx_uart@byte stored from wreg
  2285     0395  0020               	movlb	0	; select bank0
  2286     0396  00A6               	movwf	tx_uart@byte
  2287     0397                     l1149:
  2288     0397                     l164:	
  2289                           ;Main.c: 70:     while (!TX1STAbits.TRMT);
  2290                           
  2291     0397  0023               	movlb	3	; select bank3
  2292     0398  1C9E               	btfss	30,1	;volatile
  2293     0399  2B9B               	goto	u551
  2294     039A  2B9C               	goto	u550
  2295     039B                     u551:
  2296     039B  2B97               	goto	l164
  2297     039C                     u550:
  2298     039C                     l1151:
  2299                           
  2300                           ;Main.c: 71:     TX1REG = byte;
  2301     039C  0020               	movlb	0	; select bank0
  2302     039D  0826               	movf	tx_uart@byte,w
  2303     039E  0023               	movlb	3	; select bank3
  2304     039F  009A               	movwf	26	;volatile
  2305     03A0                     l167:
  2306     03A0  0008               	return
  2307     03A1                     __end_of_tx_uart:
  2308                           
  2309                           	psect	text6
  2310     0369                     __ptext6:	
  2311 ;; *************** function ___wmul *****************
  2312 ;; Defined at:
  2313 ;;		line 15 in file "C:\Program Files\Microchip\xc8\v3.10\pic\sources\c99\common\Umul16.c"
  2314 ;; Parameters:    Size  Location     Type
  2315 ;;  multiplier      2    0[BANK0 ] unsigned int 
  2316 ;;  multiplicand    2    2[BANK0 ] unsigned int 
  2317 ;; Auto vars:     Size  Location     Type
  2318 ;;  product         2    4[BANK0 ] unsigned int 
  2319 ;; Return value:  Size  Location     Type
  2320 ;;                  2    0[BANK0 ] unsigned int 
  2321 ;; Registers used:
  2322 ;;		wreg, status,2, status,0
  2323 ;; Tracked objects:
  2324 ;;		On entry : 0/0
  2325 ;;		On exit  : 0/0
  2326 ;;		Unchanged: 0/0
  2327 ;; Data sizes:     COMMON   BANK0   BANK1   BANK2   BANK3   BANK4   BANK5   BANK6   BANK7   BANK8   BANK9  BANK10  BANK1
      +1  BANK12  BANK13  BANK14  BANK15  BANK16  BANK17  BANK18  BANK19  BANK20  BANK21  BANK22  BANK23  BANK24  BANK25
  2328 ;;      Params:         0       4       0       0       0       0       0       0       0       0       0       0       
      +0       0       0       0       0       0       0       0       0       0       0       0       0       0       0
  2329 ;;      Locals:         0       2       0       0       0       0       0       0       0       0       0       0       
      +0       0       0       0       0       0       0       0       0       0       0       0       0       0       0
  2330 ;;      Temps:          0       0       0       0       0       0       0       0       0       0       0       0       
      +0       0       0       0       0       0       0       0       0       0       0       0       0       0       0
  2331 ;;      Totals:         0       6       0       0       0       0       0       0       0       0       0       0       
      +0       0       0       0       0       0       0       0       0       0       0       0       0       0       0
  2332 ;;Total ram usage:        6 bytes
  2333 ;; Hardware stack levels used: 1
  2334 ;; Hardware stack levels required when called: 2
  2335 ;; This function calls:
  2336 ;;		Nothing
  2337 ;; This function is called by:
  2338 ;;		_send_camera_command
  2339 ;;		_send_camera_button
  2340 ;;		_lookup_and_send_move
  2341 ;;		_lookup_and_send_buttons
  2342 ;; This function uses a non-reentrant model
  2343 ;;
  2344                           
  2345     0369                     ___wmul:	
  2346                           ;psect for function ___wmul
  2347                           
  2348     0369                     l1465:	
  2349                           ;incstack = 0
  2350                           ; Regs used in ___wmul: [wreg+status,2+status,0]
  2351                           
  2352     0369  0020               	movlb	0	; select bank0
  2353     036A  01A4               	clrf	___wmul@product
  2354     036B  01A5               	clrf	___wmul@product+1
  2355     036C                     l1467:
  2356     036C  1C20               	btfss	___wmul@multiplier,0
  2357     036D  2B6F               	goto	u1091
  2358     036E  2B70               	goto	u1090
  2359     036F                     u1091:
  2360     036F  2B74               	goto	l375
  2361     0370                     u1090:
  2362     0370                     l1469:
  2363     0370  0822               	movf	___wmul@multiplicand,w
  2364     0371  07A4               	addwf	___wmul@product,f
  2365     0372  0823               	movf	___wmul@multiplicand+1,w
  2366     0373  3DA5               	addwfc	___wmul@product+1,f
  2367     0374                     l375:
  2368     0374  3001               	movlw	1
  2369     0375                     u1105:
  2370     0375  35A2               	lslf	___wmul@multiplicand,f
  2371     0376  0DA3               	rlf	___wmul@multiplicand+1,f
  2372     0377  0B89               	decfsz	9,f
  2373     0378  2B75               	goto	u1105
  2374     0379                     l1471:
  2375     0379  3001               	movlw	1
  2376     037A                     u1115:
  2377     037A  36A1               	lsrf	___wmul@multiplier+1,f
  2378     037B  0CA0               	rrf	___wmul@multiplier,f
  2379     037C  0B89               	decfsz	9,f
  2380     037D  2B7A               	goto	u1115
  2381     037E                     l1473:
  2382     037E  0820               	movf	___wmul@multiplier,w
  2383     037F  0421               	iorwf	___wmul@multiplier+1,w
  2384     0380  1D03               	btfss	3,2
  2385     0381  2B83               	goto	u1121
  2386     0382  2B84               	goto	u1120
  2387     0383                     u1121:
  2388     0383  2B6C               	goto	l1467
  2389     0384                     u1120:
  2390     0384                     l1475:
  2391     0384  0825               	movf	___wmul@product+1,w
  2392     0385  00A1               	movwf	?___wmul+1
  2393     0386  0824               	movf	___wmul@product,w
  2394     0387  00A0               	movwf	?___wmul
  2395     0388                     l377:
  2396     0388  0008               	return
  2397     0389                     __end_of___wmul:
  2398                           
  2399                           	psect	text7
  2400     0257                     __ptext7:	
  2401 ;; *************** function _TranslateY *****************
  2402 ;; Defined at:
  2403 ;;		line 124 in file "Main.c"
  2404 ;; Parameters:    Size  Location     Type
  2405 ;;  byte            1    wreg     unsigned char 
  2406 ;; Auto vars:     Size  Location     Type
  2407 ;;  byte            1    0[BANK0 ] unsigned char 
  2408 ;; Return value:  Size  Location     Type
  2409 ;;                  1    wreg      void 
  2410 ;; Registers used:
  2411 ;;		wreg, status,2
  2412 ;; Tracked objects:
  2413 ;;		On entry : 0/0
  2414 ;;		On exit  : 0/0
  2415 ;;		Unchanged: 0/0
  2416 ;; Data sizes:     COMMON   BANK0   BANK1   BANK2   BANK3   BANK4   BANK5   BANK6   BANK7   BANK8   BANK9  BANK10  BANK1
      +1  BANK12  BANK13  BANK14  BANK15  BANK16  BANK17  BANK18  BANK19  BANK20  BANK21  BANK22  BANK23  BANK24  BANK25
  2417 ;;      Params:         0       0       0       0       0       0       0       0       0       0       0       0       
      +0       0       0       0       0       0       0       0       0       0       0       0       0       0       0
  2418 ;;      Locals:         0       1       0       0       0       0       0       0       0       0       0       0       
      +0       0       0       0       0       0       0       0       0       0       0       0       0       0       0
  2419 ;;      Temps:          0       0       0       0       0       0       0       0       0       0       0       0       
      +0       0       0       0       0       0       0       0       0       0       0       0       0       0       0
  2420 ;;      Totals:         0       1       0       0       0       0       0       0       0       0       0       0       
      +0       0       0       0       0       0       0       0       0       0       0       0       0       0       0
  2421 ;;Total ram usage:        1 bytes
  2422 ;; Hardware stack levels used: 1
  2423 ;; Hardware stack levels required when called: 2
  2424 ;; This function calls:
  2425 ;;		Nothing
  2426 ;; This function is called by:
  2427 ;;		_main
  2428 ;; This function uses a non-reentrant model
  2429 ;;
  2430                           
  2431     0257                     _TranslateY:	
  2432                           ;psect for function _TranslateY
  2433                           
  2434                           
  2435                           ;incstack = 0
  2436                           ; Regs used in _TranslateY: [wreg+status,2]
  2437                           ;TranslateY@byte stored from wreg
  2438     0257  0020               	movlb	0	; select bank0
  2439     0258  00A0               	movwf	TranslateY@byte
  2440     0259                     l1547:
  2441                           
  2442                           ;Main.c: 126:     if (byte <= 0x32){
  2443     0259  3033               	movlw	51
  2444     025A  0220               	subwf	TranslateY@byte,w
  2445     025B  1803               	skipnc
  2446     025C  2A5E               	goto	u1231
  2447     025D  2A5F               	goto	u1230
  2448     025E                     u1231:
  2449     025E  2A62               	goto	l1551
  2450     025F                     u1230:
  2451     025F                     l1549:
  2452                           
  2453                           ;Main.c: 127:         TxY = 0x05;
  2454     025F  3005               	movlw	5
  2455     0260  00BB               	movwf	_TxY	;volatile
  2456                           
  2457                           ;Main.c: 128:     }
  2458     0261  2A97               	goto	l202
  2459     0262                     l1551:
  2460     0262  305B               	movlw	91
  2461     0263  0220               	subwf	TranslateY@byte,w
  2462     0264  1803               	skipnc
  2463     0265  2A67               	goto	u1241
  2464     0266  2A68               	goto	u1240
  2465     0267                     u1241:
  2466     0267  2A6B               	goto	l1555
  2467     0268                     u1240:
  2468     0268                     l1553:
  2469                           
  2470                           ;Main.c: 131:         TxY = 0x04;
  2471     0268  3004               	movlw	4
  2472     0269  00BB               	movwf	_TxY	;volatile
  2473                           
  2474                           ;Main.c: 132:     }
  2475     026A  2A97               	goto	l202
  2476     026B                     l1555:
  2477     026B  307C               	movlw	124
  2478     026C  0220               	subwf	TranslateY@byte,w
  2479     026D  1803               	skipnc
  2480     026E  2A70               	goto	u1251
  2481     026F  2A71               	goto	u1250
  2482     0270                     u1251:
  2483     0270  2A74               	goto	l1559
  2484     0271                     u1250:
  2485     0271                     l1557:
  2486                           
  2487                           ;Main.c: 135:         TxY = 0x03;
  2488     0271  3003               	movlw	3
  2489     0272  00BB               	movwf	_TxY	;volatile
  2490                           
  2491                           ;Main.c: 136:     }
  2492     0273  2A97               	goto	l202
  2493     0274                     l1559:
  2494     0274  3089               	movlw	137
  2495     0275  0220               	subwf	TranslateY@byte,w
  2496     0276  1803               	skipnc
  2497     0277  2A79               	goto	u1261
  2498     0278  2A7A               	goto	u1260
  2499     0279                     u1261:
  2500     0279  2A7D               	goto	l1563
  2501     027A                     u1260:
  2502     027A                     l1561:
  2503                           
  2504                           ;Main.c: 139:         TxY = 0xFF;
  2505     027A  30FF               	movlw	255
  2506     027B  00BB               	movwf	_TxY	;volatile
  2507                           
  2508                           ;Main.c: 140:     }
  2509     027C  2A97               	goto	l202
  2510     027D                     l1563:
  2511     027D  3095               	movlw	149
  2512     027E  0220               	subwf	TranslateY@byte,w
  2513     027F  1803               	skipnc
  2514     0280  2A82               	goto	u1271
  2515     0281  2A83               	goto	u1270
  2516     0282                     u1271:
  2517     0282  2A84               	goto	l1567
  2518     0283                     u1270:
  2519     0283  2A7A               	goto	l1561
  2520     0284                     l1567:
  2521     0284  30B6               	movlw	182
  2522     0285  0220               	subwf	TranslateY@byte,w
  2523     0286  1803               	skipnc
  2524     0287  2A89               	goto	u1281
  2525     0288  2A8A               	goto	u1280
  2526     0289                     u1281:
  2527     0289  2A8C               	goto	l1571
  2528     028A                     u1280:
  2529     028A                     l1569:
  2530                           
  2531                           ;Main.c: 147:         TxY = 0x00;
  2532     028A  01BB               	clrf	_TxY	;volatile
  2533                           
  2534                           ;Main.c: 148:     }
  2535     028B  2A97               	goto	l202
  2536     028C                     l1571:
  2537     028C  30DE               	movlw	222
  2538     028D  0220               	subwf	TranslateY@byte,w
  2539     028E  1803               	skipnc
  2540     028F  2A91               	goto	u1291
  2541     0290  2A92               	goto	u1290
  2542     0291                     u1291:
  2543     0291  2A95               	goto	l200
  2544     0292                     u1290:
  2545     0292                     l1573:
  2546                           
  2547                           ;Main.c: 151:         TxY = 0x01;
  2548     0292  3001               	movlw	1
  2549     0293  00BB               	movwf	_TxY	;volatile
  2550                           
  2551                           ;Main.c: 152:     }
  2552     0294  2A97               	goto	l202
  2553     0295                     l200:	
  2554                           ;Main.c: 153:     else {
  2555                           
  2556                           
  2557                           ;Main.c: 154:         TxY = 0x02;
  2558     0295  3002               	movlw	2
  2559     0296  00BB               	movwf	_TxY	;volatile
  2560     0297                     l202:
  2561     0297  0008               	return
  2562     0298                     __end_of_TranslateY:
  2563                           
  2564                           	psect	text8
  2565     0215                     __ptext8:	
  2566 ;; *************** function _TranslateX *****************
  2567 ;; Defined at:
  2568 ;;		line 160 in file "Main.c"
  2569 ;; Parameters:    Size  Location     Type
  2570 ;;  byte            1    wreg     unsigned char 
  2571 ;; Auto vars:     Size  Location     Type
  2572 ;;  byte            1    0[BANK0 ] unsigned char 
  2573 ;; Return value:  Size  Location     Type
  2574 ;;                  1    wreg      void 
  2575 ;; Registers used:
  2576 ;;		wreg
  2577 ;; Tracked objects:
  2578 ;;		On entry : 0/0
  2579 ;;		On exit  : 0/0
  2580 ;;		Unchanged: 0/0
  2581 ;; Data sizes:     COMMON   BANK0   BANK1   BANK2   BANK3   BANK4   BANK5   BANK6   BANK7   BANK8   BANK9  BANK10  BANK1
      +1  BANK12  BANK13  BANK14  BANK15  BANK16  BANK17  BANK18  BANK19  BANK20  BANK21  BANK22  BANK23  BANK24  BANK25
  2582 ;;      Params:         0       0       0       0       0       0       0       0       0       0       0       0       
      +0       0       0       0       0       0       0       0       0       0       0       0       0       0       0
  2583 ;;      Locals:         0       1       0       0       0       0       0       0       0       0       0       0       
      +0       0       0       0       0       0       0       0       0       0       0       0       0       0       0
  2584 ;;      Temps:          0       0       0       0       0       0       0       0       0       0       0       0       
      +0       0       0       0       0       0       0       0       0       0       0       0       0       0       0
  2585 ;;      Totals:         0       1       0       0       0       0       0       0       0       0       0       0       
      +0       0       0       0       0       0       0       0       0       0       0       0       0       0       0
  2586 ;;Total ram usage:        1 bytes
  2587 ;; Hardware stack levels used: 1
  2588 ;; Hardware stack levels required when called: 2
  2589 ;; This function calls:
  2590 ;;		Nothing
  2591 ;; This function is called by:
  2592 ;;		_main
  2593 ;; This function uses a non-reentrant model
  2594 ;;
  2595                           
  2596     0215                     _TranslateX:	
  2597                           ;psect for function _TranslateX
  2598                           
  2599                           
  2600                           ;incstack = 0
  2601                           ; Regs used in _TranslateX: [wreg]
  2602                           ;TranslateX@byte stored from wreg
  2603     0215  0020               	movlb	0	; select bank0
  2604     0216  00A0               	movwf	TranslateX@byte
  2605     0217                     l1575:
  2606                           
  2607                           ;Main.c: 162:     if (byte <= 0x32){
  2608     0217  3033               	movlw	51
  2609     0218  0220               	subwf	TranslateX@byte,w
  2610     0219  1803               	skipnc
  2611     021A  2A1C               	goto	u1301
  2612     021B  2A1D               	goto	u1300
  2613     021C                     u1301:
  2614     021C  2A20               	goto	l1579
  2615     021D                     u1300:
  2616     021D                     l1577:
  2617                           
  2618                           ;Main.c: 163:         TxX = 0x08;
  2619     021D  3008               	movlw	8
  2620     021E  00BA               	movwf	_TxX	;volatile
  2621                           
  2622                           ;Main.c: 164:     }
  2623     021F  2A56               	goto	l219
  2624     0220                     l1579:
  2625     0220  305B               	movlw	91
  2626     0221  0220               	subwf	TranslateX@byte,w
  2627     0222  1803               	skipnc
  2628     0223  2A25               	goto	u1311
  2629     0224  2A26               	goto	u1310
  2630     0225                     u1311:
  2631     0225  2A29               	goto	l1583
  2632     0226                     u1310:
  2633     0226                     l1581:
  2634                           
  2635                           ;Main.c: 167:         TxX = 0x07;
  2636     0226  3007               	movlw	7
  2637     0227  00BA               	movwf	_TxX	;volatile
  2638                           
  2639                           ;Main.c: 168:     }
  2640     0228  2A56               	goto	l219
  2641     0229                     l1583:
  2642     0229  307C               	movlw	124
  2643     022A  0220               	subwf	TranslateX@byte,w
  2644     022B  1803               	skipnc
  2645     022C  2A2E               	goto	u1321
  2646     022D  2A2F               	goto	u1320
  2647     022E                     u1321:
  2648     022E  2A32               	goto	l1587
  2649     022F                     u1320:
  2650     022F                     l1585:
  2651                           
  2652                           ;Main.c: 171:         TxX = 0x06;
  2653     022F  3006               	movlw	6
  2654     0230  00BA               	movwf	_TxX	;volatile
  2655                           
  2656                           ;Main.c: 172:     }
  2657     0231  2A56               	goto	l219
  2658     0232                     l1587:
  2659     0232  3089               	movlw	137
  2660     0233  0220               	subwf	TranslateX@byte,w
  2661     0234  1803               	skipnc
  2662     0235  2A37               	goto	u1331
  2663     0236  2A38               	goto	u1330
  2664     0237                     u1331:
  2665     0237  2A3B               	goto	l1591
  2666     0238                     u1330:
  2667     0238                     l1589:
  2668                           
  2669                           ;Main.c: 175:         TxX = 0xFF;
  2670     0238  30FF               	movlw	255
  2671     0239  00BA               	movwf	_TxX	;volatile
  2672                           
  2673                           ;Main.c: 176:     }
  2674     023A  2A56               	goto	l219
  2675     023B                     l1591:
  2676     023B  3095               	movlw	149
  2677     023C  0220               	subwf	TranslateX@byte,w
  2678     023D  1803               	skipnc
  2679     023E  2A40               	goto	u1341
  2680     023F  2A41               	goto	u1340
  2681     0240                     u1341:
  2682     0240  2A42               	goto	l1595
  2683     0241                     u1340:
  2684     0241  2A38               	goto	l1589
  2685     0242                     l1595:
  2686     0242  30B6               	movlw	182
  2687     0243  0220               	subwf	TranslateX@byte,w
  2688     0244  1803               	skipnc
  2689     0245  2A47               	goto	u1351
  2690     0246  2A48               	goto	u1350
  2691     0247                     u1351:
  2692     0247  2A4B               	goto	l1599
  2693     0248                     u1350:
  2694     0248                     l1597:
  2695                           
  2696                           ;Main.c: 183:         TxX = 0x09;
  2697     0248  3009               	movlw	9
  2698     0249  00BA               	movwf	_TxX	;volatile
  2699                           
  2700                           ;Main.c: 184:     }
  2701     024A  2A56               	goto	l219
  2702     024B                     l1599:
  2703     024B  30DE               	movlw	222
  2704     024C  0220               	subwf	TranslateX@byte,w
  2705     024D  1803               	skipnc
  2706     024E  2A50               	goto	u1361
  2707     024F  2A51               	goto	u1360
  2708     0250                     u1361:
  2709     0250  2A54               	goto	l217
  2710     0251                     u1360:
  2711     0251                     l1601:
  2712                           
  2713                           ;Main.c: 187:         TxX = 0x0A;
  2714     0251  300A               	movlw	10
  2715     0252  00BA               	movwf	_TxX	;volatile
  2716                           
  2717                           ;Main.c: 188:     }
  2718     0253  2A56               	goto	l219
  2719     0254                     l217:	
  2720                           ;Main.c: 189:     else {
  2721                           
  2722                           
  2723                           ;Main.c: 190:         TxX = 0x0B;
  2724     0254  300B               	movlw	11
  2725     0255  00BA               	movwf	_TxX	;volatile
  2726     0256                     l219:
  2727     0256  0008               	return
  2728     0257                     __end_of_TranslateX:
  2729                           
  2730                           	psect	text9
  2731     033A                     __ptext9:	
  2732 ;; *************** function _TranslateTABXY *****************
  2733 ;; Defined at:
  2734 ;;		line 76 in file "Main.c"
  2735 ;; Parameters:    Size  Location     Type
  2736 ;;  byte            1    wreg     unsigned char 
  2737 ;; Auto vars:     Size  Location     Type
  2738 ;;  byte            1    0[BANK0 ] unsigned char 
  2739 ;; Return value:  Size  Location     Type
  2740 ;;                  1    wreg      void 
  2741 ;; Registers used:
  2742 ;;		wreg, status,2
  2743 ;; Tracked objects:
  2744 ;;		On entry : 0/0
  2745 ;;		On exit  : 0/0
  2746 ;;		Unchanged: 0/0
  2747 ;; Data sizes:     COMMON   BANK0   BANK1   BANK2   BANK3   BANK4   BANK5   BANK6   BANK7   BANK8   BANK9  BANK10  BANK1
      +1  BANK12  BANK13  BANK14  BANK15  BANK16  BANK17  BANK18  BANK19  BANK20  BANK21  BANK22  BANK23  BANK24  BANK25
  2748 ;;      Params:         0       0       0       0       0       0       0       0       0       0       0       0       
      +0       0       0       0       0       0       0       0       0       0       0       0       0       0       0
  2749 ;;      Locals:         0       1       0       0       0       0       0       0       0       0       0       0       
      +0       0       0       0       0       0       0       0       0       0       0       0       0       0       0
  2750 ;;      Temps:          0       0       0       0       0       0       0       0       0       0       0       0       
      +0       0       0       0       0       0       0       0       0       0       0       0       0       0       0
  2751 ;;      Totals:         0       1       0       0       0       0       0       0       0       0       0       0       
      +0       0       0       0       0       0       0       0       0       0       0       0       0       0       0
  2752 ;;Total ram usage:        1 bytes
  2753 ;; Hardware stack levels used: 1
  2754 ;; Hardware stack levels required when called: 2
  2755 ;; This function calls:
  2756 ;;		Nothing
  2757 ;; This function is called by:
  2758 ;;		_main
  2759 ;; This function uses a non-reentrant model
  2760 ;;
  2761                           
  2762     033A                     _TranslateTABXY:	
  2763                           ;psect for function _TranslateTABXY
  2764                           
  2765                           
  2766                           ;incstack = 0
  2767                           ; Regs used in _TranslateTABXY: [wreg+status,2]
  2768                           ;TranslateTABXY@byte stored from wreg
  2769     033A  0020               	movlb	0	; select bank0
  2770     033B  00A0               	movwf	TranslateTABXY@byte
  2771     033C                     l1523:
  2772                           
  2773                           ;Main.c: 78:     if (byte & 0x08){
  2774     033C  1DA0               	btfss	TranslateTABXY@byte,3
  2775     033D  2B3F               	goto	u1171
  2776     033E  2B40               	goto	u1170
  2777     033F                     u1171:
  2778     033F  2B43               	goto	l170
  2779     0340                     u1170:
  2780     0340                     l1525:
  2781                           
  2782                           ;Main.c: 79:         TxBY = 0x04;
  2783     0340  3004               	movlw	4
  2784     0341  00B5               	movwf	_TxBY	;volatile
  2785                           
  2786                           ;Main.c: 80:     }
  2787     0342  2B45               	goto	l1527
  2788     0343                     l170:	
  2789                           ;Main.c: 81:     else{
  2790                           
  2791                           
  2792                           ;Main.c: 82:         TxBY=0xFF;
  2793     0343  30FF               	movlw	255
  2794     0344  00B5               	movwf	_TxBY	;volatile
  2795     0345                     l1527:
  2796                           
  2797                           ;Main.c: 84:     if (byte & 0x02){
  2798     0345  1CA0               	btfss	TranslateTABXY@byte,1
  2799     0346  2B48               	goto	u1181
  2800     0347  2B49               	goto	u1180
  2801     0348                     u1181:
  2802     0348  2B4C               	goto	l172
  2803     0349                     u1180:
  2804     0349                     l1529:
  2805                           
  2806                           ;Main.c: 85:         TxB=0x02;
  2807     0349  3002               	movlw	2
  2808     034A  00B6               	movwf	_TxB	;volatile
  2809                           
  2810                           ;Main.c: 86:     }
  2811     034B  2B4E               	goto	l1531
  2812     034C                     l172:	
  2813                           ;Main.c: 87:     else{
  2814                           
  2815                           
  2816                           ;Main.c: 88:         TxB = 0xFF;
  2817     034C  30FF               	movlw	255
  2818     034D  00B6               	movwf	_TxB	;volatile
  2819     034E                     l1531:
  2820                           
  2821                           ;Main.c: 90:     if (byte & 0x01){
  2822     034E  1C20               	btfss	TranslateTABXY@byte,0
  2823     034F  2B51               	goto	u1191
  2824     0350  2B52               	goto	u1190
  2825     0351                     u1191:
  2826     0351  2B55               	goto	l174
  2827     0352                     u1190:
  2828     0352                     l1533:
  2829                           
  2830                           ;Main.c: 91:         TxA = 0x05;
  2831     0352  3005               	movlw	5
  2832     0353  00B7               	movwf	_TxA	;volatile
  2833                           
  2834                           ;Main.c: 92:     }
  2835     0354  2B57               	goto	l1535
  2836     0355                     l174:	
  2837                           ;Main.c: 93:     else{
  2838                           
  2839                           
  2840                           ;Main.c: 94:         TxA = 0xFF;
  2841     0355  30FF               	movlw	255
  2842     0356  00B7               	movwf	_TxA	;volatile
  2843     0357                     l1535:
  2844                           
  2845                           ;Main.c: 96:     if (byte & 0x10){
  2846     0357  1E20               	btfss	TranslateTABXY@byte,4
  2847     0358  2B5A               	goto	u1201
  2848     0359  2B5B               	goto	u1200
  2849     035A                     u1201:
  2850     035A  2B5E               	goto	l176
  2851     035B                     u1200:
  2852     035B                     l1537:
  2853                           
  2854                           ;Main.c: 97:         TxTL = 0x01;
  2855     035B  3001               	movlw	1
  2856     035C  00B9               	movwf	_TxTL	;volatile
  2857                           
  2858                           ;Main.c: 98:     }
  2859     035D  2B60               	goto	l1539
  2860     035E                     l176:	
  2861                           ;Main.c: 99:     else {
  2862                           
  2863                           
  2864                           ;Main.c: 100:         TxTL = 0xFF;
  2865     035E  30FF               	movlw	255
  2866     035F  00B9               	movwf	_TxTL	;volatile
  2867     0360                     l1539:
  2868                           
  2869                           ;Main.c: 102:     if (byte & 0x20){
  2870     0360  1EA0               	btfss	TranslateTABXY@byte,5
  2871     0361  2B63               	goto	u1211
  2872     0362  2B64               	goto	u1210
  2873     0363                     u1211:
  2874     0363  2B66               	goto	l178
  2875     0364                     u1210:
  2876     0364                     l1541:
  2877                           
  2878                           ;Main.c: 103:         TxTR = 0x00;
  2879     0364  01B8               	clrf	_TxTR	;volatile
  2880                           
  2881                           ;Main.c: 104:     }
  2882     0365  2B68               	goto	l180
  2883     0366                     l178:	
  2884                           ;Main.c: 105:     else{
  2885                           
  2886                           
  2887                           ;Main.c: 106:         TxTR = 0xFF;
  2888     0366  30FF               	movlw	255
  2889     0367  00B8               	movwf	_TxTR	;volatile
  2890     0368                     l180:
  2891     0368  0008               	return
  2892     0369                     __end_of_TranslateTABXY:
  2893                           
  2894                           	psect	text10
  2895     03A1                     __ptext10:	
  2896 ;; *************** function _TranslateJoysticks *****************
  2897 ;; Defined at:
  2898 ;;		line 112 in file "Main.c"
  2899 ;; Parameters:    Size  Location     Type
  2900 ;;  byte            1    wreg     unsigned char 
  2901 ;; Auto vars:     Size  Location     Type
  2902 ;;  byte            1    0[BANK0 ] unsigned char 
  2903 ;; Return value:  Size  Location     Type
  2904 ;;                  1    wreg      void 
  2905 ;; Registers used:
  2906 ;;		wreg
  2907 ;; Tracked objects:
  2908 ;;		On entry : 0/0
  2909 ;;		On exit  : 0/0
  2910 ;;		Unchanged: 0/0
  2911 ;; Data sizes:     COMMON   BANK0   BANK1   BANK2   BANK3   BANK4   BANK5   BANK6   BANK7   BANK8   BANK9  BANK10  BANK1
      +1  BANK12  BANK13  BANK14  BANK15  BANK16  BANK17  BANK18  BANK19  BANK20  BANK21  BANK22  BANK23  BANK24  BANK25
  2912 ;;      Params:         0       0       0       0       0       0       0       0       0       0       0       0       
      +0       0       0       0       0       0       0       0       0       0       0       0       0       0       0
  2913 ;;      Locals:         0       1       0       0       0       0       0       0       0       0       0       0       
      +0       0       0       0       0       0       0       0       0       0       0       0       0       0       0
  2914 ;;      Temps:          0       0       0       0       0       0       0       0       0       0       0       0       
      +0       0       0       0       0       0       0       0       0       0       0       0       0       0       0
  2915 ;;      Totals:         0       1       0       0       0       0       0       0       0       0       0       0       
      +0       0       0       0       0       0       0       0       0       0       0       0       0       0       0
  2916 ;;Total ram usage:        1 bytes
  2917 ;; Hardware stack levels used: 1
  2918 ;; Hardware stack levels required when called: 2
  2919 ;; This function calls:
  2920 ;;		Nothing
  2921 ;; This function is called by:
  2922 ;;		_main
  2923 ;; This function uses a non-reentrant model
  2924 ;;
  2925                           
  2926     03A1                     _TranslateJoysticks:	
  2927                           ;psect for function _TranslateJoysticks
  2928                           
  2929                           
  2930                           ;incstack = 0
  2931                           ; Regs used in _TranslateJoysticks: [wreg]
  2932                           ;TranslateJoysticks@byte stored from wreg
  2933     03A1  0020               	movlb	0	; select bank0
  2934     03A2  00A0               	movwf	TranslateJoysticks@byte
  2935     03A3                     l1543:
  2936                           
  2937                           ;Main.c: 114:     if (byte & 0x01){
  2938     03A3  1C20               	btfss	TranslateJoysticks@byte,0
  2939     03A4  2BA6               	goto	u1221
  2940     03A5  2BA7               	goto	u1220
  2941     03A6                     u1221:
  2942     03A6  2BAA               	goto	l183
  2943     03A7                     u1220:
  2944     03A7                     l1545:
  2945                           
  2946                           ;Main.c: 115:         TxJ = 0x03;
  2947     03A7  3003               	movlw	3
  2948     03A8  00B4               	movwf	_TxJ	;volatile
  2949                           
  2950                           ;Main.c: 116:     }
  2951     03A9  2BAC               	goto	l185
  2952     03AA                     l183:	
  2953                           ;Main.c: 117:     else{
  2954                           
  2955                           
  2956                           ;Main.c: 118:         TxJ = 0xFF;
  2957     03AA  30FF               	movlw	255
  2958     03AB  00B4               	movwf	_TxJ	;volatile
  2959     03AC                     l185:
  2960     03AC  0008               	return
  2961     03AD                     __end_of_TranslateJoysticks:
  2962                           
  2963                           	psect	text11
  2964     03C5                     __ptext11:	
  2965 ;; *************** function _InitUART *****************
  2966 ;; Defined at:
  2967 ;;		line 46 in file "Inits.c"
  2968 ;; Parameters:    Size  Location     Type
  2969 ;;		None
  2970 ;; Auto vars:     Size  Location     Type
  2971 ;;		None
  2972 ;; Return value:  Size  Location     Type
  2973 ;;                  1    wreg      void 
  2974 ;; Registers used:
  2975 ;;		status,2
  2976 ;; Tracked objects:
  2977 ;;		On entry : 0/0
  2978 ;;		On exit  : 0/0
  2979 ;;		Unchanged: 0/0
  2980 ;; Data sizes:     COMMON   BANK0   BANK1   BANK2   BANK3   BANK4   BANK5   BANK6   BANK7   BANK8   BANK9  BANK10  BANK1
      +1  BANK12  BANK13  BANK14  BANK15  BANK16  BANK17  BANK18  BANK19  BANK20  BANK21  BANK22  BANK23  BANK24  BANK25
  2981 ;;      Params:         0       0       0       0       0       0       0       0       0       0       0       0       
      +0       0       0       0       0       0       0       0       0       0       0       0       0       0       0
  2982 ;;      Locals:         0       0       0       0       0       0       0       0       0       0       0       0       
      +0       0       0       0       0       0       0       0       0       0       0       0       0       0       0
  2983 ;;      Temps:          0       0       0       0       0       0       0       0       0       0       0       0       
      +0       0       0       0       0       0       0       0       0       0       0       0       0       0       0
  2984 ;;      Totals:         0       0       0       0       0       0       0       0       0       0       0       0       
      +0       0       0       0       0       0       0       0       0       0       0       0       0       0       0
  2985 ;;Total ram usage:        0 bytes
  2986 ;; Hardware stack levels used: 1
  2987 ;; Hardware stack levels required when called: 2
  2988 ;; This function calls:
  2989 ;;		Nothing
  2990 ;; This function is called by:
  2991 ;;		_main
  2992 ;; This function uses a non-reentrant model
  2993 ;;
  2994                           
  2995     03C5                     _InitUART:	
  2996                           ;psect for function _InitUART
  2997                           
  2998     03C5                     l1231:	
  2999                           ;incstack = 0
  3000                           ; Regs used in _InitUART: [status,2]
  3001                           
  3002                           
  3003                           ;Inits.c: 47:     TX1STA = 0x24;
  3004     03C5  3024               	movlw	36
  3005     03C6  0023               	movlb	3	; select bank3
  3006     03C7  009E               	movwf	30	;volatile
  3007                           
  3008                           ;Inits.c: 48:     RC1STA = 0x80;
  3009     03C8  3080               	movlw	128
  3010     03C9  009D               	movwf	29	;volatile
  3011                           
  3012                           ;Inits.c: 49:     BAUD1CON = 0x04;
  3013     03CA  3004               	movlw	4
  3014     03CB  009F               	movwf	31	;volatile
  3015                           
  3016                           ;Inits.c: 50:     SP1BRGL = 0x8A;
  3017     03CC  308A               	movlw	138
  3018     03CD  009B               	movwf	27	;volatile
  3019     03CE                     l1233:
  3020                           
  3021                           ;Inits.c: 51:     SP1BRGH = 0x00;
  3022     03CE  019C               	clrf	28	;volatile
  3023     03CF                     l85:
  3024     03CF  0008               	return
  3025     03D0                     __end_of_InitUART:
  3026                           
  3027                           	psect	text12
  3028     03D0                     __ptext12:	
  3029 ;; *************** function _InitPORTC *****************
  3030 ;; Defined at:
  3031 ;;		line 39 in file "Inits.c"
  3032 ;; Parameters:    Size  Location     Type
  3033 ;;		None
  3034 ;; Auto vars:     Size  Location     Type
  3035 ;;		None
  3036 ;; Return value:  Size  Location     Type
  3037 ;;                  1    wreg      void 
  3038 ;; Registers used:
  3039 ;;		status,2
  3040 ;; Tracked objects:
  3041 ;;		On entry : 0/0
  3042 ;;		On exit  : 0/0
  3043 ;;		Unchanged: 0/0
  3044 ;; Data sizes:     COMMON   BANK0   BANK1   BANK2   BANK3   BANK4   BANK5   BANK6   BANK7   BANK8   BANK9  BANK10  BANK1
      +1  BANK12  BANK13  BANK14  BANK15  BANK16  BANK17  BANK18  BANK19  BANK20  BANK21  BANK22  BANK23  BANK24  BANK25
  3045 ;;      Params:         0       0       0       0       0       0       0       0       0       0       0       0       
      +0       0       0       0       0       0       0       0       0       0       0       0       0       0       0
  3046 ;;      Locals:         0       0       0       0       0       0       0       0       0       0       0       0       
      +0       0       0       0       0       0       0       0       0       0       0       0       0       0       0
  3047 ;;      Temps:          0       0       0       0       0       0       0       0       0       0       0       0       
      +0       0       0       0       0       0       0       0       0       0       0       0       0       0       0
  3048 ;;      Totals:         0       0       0       0       0       0       0       0       0       0       0       0       
      +0       0       0       0       0       0       0       0       0       0       0       0       0       0       0
  3049 ;;Total ram usage:        0 bytes
  3050 ;; Hardware stack levels used: 1
  3051 ;; Hardware stack levels required when called: 2
  3052 ;; This function calls:
  3053 ;;		Nothing
  3054 ;; This function is called by:
  3055 ;;		_main
  3056 ;; This function uses a non-reentrant model
  3057 ;;
  3058                           
  3059     03D0                     _InitPORTC:	
  3060                           ;psect for function _InitPORTC
  3061                           
  3062     03D0                     l1227:	
  3063                           ;incstack = 0
  3064                           ; Regs used in _InitPORTC: [status,2]
  3065                           
  3066                           
  3067                           ;Inits.c: 40:     TRISC = 0xBF;
  3068     03D0  30BF               	movlw	191
  3069     03D1  0021               	movlb	1	; select bank1
  3070     03D2  008E               	movwf	14	;volatile
  3071     03D3                     l1229:
  3072                           
  3073                           ;Inits.c: 41:     WPUC = 0x00;
  3074     03D3  0024               	movlb	4	; select bank4
  3075     03D4  018E               	clrf	14	;volatile
  3076                           
  3077                           ;Inits.c: 42:     SLRCONC = 0x00;
  3078     03D5  0026               	movlb	6	; select bank6
  3079     03D6  018E               	clrf	14	;volatile
  3080                           
  3081                           ;Inits.c: 43:     INLVLC = 0x00;
  3082     03D7  0027               	movlb	7	; select bank7
  3083     03D8  018E               	clrf	14	;volatile
  3084     03D9                     l82:
  3085     03D9  0008               	return
  3086     03DA                     __end_of_InitPORTC:
  3087                           
  3088                           	psect	text13
  3089     03AD                     __ptext13:	
  3090 ;; *************** function _InitPORTB *****************
  3091 ;; Defined at:
  3092 ;;		line 31 in file "Inits.c"
  3093 ;; Parameters:    Size  Location     Type
  3094 ;;		None
  3095 ;; Auto vars:     Size  Location     Type
  3096 ;;		None
  3097 ;; Return value:  Size  Location     Type
  3098 ;;                  1    wreg      void 
  3099 ;; Registers used:
  3100 ;;		status,2
  3101 ;; Tracked objects:
  3102 ;;		On entry : 0/0
  3103 ;;		On exit  : 0/0
  3104 ;;		Unchanged: 0/0
  3105 ;; Data sizes:     COMMON   BANK0   BANK1   BANK2   BANK3   BANK4   BANK5   BANK6   BANK7   BANK8   BANK9  BANK10  BANK1
      +1  BANK12  BANK13  BANK14  BANK15  BANK16  BANK17  BANK18  BANK19  BANK20  BANK21  BANK22  BANK23  BANK24  BANK25
  3106 ;;      Params:         0       0       0       0       0       0       0       0       0       0       0       0       
      +0       0       0       0       0       0       0       0       0       0       0       0       0       0       0
  3107 ;;      Locals:         0       0       0       0       0       0       0       0       0       0       0       0       
      +0       0       0       0       0       0       0       0       0       0       0       0       0       0       0
  3108 ;;      Temps:          0       0       0       0       0       0       0       0       0       0       0       0       
      +0       0       0       0       0       0       0       0       0       0       0       0       0       0       0
  3109 ;;      Totals:         0       0       0       0       0       0       0       0       0       0       0       0       
      +0       0       0       0       0       0       0       0       0       0       0       0       0       0       0
  3110 ;;Total ram usage:        0 bytes
  3111 ;; Hardware stack levels used: 1
  3112 ;; Hardware stack levels required when called: 2
  3113 ;; This function calls:
  3114 ;;		Nothing
  3115 ;; This function is called by:
  3116 ;;		_main
  3117 ;; This function uses a non-reentrant model
  3118 ;;
  3119                           
  3120     03AD                     _InitPORTB:	
  3121                           ;psect for function _InitPORTB
  3122                           
  3123     03AD                     l1223:	
  3124                           ;incstack = 0
  3125                           ; Regs used in _InitPORTB: [status,2]
  3126                           
  3127                           
  3128                           ;Inits.c: 32:     TRISB = 0x3F;
  3129     03AD  303F               	movlw	63
  3130     03AE  0021               	movlb	1	; select bank1
  3131     03AF  008D               	movwf	13	;volatile
  3132     03B0                     l1225:
  3133                           
  3134                           ;Inits.c: 33:     ANSELB = 0x00;
  3135     03B0  0023               	movlb	3	; select bank3
  3136     03B1  018D               	clrf	13	;volatile
  3137                           
  3138                           ;Inits.c: 34:     WPUB = 0x00;
  3139     03B2  0024               	movlb	4	; select bank4
  3140     03B3  018D               	clrf	13	;volatile
  3141                           
  3142                           ;Inits.c: 35:     SLRCONB = 0x00;
  3143     03B4  0026               	movlb	6	; select bank6
  3144     03B5  018D               	clrf	13	;volatile
  3145                           
  3146                           ;Inits.c: 36:     INLVLB = 0x00;
  3147     03B6  0027               	movlb	7	; select bank7
  3148     03B7  018D               	clrf	13	;volatile
  3149     03B8                     l79:
  3150     03B8  0008               	return
  3151     03B9                     __end_of_InitPORTB:
  3152                           
  3153                           	psect	text14
  3154     03B9                     __ptext14:	
  3155 ;; *************** function _InitPORTA *****************
  3156 ;; Defined at:
  3157 ;;		line 23 in file "Inits.c"
  3158 ;; Parameters:    Size  Location     Type
  3159 ;;		None
  3160 ;; Auto vars:     Size  Location     Type
  3161 ;;		None
  3162 ;; Return value:  Size  Location     Type
  3163 ;;                  1    wreg      void 
  3164 ;; Registers used:
  3165 ;;		status,2
  3166 ;; Tracked objects:
  3167 ;;		On entry : 0/0
  3168 ;;		On exit  : 0/0
  3169 ;;		Unchanged: 0/0
  3170 ;; Data sizes:     COMMON   BANK0   BANK1   BANK2   BANK3   BANK4   BANK5   BANK6   BANK7   BANK8   BANK9  BANK10  BANK1
      +1  BANK12  BANK13  BANK14  BANK15  BANK16  BANK17  BANK18  BANK19  BANK20  BANK21  BANK22  BANK23  BANK24  BANK25
  3171 ;;      Params:         0       0       0       0       0       0       0       0       0       0       0       0       
      +0       0       0       0       0       0       0       0       0       0       0       0       0       0       0
  3172 ;;      Locals:         0       0       0       0       0       0       0       0       0       0       0       0       
      +0       0       0       0       0       0       0       0       0       0       0       0       0       0       0
  3173 ;;      Temps:          0       0       0       0       0       0       0       0       0       0       0       0       
      +0       0       0       0       0       0       0       0       0       0       0       0       0       0       0
  3174 ;;      Totals:         0       0       0       0       0       0       0       0       0       0       0       0       
      +0       0       0       0       0       0       0       0       0       0       0       0       0       0       0
  3175 ;;Total ram usage:        0 bytes
  3176 ;; Hardware stack levels used: 1
  3177 ;; Hardware stack levels required when called: 2
  3178 ;; This function calls:
  3179 ;;		Nothing
  3180 ;; This function is called by:
  3181 ;;		_main
  3182 ;; This function uses a non-reentrant model
  3183 ;;
  3184                           
  3185     03B9                     _InitPORTA:	
  3186                           ;psect for function _InitPORTA
  3187                           
  3188     03B9                     l1219:	
  3189                           ;incstack = 0
  3190                           ; Regs used in _InitPORTA: [status,2]
  3191                           
  3192                           
  3193                           ;Inits.c: 24:     TRISA = 0xFF;
  3194     03B9  30FF               	movlw	255
  3195     03BA  0021               	movlb	1	; select bank1
  3196     03BB  008C               	movwf	12	;volatile
  3197     03BC                     l1221:
  3198                           
  3199                           ;Inits.c: 25:     ANSELA = 0x00;
  3200     03BC  0023               	movlb	3	; select bank3
  3201     03BD  018C               	clrf	12	;volatile
  3202                           
  3203                           ;Inits.c: 26:     WPUA = 0x00;
  3204     03BE  0024               	movlb	4	; select bank4
  3205     03BF  018C               	clrf	12	;volatile
  3206                           
  3207                           ;Inits.c: 27:     SLRCONA = 0x00;
  3208     03C0  0026               	movlb	6	; select bank6
  3209     03C1  018C               	clrf	12	;volatile
  3210                           
  3211                           ;Inits.c: 28:     INLVLA = 0x00;
  3212     03C2  0027               	movlb	7	; select bank7
  3213     03C3  018C               	clrf	12	;volatile
  3214     03C4                     l76:
  3215     03C4  0008               	return
  3216     03C5                     __end_of_InitPORTA:
  3217                           
  3218                           	psect	text15
  3219     03FA                     __ptext15:	
  3220 ;; *************** function _InitPIN *****************
  3221 ;; Defined at:
  3222 ;;		line 17 in file "Inits.c"
  3223 ;; Parameters:    Size  Location     Type
  3224 ;;		None
  3225 ;; Auto vars:     Size  Location     Type
  3226 ;;		None
  3227 ;; Return value:  Size  Location     Type
  3228 ;;                  1    wreg      void 
  3229 ;; Registers used:
  3230 ;;		status,2
  3231 ;; Tracked objects:
  3232 ;;		On entry : 0/0
  3233 ;;		On exit  : 0/0
  3234 ;;		Unchanged: 0/0
  3235 ;; Data sizes:     COMMON   BANK0   BANK1   BANK2   BANK3   BANK4   BANK5   BANK6   BANK7   BANK8   BANK9  BANK10  BANK1
      +1  BANK12  BANK13  BANK14  BANK15  BANK16  BANK17  BANK18  BANK19  BANK20  BANK21  BANK22  BANK23  BANK24  BANK25
  3236 ;;      Params:         0       0       0       0       0       0       0       0       0       0       0       0       
      +0       0       0       0       0       0       0       0       0       0       0       0       0       0       0
  3237 ;;      Locals:         0       0       0       0       0       0       0       0       0       0       0       0       
      +0       0       0       0       0       0       0       0       0       0       0       0       0       0       0
  3238 ;;      Temps:          0       0       0       0       0       0       0       0       0       0       0       0       
      +0       0       0       0       0       0       0       0       0       0       0       0       0       0       0
  3239 ;;      Totals:         0       0       0       0       0       0       0       0       0       0       0       0       
      +0       0       0       0       0       0       0       0       0       0       0       0       0       0       0
  3240 ;;Total ram usage:        0 bytes
  3241 ;; Hardware stack levels used: 1
  3242 ;; Hardware stack levels required when called: 2
  3243 ;; This function calls:
  3244 ;;		Nothing
  3245 ;; This function is called by:
  3246 ;;		_main
  3247 ;; This function uses a non-reentrant model
  3248 ;;
  3249                           
  3250     03FA                     _InitPIN:	
  3251                           ;psect for function _InitPIN
  3252                           
  3253     03FA                     l1217:	
  3254                           ;incstack = 0
  3255                           ; Regs used in _InitPIN: [status,2]
  3256                           
  3257                           
  3258                           ;Inits.c: 19:     APFCON1 = 0x00;
  3259     03FA  0022               	movlb	2	; select bank2
  3260     03FB  019D               	clrf	29	;volatile
  3261                           
  3262                           ;Inits.c: 20:     APFCON2 = 0x00;
  3263     03FC  019C               	clrf	28	;volatile
  3264     03FD                     l73:
  3265     03FD  0008               	return
  3266     03FE                     __end_of_InitPIN:
  3267                           
  3268                           	psect	text16
  3269     03F4                     __ptext16:	
  3270 ;; *************** function _InitOsc *****************
  3271 ;; Defined at:
  3272 ;;		line 8 in file "Inits.c"
  3273 ;; Parameters:    Size  Location     Type
  3274 ;;		None
  3275 ;; Auto vars:     Size  Location     Type
  3276 ;;		None
  3277 ;; Return value:  Size  Location     Type
  3278 ;;                  1    wreg      void 
  3279 ;; Registers used:
  3280 ;;		status,2
  3281 ;; Tracked objects:
  3282 ;;		On entry : 0/0
  3283 ;;		On exit  : 0/0
  3284 ;;		Unchanged: 0/0
  3285 ;; Data sizes:     COMMON   BANK0   BANK1   BANK2   BANK3   BANK4   BANK5   BANK6   BANK7   BANK8   BANK9  BANK10  BANK1
      +1  BANK12  BANK13  BANK14  BANK15  BANK16  BANK17  BANK18  BANK19  BANK20  BANK21  BANK22  BANK23  BANK24  BANK25
  3286 ;;      Params:         0       0       0       0       0       0       0       0       0       0       0       0       
      +0       0       0       0       0       0       0       0       0       0       0       0       0       0       0
  3287 ;;      Locals:         0       0       0       0       0       0       0       0       0       0       0       0       
      +0       0       0       0       0       0       0       0       0       0       0       0       0       0       0
  3288 ;;      Temps:          0       0       0       0       0       0       0       0       0       0       0       0       
      +0       0       0       0       0       0       0       0       0       0       0       0       0       0       0
  3289 ;;      Totals:         0       0       0       0       0       0       0       0       0       0       0       0       
      +0       0       0       0       0       0       0       0       0       0       0       0       0       0       0
  3290 ;;Total ram usage:        0 bytes
  3291 ;; Hardware stack levels used: 1
  3292 ;; Hardware stack levels required when called: 2
  3293 ;; This function calls:
  3294 ;;		Nothing
  3295 ;; This function is called by:
  3296 ;;		_main
  3297 ;; This function uses a non-reentrant model
  3298 ;;
  3299                           
  3300     03F4                     _InitOsc:	
  3301                           ;psect for function _InitOsc
  3302                           
  3303     03F4                     l1211:	
  3304                           ;incstack = 0
  3305                           ; Regs used in _InitOsc: [status,2]
  3306                           
  3307                           
  3308                           ;Inits.c: 9:     OSCCON = 0XF8;
  3309     03F4  30F8               	movlw	248
  3310     03F5  0021               	movlb	1	; select bank1
  3311     03F6  0099               	movwf	25	;volatile
  3312     03F7                     l1213:
  3313                           
  3314                           ;Inits.c: 10:     CLKRCON = 0X00;
  3315     03F7  002A               	movlb	10	; select bank10
  3316     03F8  019A               	clrf	26	;volatile
  3317     03F9                     l67:
  3318     03F9  0008               	return
  3319     03FA                     __end_of_InitOsc:
  3320                           
  3321                           	psect	text17
  3322     03FE                     __ptext17:	
  3323 ;; *************** function _InitOpt *****************
  3324 ;; Defined at:
  3325 ;;		line 13 in file "Inits.c"
  3326 ;; Parameters:    Size  Location     Type
  3327 ;;		None
  3328 ;; Auto vars:     Size  Location     Type
  3329 ;;		None
  3330 ;; Return value:  Size  Location     Type
  3331 ;;                  1    wreg      void 
  3332 ;; Registers used:
  3333 ;;		status,2
  3334 ;; Tracked objects:
  3335 ;;		On entry : 0/0
  3336 ;;		On exit  : 0/0
  3337 ;;		Unchanged: 0/0
  3338 ;; Data sizes:     COMMON   BANK0   BANK1   BANK2   BANK3   BANK4   BANK5   BANK6   BANK7   BANK8   BANK9  BANK10  BANK1
      +1  BANK12  BANK13  BANK14  BANK15  BANK16  BANK17  BANK18  BANK19  BANK20  BANK21  BANK22  BANK23  BANK24  BANK25
  3339 ;;      Params:         0       0       0       0       0       0       0       0       0       0       0       0       
      +0       0       0       0       0       0       0       0       0       0       0       0       0       0       0
  3340 ;;      Locals:         0       0       0       0       0       0       0       0       0       0       0       0       
      +0       0       0       0       0       0       0       0       0       0       0       0       0       0       0
  3341 ;;      Temps:          0       0       0       0       0       0       0       0       0       0       0       0       
      +0       0       0       0       0       0       0       0       0       0       0       0       0       0       0
  3342 ;;      Totals:         0       0       0       0       0       0       0       0       0       0       0       0       
      +0       0       0       0       0       0       0       0       0       0       0       0       0       0       0
  3343 ;;Total ram usage:        0 bytes
  3344 ;; Hardware stack levels used: 1
  3345 ;; Hardware stack levels required when called: 2
  3346 ;; This function calls:
  3347 ;;		Nothing
  3348 ;; This function is called by:
  3349 ;;		_main
  3350 ;; This function uses a non-reentrant model
  3351 ;;
  3352                           
  3353     03FE                     _InitOpt:	
  3354                           ;psect for function _InitOpt
  3355                           
  3356     03FE                     l1215:	
  3357                           ;incstack = 0
  3358                           ; Regs used in _InitOpt: [status,2]
  3359                           
  3360                           
  3361                           ;Inits.c: 14:     OPTION_REG = 0x00;
  3362     03FE  0021               	movlb	1	; select bank1
  3363     03FF  0195               	clrf	21	;volatile
  3364     0400                     l70:
  3365     0400  0008               	return
  3366     0401                     __end_of_InitOpt:
  3367                           
  3368                           	psect	text18
  3369     03EC                     __ptext18:	
  3370 ;; *************** function _InitISR *****************
  3371 ;; Defined at:
  3372 ;;		line 61 in file "Inits.c"
  3373 ;; Parameters:    Size  Location     Type
  3374 ;;		None
  3375 ;; Auto vars:     Size  Location     Type
  3376 ;;		None
  3377 ;; Return value:  Size  Location     Type
  3378 ;;                  1    wreg      void 
  3379 ;; Registers used:
  3380 ;;		status,2
  3381 ;; Tracked objects:
  3382 ;;		On entry : 0/0
  3383 ;;		On exit  : 0/0
  3384 ;;		Unchanged: 0/0
  3385 ;; Data sizes:     COMMON   BANK0   BANK1   BANK2   BANK3   BANK4   BANK5   BANK6   BANK7   BANK8   BANK9  BANK10  BANK1
      +1  BANK12  BANK13  BANK14  BANK15  BANK16  BANK17  BANK18  BANK19  BANK20  BANK21  BANK22  BANK23  BANK24  BANK25
  3386 ;;      Params:         0       0       0       0       0       0       0       0       0       0       0       0       
      +0       0       0       0       0       0       0       0       0       0       0       0       0       0       0
  3387 ;;      Locals:         0       0       0       0       0       0       0       0       0       0       0       0       
      +0       0       0       0       0       0       0       0       0       0       0       0       0       0       0
  3388 ;;      Temps:          0       0       0       0       0       0       0       0       0       0       0       0       
      +0       0       0       0       0       0       0       0       0       0       0       0       0       0       0
  3389 ;;      Totals:         0       0       0       0       0       0       0       0       0       0       0       0       
      +0       0       0       0       0       0       0       0       0       0       0       0       0       0       0
  3390 ;;Total ram usage:        0 bytes
  3391 ;; Hardware stack levels used: 1
  3392 ;; Hardware stack levels required when called: 2
  3393 ;; This function calls:
  3394 ;;		Nothing
  3395 ;; This function is called by:
  3396 ;;		_main
  3397 ;; This function uses a non-reentrant model
  3398 ;;
  3399                           
  3400     03EC                     _InitISR:	
  3401                           ;psect for function _InitISR
  3402                           
  3403     03EC                     l1241:	
  3404                           ;incstack = 0
  3405                           ; Regs used in _InitISR: [status,2]
  3406                           
  3407                           
  3408                           ;Inits.c: 62:     INTCON = 0x40;
  3409     03EC  3040               	movlw	64
  3410     03ED  008B               	movwf	11	;volatile
  3411                           
  3412                           ;Inits.c: 63:     PIE1 = 0x08;
  3413     03EE  3008               	movlw	8
  3414     03EF  0021               	movlb	1	; select bank1
  3415     03F0  0091               	movwf	17	;volatile
  3416     03F1                     l1243:
  3417                           
  3418                           ;Inits.c: 64:     PIE2 = 0x00;
  3419     03F1  0192               	clrf	18	;volatile
  3420                           
  3421                           ;Inits.c: 65:     PIE3 = 0x00;
  3422     03F2  0193               	clrf	19	;volatile
  3423     03F3                     l91:
  3424     03F3  0008               	return
  3425     03F4                     __end_of_InitISR:
  3426                           
  3427                           	psect	text19
  3428     03E3                     __ptext19:	
  3429 ;; *************** function _InitI2C *****************
  3430 ;; Defined at:
  3431 ;;		line 54 in file "Inits.c"
  3432 ;; Parameters:    Size  Location     Type
  3433 ;;		None
  3434 ;; Auto vars:     Size  Location     Type
  3435 ;;		None
  3436 ;; Return value:  Size  Location     Type
  3437 ;;                  1    wreg      void 
  3438 ;; Registers used:
  3439 ;;		status,2
  3440 ;; Tracked objects:
  3441 ;;		On entry : 0/0
  3442 ;;		On exit  : 0/0
  3443 ;;		Unchanged: 0/0
  3444 ;; Data sizes:     COMMON   BANK0   BANK1   BANK2   BANK3   BANK4   BANK5   BANK6   BANK7   BANK8   BANK9  BANK10  BANK1
      +1  BANK12  BANK13  BANK14  BANK15  BANK16  BANK17  BANK18  BANK19  BANK20  BANK21  BANK22  BANK23  BANK24  BANK25
  3445 ;;      Params:         0       0       0       0       0       0       0       0       0       0       0       0       
      +0       0       0       0       0       0       0       0       0       0       0       0       0       0       0
  3446 ;;      Locals:         0       0       0       0       0       0       0       0       0       0       0       0       
      +0       0       0       0       0       0       0       0       0       0       0       0       0       0       0
  3447 ;;      Temps:          0       0       0       0       0       0       0       0       0       0       0       0       
      +0       0       0       0       0       0       0       0       0       0       0       0       0       0       0
  3448 ;;      Totals:         0       0       0       0       0       0       0       0       0       0       0       0       
      +0       0       0       0       0       0       0       0       0       0       0       0       0       0       0
  3449 ;;Total ram usage:        0 bytes
  3450 ;; Hardware stack levels used: 1
  3451 ;; Hardware stack levels required when called: 2
  3452 ;; This function calls:
  3453 ;;		Nothing
  3454 ;; This function is called by:
  3455 ;;		_main
  3456 ;; This function uses a non-reentrant model
  3457 ;;
  3458                           
  3459     03E3                     _InitI2C:	
  3460                           ;psect for function _InitI2C
  3461                           
  3462     03E3                     l1235:	
  3463                           ;incstack = 0
  3464                           ; Regs used in _InitI2C: [status,2]
  3465                           
  3466                           
  3467                           ;Inits.c: 55:     SSP1STAT = 0x80;
  3468     03E3  3080               	movlw	128
  3469     03E4  0024               	movlb	4	; select bank4
  3470     03E5  0094               	movwf	20	;volatile
  3471                           
  3472                           ;Inits.c: 56:     SSP1CON1 = 0x26;
  3473     03E6  3026               	movlw	38
  3474     03E7  0095               	movwf	21	;volatile
  3475     03E8                     l1237:
  3476                           
  3477                           ;Inits.c: 57:     SSP1CON2 = 0x00;
  3478     03E8  0196               	clrf	22	;volatile
  3479     03E9                     l1239:
  3480                           
  3481                           ;Inits.c: 58:     SSP1ADD = 0x22 << 1;
  3482     03E9  3044               	movlw	68
  3483     03EA  0092               	movwf	18	;volatile
  3484     03EB                     l88:
  3485     03EB  0008               	return
  3486     03EC                     __end_of_InitI2C:
  3487                           
  3488                           	psect	intentry
  3489     0004                     __pintentry:	
  3490 ;; *************** function _ISR *****************
  3491 ;; Defined at:
  3492 ;;		line 242 in file "Main.c"
  3493 ;; Parameters:    Size  Location     Type
  3494 ;;		None
  3495 ;; Auto vars:     Size  Location     Type
  3496 ;;		None
  3497 ;; Return value:  Size  Location     Type
  3498 ;;                  1    wreg      void 
  3499 ;; Registers used:
  3500 ;;		wreg, status,2, status,0, pclath, cstack
  3501 ;; Tracked objects:
  3502 ;;		On entry : 0/0
  3503 ;;		On exit  : 0/0
  3504 ;;		Unchanged: 0/0
  3505 ;; Data sizes:     COMMON   BANK0   BANK1   BANK2   BANK3   BANK4   BANK5   BANK6   BANK7   BANK8   BANK9  BANK10  BANK1
      +1  BANK12  BANK13  BANK14  BANK15  BANK16  BANK17  BANK18  BANK19  BANK20  BANK21  BANK22  BANK23  BANK24  BANK25
  3506 ;;      Params:         0       0       0       0       0       0       0       0       0       0       0       0       
      +0       0       0       0       0       0       0       0       0       0       0       0       0       0       0
  3507 ;;      Locals:         0       0       0       0       0       0       0       0       0       0       0       0       
      +0       0       0       0       0       0       0       0       0       0       0       0       0       0       0
  3508 ;;      Temps:          0       0       0       0       0       0       0       0       0       0       0       0       
      +0       0       0       0       0       0       0       0       0       0       0       0       0       0       0
  3509 ;;      Totals:         0       0       0       0       0       0       0       0       0       0       0       0       
      +0       0       0       0       0       0       0       0       0       0       0       0       0       0       0
  3510 ;;Total ram usage:        0 bytes
  3511 ;; Hardware stack levels used: 1
  3512 ;; Hardware stack levels required when called: 1
  3513 ;; This function calls:
  3514 ;;		___awmod
  3515 ;; This function is called by:
  3516 ;;		Interrupt level 1
  3517 ;; This function uses a non-reentrant model
  3518 ;;
  3519                           
  3520     0004                     _ISR:
  3521                           
  3522                           ;incstack = 0
  3523     0004  147E               	bsf	int$flags,0	;set compiler interrupt flag (level 1)
  3524                           
  3525                           ; Regs used in _ISR: [wreg+status,2+status,0+pclath+cstack]
  3526     0005  3180               	pagesel	$
  3527     0006  3000               	movlw	low ___int_sp
  3528     0007  0086               	movwf	6
  3529     0008  3000               	movlw	high ___int_sp
  3530     0009  0087               	movwf	7
  3531     000A                     i1l1399:
  3532                           
  3533                           ;Main.c: 244:     if (PIR1bits.SSP1IF){
  3534     000A  0020               	movlb	0	; select bank0
  3535     000B  1D91               	btfss	17,3	;volatile
  3536     000C  280E               	goto	u99_21
  3537     000D  280F               	goto	u99_20
  3538     000E                     u99_21:
  3539     000E  285E               	goto	i1l1435
  3540     000F                     u99_20:
  3541     000F                     i1l1401:
  3542                           
  3543                           ;Main.c: 246:         if (SSP1CON1bits.SSPOV || SSP1CON1bits.WCOL){
  3544     000F  0024               	movlb	4	; select bank4
  3545     0010  1B15               	btfsc	21,6	;volatile
  3546     0011  2813               	goto	u100_21
  3547     0012  2814               	goto	u100_20
  3548     0013                     u100_21:
  3549     0013  2818               	goto	i1l255
  3550     0014                     u100_20:
  3551     0014                     i1l1403:
  3552     0014  1F95               	btfss	21,7	;volatile
  3553     0015  2817               	goto	u101_21
  3554     0016  2818               	goto	u101_20
  3555     0017                     u101_21:
  3556     0017  281D               	goto	i1l253
  3557     0018                     u101_20:
  3558     0018                     i1l255:
  3559                           
  3560                           ;Main.c: 247:             SSP1CON1bits.SSPOV = 0;
  3561     0018  1315               	bcf	21,6	;volatile
  3562                           
  3563                           ;Main.c: 248:             SSP1CON1bits.WCOL = 0;
  3564     0019  1395               	bcf	21,7	;volatile
  3565     001A                     i1l1405:
  3566                           
  3567                           ;Main.c: 249:             (void)SSP1BUF;
  3568     001A  0811               	movf	17,w	;volatile
  3569     001B                     i1l1407:
  3570                           
  3571                           ;Main.c: 250:             j = 0;
  3572     001B  01F0               	clrf	_j	;volatile
  3573                           
  3574                           ;Main.c: 251:         }
  3575     001C  285E               	goto	i1l1435
  3576     001D                     i1l253:	
  3577                           ;Main.c: 253:         else if (SSP1STATbits.R_nW == 0){
  3578                           
  3579     001D  1914               	btfsc	20,2	;volatile
  3580     001E  2820               	goto	u102_21
  3581     001F  2821               	goto	u102_20
  3582     0020                     u102_21:
  3583     0020  285D               	goto	i1l1433
  3584     0021                     u102_20:
  3585     0021                     i1l1409:
  3586                           
  3587                           ;Main.c: 254:             if (j == 0){
  3588     0021  0870               	movf	_j,w	;volatile
  3589     0022  1D03               	btfss	3,2
  3590     0023  2825               	goto	u103_21
  3591     0024  2826               	goto	u103_20
  3592     0025                     u103_21:
  3593     0025  2828               	goto	i1l1413
  3594     0026                     u103_20:
  3595     0026                     i1l1411:
  3596                           
  3597                           ;Main.c: 255:                 (void)SSP1BUF;
  3598     0026  0811               	movf	17,w	;volatile
  3599                           
  3600                           ;Main.c: 256:             }
  3601     0027  284C               	goto	i1l1431
  3602     0028                     i1l1413:
  3603     0028  0370               	decf	_j,w	;volatile
  3604     0029  1D03               	btfss	3,2
  3605     002A  282C               	goto	u104_21
  3606     002B  282D               	goto	u104_20
  3607     002C                     u104_21:
  3608     002C  2830               	goto	i1l1417
  3609     002D                     u104_20:
  3610     002D                     i1l1415:
  3611                           
  3612                           ;Main.c: 258:                 Y_Byte = SSP1BUF;
  3613     002D  0811               	movf	17,w	;volatile
  3614     002E  00F3               	movwf	_Y_Byte	;volatile
  3615                           
  3616                           ;Main.c: 259:             }
  3617     002F  284C               	goto	i1l1431
  3618     0030                     i1l1417:
  3619     0030  3002               	movlw	2
  3620     0031  0670               	xorwf	_j,w	;volatile
  3621     0032  1D03               	btfss	3,2
  3622     0033  2835               	goto	u105_21
  3623     0034  2836               	goto	u105_20
  3624     0035                     u105_21:
  3625     0035  2839               	goto	i1l1421
  3626     0036                     u105_20:
  3627     0036                     i1l1419:
  3628                           
  3629                           ;Main.c: 261:                 X_Byte = SSP1BUF;
  3630     0036  0811               	movf	17,w	;volatile
  3631     0037  00F4               	movwf	_X_Byte	;volatile
  3632                           
  3633                           ;Main.c: 262:             }
  3634     0038  284C               	goto	i1l1431
  3635     0039                     i1l1421:
  3636     0039  3003               	movlw	3
  3637     003A  0670               	xorwf	_j,w	;volatile
  3638     003B  1D03               	btfss	3,2
  3639     003C  283E               	goto	u106_21
  3640     003D  283F               	goto	u106_20
  3641     003E                     u106_21:
  3642     003E  2842               	goto	i1l1425
  3643     003F                     u106_20:
  3644     003F                     i1l1423:
  3645                           
  3646                           ;Main.c: 264:                 TsABXY = SSP1BUF;
  3647     003F  0811               	movf	17,w	;volatile
  3648     0040  00F2               	movwf	_TsABXY	;volatile
  3649                           
  3650                           ;Main.c: 265:             }
  3651     0041  284C               	goto	i1l1431
  3652     0042                     i1l1425:
  3653     0042  3004               	movlw	4
  3654     0043  0670               	xorwf	_j,w	;volatile
  3655     0044  1D03               	btfss	3,2
  3656     0045  2847               	goto	u107_21
  3657     0046  2848               	goto	u107_20
  3658     0047                     u107_21:
  3659     0047  284C               	goto	i1l1431
  3660     0048                     u107_20:
  3661     0048                     i1l1427:
  3662                           
  3663                           ;Main.c: 267:                 JButtons = SSP1BUF;
  3664     0048  0811               	movf	17,w	;volatile
  3665     0049  00F1               	movwf	_JButtons	;volatile
  3666     004A                     i1l1429:
  3667                           
  3668                           ;Main.c: 268:                 rx_done = 1;
  3669     004A  3001               	movlw	1
  3670     004B  00F5               	movwf	_rx_done	;volatile
  3671     004C                     i1l1431:
  3672                           
  3673                           ;Main.c: 270:             j = (j + 1) % 5;
  3674     004C  3005               	movlw	5
  3675     004D  00F6               	movwf	___awmod@divisor
  3676     004E  3000               	movlw	0
  3677     004F  00F7               	movwf	___awmod@divisor+1
  3678     0050  0870               	movf	_j,w	;volatile
  3679     0051  3E01               	addlw	1
  3680     0052  00F8               	movwf	___awmod@dividend
  3681     0053  3000               	movlw	0
  3682     0054  1803               	skipnc
  3683     0055  3001               	movlw	1
  3684     0056  00F9               	movwf	___awmod@dividend+1
  3685     0057  3181  2136  3180   	fcall	___awmod
  3686     005A  0876               	movf	?___awmod,w
  3687     005B  00F0               	movwf	_j	;volatile
  3688                           
  3689                           ;Main.c: 271:         }
  3690     005C  285E               	goto	i1l1435
  3691     005D                     i1l1433:
  3692                           
  3693                           ;Main.c: 273:             (void)SSP1BUF;
  3694     005D  0811               	movf	17,w	;volatile
  3695     005E                     i1l1435:
  3696                           
  3697                           ;Main.c: 276:     PIR1bits.SSP1IF = 0;
  3698     005E  0020               	movlb	0	; select bank0
  3699     005F  1191               	bcf	17,3	;volatile
  3700     0060                     i1l268:
  3701     0060  107E               	bcf	int$flags,0	;clear compiler interrupt flag (level 1)
  3702     0061  0009               	retfie
  3703     0062                     __end_of_ISR:
  3704                           
  3705                           	psect	text21
  3706     0136                     __ptext21:	
  3707 ;; *************** function ___awmod *****************
  3708 ;; Defined at:
  3709 ;;		line 5 in file "C:\Program Files\Microchip\xc8\v3.10\pic\sources\c99\common\awmod.c"
  3710 ;; Parameters:    Size  Location     Type
  3711 ;;  divisor         2    0[COMMON] int 
  3712 ;;  dividend        2    2[COMMON] int 
  3713 ;; Auto vars:     Size  Location     Type
  3714 ;;  sign            1    5[COMMON] unsigned char 
  3715 ;;  counter         1    4[COMMON] unsigned char 
  3716 ;; Return value:  Size  Location     Type
  3717 ;;                  2    0[COMMON] int 
  3718 ;; Registers used:
  3719 ;;		wreg, status,2, status,0
  3720 ;; Tracked objects:
  3721 ;;		On entry : 0/0
  3722 ;;		On exit  : 0/0
  3723 ;;		Unchanged: 0/0
  3724 ;; Data sizes:     COMMON   BANK0   BANK1   BANK2   BANK3   BANK4   BANK5   BANK6   BANK7   BANK8   BANK9  BANK10  BANK1
      +1  BANK12  BANK13  BANK14  BANK15  BANK16  BANK17  BANK18  BANK19  BANK20  BANK21  BANK22  BANK23  BANK24  BANK25
  3725 ;;      Params:         4       0       0       0       0       0       0       0       0       0       0       0       
      +0       0       0       0       0       0       0       0       0       0       0       0       0       0       0
  3726 ;;      Locals:         2       0       0       0       0       0       0       0       0       0       0       0       
      +0       0       0       0       0       0       0       0       0       0       0       0       0       0       0
  3727 ;;      Temps:          0       0       0       0       0       0       0       0       0       0       0       0       
      +0       0       0       0       0       0       0       0       0       0       0       0       0       0       0
  3728 ;;      Totals:         6       0       0       0       0       0       0       0       0       0       0       0       
      +0       0       0       0       0       0       0       0       0       0       0       0       0       0       0
  3729 ;;Total ram usage:        6 bytes
  3730 ;; Hardware stack levels used: 1
  3731 ;; This function calls:
  3732 ;;		Nothing
  3733 ;; This function is called by:
  3734 ;;		_ISR
  3735 ;; This function uses a non-reentrant model
  3736 ;;
  3737                           
  3738     0136                     ___awmod:	
  3739                           ;psect for function ___awmod
  3740                           
  3741     0136                     i1l1361:	
  3742                           ;incstack = 0
  3743                           ; Regs used in ___awmod: [wreg+status,2+status,0]
  3744                           
  3745     0136  01FB               	clrf	___awmod@sign
  3746     0137                     i1l1363:
  3747     0137  1FF9               	btfss	___awmod@dividend+1,7
  3748     0138  293A               	goto	u90_21
  3749     0139  293B               	goto	u90_20
  3750     013A                     u90_21:
  3751     013A  2942               	goto	i1l1369
  3752     013B                     u90_20:
  3753     013B                     i1l1365:
  3754     013B  09F8               	comf	___awmod@dividend,f
  3755     013C  09F9               	comf	___awmod@dividend+1,f
  3756     013D  0AF8               	incf	___awmod@dividend,f
  3757     013E  1903               	skipnz
  3758     013F  0AF9               	incf	___awmod@dividend+1,f
  3759     0140                     i1l1367:
  3760     0140  3001               	movlw	1
  3761     0141  00FB               	movwf	___awmod@sign
  3762     0142                     i1l1369:
  3763     0142  1FF7               	btfss	___awmod@divisor+1,7
  3764     0143  2945               	goto	u91_21
  3765     0144  2946               	goto	u91_20
  3766     0145                     u91_21:
  3767     0145  294B               	goto	i1l1373
  3768     0146                     u91_20:
  3769     0146                     i1l1371:
  3770     0146  09F6               	comf	___awmod@divisor,f
  3771     0147  09F7               	comf	___awmod@divisor+1,f
  3772     0148  0AF6               	incf	___awmod@divisor,f
  3773     0149  1903               	skipnz
  3774     014A  0AF7               	incf	___awmod@divisor+1,f
  3775     014B                     i1l1373:
  3776     014B  0876               	movf	___awmod@divisor,w
  3777     014C  0477               	iorwf	___awmod@divisor+1,w
  3778     014D  1903               	btfsc	3,2
  3779     014E  2950               	goto	u92_21
  3780     014F  2951               	goto	u92_20
  3781     0150                     u92_21:
  3782     0150  2978               	goto	i1l1391
  3783     0151                     u92_20:
  3784     0151                     i1l1375:
  3785     0151  3001               	movlw	1
  3786     0152  00FA               	movwf	___awmod@counter
  3787     0153  295B               	goto	i1l1381
  3788     0154                     i1l1377:
  3789     0154  3001               	movlw	1
  3790     0155                     u93_25:
  3791     0155  35F6               	lslf	___awmod@divisor,f
  3792     0156  0DF7               	rlf	___awmod@divisor+1,f
  3793     0157  0B89               	decfsz	9,f
  3794     0158  2955               	goto	u93_25
  3795     0159                     i1l1379:
  3796     0159  3001               	movlw	1
  3797     015A  07FA               	addwf	___awmod@counter,f
  3798     015B                     i1l1381:
  3799     015B  1FF7               	btfss	___awmod@divisor+1,7
  3800     015C  295E               	goto	u94_21
  3801     015D  295F               	goto	u94_20
  3802     015E                     u94_21:
  3803     015E  2954               	goto	i1l1377
  3804     015F                     u94_20:
  3805     015F                     i1l1383:
  3806     015F  0877               	movf	___awmod@divisor+1,w
  3807     0160  0279               	subwf	___awmod@dividend+1,w
  3808     0161  1D03               	skipz
  3809     0162  2965               	goto	u95_25
  3810     0163  0876               	movf	___awmod@divisor,w
  3811     0164  0278               	subwf	___awmod@dividend,w
  3812     0165                     u95_25:
  3813     0165  1C03               	skipc
  3814     0166  2968               	goto	u95_21
  3815     0167  2969               	goto	u95_20
  3816     0168                     u95_21:
  3817     0168  296D               	goto	i1l1387
  3818     0169                     u95_20:
  3819     0169                     i1l1385:
  3820     0169  0876               	movf	___awmod@divisor,w
  3821     016A  02F8               	subwf	___awmod@dividend,f
  3822     016B  0877               	movf	___awmod@divisor+1,w
  3823     016C  3BF9               	subwfb	___awmod@dividend+1,f
  3824     016D                     i1l1387:
  3825     016D  3001               	movlw	1
  3826     016E                     u96_25:
  3827     016E  36F7               	lsrf	___awmod@divisor+1,f
  3828     016F  0CF6               	rrf	___awmod@divisor,f
  3829     0170  0B89               	decfsz	9,f
  3830     0171  296E               	goto	u96_25
  3831     0172                     i1l1389:
  3832     0172  3001               	movlw	1
  3833     0173  02FA               	subwf	___awmod@counter,f
  3834     0174  1D03               	btfss	3,2
  3835     0175  2977               	goto	u97_21
  3836     0176  2978               	goto	u97_20
  3837     0177                     u97_21:
  3838     0177  295F               	goto	i1l1383
  3839     0178                     u97_20:
  3840     0178                     i1l1391:
  3841     0178  087B               	movf	___awmod@sign,w
  3842     0179  1903               	btfsc	3,2
  3843     017A  297C               	goto	u98_21
  3844     017B  297D               	goto	u98_20
  3845     017C                     u98_21:
  3846     017C  2982               	goto	i1l1395
  3847     017D                     u98_20:
  3848     017D                     i1l1393:
  3849     017D  09F8               	comf	___awmod@dividend,f
  3850     017E  09F9               	comf	___awmod@dividend+1,f
  3851     017F  0AF8               	incf	___awmod@dividend,f
  3852     0180  1903               	skipnz
  3853     0181  0AF9               	incf	___awmod@dividend+1,f
  3854     0182                     i1l1395:
  3855     0182  0879               	movf	___awmod@dividend+1,w
  3856     0183  00F7               	movwf	?___awmod+1
  3857     0184  0878               	movf	___awmod@dividend,w
  3858     0185  00F6               	movwf	?___awmod
  3859     0186                     i1l541:
  3860     0186  0008               	return
  3861     0187                     __end_of___awmod:
  3862     0003                     ___latbits      equ	3
  3863     007E                     btemp           set	126	;btemp
  3864     007E                     int$flags       set	126
  3865     007E                     btemp0          set	126
  3866     007F                     btemp1          set	127
  3867     007E                     wtemp0          set	126
  3868     007F                     wtemp0a         set	127
  3869     007F                     ttemp0a         set	127
  3870     0080                     ltemp0a         set	128
  3871                           
  3872                           	psect	config
  3873                           
  3874                           ;Config register CONFIG1 @ 0x8007
  3875                           ;	Oscillator Selection
  3876                           ;	FOSC = INTOSC, INTOSC oscillator: I/O function on CLKIN pin
  3877                           ;	Watchdog Timer Enable
  3878                           ;	WDTE = OFF, WDT disabled
  3879                           ;	Power-up Timer Enable
  3880                           ;	PWRTE = OFF, PWRT disabled
  3881                           ;	MCLR Pin Function Select
  3882                           ;	MCLRE = ON, MCLR/VPP pin function is MCLR
  3883                           ;	Flash Program Memory Code Protection
  3884                           ;	CP = OFF, Program memory code protection is disabled
  3885                           ;	Data Memory Code Protection
  3886                           ;	CPD = OFF, Data memory code protection is disabled
  3887                           ;	Brown-out Reset Enable
  3888                           ;	BOREN = OFF, Brown-out Reset disabled
  3889                           ;	Clock Out Enable
  3890                           ;	CLKOUTEN = OFF, CLKOUT function is disabled. I/O or oscillator function on the CLKOUT 
      +                          pin
  3891                           ;	Internal/External Switchover
  3892                           ;	IESO = OFF, Internal/External Switchover mode is disabled
  3893                           ;	Fail-Safe Clock Monitor Enable
  3894                           ;	FCMEN = OFF, Fail-Safe Clock Monitor is disabled
  3895     8007                     	org	32775
  3896     8007  09E4               	dw	2532
  3897                           
  3898                           ;Config register CONFIG2 @ 0x8008
  3899                           ;	Flash Memory Self-Write Protection
  3900                           ;	WRT = OFF, Write protection off
  3901                           ;	Voltage Regulator Capacitor Enable bit
  3902                           ;	VCAPEN = OFF, Vcap functionality is disabled on RA6.
  3903                           ;	PLL Enable
  3904                           ;	PLLEN = OFF, 4x PLL disabled
  3905                           ;	Stack Overflow/Underflow Reset Enable
  3906                           ;	STVREN = OFF, Stack Overflow or Underflow will not cause a Reset
  3907                           ;	Brown-out Reset Voltage Selection
  3908                           ;	BORV = LO, Brown-out Reset Voltage (Vbor), low trip point selected.
  3909                           ;	Low Power Brown-Out Reset Enable Bit
  3910                           ;	LPBOR = OFF, Low power brown-out is disabled
  3911                           ;	In-Circuit Debugger Mode
  3912                           ;	DEBUG = OFF, In-Circuit Debugger disabled, ICSPCLK and ICSPDAT are general purpose I/O
      +                           pins
  3913                           ;	Low-Voltage Programming Enable
  3914                           ;	LVP = OFF, High-voltage on MCLR/VPP must be used for programming
  3915     8008                     	org	32776
  3916     8008  1CFF               	dw	7423

Data Sizes:
    Strings     0
    Constant    165
    Data        0
    BSS         14
    Persistent  48
    Stack       0

Auto Spaces:
    Space          Size  Autos    Used
    COMMON           14      6      12
    BANK0            80     20      28
    BANK1            80      0       0
    BANK2            80      0       0
    BANK3            80      0       0
    BANK4            80      0       0
    BANK5            80      0       0
    BANK6            80      0       0
    BANK7            80      0       0
    BANK8            80      0       0
    BANK9            80      0       0
    BANK10           80      0       0
    BANK11           80      0       0
    BANK12           80      0       0
    BANK13           80      0       0
    BANK14           80      0       0
    BANK15           80      0       0
    BANK16           80      0       0
    BANK17           80      0       0
    BANK18           80      0       0
    BANK19           80      0       0
    BANK20           80      0       0
    BANK21           80      0       0
    BANK22           80      0       0
    BANK23           80      0       0
    BANK24           80      0       0
    BANK25           32      0       0

Pointer List with Targets:

    None.

Critical Paths under _main in COMMON

    None.

Critical Paths under _ISR in COMMON

    _ISR->___awmod

Critical Paths under _main in BANK0

    _main->_lookup_and_send_buttons
    _main->_lookup_and_send_move
    _lookup_and_send_move->_send_camera_command
    _send_camera_command->_tx_uart
    _lookup_and_send_buttons->_send_camera_button
    _send_camera_button->_tx_uart
    _tx_uart->___wmul

Critical Paths under _ISR in BANK0

    None.

Critical Paths under _main in BANK1

    None.

Critical Paths under _ISR in BANK1

    None.

Critical Paths under _main in BANK2

    None.

Critical Paths under _ISR in BANK2

    None.

Critical Paths under _main in BANK3

    None.

Critical Paths under _ISR in BANK3

    None.

Critical Paths under _main in BANK4

    None.

Critical Paths under _ISR in BANK4

    None.

Critical Paths under _main in BANK5

    None.

Critical Paths under _ISR in BANK5

    None.

Critical Paths under _main in BANK6

    None.

Critical Paths under _ISR in BANK6

    None.

Critical Paths under _main in BANK7

    None.

Critical Paths under _ISR in BANK7

    None.

Critical Paths under _main in BANK8

    None.

Critical Paths under _ISR in BANK8

    None.

Critical Paths under _main in BANK9

    None.

Critical Paths under _ISR in BANK9

    None.

Critical Paths under _main in BANK10

    None.

Critical Paths under _ISR in BANK10

    None.

Critical Paths under _main in BANK11

    None.

Critical Paths under _ISR in BANK11

    None.

Critical Paths under _main in BANK12

    None.

Critical Paths under _ISR in BANK12

    None.

Critical Paths under _main in BANK13

    None.

Critical Paths under _ISR in BANK13

    None.

Critical Paths under _main in BANK14

    None.

Critical Paths under _ISR in BANK14

    None.

Critical Paths under _main in BANK15

    None.

Critical Paths under _ISR in BANK15

    None.

Critical Paths under _main in BANK16

    None.

Critical Paths under _ISR in BANK16

    None.

Critical Paths under _main in BANK17

    None.

Critical Paths under _ISR in BANK17

    None.

Critical Paths under _main in BANK18

    None.

Critical Paths under _ISR in BANK18

    None.

Critical Paths under _main in BANK19

    None.

Critical Paths under _ISR in BANK19

    None.

Critical Paths under _main in BANK20

    None.

Critical Paths under _ISR in BANK20

    None.

Critical Paths under _main in BANK21

    None.

Critical Paths under _ISR in BANK21

    None.

Critical Paths under _main in BANK22

    None.

Critical Paths under _ISR in BANK22

    None.

Critical Paths under _main in BANK23

    None.

Critical Paths under _ISR in BANK23

    None.

Critical Paths under _main in BANK24

    None.

Critical Paths under _ISR in BANK24

    None.

Critical Paths under _main in BANK25

    None.

Critical Paths under _ISR in BANK25

    None.

Call Graph Tables:

 ---------------------------------------------------------------------------------
 (Depth) Function   	        Calls       Base Space   Used Autos Params    Refs
 ---------------------------------------------------------------------------------
 (0) _main                                                 1     1      0    2576
                                             19 BANK0      1     1      0
                            _InitI2C
                            _InitISR
                            _InitOpt
                            _InitOsc
                            _InitPIN
                          _InitPORTA
                          _InitPORTB
                          _InitPORTC
                           _InitUART
                 _TranslateJoysticks
                     _TranslateTABXY
                         _TranslateX
                         _TranslateY
            _lookup_and_send_buttons
               _lookup_and_send_move
 ---------------------------------------------------------------------------------
 (1) _lookup_and_send_move                                 4     4      0     818
                                             15 BANK0      4     4      0
                             ___wmul
                _send_camera_command
 ---------------------------------------------------------------------------------
 (2) _send_camera_command                                  8     8      0     434
                                              7 BANK0      8     8      0
                             ___wmul
                            _tx_uart
 ---------------------------------------------------------------------------------
 (1) _lookup_and_send_buttons                              4     4      0     818
                                             15 BANK0      4     4      0
                             ___wmul
                 _send_camera_button
 ---------------------------------------------------------------------------------
 (2) _send_camera_button                                   8     8      0     434
                                              7 BANK0      8     8      0
                             ___wmul
                            _tx_uart
 ---------------------------------------------------------------------------------
 (3) _tx_uart                                              1     1      0      29
                                              6 BANK0      1     1      0
                             ___wmul (ARG)
 ---------------------------------------------------------------------------------
 (3) ___wmul                                               6     2      4     160
                                              0 BANK0      6     2      4
 ---------------------------------------------------------------------------------
 (1) _TranslateY                                           1     1      0     329
                                              0 BANK0      1     1      0
 ---------------------------------------------------------------------------------
 (1) _TranslateX                                           1     1      0     329
                                              0 BANK0      1     1      0
 ---------------------------------------------------------------------------------
 (1) _TranslateTABXY                                       1     1      0     235
                                              0 BANK0      1     1      0
 ---------------------------------------------------------------------------------
 (1) _TranslateJoysticks                                   1     1      0      47
                                              0 BANK0      1     1      0
 ---------------------------------------------------------------------------------
 (1) _InitUART                                             0     0      0       0
 ---------------------------------------------------------------------------------
 (1) _InitPORTC                                            0     0      0       0
 ---------------------------------------------------------------------------------
 (1) _InitPORTB                                            0     0      0       0
 ---------------------------------------------------------------------------------
 (1) _InitPORTA                                            0     0      0       0
 ---------------------------------------------------------------------------------
 (1) _InitPIN                                              0     0      0       0
 ---------------------------------------------------------------------------------
 (1) _InitOsc                                              0     0      0       0
 ---------------------------------------------------------------------------------
 (1) _InitOpt                                              0     0      0       0
 ---------------------------------------------------------------------------------
 (1) _InitISR                                              0     0      0       0
 ---------------------------------------------------------------------------------
 (1) _InitI2C                                              0     0      0       0
 ---------------------------------------------------------------------------------
 Estimated maximum stack depth 3
 ---------------------------------------------------------------------------------
 (Depth) Function   	        Calls       Base Space   Used Autos Params    Refs
 ---------------------------------------------------------------------------------
 (4) _ISR                                                  0     0      0     298
                            ___awmod
 ---------------------------------------------------------------------------------
 (5) ___awmod                                              6     2      4     298
                                              0 COMMON     6     2      4
 ---------------------------------------------------------------------------------
 Estimated maximum stack depth 5
 ---------------------------------------------------------------------------------

 Call Graph Graphs:

 _main (ROOT)
   _InitI2C
   _InitISR
   _InitOpt
   _InitOsc
   _InitPIN
   _InitPORTA
   _InitPORTB
   _InitPORTC
   _InitUART
   _TranslateJoysticks
   _TranslateTABXY
   _TranslateX
   _TranslateY
   _lookup_and_send_buttons
     ___wmul
     _send_camera_button
       ___wmul
       _tx_uart
         ___wmul (ARG)
   _lookup_and_send_move
     ___wmul
     _send_camera_command
       ___wmul
       _tx_uart

 _ISR (ROOT)
   ___awmod

Address spaces:
Name               Size   Autos  Total    Usage
BITCOMMON           14      0       0      0.0%
BITBANK0            80      0       0      0.0%
BITBANK1            80      0       0      0.0%
BITBANK2            80      0       0      0.0%
BITBANK3            80      0       0      0.0%
BITBANK4            80      0       0      0.0%
BITBANK5            80      0       0      0.0%
BITBANK6            80      0       0      0.0%
BITBANK7            80      0       0      0.0%
BITBANK8            80      0       0      0.0%
BITBANK9            80      0       0      0.0%
BITBANK10           80      0       0      0.0%
BITBANK11           80      0       0      0.0%
BITBANK12           80      0       0      0.0%
BITBANK13           80      0       0      0.0%
BITBANK14           80      0       0      0.0%
BITBANK15           80      0       0      0.0%
BITBANK16           80      0       0      0.0%
BITBANK17           80      0       0      0.0%
BITBANK18           80      0       0      0.0%
BITBANK19           80      0       0      0.0%
BITBANK20           80      0       0      0.0%
BITBANK21           80      0       0      0.0%
BITBANK22           80      0       0      0.0%
BITBANK23           80      0       0      0.0%
BITBANK24           80      0       0      0.0%
BITBANK25           32      0       0      0.0%
BIGRAM            2032      0       0      0.0%
COMMON              14      6      12     85.7%
BANK0               80     20      28     35.0%
BANK1               80      0       0      0.0%
BANK2               80      0       0      0.0%
BANK3               80      0       0      0.0%
BANK4               80      0       0      0.0%
BANK5               80      0       0      0.0%
BANK6               80      0       0      0.0%
BANK7               80      0       0      0.0%
BANK8               80      0       0      0.0%
BANK9               80      0       0      0.0%
BANK10              80      0       0      0.0%
BANK11              80      0       0      0.0%
BANK12              80      0       0      0.0%
BANK13              80      0       0      0.0%
BANK14              80      0       0      0.0%
BANK15              80      0       0      0.0%
BANK16              80      0       0      0.0%
BANK17              80      0       0      0.0%
BANK18              80      0       0      0.0%
BANK19              80      0       0      0.0%
BANK20              80      0       0      0.0%
BANK21              80      0       0      0.0%
BANK22              80      0       0      0.0%
BANK23              80      0       0      0.0%
BANK24              80      0       0      0.0%
BANK25              32      0       0      0.0%
STACK                0      0       0      0.0%
DATA                 0      0      40      0.0%


Microchip Technology PIC Macro Assembler V3.10 build 20250813170317 
Symbol Table                                                                                   Mon Apr  6 12:19:18 2026

                              _j 0070                               l70 0400                               l73 03FD  
                             l82 03D9                               l91 03F3                               l67 03F9  
                             l76 03C4                               l85 03CF                               l79 03B8  
                             l88 03EB       __end_of_TranslateJoysticks 03AD              ___wmul@multiplicand 0022  
                            l200 0295                              l202 0297                              l230 01E5  
                            l223 019E                              l217 0254                              l233 0214  
                            l170 0343                              l226 01CD                              l219 0256  
                            l180 0368                              l172 034C                              l164 0397  
                            l244 0339                              l237 0306                              l174 0355  
                            l183 03AA                              l167 03A0                              l176 035E  
                            l185 03AC                              l178 0366                              l375 0374  
                            l377 0388                              _ISR 0004                              u550 039C  
                            u551 039B                              _TxA 0037                              _TxB 0036  
                            _TxJ 0034                              _TxX 003A                              _TxY 003B  
          lookup_and_send_move@i 0032                     ___awmod@sign 007B                              wreg 0009  
                           ?_ISR 0076                             l1211 03F4                             l1213 03F7  
                           l1221 03BC                             l1215 03FE                             l1223 03AD  
                           l1231 03C5                             l1151 039C                             l1241 03EC  
                           l1217 03FA                             l1225 03B0                             l1233 03CE  
                           l1235 03E3                             l1243 03F1                             l1219 03B9  
                           l1227 03D0                             l1237 03E8                             l1229 03D3  
                           l1149 0397                             l1501 01D0                             l1239 03E9  
                           l1511 01DF                             l1601 0251                             l1521 020E  
                           l1531 034E                             l1523 033C                             l1507 01D1  
                           l1603 02D6                             l1541 0364                             l1533 0352  
                           l1525 0340                             l1517 01E7                             l1509 01DC  
                           l1621 0309                             l1613 02DD                             l1543 03A3  
                           l1535 0357                             l1527 0345                             l1551 0262  
                           l1471 0379                             l1519 020B                             l1631 0310  
                           l1615 02F9                             l1607 02DC                             l1545 03A7  
                           l1537 035B                             l1529 0349                             l1561 027A  
                           l1553 0268                             l1473 037E                             l1465 0369  
                           l1633 032C                             l1625 030F                             l1617 02FE  
                           l1641 0092                             l1539 0360                             l1571 028C  
                           l1563 027D                             l1555 026B                             l1547 0259  
                           l1475 0384                             l1467 036C                             l1635 0331  
                           l1619 0300                             l1651 00BB                             l1643 0093  
                           l1581 0226                             l1573 0292                             l1557 0271  
                           l1549 025F                             l1469 0370                             l1637 0333  
                           l1485 018A                             l1661 00D4                             l1653 00C0  
                           l1645 00A1                             l1591 023B                             l1583 0229  
                           l1575 0217                             l1567 0284                             l1559 0274  
                           l1495 01A0                             l1487 0195                             l1479 0189  
                           l1663 00D9                             l1655 00C5                             l1647 00A6  
                           l1639 0077                             l1585 022F                             l1577 021D  
                           l1569 028A                             l1497 01C4                             l1489 0198  
                           l1665 00DE                             l1657 00CA                             l1649 00B6  
                           l1595 0242                             l1587 0232                             l1579 0220  
                           l1499 01C7                             l1659 00CF                             l1597 0248  
                           l1589 0238                             l1599 024B                             u1200 035B  
                           u1120 0384                             u1201 035A                             u1121 0383  
                           u1105 0375                             u1210 0364                             u1130 019E  
                           u1211 0363                             u1115 037A                             u1131 019D  
                           u1220 03A7                             u1300 021D                             u1140 01CD  
                           u1221 03A6                             u1301 021C                             u1141 01CC  
                           u1310 0226                             u1230 025F                             u1150 01E5  
                           u1311 0225                             u1231 025E                             u1151 01E4  
                           u1320 022F                             u1240 0268                             u1160 0214  
                           u1400 030E                             u1321 022E                             u1241 0267  
                           u1161 0213                             u1401 030D                             u1170 0340  
                           u1330 0238                             u1250 0271                             u1090 0370  
                           u1410 032C                             u1171 033F                             u1331 0237  
                           u1251 0270                             u1091 036F                             u1411 032B  
                           u1180 0349                             u1340 0241                             u1260 027A  
                           u1420 0339                             u1181 0348                             u1341 0240  
                           u1261 0279                             u1421 0338                             u1190 0352  
                           u1350 0248                             u1270 0283                             u1430 00A6  
                           u1191 0351                             u1351 0247                             u1271 0282  
                           u1431 00A5                             u1360 0251                             u1280 028A  
                           u1361 0250                             u1281 0289                             u1290 0292  
                           u1370 02DB                             u1291 0291                             u1371 02DA  
                           u1380 02F9                             u1381 02F8                             u1390 0306  
                           u1391 0305                             _PIE1 0091                             _PIE2 0092  
                           _PIE3 0093                             _WPUA 020C                             _WPUB 020D  
                           _WPUC 020E                             _TxBY 0035                             _TxTL 0039  
                           _TxTR 0038                             _main 0077                             fsr0h 0005  
                           fsr1h 0007                             indf0 0000                             fsr0l 0004  
                           fsr1l 0006                             btemp 007E                             start 0062  
                __end_of_InitI2C 03EC                  __end_of_InitISR 03F4                  __end_of_InitPIN 03FE  
                __end_of_InitOsc 03FA                  __end_of_InitOpt 0401                            ??_ISR 007C  
                          ?_main 0076                  __end_of___awmod 0187                            i1l253 001D  
                          i1l255 0018                            i1l268 0060                            i1l541 0186  
                          _TRISA 008C                            _TRISB 008D                            _TRISC 008E  
                          u90_20 013B                            u90_21 013A                            u91_20 0146  
                          u91_21 0145                            u92_20 0151                            u92_21 0150  
                          u93_25 0155                            u94_20 015F                            u94_21 015E  
                          u95_20 0169                            u95_21 0168                            u95_25 0165  
                          u96_25 016E                            u97_20 0178                            u97_21 0177  
                          u98_20 017D                            u98_21 017C                            u99_20 000F  
                          u99_21 000E           TranslateJoysticks@byte 0020       __end_of_send_camera_button 0215  
                          btemp0 007E                            btemp1 007F          lookup_and_send_move@cmd 0031  
                          status 0003                            wtemp0 007E                  __end_of_tx_uart 03A1  
                __initialization 0064                     __end_of_main 00E2                 __end_of_InitUART 03D0  
                         ??_main 0033                           _ANSELA 018C                           _ANSELB 018D  
                         _RC1STA 019D                           u100_20 0014                           u100_21 0013  
                         u101_20 0018                           u101_21 0017                           u102_20 0021  
                         u102_21 0020                           u103_20 0026                           u103_21 0025  
                         i1l1401 000F                           i1l1411 0026                           i1l1403 0014  
                         i1l1421 0039                           i1l1413 0028                           i1l1405 001A  
                         i1l1423 003F                           i1l1415 002D                           i1l1431 004C  
                         i1l1407 001B                           u104_20 002D                           i1l1361 0136  
                         i1l1425 0042                           i1l1417 0030                           u104_21 002C  
                         i1l1409 0021                           i1l1433 005D                           i1l1371 0146  
                         i1l1363 0137                           i1l1427 0048                           i1l1419 0036  
                         i1l1435 005E                           i1l1381 015B                           i1l1373 014B  
                         i1l1365 013B                           i1l1429 004A                           i1l1383 015F  
                         i1l1375 0151                           i1l1391 0178                           i1l1367 0140  
                         u105_20 0036                           i1l1393 017D                           i1l1385 0169  
                         i1l1377 0154                           i1l1369 0142                           u105_21 0035  
                         i1l1395 0182                           i1l1387 016D                           i1l1379 0159  
                         i1l1389 0172                           i1l1399 000A                           u106_20 003F  
                         u106_21 003E                           u107_20 0048                           u107_21 0047  
                         _INLVLA 038C                           _INLVLB 038D                           _INLVLC 038E  
                         _INTCON 000B                           _OSCCON 0099                           _TX1REG 019A  
                         _TX1STA 019E                        ??_InitI2C 0020                        ??_InitISR 0020  
                      ??_InitPIN 0020                        ??_InitOsc 0020                        ??_InitOpt 0020  
                         _TsABXY 0072                   TranslateX@byte 0020                           _X_Byte 0074  
                 TranslateY@byte 0020                           _Y_Byte 0073      __end_of_send_camera_command 01CE  
               ??_TranslateTABXY 0020         lookup_and_send_buttons@i 0032                           ___wmul 0369  
                      ??___awmod 007A                  ___awmod@divisor 0076                  ___awmod@counter 007A  
                         ltemp0a 0080            __end_of_header_static 03E3                           ttemp0a 007F  
                     _TranslateX 0215                       _TranslateY 0257                           wtemp0a 007F  
                      ??_tx_uart 0026          __end_of__initialization 0073                   __pcstackCOMMON 0076  
               _cmd_button_table 0298         ?_lookup_and_send_buttons 0076                __end_of_InitPORTA 03C5  
              __end_of_InitPORTB 03B9                __end_of_InitPORTC 03DA     __end_of_lookup_and_send_move 0307  
             _TranslateJoysticks 03A1                       __pbssBANK0 0034                        ?_InitUART 0076  
            ?_TranslateJoysticks 0076                       __pmaintext 0077                       _header_dir 0389  
                        ?___wmul 0020                       __pintentry 0004                          _APFCON1 011D  
                        _APFCON2 011C                          _CLKRCON 051A             ??_TranslateJoysticks 0020  
                        _SP1BRGH 019C                          _SP1BRGL 019B                          _SSP1ADD 0212  
                        _SLRCONA 030C                          _SLRCONB 030D                          _SLRCONC 030E  
                        _SSP1BUF 0211                      ?_TranslateX 0076                      ?_TranslateY 0076  
                     ??_InitUART 0020                __end_of_cmd_table 0136                          _InitI2C 03E3  
                        _InitISR 03EC                          _InitPIN 03FA                          _InitOsc 03F4  
                        _InitOpt 03FE               _send_camera_button 01CE                          ___awmod 0136  
            ?_send_camera_button 0076                          __ptext1 02D4                          __ptext2 0187  
                        __ptext3 0307                          __ptext4 01CE                          __ptext5 0395  
                        __ptext6 0369                          __ptext7 0257                          __ptext8 0215  
                        __ptext9 033A                 ___awmod@dividend 0078                          _rx_done 0075  
                        _tx_uart 0395             ??_send_camera_button 0027             end_of_initialization 0073  
           _lookup_and_send_move 02D4                        _PORTBbits 000D         __end_of_cmd_button_table 02D4  
          ?_lookup_and_send_move 0076                   __end_of___wmul 0389                        _InitPORTA 03B9  
                      _InitPORTB 03AD                        _InitPORTC 03D0              start_initialization 0064  
                    __end_of_ISR 0062       lookup_and_send_buttons@cmd 0031                         ??___wmul 0024  
                     ?_InitPORTA 0076                       ?_InitPORTB 0076                       ?_InitPORTC 0076  
                    __pbssCOMMON 0070                        ___latbits 0003                    __pcstackBANK0 0020  
                   ??_TranslateX 0020                     ??_TranslateY 0020          send_camera_command@byte 002D  
                       ?_InitI2C 0076                         ?_InitISR 0076                         ?_InitPIN 0076  
                       ?_InitOsc 0076                         ?_InitOpt 0076           ??_lookup_and_send_move 002F  
                      _cmd_table 00E2                         ?___awmod 0076               __end_of_TranslateX 0257  
             __end_of_TranslateY 0298                         _BAUD1CON 019F                      tx_uart@byte 0026  
                  _header_static 03DA             send_camera_command@i 002E                         ?_tx_uart 0076  
                 ___wmul@product 0024                         _PIR1bits 0011                         _SSP1CON1 0215  
                       _SSP1CON2 0216                         _SSP1STAT 0214                         _JButtons 0071  
              ___wmul@multiplier 0020                      ??_InitPORTA 0020                      ??_InitPORTB 0020  
                    ??_InitPORTC 0020          _lookup_and_send_buttons 0307               __end_of_header_dir 0395  
                       _InitUART 03C5              _send_camera_command 0187             ?_send_camera_command 0076  
                       ___int_sp 0000                   _TranslateTABXY 033A                         __ptext10 03A1  
                       __ptext11 03C5                         __ptext12 03D0                         __ptext21 0136  
                       __ptext13 03AD                         __ptext14 03B9                         __ptext15 03FA  
                       __ptext16 03F4                         __ptext17 03FE                         __ptext18 03EC  
                       __ptext19 03E3                     _SSP1CON1bits 0215              send_camera_button@i 002E  
                       int$flags 007E            ??_send_camera_command 0027                     _SSP1STATbits 0214  
         __end_of_TranslateTABXY 0369        ??_lookup_and_send_buttons 002F                       _INTCONbits 000B  
                       intlevel1 0000           send_camera_button@byte 002D                  ?_TranslateTABXY 0076  
                  __pstringtext1 00E2                    __pstringtext2 0298                    __pstringtext3 0389  
                  __pstringtext4 03DA                       _OPTION_REG 0095                       _TX1STAbits 019E  
             TranslateTABXY@byte 0020  __end_of_lookup_and_send_buttons 033A  
