

Microchip MPLAB XC8 Assembler V3.10 build 20250813170317 
                                                                                               Mon Apr  6 11:20:53 2026

Microchip MPLAB XC8 C Compiler v3.10 (Free license) build 20250813170317 Og1 
     1                           	processor	16F1788
     2                           	pagewidth 120
     3                           	opt	flic
     4                           	psect	stringtext1,global,class=STRCODE,space=0,delta=2,noexec
     5                           	psect	stringtext2,global,class=STRCODE,space=0,delta=2,noexec
     6                           	psect	stringtext3,global,class=STRCODE,space=0,delta=2,noexec
     7                           	psect	stringtext4,global,class=STRCODE,space=0,delta=2,noexec
     8                           	psect	cinit,global,class=CODE,space=0,merge=1,delta=2
     9                           	psect	bssCOMMON,global,class=COMMON,space=1,delta=1,noexec
    10                           	psect	bssBANK0,global,class=BANK0,space=1,delta=1,noexec
    11                           	psect	cstackCOMMON,global,class=COMMON,space=1,delta=1,noexec
    12                           	psect	cstackBANK0,global,class=BANK0,space=1,delta=1,noexec
    13                           	psect	maintext,global,class=CODE,space=0,merge=1,split=1,delta=2
    14                           	psect	text1,local,class=CODE,space=0,merge=1,delta=2
    15                           	psect	text2,local,class=CODE,space=0,merge=1,delta=2
    16                           	psect	text3,local,class=CODE,space=0,merge=1,delta=2
    17                           	psect	text4,local,class=CODE,space=0,merge=1,delta=2
    18                           	psect	text5,local,class=CODE,space=0,merge=1,delta=2
    19                           	psect	text6,local,class=CODE,space=0,merge=1,delta=2,group=1
    20                           	psect	text7,local,class=CODE,space=0,merge=1,delta=2
    21                           	psect	text8,local,class=CODE,space=0,merge=1,delta=2
    22                           	psect	text9,local,class=CODE,space=0,merge=1,delta=2
    23                           	psect	text10,local,class=CODE,space=0,merge=1,delta=2
    24                           	psect	text11,local,class=CODE,space=0,merge=1,delta=2
    25                           	psect	text12,local,class=CODE,space=0,merge=1,delta=2
    26                           	psect	text13,local,class=CODE,space=0,merge=1,delta=2
    27                           	psect	text14,local,class=CODE,space=0,merge=1,delta=2
    28                           	psect	text15,local,class=CODE,space=0,merge=1,delta=2
    29                           	psect	text16,local,class=CODE,space=0,merge=1,delta=2
    30                           	psect	text17,local,class=CODE,space=0,merge=1,delta=2
    31                           	psect	text18,local,class=CODE,space=0,merge=1,delta=2
    32                           	psect	text19,local,class=CODE,space=0,merge=1,delta=2
    33                           	psect	intentry,global,class=CODE,space=0,delta=2
    34                           	psect	config,global,abs,ovrld,class=CONFIG,space=4,delta=2,noexec
    35                           	dabs	1,0x7E,2
    36     0000                     
    37                           ; Generated 07/09/2023 GMT
    38                           ; 
    39                           ; Copyright © 2023, Microchip Technology Inc. and its subsidiaries ("Microchip")
    40                           ; All rights reserved.
    41                           ; 
    42                           ; This software is developed by Microchip Technology Inc. and its subsidiaries ("Microch
      +                          ip").
    43                           ; 
    44                           ; Redistribution and use in source and binary forms, with or without modification, are
    45                           ; permitted provided that the following conditions are met:
    46                           ; 
    47                           ;     1. Redistributions of source code must retain the above copyright notice, this lis
      +                          t of
    48                           ;        conditions and the following disclaimer.
    49                           ; 
    50                           ;     2. Redistributions in binary form must reproduce the above copyright notice, this 
      +                          list
    51                           ;        of conditions and the following disclaimer in the documentation and/or other
    52                           ;        materials provided with the distribution. Publication is not required when
    53                           ;        this file is used in an embedded application.
    54                           ; 
    55                           ;     3. Microchip's name may not be used to endorse or promote products derived from th
      +                          is
    56                           ;        software without specific prior written permission.
    57                           ; 
    58                           ; THIS SOFTWARE IS PROVIDED BY MICROCHIP "AS IS" AND ANY EXPRESS OR IMPLIED WARRANTIES,
    59                           ; INCLUDING, BUT NOT LIMITED TO, THE IMPLIED WARRANTIES OF MERCHANTABILITY AND FITNESS F
      +                          OR
    60                           ; PURPOSE ARE DISCLAIMED.  IN NO EVENT SHALL MICROCHIP BE LIABLE FOR ANY DIRECT, INDIREC
      +                          T,
    61                           ; INCIDENTAL, SPECIAL, EXEMPLARY, OR CONSEQUENTIAL DAMAGES (INCLUDING BUT NOT LIMITED TO
    62                           ; PROCUREMENT OF SUBSTITUTE GOODS OR SERVICES; LOSS OF USE, DATA OR PROFITS; OR BUSINESS
    63                           ; INTERRUPTION) HOWSOEVER CAUSED AND ON ANY THEORY OF LIABILITY, WHETHER IN CONTRACT, ST
      +                          RICT
    64                           ; LIABILITY, OR TORT (INCLUDING NEGLIGENCE OR OTHERWISE) ARISING IN ANY WAY OUT OF THE U
      +                          SE OF
    65                           ; THIS SOFTWARE, EVEN IF ADVISED OF THE POSSIBILITY OF SUCH DAMAGE.
    66                           ; 
    67                           ; 
    68                           ; Code-generator required, PIC16F1788 Definitions
    69                           ; 
    70                           ; SFR Addresses
    71     0008                     bsr             equ	8
    72     0005                     fsr0h           equ	5
    73     0004                     fsr0l           equ	4
    74     0007                     fsr1h           equ	7
    75     0006                     fsr1l           equ	6
    76     0000                     indf            equ	0
    77     0000                     indf0           equ	0
    78     0001                     indf1           equ	1
    79     000B                     intcon          equ	11
    80     0002                     pc              equ	2
    81     0002                     pcl             equ	2
    82     000A                     pclath          equ	10
    83     0003                     status          equ	3
    84     0009                     wreg            equ	9
    85     0000                     INDF0           equ	0	;# 
    86     0001                     INDF1           equ	1	;# 
    87     0002                     PCL             equ	2	;# 
    88     0003                     STATUS          equ	3	;# 
    89     0004                     FSR0L           equ	4	;# 
    90     0005                     FSR0H           equ	5	;# 
    91     0006                     FSR1L           equ	6	;# 
    92     0007                     FSR1H           equ	7	;# 
    93     0008                     BSR             equ	8	;# 
    94     0009                     WREG            equ	9	;# 
    95     000A                     PCLATH          equ	10	;# 
    96     000B                     INTCON          equ	11	;# 
    97     000C                     PORTA           equ	12	;# 
    98     000D                     PORTB           equ	13	;# 
    99     000E                     PORTC           equ	14	;# 
   100     0010                     PORTE           equ	16	;# 
   101     0011                     PIR1            equ	17	;# 
   102     0012                     PIR2            equ	18	;# 
   103     0013                     PIR3            equ	19	;# 
   104     0014                     PIR4            equ	20	;# 
   105     0015                     TMR0            equ	21	;# 
   106     0016                     TMR1            equ	22	;# 
   107     0016                     TMR1L           equ	22	;# 
   108     0017                     TMR1H           equ	23	;# 
   109     0018                     T1CON           equ	24	;# 
   110     0019                     T1GCON          equ	25	;# 
   111     001A                     TMR2            equ	26	;# 
   112     001B                     PR2             equ	27	;# 
   113     001C                     T2CON           equ	28	;# 
   114     008C                     TRISA           equ	140	;# 
   115     008D                     TRISB           equ	141	;# 
   116     008E                     TRISC           equ	142	;# 
   117     0090                     TRISE           equ	144	;# 
   118     0091                     PIE1            equ	145	;# 
   119     0092                     PIE2            equ	146	;# 
   120     0093                     PIE3            equ	147	;# 
   121     0094                     PIE4            equ	148	;# 
   122     0095                     OPTION_REG      equ	149	;# 
   123     0096                     PCON            equ	150	;# 
   124     0097                     WDTCON          equ	151	;# 
   125     0098                     OSCTUNE         equ	152	;# 
   126     0099                     OSCCON          equ	153	;# 
   127     009A                     OSCSTAT         equ	154	;# 
   128     009B                     ADRES           equ	155	;# 
   129     009B                     ADRESL          equ	155	;# 
   130     009C                     ADRESH          equ	156	;# 
   131     009D                     ADCON0          equ	157	;# 
   132     009E                     ADCON1          equ	158	;# 
   133     009F                     ADCON2          equ	159	;# 
   134     010C                     LATA            equ	268	;# 
   135     010D                     LATB            equ	269	;# 
   136     010E                     LATC            equ	270	;# 
   137     0111                     CM1CON0         equ	273	;# 
   138     0112                     CM1CON1         equ	274	;# 
   139     0113                     CM2CON0         equ	275	;# 
   140     0114                     CM2CON1         equ	276	;# 
   141     0115                     CMOUT           equ	277	;# 
   142     0116                     BORCON          equ	278	;# 
   143     0117                     FVRCON          equ	279	;# 
   144     0118                     DAC1CON0        equ	280	;# 
   145     0119                     DAC1CON1        equ	281	;# 
   146     011A                     CM4CON0         equ	282	;# 
   147     011B                     CM4CON1         equ	283	;# 
   148     011C                     APFCON2         equ	284	;# 
   149     011D                     APFCON1         equ	285	;# 
   150     011D                     APFCON0         equ	285	;# 
   151     011D                     APFCON          equ	285	;# 
   152     011E                     CM3CON0         equ	286	;# 
   153     011F                     CM3CON1         equ	287	;# 
   154     018C                     ANSELA          equ	396	;# 
   155     018D                     ANSELB          equ	397	;# 
   156     018E                     ANSELC          equ	398	;# 
   157     0191                     EEADR           equ	401	;# 
   158     0191                     EEADRL          equ	401	;# 
   159     0192                     EEADRH          equ	402	;# 
   160     0193                     EEDAT           equ	403	;# 
   161     0193                     EEDATL          equ	403	;# 
   162     0193                     EEDATA          equ	403	;# 
   163     0194                     EEDATH          equ	404	;# 
   164     0195                     EECON1          equ	405	;# 
   165     0196                     EECON2          equ	406	;# 
   166     0197                     VREGCON         equ	407	;# 
   167     0199                     RC1REG          equ	409	;# 
   168     0199                     RCREG           equ	409	;# 
   169     0199                     RCREG1          equ	409	;# 
   170     019A                     TX1REG          equ	410	;# 
   171     019A                     TXREG1          equ	410	;# 
   172     019A                     TXREG           equ	410	;# 
   173     019B                     SP1BRG          equ	411	;# 
   174     019B                     SPBRG           equ	411	;# 
   175     019B                     SP1BRGL         equ	411	;# 
   176     019B                     SPBRG1          equ	411	;# 
   177     019B                     SPBRGL          equ	411	;# 
   178     019C                     SP1BRGH         equ	412	;# 
   179     019C                     SPBRGH          equ	412	;# 
   180     019C                     SPBRGH1         equ	412	;# 
   181     019D                     RC1STA          equ	413	;# 
   182     019D                     RCSTA1          equ	413	;# 
   183     019D                     RCSTA           equ	413	;# 
   184     019E                     TX1STA          equ	414	;# 
   185     019E                     TXSTA1          equ	414	;# 
   186     019E                     TXSTA           equ	414	;# 
   187     019F                     BAUD1CON        equ	415	;# 
   188     019F                     BAUDCON1        equ	415	;# 
   189     019F                     BAUDCTL1        equ	415	;# 
   190     019F                     BAUDCON         equ	415	;# 
   191     019F                     BAUDCTL         equ	415	;# 
   192     020C                     WPUA            equ	524	;# 
   193     020D                     WPUB            equ	525	;# 
   194     020E                     WPUC            equ	526	;# 
   195     0210                     WPUE            equ	528	;# 
   196     0211                     SSP1BUF         equ	529	;# 
   197     0211                     SSPBUF          equ	529	;# 
   198     0212                     SSP1ADD         equ	530	;# 
   199     0212                     SSPADD          equ	530	;# 
   200     0213                     SSP1MSK         equ	531	;# 
   201     0213                     SSPMSK          equ	531	;# 
   202     0214                     SSP1STAT        equ	532	;# 
   203     0214                     SSPSTAT         equ	532	;# 
   204     0215                     SSP1CON1        equ	533	;# 
   205     0215                     SSPCON          equ	533	;# 
   206     0215                     SSPCON1         equ	533	;# 
   207     0215                     SSP1CON         equ	533	;# 
   208     0216                     SSP1CON2        equ	534	;# 
   209     0216                     SSPCON2         equ	534	;# 
   210     0217                     SSP1CON3        equ	535	;# 
   211     0217                     SSPCON3         equ	535	;# 
   212     028C                     ODCONA          equ	652	;# 
   213     028D                     ODCONB          equ	653	;# 
   214     028E                     ODCONC          equ	654	;# 
   215     0291                     CCPR1           equ	657	;# 
   216     0291                     CCPR1L          equ	657	;# 
   217     0292                     CCPR1H          equ	658	;# 
   218     0293                     CCP1CON         equ	659	;# 
   219     0298                     CCPR2           equ	664	;# 
   220     0298                     CCPR2L          equ	664	;# 
   221     0299                     CCPR2H          equ	665	;# 
   222     029A                     CCP2CON         equ	666	;# 
   223     030C                     SLRCONA         equ	780	;# 
   224     030D                     SLRCONB         equ	781	;# 
   225     030E                     SLRCONC         equ	782	;# 
   226     0311                     CCPR3           equ	785	;# 
   227     0311                     CCPR3L          equ	785	;# 
   228     0312                     CCPR3H          equ	786	;# 
   229     0313                     CCP3CON         equ	787	;# 
   230     038C                     INLVLA          equ	908	;# 
   231     038D                     INLVLB          equ	909	;# 
   232     038E                     INLVLC          equ	910	;# 
   233     0390                     INLVLE          equ	912	;# 
   234     0391                     IOCAP           equ	913	;# 
   235     0392                     IOCAN           equ	914	;# 
   236     0393                     IOCAF           equ	915	;# 
   237     0394                     IOCBP           equ	916	;# 
   238     0395                     IOCBN           equ	917	;# 
   239     0396                     IOCBF           equ	918	;# 
   240     0397                     IOCCP           equ	919	;# 
   241     0398                     IOCCN           equ	920	;# 
   242     0399                     IOCCF           equ	921	;# 
   243     039D                     IOCEP           equ	925	;# 
   244     039E                     IOCEN           equ	926	;# 
   245     039F                     IOCEF           equ	927	;# 
   246     0511                     OPA1CON         equ	1297	;# 
   247     0513                     OPA2CON         equ	1299	;# 
   248     051A                     CLKRCON         equ	1306	;# 
   249     0591                     DAC2CON0        equ	1425	;# 
   250     0592                     DAC2REF         equ	1426	;# 
   251     0592                     DAC2CON1        equ	1426	;# 
   252     0593                     DAC3CON0        equ	1427	;# 
   253     0594                     DAC3REF         equ	1428	;# 
   254     0594                     DAC3CON1        equ	1428	;# 
   255     0595                     DAC4CON0        equ	1429	;# 
   256     0596                     DAC4REF         equ	1430	;# 
   257     0596                     DAC4CON1        equ	1430	;# 
   258     0E91                     PSMC1CON        equ	3729	;# 
   259     0E92                     PSMC1MDL        equ	3730	;# 
   260     0E93                     PSMC1SYNC       equ	3731	;# 
   261     0E94                     PSMC1CLK        equ	3732	;# 
   262     0E95                     PSMC1OEN        equ	3733	;# 
   263     0E96                     PSMC1POL        equ	3734	;# 
   264     0E97                     PSMC1BLNK       equ	3735	;# 
   265     0E98                     PSMC1REBS       equ	3736	;# 
   266     0E99                     PSMC1FEBS       equ	3737	;# 
   267     0E9A                     PSMC1PHS        equ	3738	;# 
   268     0E9B                     PSMC1DCS        equ	3739	;# 
   269     0E9C                     PSMC1PRS        equ	3740	;# 
   270     0E9D                     PSMC1ASDC       equ	3741	;# 
   271     0E9E                     PSMC1ASDL       equ	3742	;# 
   272     0E9F                     PSMC1ASDS       equ	3743	;# 
   273     0EA0                     PSMC1INT        equ	3744	;# 
   274     0EA1                     PSMC1PH         equ	3745	;# 
   275     0EA1                     PSMC1PHL        equ	3745	;# 
   276     0EA2                     PSMC1PHH        equ	3746	;# 
   277     0EA3                     PSMC1DC         equ	3747	;# 
   278     0EA3                     PSMC1DCL        equ	3747	;# 
   279     0EA4                     PSMC1DCH        equ	3748	;# 
   280     0EA5                     PSMC1PR         equ	3749	;# 
   281     0EA5                     PSMC1PRL        equ	3749	;# 
   282     0EA6                     PSMC1PRH        equ	3750	;# 
   283     0EA7                     PSMC1TMR        equ	3751	;# 
   284     0EA7                     PSMC1TMRL       equ	3751	;# 
   285     0EA8                     PSMC1TMRH       equ	3752	;# 
   286     0EA9                     PSMC1DBR        equ	3753	;# 
   287     0EAA                     PSMC1DBF        equ	3754	;# 
   288     0EAB                     PSMC1BLKR       equ	3755	;# 
   289     0EAC                     PSMC1BLKF       equ	3756	;# 
   290     0EAD                     PSMC1FFA        equ	3757	;# 
   291     0EAE                     PSMC1STR0       equ	3758	;# 
   292     0EAF                     PSMC1STR1       equ	3759	;# 
   293     0EB1                     PSMC2CON        equ	3761	;# 
   294     0EB2                     PSMC2MDL        equ	3762	;# 
   295     0EB3                     PSMC2SYNC       equ	3763	;# 
   296     0EB4                     PSMC2CLK        equ	3764	;# 
   297     0EB5                     PSMC2OEN        equ	3765	;# 
   298     0EB6                     PSMC2POL        equ	3766	;# 
   299     0EB7                     PSMC2BLNK       equ	3767	;# 
   300     0EB8                     PSMC2REBS       equ	3768	;# 
   301     0EB9                     PSMC2FEBS       equ	3769	;# 
   302     0EBA                     PSMC2PHS        equ	3770	;# 
   303     0EBB                     PSMC2DCS        equ	3771	;# 
   304     0EBC                     PSMC2PRS        equ	3772	;# 
   305     0EBD                     PSMC2ASDC       equ	3773	;# 
   306     0EBE                     PSMC2ASDL       equ	3774	;# 
   307     0EBF                     PSMC2ASDS       equ	3775	;# 
   308     0EC0                     PSMC2INT        equ	3776	;# 
   309     0EC1                     PSMC2PH         equ	3777	;# 
   310     0EC1                     PSMC2PHL        equ	3777	;# 
   311     0EC2                     PSMC2PHH        equ	3778	;# 
   312     0EC3                     PSMC2DC         equ	3779	;# 
   313     0EC3                     PSMC2DCL        equ	3779	;# 
   314     0EC4                     PSMC2DCH        equ	3780	;# 
   315     0EC5                     PSMC2PR         equ	3781	;# 
   316     0EC5                     PSMC2PRL        equ	3781	;# 
   317     0EC6                     PSMC2PRH        equ	3782	;# 
   318     0EC7                     PSMC2TMR        equ	3783	;# 
   319     0EC7                     PSMC2TMRL       equ	3783	;# 
   320     0EC8                     PSMC2TMRH       equ	3784	;# 
   321     0EC9                     PSMC2DBR        equ	3785	;# 
   322     0ECA                     PSMC2DBF        equ	3786	;# 
   323     0ECB                     PSMC2BLKR       equ	3787	;# 
   324     0ECC                     PSMC2BLKF       equ	3788	;# 
   325     0ECD                     PSMC2FFA        equ	3789	;# 
   326     0ECE                     PSMC2STR0       equ	3790	;# 
   327     0ECF                     PSMC2STR1       equ	3791	;# 
   328     0ED1                     PSMC3CON        equ	3793	;# 
   329     0ED2                     PSMC3MDL        equ	3794	;# 
   330     0ED3                     PSMC3SYNC       equ	3795	;# 
   331     0ED4                     PSMC3CLK        equ	3796	;# 
   332     0ED5                     PSMC3OEN        equ	3797	;# 
   333     0ED6                     PSMC3POL        equ	3798	;# 
   334     0ED7                     PSMC3BLNK       equ	3799	;# 
   335     0ED8                     PSMC3REBS       equ	3800	;# 
   336     0ED9                     PSMC3FEBS       equ	3801	;# 
   337     0EDA                     PSMC3PHS        equ	3802	;# 
   338     0EDB                     PSMC3DCS        equ	3803	;# 
   339     0EDC                     PSMC3PRS        equ	3804	;# 
   340     0EDD                     PSMC3ASDC       equ	3805	;# 
   341     0EDE                     PSMC3ASDL       equ	3806	;# 
   342     0EDF                     PSMC3ASDS       equ	3807	;# 
   343     0EE0                     PSMC3INT        equ	3808	;# 
   344     0EE1                     PSMC3PH         equ	3809	;# 
   345     0EE1                     PSMC3PHL        equ	3809	;# 
   346     0EE2                     PSMC3PHH        equ	3810	;# 
   347     0EE3                     PSMC3DC         equ	3811	;# 
   348     0EE3                     PSMC3DCL        equ	3811	;# 
   349     0EE4                     PSMC3DCH        equ	3812	;# 
   350     0EE5                     PSMC3PR         equ	3813	;# 
   351     0EE5                     PSMC3PRL        equ	3813	;# 
   352     0EE6                     PSMC3PRH        equ	3814	;# 
   353     0EE7                     PSMC3TMR        equ	3815	;# 
   354     0EE7                     PSMC3TMRL       equ	3815	;# 
   355     0EE8                     PSMC3TMRH       equ	3816	;# 
   356     0EE9                     PSMC3DBR        equ	3817	;# 
   357     0EEA                     PSMC3DBF        equ	3818	;# 
   358     0EEB                     PSMC3BLKR       equ	3819	;# 
   359     0EEC                     PSMC3BLKF       equ	3820	;# 
   360     0EED                     PSMC3FFA        equ	3821	;# 
   361     0EEE                     PSMC3STR0       equ	3822	;# 
   362     0EEF                     PSMC3STR1       equ	3823	;# 
   363     0F11                     PSMC4CON        equ	3857	;# 
   364     0F12                     PSMC4MDL        equ	3858	;# 
   365     0F13                     PSMC4SYNC       equ	3859	;# 
   366     0F14                     PSMC4CLK        equ	3860	;# 
   367     0F15                     PSMC4OEN        equ	3861	;# 
   368     0F16                     PSMC4POL        equ	3862	;# 
   369     0F17                     PSMC4BLNK       equ	3863	;# 
   370     0F18                     PSMC4REBS       equ	3864	;# 
   371     0F19                     PSMC4FEBS       equ	3865	;# 
   372     0F1A                     PSMC4PHS        equ	3866	;# 
   373     0F1B                     PSMC4DCS        equ	3867	;# 
   374     0F1C                     PSMC4PRS        equ	3868	;# 
   375     0F1D                     PSMC4ASDC       equ	3869	;# 
   376     0F1E                     PSMC4ASDL       equ	3870	;# 
   377     0F1F                     PSMC4ASDS       equ	3871	;# 
   378     0F20                     PSMC4INT        equ	3872	;# 
   379     0F21                     PSMC4PH         equ	3873	;# 
   380     0F21                     PSMC4PHL        equ	3873	;# 
   381     0F22                     PSMC4PHH        equ	3874	;# 
   382     0F23                     PSMC4DC         equ	3875	;# 
   383     0F23                     PSMC4DCL        equ	3875	;# 
   384     0F24                     PSMC4DCH        equ	3876	;# 
   385     0F25                     PSMC4PR         equ	3877	;# 
   386     0F25                     PSMC4PRL        equ	3877	;# 
   387     0F26                     PSMC4PRH        equ	3878	;# 
   388     0F27                     PSMC4TMR        equ	3879	;# 
   389     0F27                     PSMC4TMRL       equ	3879	;# 
   390     0F28                     PSMC4TMRH       equ	3880	;# 
   391     0F29                     PSMC4DBR        equ	3881	;# 
   392     0F2A                     PSMC4DBF        equ	3882	;# 
   393     0F2B                     PSMC4BLKR       equ	3883	;# 
   394     0F2C                     PSMC4BLKF       equ	3884	;# 
   395     0F2D                     PSMC4FFA        equ	3885	;# 
   396     0F2E                     PSMC4STR0       equ	3886	;# 
   397     0F2F                     PSMC4STR1       equ	3887	;# 
   398     0FE4                     STATUS_SHAD     equ	4068	;# 
   399     0FE5                     WREG_SHAD       equ	4069	;# 
   400     0FE6                     BSR_SHAD        equ	4070	;# 
   401     0FE7                     PCLATH_SHAD     equ	4071	;# 
   402     0FE8                     FSR0L_SHAD      equ	4072	;# 
   403     0FE9                     FSR0H_SHAD      equ	4073	;# 
   404     0FEA                     FSR1L_SHAD      equ	4074	;# 
   405     0FEB                     FSR1H_SHAD      equ	4075	;# 
   406     0FED                     STKPTR          equ	4077	;# 
   407     0FEE                     TOSL            equ	4078	;# 
   408     0FEF                     TOSH            equ	4079	;# 
   409     0000                     INDF0           equ	0	;# 
   410     0001                     INDF1           equ	1	;# 
   411     0002                     PCL             equ	2	;# 
   412     0003                     STATUS          equ	3	;# 
   413     0004                     FSR0L           equ	4	;# 
   414     0005                     FSR0H           equ	5	;# 
   415     0006                     FSR1L           equ	6	;# 
   416     0007                     FSR1H           equ	7	;# 
   417     0008                     BSR             equ	8	;# 
   418     0009                     WREG            equ	9	;# 
   419     000A                     PCLATH          equ	10	;# 
   420     000B                     INTCON          equ	11	;# 
   421     000C                     PORTA           equ	12	;# 
   422     000D                     PORTB           equ	13	;# 
   423     000E                     PORTC           equ	14	;# 
   424     0010                     PORTE           equ	16	;# 
   425     0011                     PIR1            equ	17	;# 
   426     0012                     PIR2            equ	18	;# 
   427     0013                     PIR3            equ	19	;# 
   428     0014                     PIR4            equ	20	;# 
   429     0015                     TMR0            equ	21	;# 
   430     0016                     TMR1            equ	22	;# 
   431     0016                     TMR1L           equ	22	;# 
   432     0017                     TMR1H           equ	23	;# 
   433     0018                     T1CON           equ	24	;# 
   434     0019                     T1GCON          equ	25	;# 
   435     001A                     TMR2            equ	26	;# 
   436     001B                     PR2             equ	27	;# 
   437     001C                     T2CON           equ	28	;# 
   438     008C                     TRISA           equ	140	;# 
   439     008D                     TRISB           equ	141	;# 
   440     008E                     TRISC           equ	142	;# 
   441     0090                     TRISE           equ	144	;# 
   442     0091                     PIE1            equ	145	;# 
   443     0092                     PIE2            equ	146	;# 
   444     0093                     PIE3            equ	147	;# 
   445     0094                     PIE4            equ	148	;# 
   446     0095                     OPTION_REG      equ	149	;# 
   447     0096                     PCON            equ	150	;# 
   448     0097                     WDTCON          equ	151	;# 
   449     0098                     OSCTUNE         equ	152	;# 
   450     0099                     OSCCON          equ	153	;# 
   451     009A                     OSCSTAT         equ	154	;# 
   452     009B                     ADRES           equ	155	;# 
   453     009B                     ADRESL          equ	155	;# 
   454     009C                     ADRESH          equ	156	;# 
   455     009D                     ADCON0          equ	157	;# 
   456     009E                     ADCON1          equ	158	;# 
   457     009F                     ADCON2          equ	159	;# 
   458     010C                     LATA            equ	268	;# 
   459     010D                     LATB            equ	269	;# 
   460     010E                     LATC            equ	270	;# 
   461     0111                     CM1CON0         equ	273	;# 
   462     0112                     CM1CON1         equ	274	;# 
   463     0113                     CM2CON0         equ	275	;# 
   464     0114                     CM2CON1         equ	276	;# 
   465     0115                     CMOUT           equ	277	;# 
   466     0116                     BORCON          equ	278	;# 
   467     0117                     FVRCON          equ	279	;# 
   468     0118                     DAC1CON0        equ	280	;# 
   469     0119                     DAC1CON1        equ	281	;# 
   470     011A                     CM4CON0         equ	282	;# 
   471     011B                     CM4CON1         equ	283	;# 
   472     011C                     APFCON2         equ	284	;# 
   473     011D                     APFCON1         equ	285	;# 
   474     011D                     APFCON0         equ	285	;# 
   475     011D                     APFCON          equ	285	;# 
   476     011E                     CM3CON0         equ	286	;# 
   477     011F                     CM3CON1         equ	287	;# 
   478     018C                     ANSELA          equ	396	;# 
   479     018D                     ANSELB          equ	397	;# 
   480     018E                     ANSELC          equ	398	;# 
   481     0191                     EEADR           equ	401	;# 
   482     0191                     EEADRL          equ	401	;# 
   483     0192                     EEADRH          equ	402	;# 
   484     0193                     EEDAT           equ	403	;# 
   485     0193                     EEDATL          equ	403	;# 
   486     0193                     EEDATA          equ	403	;# 
   487     0194                     EEDATH          equ	404	;# 
   488     0195                     EECON1          equ	405	;# 
   489     0196                     EECON2          equ	406	;# 
   490     0197                     VREGCON         equ	407	;# 
   491     0199                     RC1REG          equ	409	;# 
   492     0199                     RCREG           equ	409	;# 
   493     0199                     RCREG1          equ	409	;# 
   494     019A                     TX1REG          equ	410	;# 
   495     019A                     TXREG1          equ	410	;# 
   496     019A                     TXREG           equ	410	;# 
   497     019B                     SP1BRG          equ	411	;# 
   498     019B                     SPBRG           equ	411	;# 
   499     019B                     SP1BRGL         equ	411	;# 
   500     019B                     SPBRG1          equ	411	;# 
   501     019B                     SPBRGL          equ	411	;# 
   502     019C                     SP1BRGH         equ	412	;# 
   503     019C                     SPBRGH          equ	412	;# 
   504     019C                     SPBRGH1         equ	412	;# 
   505     019D                     RC1STA          equ	413	;# 
   506     019D                     RCSTA1          equ	413	;# 
   507     019D                     RCSTA           equ	413	;# 
   508     019E                     TX1STA          equ	414	;# 
   509     019E                     TXSTA1          equ	414	;# 
   510     019E                     TXSTA           equ	414	;# 
   511     019F                     BAUD1CON        equ	415	;# 
   512     019F                     BAUDCON1        equ	415	;# 
   513     019F                     BAUDCTL1        equ	415	;# 
   514     019F                     BAUDCON         equ	415	;# 
   515     019F                     BAUDCTL         equ	415	;# 
   516     020C                     WPUA            equ	524	;# 
   517     020D                     WPUB            equ	525	;# 
   518     020E                     WPUC            equ	526	;# 
   519     0210                     WPUE            equ	528	;# 
   520     0211                     SSP1BUF         equ	529	;# 
   521     0211                     SSPBUF          equ	529	;# 
   522     0212                     SSP1ADD         equ	530	;# 
   523     0212                     SSPADD          equ	530	;# 
   524     0213                     SSP1MSK         equ	531	;# 
   525     0213                     SSPMSK          equ	531	;# 
   526     0214                     SSP1STAT        equ	532	;# 
   527     0214                     SSPSTAT         equ	532	;# 
   528     0215                     SSP1CON1        equ	533	;# 
   529     0215                     SSPCON          equ	533	;# 
   530     0215                     SSPCON1         equ	533	;# 
   531     0215                     SSP1CON         equ	533	;# 
   532     0216                     SSP1CON2        equ	534	;# 
   533     0216                     SSPCON2         equ	534	;# 
   534     0217                     SSP1CON3        equ	535	;# 
   535     0217                     SSPCON3         equ	535	;# 
   536     028C                     ODCONA          equ	652	;# 
   537     028D                     ODCONB          equ	653	;# 
   538     028E                     ODCONC          equ	654	;# 
   539     0291                     CCPR1           equ	657	;# 
   540     0291                     CCPR1L          equ	657	;# 
   541     0292                     CCPR1H          equ	658	;# 
   542     0293                     CCP1CON         equ	659	;# 
   543     0298                     CCPR2           equ	664	;# 
   544     0298                     CCPR2L          equ	664	;# 
   545     0299                     CCPR2H          equ	665	;# 
   546     029A                     CCP2CON         equ	666	;# 
   547     030C                     SLRCONA         equ	780	;# 
   548     030D                     SLRCONB         equ	781	;# 
   549     030E                     SLRCONC         equ	782	;# 
   550     0311                     CCPR3           equ	785	;# 
   551     0311                     CCPR3L          equ	785	;# 
   552     0312                     CCPR3H          equ	786	;# 
   553     0313                     CCP3CON         equ	787	;# 
   554     038C                     INLVLA          equ	908	;# 
   555     038D                     INLVLB          equ	909	;# 
   556     038E                     INLVLC          equ	910	;# 
   557     0390                     INLVLE          equ	912	;# 
   558     0391                     IOCAP           equ	913	;# 
   559     0392                     IOCAN           equ	914	;# 
   560     0393                     IOCAF           equ	915	;# 
   561     0394                     IOCBP           equ	916	;# 
   562     0395                     IOCBN           equ	917	;# 
   563     0396                     IOCBF           equ	918	;# 
   564     0397                     IOCCP           equ	919	;# 
   565     0398                     IOCCN           equ	920	;# 
   566     0399                     IOCCF           equ	921	;# 
   567     039D                     IOCEP           equ	925	;# 
   568     039E                     IOCEN           equ	926	;# 
   569     039F                     IOCEF           equ	927	;# 
   570     0511                     OPA1CON         equ	1297	;# 
   571     0513                     OPA2CON         equ	1299	;# 
   572     051A                     CLKRCON         equ	1306	;# 
   573     0591                     DAC2CON0        equ	1425	;# 
   574     0592                     DAC2REF         equ	1426	;# 
   575     0592                     DAC2CON1        equ	1426	;# 
   576     0593                     DAC3CON0        equ	1427	;# 
   577     0594                     DAC3REF         equ	1428	;# 
   578     0594                     DAC3CON1        equ	1428	;# 
   579     0595                     DAC4CON0        equ	1429	;# 
   580     0596                     DAC4REF         equ	1430	;# 
   581     0596                     DAC4CON1        equ	1430	;# 
   582     0E91                     PSMC1CON        equ	3729	;# 
   583     0E92                     PSMC1MDL        equ	3730	;# 
   584     0E93                     PSMC1SYNC       equ	3731	;# 
   585     0E94                     PSMC1CLK        equ	3732	;# 
   586     0E95                     PSMC1OEN        equ	3733	;# 
   587     0E96                     PSMC1POL        equ	3734	;# 
   588     0E97                     PSMC1BLNK       equ	3735	;# 
   589     0E98                     PSMC1REBS       equ	3736	;# 
   590     0E99                     PSMC1FEBS       equ	3737	;# 
   591     0E9A                     PSMC1PHS        equ	3738	;# 
   592     0E9B                     PSMC1DCS        equ	3739	;# 
   593     0E9C                     PSMC1PRS        equ	3740	;# 
   594     0E9D                     PSMC1ASDC       equ	3741	;# 
   595     0E9E                     PSMC1ASDL       equ	3742	;# 
   596     0E9F                     PSMC1ASDS       equ	3743	;# 
   597     0EA0                     PSMC1INT        equ	3744	;# 
   598     0EA1                     PSMC1PH         equ	3745	;# 
   599     0EA1                     PSMC1PHL        equ	3745	;# 
   600     0EA2                     PSMC1PHH        equ	3746	;# 
   601     0EA3                     PSMC1DC         equ	3747	;# 
   602     0EA3                     PSMC1DCL        equ	3747	;# 
   603     0EA4                     PSMC1DCH        equ	3748	;# 
   604     0EA5                     PSMC1PR         equ	3749	;# 
   605     0EA5                     PSMC1PRL        equ	3749	;# 
   606     0EA6                     PSMC1PRH        equ	3750	;# 
   607     0EA7                     PSMC1TMR        equ	3751	;# 
   608     0EA7                     PSMC1TMRL       equ	3751	;# 
   609     0EA8                     PSMC1TMRH       equ	3752	;# 
   610     0EA9                     PSMC1DBR        equ	3753	;# 
   611     0EAA                     PSMC1DBF        equ	3754	;# 
   612     0EAB                     PSMC1BLKR       equ	3755	;# 
   613     0EAC                     PSMC1BLKF       equ	3756	;# 
   614     0EAD                     PSMC1FFA        equ	3757	;# 
   615     0EAE                     PSMC1STR0       equ	3758	;# 
   616     0EAF                     PSMC1STR1       equ	3759	;# 
   617     0EB1                     PSMC2CON        equ	3761	;# 
   618     0EB2                     PSMC2MDL        equ	3762	;# 
   619     0EB3                     PSMC2SYNC       equ	3763	;# 
   620     0EB4                     PSMC2CLK        equ	3764	;# 
   621     0EB5                     PSMC2OEN        equ	3765	;# 
   622     0EB6                     PSMC2POL        equ	3766	;# 
   623     0EB7                     PSMC2BLNK       equ	3767	;# 
   624     0EB8                     PSMC2REBS       equ	3768	;# 
   625     0EB9                     PSMC2FEBS       equ	3769	;# 
   626     0EBA                     PSMC2PHS        equ	3770	;# 
   627     0EBB                     PSMC2DCS        equ	3771	;# 
   628     0EBC                     PSMC2PRS        equ	3772	;# 
   629     0EBD                     PSMC2ASDC       equ	3773	;# 
   630     0EBE                     PSMC2ASDL       equ	3774	;# 
   631     0EBF                     PSMC2ASDS       equ	3775	;# 
   632     0EC0                     PSMC2INT        equ	3776	;# 
   633     0EC1                     PSMC2PH         equ	3777	;# 
   634     0EC1                     PSMC2PHL        equ	3777	;# 
   635     0EC2                     PSMC2PHH        equ	3778	;# 
   636     0EC3                     PSMC2DC         equ	3779	;# 
   637     0EC3                     PSMC2DCL        equ	3779	;# 
   638     0EC4                     PSMC2DCH        equ	3780	;# 
   639     0EC5                     PSMC2PR         equ	3781	;# 
   640     0EC5                     PSMC2PRL        equ	3781	;# 
   641     0EC6                     PSMC2PRH        equ	3782	;# 
   642     0EC7                     PSMC2TMR        equ	3783	;# 
   643     0EC7                     PSMC2TMRL       equ	3783	;# 
   644     0EC8                     PSMC2TMRH       equ	3784	;# 
   645     0EC9                     PSMC2DBR        equ	3785	;# 
   646     0ECA                     PSMC2DBF        equ	3786	;# 
   647     0ECB                     PSMC2BLKR       equ	3787	;# 
   648     0ECC                     PSMC2BLKF       equ	3788	;# 
   649     0ECD                     PSMC2FFA        equ	3789	;# 
   650     0ECE                     PSMC2STR0       equ	3790	;# 
   651     0ECF                     PSMC2STR1       equ	3791	;# 
   652     0ED1                     PSMC3CON        equ	3793	;# 
   653     0ED2                     PSMC3MDL        equ	3794	;# 
   654     0ED3                     PSMC3SYNC       equ	3795	;# 
   655     0ED4                     PSMC3CLK        equ	3796	;# 
   656     0ED5                     PSMC3OEN        equ	3797	;# 
   657     0ED6                     PSMC3POL        equ	3798	;# 
   658     0ED7                     PSMC3BLNK       equ	3799	;# 
   659     0ED8                     PSMC3REBS       equ	3800	;# 
   660     0ED9                     PSMC3FEBS       equ	3801	;# 
   661     0EDA                     PSMC3PHS        equ	3802	;# 
   662     0EDB                     PSMC3DCS        equ	3803	;# 
   663     0EDC                     PSMC3PRS        equ	3804	;# 
   664     0EDD                     PSMC3ASDC       equ	3805	;# 
   665     0EDE                     PSMC3ASDL       equ	3806	;# 
   666     0EDF                     PSMC3ASDS       equ	3807	;# 
   667     0EE0                     PSMC3INT        equ	3808	;# 
   668     0EE1                     PSMC3PH         equ	3809	;# 
   669     0EE1                     PSMC3PHL        equ	3809	;# 
   670     0EE2                     PSMC3PHH        equ	3810	;# 
   671     0EE3                     PSMC3DC         equ	3811	;# 
   672     0EE3                     PSMC3DCL        equ	3811	;# 
   673     0EE4                     PSMC3DCH        equ	3812	;# 
   674     0EE5                     PSMC3PR         equ	3813	;# 
   675     0EE5                     PSMC3PRL        equ	3813	;# 
   676     0EE6                     PSMC3PRH        equ	3814	;# 
   677     0EE7                     PSMC3TMR        equ	3815	;# 
   678     0EE7                     PSMC3TMRL       equ	3815	;# 
   679     0EE8                     PSMC3TMRH       equ	3816	;# 
   680     0EE9                     PSMC3DBR        equ	3817	;# 
   681     0EEA                     PSMC3DBF        equ	3818	;# 
   682     0EEB                     PSMC3BLKR       equ	3819	;# 
   683     0EEC                     PSMC3BLKF       equ	3820	;# 
   684     0EED                     PSMC3FFA        equ	3821	;# 
   685     0EEE                     PSMC3STR0       equ	3822	;# 
   686     0EEF                     PSMC3STR1       equ	3823	;# 
   687     0F11                     PSMC4CON        equ	3857	;# 
   688     0F12                     PSMC4MDL        equ	3858	;# 
   689     0F13                     PSMC4SYNC       equ	3859	;# 
   690     0F14                     PSMC4CLK        equ	3860	;# 
   691     0F15                     PSMC4OEN        equ	3861	;# 
   692     0F16                     PSMC4POL        equ	3862	;# 
   693     0F17                     PSMC4BLNK       equ	3863	;# 
   694     0F18                     PSMC4REBS       equ	3864	;# 
   695     0F19                     PSMC4FEBS       equ	3865	;# 
   696     0F1A                     PSMC4PHS        equ	3866	;# 
   697     0F1B                     PSMC4DCS        equ	3867	;# 
   698     0F1C                     PSMC4PRS        equ	3868	;# 
   699     0F1D                     PSMC4ASDC       equ	3869	;# 
   700     0F1E                     PSMC4ASDL       equ	3870	;# 
   701     0F1F                     PSMC4ASDS       equ	3871	;# 
   702     0F20                     PSMC4INT        equ	3872	;# 
   703     0F21                     PSMC4PH         equ	3873	;# 
   704     0F21                     PSMC4PHL        equ	3873	;# 
   705     0F22                     PSMC4PHH        equ	3874	;# 
   706     0F23                     PSMC4DC         equ	3875	;# 
   707     0F23                     PSMC4DCL        equ	3875	;# 
   708     0F24                     PSMC4DCH        equ	3876	;# 
   709     0F25                     PSMC4PR         equ	3877	;# 
   710     0F25                     PSMC4PRL        equ	3877	;# 
   711     0F26                     PSMC4PRH        equ	3878	;# 
   712     0F27                     PSMC4TMR        equ	3879	;# 
   713     0F27                     PSMC4TMRL       equ	3879	;# 
   714     0F28                     PSMC4TMRH       equ	3880	;# 
   715     0F29                     PSMC4DBR        equ	3881	;# 
   716     0F2A                     PSMC4DBF        equ	3882	;# 
   717     0F2B                     PSMC4BLKR       equ	3883	;# 
   718     0F2C                     PSMC4BLKF       equ	3884	;# 
   719     0F2D                     PSMC4FFA        equ	3885	;# 
   720     0F2E                     PSMC4STR0       equ	3886	;# 
   721     0F2F                     PSMC4STR1       equ	3887	;# 
   722     0FE4                     STATUS_SHAD     equ	4068	;# 
   723     0FE5                     WREG_SHAD       equ	4069	;# 
   724     0FE6                     BSR_SHAD        equ	4070	;# 
   725     0FE7                     PCLATH_SHAD     equ	4071	;# 
   726     0FE8                     FSR0L_SHAD      equ	4072	;# 
   727     0FE9                     FSR0H_SHAD      equ	4073	;# 
   728     0FEA                     FSR1L_SHAD      equ	4074	;# 
   729     0FEB                     FSR1H_SHAD      equ	4075	;# 
   730     0FED                     STKPTR          equ	4077	;# 
   731     0FEE                     TOSL            equ	4078	;# 
   732     0FEF                     TOSH            equ	4079	;# 
   733     0000                     INDF0           equ	0	;# 
   734     0001                     INDF1           equ	1	;# 
   735     0002                     PCL             equ	2	;# 
   736     0003                     STATUS          equ	3	;# 
   737     0004                     FSR0L           equ	4	;# 
   738     0005                     FSR0H           equ	5	;# 
   739     0006                     FSR1L           equ	6	;# 
   740     0007                     FSR1H           equ	7	;# 
   741     0008                     BSR             equ	8	;# 
   742     0009                     WREG            equ	9	;# 
   743     000A                     PCLATH          equ	10	;# 
   744     000B                     INTCON          equ	11	;# 
   745     000C                     PORTA           equ	12	;# 
   746     000D                     PORTB           equ	13	;# 
   747     000E                     PORTC           equ	14	;# 
   748     0010                     PORTE           equ	16	;# 
   749     0011                     PIR1            equ	17	;# 
   750     0012                     PIR2            equ	18	;# 
   751     0013                     PIR3            equ	19	;# 
   752     0014                     PIR4            equ	20	;# 
   753     0015                     TMR0            equ	21	;# 
   754     0016                     TMR1            equ	22	;# 
   755     0016                     TMR1L           equ	22	;# 
   756     0017                     TMR1H           equ	23	;# 
   757     0018                     T1CON           equ	24	;# 
   758     0019                     T1GCON          equ	25	;# 
   759     001A                     TMR2            equ	26	;# 
   760     001B                     PR2             equ	27	;# 
   761     001C                     T2CON           equ	28	;# 
   762     008C                     TRISA           equ	140	;# 
   763     008D                     TRISB           equ	141	;# 
   764     008E                     TRISC           equ	142	;# 
   765     0090                     TRISE           equ	144	;# 
   766     0091                     PIE1            equ	145	;# 
   767     0092                     PIE2            equ	146	;# 
   768     0093                     PIE3            equ	147	;# 
   769     0094                     PIE4            equ	148	;# 
   770     0095                     OPTION_REG      equ	149	;# 
   771     0096                     PCON            equ	150	;# 
   772     0097                     WDTCON          equ	151	;# 
   773     0098                     OSCTUNE         equ	152	;# 
   774     0099                     OSCCON          equ	153	;# 
   775     009A                     OSCSTAT         equ	154	;# 
   776     009B                     ADRES           equ	155	;# 
   777     009B                     ADRESL          equ	155	;# 
   778     009C                     ADRESH          equ	156	;# 
   779     009D                     ADCON0          equ	157	;# 
   780     009E                     ADCON1          equ	158	;# 
   781     009F                     ADCON2          equ	159	;# 
   782     010C                     LATA            equ	268	;# 
   783     010D                     LATB            equ	269	;# 
   784     010E                     LATC            equ	270	;# 
   785     0111                     CM1CON0         equ	273	;# 
   786     0112                     CM1CON1         equ	274	;# 
   787     0113                     CM2CON0         equ	275	;# 
   788     0114                     CM2CON1         equ	276	;# 
   789     0115                     CMOUT           equ	277	;# 
   790     0116                     BORCON          equ	278	;# 
   791     0117                     FVRCON          equ	279	;# 
   792     0118                     DAC1CON0        equ	280	;# 
   793     0119                     DAC1CON1        equ	281	;# 
   794     011A                     CM4CON0         equ	282	;# 
   795     011B                     CM4CON1         equ	283	;# 
   796     011C                     APFCON2         equ	284	;# 
   797     011D                     APFCON1         equ	285	;# 
   798     011D                     APFCON0         equ	285	;# 
   799     011D                     APFCON          equ	285	;# 
   800     011E                     CM3CON0         equ	286	;# 
   801     011F                     CM3CON1         equ	287	;# 
   802     018C                     ANSELA          equ	396	;# 
   803     018D                     ANSELB          equ	397	;# 
   804     018E                     ANSELC          equ	398	;# 
   805     0191                     EEADR           equ	401	;# 
   806     0191                     EEADRL          equ	401	;# 
   807     0192                     EEADRH          equ	402	;# 
   808     0193                     EEDAT           equ	403	;# 
   809     0193                     EEDATL          equ	403	;# 
   810     0193                     EEDATA          equ	403	;# 
   811     0194                     EEDATH          equ	404	;# 
   812     0195                     EECON1          equ	405	;# 
   813     0196                     EECON2          equ	406	;# 
   814     0197                     VREGCON         equ	407	;# 
   815     0199                     RC1REG          equ	409	;# 
   816     0199                     RCREG           equ	409	;# 
   817     0199                     RCREG1          equ	409	;# 
   818     019A                     TX1REG          equ	410	;# 
   819     019A                     TXREG1          equ	410	;# 
   820     019A                     TXREG           equ	410	;# 
   821     019B                     SP1BRG          equ	411	;# 
   822     019B                     SPBRG           equ	411	;# 
   823     019B                     SP1BRGL         equ	411	;# 
   824     019B                     SPBRG1          equ	411	;# 
   825     019B                     SPBRGL          equ	411	;# 
   826     019C                     SP1BRGH         equ	412	;# 
   827     019C                     SPBRGH          equ	412	;# 
   828     019C                     SPBRGH1         equ	412	;# 
   829     019D                     RC1STA          equ	413	;# 
   830     019D                     RCSTA1          equ	413	;# 
   831     019D                     RCSTA           equ	413	;# 
   832     019E                     TX1STA          equ	414	;# 
   833     019E                     TXSTA1          equ	414	;# 
   834     019E                     TXSTA           equ	414	;# 
   835     019F                     BAUD1CON        equ	415	;# 
   836     019F                     BAUDCON1        equ	415	;# 
   837     019F                     BAUDCTL1        equ	415	;# 
   838     019F                     BAUDCON         equ	415	;# 
   839     019F                     BAUDCTL         equ	415	;# 
   840     020C                     WPUA            equ	524	;# 
   841     020D                     WPUB            equ	525	;# 
   842     020E                     WPUC            equ	526	;# 
   843     0210                     WPUE            equ	528	;# 
   844     0211                     SSP1BUF         equ	529	;# 
   845     0211                     SSPBUF          equ	529	;# 
   846     0212                     SSP1ADD         equ	530	;# 
   847     0212                     SSPADD          equ	530	;# 
   848     0213                     SSP1MSK         equ	531	;# 
   849     0213                     SSPMSK          equ	531	;# 
   850     0214                     SSP1STAT        equ	532	;# 
   851     0214                     SSPSTAT         equ	532	;# 
   852     0215                     SSP1CON1        equ	533	;# 
   853     0215                     SSPCON          equ	533	;# 
   854     0215                     SSPCON1         equ	533	;# 
   855     0215                     SSP1CON         equ	533	;# 
   856     0216                     SSP1CON2        equ	534	;# 
   857     0216                     SSPCON2         equ	534	;# 
   858     0217                     SSP1CON3        equ	535	;# 
   859     0217                     SSPCON3         equ	535	;# 
   860     028C                     ODCONA          equ	652	;# 
   861     028D                     ODCONB          equ	653	;# 
   862     028E                     ODCONC          equ	654	;# 
   863     0291                     CCPR1           equ	657	;# 
   864     0291                     CCPR1L          equ	657	;# 
   865     0292                     CCPR1H          equ	658	;# 
   866     0293                     CCP1CON         equ	659	;# 
   867     0298                     CCPR2           equ	664	;# 
   868     0298                     CCPR2L          equ	664	;# 
   869     0299                     CCPR2H          equ	665	;# 
   870     029A                     CCP2CON         equ	666	;# 
   871     030C                     SLRCONA         equ	780	;# 
   872     030D                     SLRCONB         equ	781	;# 
   873     030E                     SLRCONC         equ	782	;# 
   874     0311                     CCPR3           equ	785	;# 
   875     0311                     CCPR3L          equ	785	;# 
   876     0312                     CCPR3H          equ	786	;# 
   877     0313                     CCP3CON         equ	787	;# 
   878     038C                     INLVLA          equ	908	;# 
   879     038D                     INLVLB          equ	909	;# 
   880     038E                     INLVLC          equ	910	;# 
   881     0390                     INLVLE          equ	912	;# 
   882     0391                     IOCAP           equ	913	;# 
   883     0392                     IOCAN           equ	914	;# 
   884     0393                     IOCAF           equ	915	;# 
   885     0394                     IOCBP           equ	916	;# 
   886     0395                     IOCBN           equ	917	;# 
   887     0396                     IOCBF           equ	918	;# 
   888     0397                     IOCCP           equ	919	;# 
   889     0398                     IOCCN           equ	920	;# 
   890     0399                     IOCCF           equ	921	;# 
   891     039D                     IOCEP           equ	925	;# 
   892     039E                     IOCEN           equ	926	;# 
   893     039F                     IOCEF           equ	927	;# 
   894     0511                     OPA1CON         equ	1297	;# 
   895     0513                     OPA2CON         equ	1299	;# 
   896     051A                     CLKRCON         equ	1306	;# 
   897     0591                     DAC2CON0        equ	1425	;# 
   898     0592                     DAC2REF         equ	1426	;# 
   899     0592                     DAC2CON1        equ	1426	;# 
   900     0593                     DAC3CON0        equ	1427	;# 
   901     0594                     DAC3REF         equ	1428	;# 
   902     0594                     DAC3CON1        equ	1428	;# 
   903     0595                     DAC4CON0        equ	1429	;# 
   904     0596                     DAC4REF         equ	1430	;# 
   905     0596                     DAC4CON1        equ	1430	;# 
   906     0E91                     PSMC1CON        equ	3729	;# 
   907     0E92                     PSMC1MDL        equ	3730	;# 
   908     0E93                     PSMC1SYNC       equ	3731	;# 
   909     0E94                     PSMC1CLK        equ	3732	;# 
   910     0E95                     PSMC1OEN        equ	3733	;# 
   911     0E96                     PSMC1POL        equ	3734	;# 
   912     0E97                     PSMC1BLNK       equ	3735	;# 
   913     0E98                     PSMC1REBS       equ	3736	;# 
   914     0E99                     PSMC1FEBS       equ	3737	;# 
   915     0E9A                     PSMC1PHS        equ	3738	;# 
   916     0E9B                     PSMC1DCS        equ	3739	;# 
   917     0E9C                     PSMC1PRS        equ	3740	;# 
   918     0E9D                     PSMC1ASDC       equ	3741	;# 
   919     0E9E                     PSMC1ASDL       equ	3742	;# 
   920     0E9F                     PSMC1ASDS       equ	3743	;# 
   921     0EA0                     PSMC1INT        equ	3744	;# 
   922     0EA1                     PSMC1PH         equ	3745	;# 
   923     0EA1                     PSMC1PHL        equ	3745	;# 
   924     0EA2                     PSMC1PHH        equ	3746	;# 
   925     0EA3                     PSMC1DC         equ	3747	;# 
   926     0EA3                     PSMC1DCL        equ	3747	;# 
   927     0EA4                     PSMC1DCH        equ	3748	;# 
   928     0EA5                     PSMC1PR         equ	3749	;# 
   929     0EA5                     PSMC1PRL        equ	3749	;# 
   930     0EA6                     PSMC1PRH        equ	3750	;# 
   931     0EA7                     PSMC1TMR        equ	3751	;# 
   932     0EA7                     PSMC1TMRL       equ	3751	;# 
   933     0EA8                     PSMC1TMRH       equ	3752	;# 
   934     0EA9                     PSMC1DBR        equ	3753	;# 
   935     0EAA                     PSMC1DBF        equ	3754	;# 
   936     0EAB                     PSMC1BLKR       equ	3755	;# 
   937     0EAC                     PSMC1BLKF       equ	3756	;# 
   938     0EAD                     PSMC1FFA        equ	3757	;# 
   939     0EAE                     PSMC1STR0       equ	3758	;# 
   940     0EAF                     PSMC1STR1       equ	3759	;# 
   941     0EB1                     PSMC2CON        equ	3761	;# 
   942     0EB2                     PSMC2MDL        equ	3762	;# 
   943     0EB3                     PSMC2SYNC       equ	3763	;# 
   944     0EB4                     PSMC2CLK        equ	3764	;# 
   945     0EB5                     PSMC2OEN        equ	3765	;# 
   946     0EB6                     PSMC2POL        equ	3766	;# 
   947     0EB7                     PSMC2BLNK       equ	3767	;# 
   948     0EB8                     PSMC2REBS       equ	3768	;# 
   949     0EB9                     PSMC2FEBS       equ	3769	;# 
   950     0EBA                     PSMC2PHS        equ	3770	;# 
   951     0EBB                     PSMC2DCS        equ	3771	;# 
   952     0EBC                     PSMC2PRS        equ	3772	;# 
   953     0EBD                     PSMC2ASDC       equ	3773	;# 
   954     0EBE                     PSMC2ASDL       equ	3774	;# 
   955     0EBF                     PSMC2ASDS       equ	3775	;# 
   956     0EC0                     PSMC2INT        equ	3776	;# 
   957     0EC1                     PSMC2PH         equ	3777	;# 
   958     0EC1                     PSMC2PHL        equ	3777	;# 
   959     0EC2                     PSMC2PHH        equ	3778	;# 
   960     0EC3                     PSMC2DC         equ	3779	;# 
   961     0EC3                     PSMC2DCL        equ	3779	;# 
   962     0EC4                     PSMC2DCH        equ	3780	;# 
   963     0EC5                     PSMC2PR         equ	3781	;# 
   964     0EC5                     PSMC2PRL        equ	3781	;# 
   965     0EC6                     PSMC2PRH        equ	3782	;# 
   966     0EC7                     PSMC2TMR        equ	3783	;# 
   967     0EC7                     PSMC2TMRL       equ	3783	;# 
   968     0EC8                     PSMC2TMRH       equ	3784	;# 
   969     0EC9                     PSMC2DBR        equ	3785	;# 
   970     0ECA                     PSMC2DBF        equ	3786	;# 
   971     0ECB                     PSMC2BLKR       equ	3787	;# 
   972     0ECC                     PSMC2BLKF       equ	3788	;# 
   973     0ECD                     PSMC2FFA        equ	3789	;# 
   974     0ECE                     PSMC2STR0       equ	3790	;# 
   975     0ECF                     PSMC2STR1       equ	3791	;# 
   976     0ED1                     PSMC3CON        equ	3793	;# 
   977     0ED2                     PSMC3MDL        equ	3794	;# 
   978     0ED3                     PSMC3SYNC       equ	3795	;# 
   979     0ED4                     PSMC3CLK        equ	3796	;# 
   980     0ED5                     PSMC3OEN        equ	3797	;# 
   981     0ED6                     PSMC3POL        equ	3798	;# 
   982     0ED7                     PSMC3BLNK       equ	3799	;# 
   983     0ED8                     PSMC3REBS       equ	3800	;# 
   984     0ED9                     PSMC3FEBS       equ	3801	;# 
   985     0EDA                     PSMC3PHS        equ	3802	;# 
   986     0EDB                     PSMC3DCS        equ	3803	;# 
   987     0EDC                     PSMC3PRS        equ	3804	;# 
   988     0EDD                     PSMC3ASDC       equ	3805	;# 
   989     0EDE                     PSMC3ASDL       equ	3806	;# 
   990     0EDF                     PSMC3ASDS       equ	3807	;# 
   991     0EE0                     PSMC3INT        equ	3808	;# 
   992     0EE1                     PSMC3PH         equ	3809	;# 
   993     0EE1                     PSMC3PHL        equ	3809	;# 
   994     0EE2                     PSMC3PHH        equ	3810	;# 
   995     0EE3                     PSMC3DC         equ	3811	;# 
   996     0EE3                     PSMC3DCL        equ	3811	;# 
   997     0EE4                     PSMC3DCH        equ	3812	;# 
   998     0EE5                     PSMC3PR         equ	3813	;# 
   999     0EE5                     PSMC3PRL        equ	3813	;# 
  1000     0EE6                     PSMC3PRH        equ	3814	;# 
  1001     0EE7                     PSMC3TMR        equ	3815	;# 
  1002     0EE7                     PSMC3TMRL       equ	3815	;# 
  1003     0EE8                     PSMC3TMRH       equ	3816	;# 
  1004     0EE9                     PSMC3DBR        equ	3817	;# 
  1005     0EEA                     PSMC3DBF        equ	3818	;# 
  1006     0EEB                     PSMC3BLKR       equ	3819	;# 
  1007     0EEC                     PSMC3BLKF       equ	3820	;# 
  1008     0EED                     PSMC3FFA        equ	3821	;# 
  1009     0EEE                     PSMC3STR0       equ	3822	;# 
  1010     0EEF                     PSMC3STR1       equ	3823	;# 
  1011     0F11                     PSMC4CON        equ	3857	;# 
  1012     0F12                     PSMC4MDL        equ	3858	;# 
  1013     0F13                     PSMC4SYNC       equ	3859	;# 
  1014     0F14                     PSMC4CLK        equ	3860	;# 
  1015     0F15                     PSMC4OEN        equ	3861	;# 
  1016     0F16                     PSMC4POL        equ	3862	;# 
  1017     0F17                     PSMC4BLNK       equ	3863	;# 
  1018     0F18                     PSMC4REBS       equ	3864	;# 
  1019     0F19                     PSMC4FEBS       equ	3865	;# 
  1020     0F1A                     PSMC4PHS        equ	3866	;# 
  1021     0F1B                     PSMC4DCS        equ	3867	;# 
  1022     0F1C                     PSMC4PRS        equ	3868	;# 
  1023     0F1D                     PSMC4ASDC       equ	3869	;# 
  1024     0F1E                     PSMC4ASDL       equ	3870	;# 
  1025     0F1F                     PSMC4ASDS       equ	3871	;# 
  1026     0F20                     PSMC4INT        equ	3872	;# 
  1027     0F21                     PSMC4PH         equ	3873	;# 
  1028     0F21                     PSMC4PHL        equ	3873	;# 
  1029     0F22                     PSMC4PHH        equ	3874	;# 
  1030     0F23                     PSMC4DC         equ	3875	;# 
  1031     0F23                     PSMC4DCL        equ	3875	;# 
  1032     0F24                     PSMC4DCH        equ	3876	;# 
  1033     0F25                     PSMC4PR         equ	3877	;# 
  1034     0F25                     PSMC4PRL        equ	3877	;# 
  1035     0F26                     PSMC4PRH        equ	3878	;# 
  1036     0F27                     PSMC4TMR        equ	3879	;# 
  1037     0F27                     PSMC4TMRL       equ	3879	;# 
  1038     0F28                     PSMC4TMRH       equ	3880	;# 
  1039     0F29                     PSMC4DBR        equ	3881	;# 
  1040     0F2A                     PSMC4DBF        equ	3882	;# 
  1041     0F2B                     PSMC4BLKR       equ	3883	;# 
  1042     0F2C                     PSMC4BLKF       equ	3884	;# 
  1043     0F2D                     PSMC4FFA        equ	3885	;# 
  1044     0F2E                     PSMC4STR0       equ	3886	;# 
  1045     0F2F                     PSMC4STR1       equ	3887	;# 
  1046     0FE4                     STATUS_SHAD     equ	4068	;# 
  1047     0FE5                     WREG_SHAD       equ	4069	;# 
  1048     0FE6                     BSR_SHAD        equ	4070	;# 
  1049     0FE7                     PCLATH_SHAD     equ	4071	;# 
  1050     0FE8                     FSR0L_SHAD      equ	4072	;# 
  1051     0FE9                     FSR0H_SHAD      equ	4073	;# 
  1052     0FEA                     FSR1L_SHAD      equ	4074	;# 
  1053     0FEB                     FSR1H_SHAD      equ	4075	;# 
  1054     0FED                     STKPTR          equ	4077	;# 
  1055     0FEE                     TOSL            equ	4078	;# 
  1056     0FEF                     TOSH            equ	4079	;# 
  1057                           
  1058                           	psect	stringtext1
  1059     00A4                     __pstringtext1:
  1060     00A4                     _cmd_table:
  1061     00A4  3400               	retlw	0
  1062     00A5  3400               	retlw	0
  1063     00A6  3480               	retlw	128
  1064     00A7  34DD               	retlw	221
  1065     00A8  347F               	retlw	127
  1066     00A9  348B               	retlw	139
  1067     00AA  340B               	retlw	11
  1068     00AB  3401               	retlw	1
  1069     00AC  3400               	retlw	0
  1070     00AD  3480               	retlw	128
  1071     00AE  3451               	retlw	81
  1072     00AF  347F               	retlw	127
  1073     00B0  344B               	retlw	75
  1074     00B1  346F               	retlw	111
  1075     00B2  3402               	retlw	2
  1076     00B3  3400               	retlw	0
  1077     00B4  3480               	retlw	128
  1078     00B5  3497               	retlw	151
  1079     00B6  347C               	retlw	124
  1080     00B7  34EA               	retlw	234
  1081     00B8  347C               	retlw	124
  1082     00B9  3403               	retlw	3
  1083     00BA  3400               	retlw	0
  1084     00BB  3480               	retlw	128
  1085     00BC  3423               	retlw	35
  1086     00BD  3480               	retlw	128
  1087     00BE  34AB               	retlw	171
  1088     00BF  340B               	retlw	11
  1089     00C0  3404               	retlw	4
  1090     00C1  3400               	retlw	0
  1091     00C2  3480               	retlw	128
  1092     00C3  34AF               	retlw	175
  1093     00C4  3480               	retlw	128
  1094     00C5  346B               	retlw	107
  1095     00C6  346F               	retlw	111
  1096     00C7  3405               	retlw	5
  1097     00C8  3400               	retlw	0
  1098     00C9  3480               	retlw	128
  1099     00CA  3469               	retlw	105
  1100     00CB  3483               	retlw	131
  1101     00CC  34CA               	retlw	202
  1102     00CD  347C               	retlw	124
  1103     00CE  3406               	retlw	6
  1104     00CF  34DD               	retlw	221
  1105     00D0  347F               	retlw	127
  1106     00D1  3400               	retlw	0
  1107     00D2  3480               	retlw	128
  1108     00D3  34C7               	retlw	199
  1109     00D4  3418               	retlw	24
  1110     00D5  3407               	retlw	7
  1111     00D6  3451               	retlw	81
  1112     00D7  347F               	retlw	127
  1113     00D8  3400               	retlw	0
  1114     00D9  3480               	retlw	128
  1115     00DA  3457               	retlw	87
  1116     00DB  3432               	retlw	50
  1117     00DC  3408               	retlw	8
  1118     00DD  3497               	retlw	151
  1119     00DE  347C               	retlw	124
  1120     00DF  3400               	retlw	0
  1121     00E0  3480               	retlw	128
  1122     00E1  34DF               	retlw	223
  1123     00E2  34FE               	retlw	254
  1124     00E3  3409               	retlw	9
  1125     00E4  3423               	retlw	35
  1126     00E5  3480               	retlw	128
  1127     00E6  3400               	retlw	0
  1128     00E7  3480               	retlw	128
  1129     00E8  341F               	retlw	31
  1130     00E9  3419               	retlw	25
  1131     00EA  340A               	retlw	10
  1132     00EB  34AF               	retlw	175
  1133     00EC  3480               	retlw	128
  1134     00ED  3400               	retlw	0
  1135     00EE  3480               	retlw	128
  1136     00EF  348F               	retlw	143
  1137     00F0  3433               	retlw	51
  1138     00F1  340B               	retlw	11
  1139     00F2  3469               	retlw	105
  1140     00F3  3483               	retlw	131
  1141     00F4  3400               	retlw	0
  1142     00F5  3480               	retlw	128
  1143     00F6  3407               	retlw	7
  1144     00F7  34FF               	retlw	255
  1145     00F8                     __end_of_cmd_table:
  1146                           
  1147                           	psect	stringtext2
  1148     0211                     __pstringtext2:
  1149     0211                     _cmd_button_table:
  1150     0211  3400               	retlw	0
  1151     0212  345A               	retlw	90
  1152     0213  3401               	retlw	1
  1153     0214  3400               	retlw	0
  1154     0215  3400               	retlw	0
  1155     0216  3400               	retlw	0
  1156     0217  3401               	retlw	1
  1157     0218  3400               	retlw	0
  1158     0219  34F3               	retlw	243
  1159     021A  34DB               	retlw	219
  1160     021B  3401               	retlw	1
  1161     021C  345A               	retlw	90
  1162     021D  34FF               	retlw	255
  1163     021E  3400               	retlw	0
  1164     021F  3400               	retlw	0
  1165     0220  3400               	retlw	0
  1166     0221  3401               	retlw	1
  1167     0222  3400               	retlw	0
  1168     0223  342D               	retlw	45
  1169     0224  34CD               	retlw	205
  1170     0225  3402               	retlw	2
  1171     0226  347C               	retlw	124
  1172     0227  3400               	retlw	0
  1173     0228  3400               	retlw	0
  1174     0229  3400               	retlw	0
  1175     022A  3400               	retlw	0
  1176     022B  3400               	retlw	0
  1177     022C  3400               	retlw	0
  1178     022D  3470               	retlw	112
  1179     022E  349F               	retlw	159
  1180     022F  3403               	retlw	3
  1181     0230  3447               	retlw	71
  1182     0231  344A               	retlw	74
  1183     0232  3419               	retlw	25
  1184     0233  34B8               	retlw	184
  1185     0234  348B               	retlw	139
  1186     0235  3400               	retlw	0
  1187     0236  3480               	retlw	128
  1188     0237  3431               	retlw	49
  1189     0238  3453               	retlw	83
  1190     0239  3404               	retlw	4
  1191     023A  346D               	retlw	109
  1192     023B  3401               	retlw	1
  1193     023C  3403               	retlw	3
  1194     023D  3400               	retlw	0
  1195     023E  3400               	retlw	0
  1196     023F  3400               	retlw	0
  1197     0240  3400               	retlw	0
  1198     0241  34A0               	retlw	160
  1199     0242  34DB               	retlw	219
  1200     0243  3405               	retlw	5
  1201     0244  3447               	retlw	71
  1202     0245  34FE               	retlw	254
  1203     0246  3400               	retlw	0
  1204     0247  3400               	retlw	0
  1205     0248  3400               	retlw	0
  1206     0249  3400               	retlw	0
  1207     024A  3400               	retlw	0
  1208     024B  34ED               	retlw	237
  1209     024C  3400               	retlw	0
  1210     024D                     __end_of_cmd_button_table:
  1211                           
  1212                           	psect	stringtext3
  1213     030F                     __pstringtext3:
  1214     030F                     _header_dir:
  1215     030F  3455               	retlw	85
  1216     0310  34AA               	retlw	170
  1217     0311  3407               	retlw	7
  1218     0312  344D               	retlw	77
  1219     0313  3400               	retlw	0
  1220     0314  3401               	retlw	1
  1221     0315  3400               	retlw	0
  1222     0316  3498               	retlw	152
  1223     0317  3400               	retlw	0
  1224     0318  3447               	retlw	71
  1225     0319  3420               	retlw	32
  1226     031A  3400               	retlw	0
  1227     031B                     __end_of_header_dir:
  1228                           
  1229                           	psect	stringtext4
  1230     0348                     __pstringtext4:
  1231     0348                     _header_static:
  1232     0348  3455               	retlw	85
  1233     0349  34AA               	retlw	170
  1234     034A  3407               	retlw	7
  1235     034B  344D               	retlw	77
  1236     034C  3400               	retlw	0
  1237     034D  3401               	retlw	1
  1238     034E  3400               	retlw	0
  1239     034F  3498               	retlw	152
  1240     0350  3400               	retlw	0
  1241     0351                     __end_of_header_static:
  1242     000D                     _PORTBbits      set	13
  1243     000B                     _INTCONbits     set	11
  1244     0011                     _PIR1bits       set	17
  1245     000B                     _INTCON         set	11
  1246     0093                     _PIE3           set	147
  1247     0092                     _PIE2           set	146
  1248     0091                     _PIE1           set	145
  1249     008E                     _TRISC          set	142
  1250     008D                     _TRISB          set	141
  1251     008C                     _TRISA          set	140
  1252     0095                     _OPTION_REG     set	149
  1253     0099                     _OSCCON         set	153
  1254     011C                     _APFCON2        set	284
  1255     011D                     _APFCON1        set	285
  1256     019A                     _TX1REG         set	410
  1257     019E                     _TX1STAbits     set	414
  1258     019C                     _SP1BRGH        set	412
  1259     019B                     _SP1BRGL        set	411
  1260     019F                     _BAUD1CON       set	415
  1261     019D                     _RC1STA         set	413
  1262     019E                     _TX1STA         set	414
  1263     018D                     _ANSELB         set	397
  1264     018C                     _ANSELA         set	396
  1265     0211                     _SSP1BUF        set	529
  1266     0214                     _SSP1STATbits   set	532
  1267     0212                     _SSP1ADD        set	530
  1268     0216                     _SSP1CON2       set	534
  1269     0215                     _SSP1CON1       set	533
  1270     0214                     _SSP1STAT       set	532
  1271     020E                     _WPUC           set	526
  1272     020D                     _WPUB           set	525
  1273     020C                     _WPUA           set	524
  1274     030E                     _SLRCONC        set	782
  1275     030D                     _SLRCONB        set	781
  1276     030C                     _SLRCONA        set	780
  1277     038E                     _INLVLC         set	910
  1278     038D                     _INLVLB         set	909
  1279     038C                     _INLVLA         set	908
  1280     051A                     _CLKRCON        set	1306
  1281                           
  1282                           	psect	cinit
  1283     0024                     start_initialization:	
  1284                           ; #config settings
  1285                           
  1286     0024                     __initialization:
  1287                           
  1288                           ; Clear objects allocated to COMMON
  1289     0024  01FC               	clrf	__pbssCOMMON& (0+127)
  1290                           
  1291                           ; Clear objects allocated to BANK0
  1292     0025  0020               	movlb	0	; select bank0
  1293     0026  01A0               	clrf	__pbssBANK0& (0+127)
  1294     0027  01A1               	clrf	(__pbssBANK0+1)& (0+127)
  1295     0028  01A2               	clrf	(__pbssBANK0+2)& (0+127)
  1296     0029  01A3               	clrf	(__pbssBANK0+3)& (0+127)
  1297     002A  01A4               	clrf	(__pbssBANK0+4)& (0+127)
  1298     002B  01A5               	clrf	(__pbssBANK0+5)& (0+127)
  1299     002C  01A6               	clrf	(__pbssBANK0+6)& (0+127)
  1300     002D  01A7               	clrf	(__pbssBANK0+7)& (0+127)
  1301     002E  01A8               	clrf	(__pbssBANK0+8)& (0+127)
  1302     002F  01A9               	clrf	(__pbssBANK0+9)& (0+127)
  1303     0030  01AA               	clrf	(__pbssBANK0+10)& (0+127)
  1304     0031  01AB               	clrf	(__pbssBANK0+11)& (0+127)
  1305     0032                     end_of_initialization:	
  1306                           ;End of C runtime variable initialization code
  1307                           
  1308     0032                     __end_of__initialization:
  1309     0032  107E               	bcf	int$flags,0	;clear compiler interrupt flag (level 1)
  1310     0033  0020               	movlb	0
  1311     0034  3180  2836         	ljmp	_main	;jump to C main() function
  1312                           
  1313                           	psect	bssCOMMON
  1314     007C                     __pbssCOMMON:
  1315     007C                     _rx_done:
  1316     007C                     	ds	1
  1317                           
  1318                           	psect	bssBANK0
  1319     0020                     __pbssBANK0:
  1320     0020                     _TxJ:
  1321     0020                     	ds	1
  1322     0021                     _TxBY:
  1323     0021                     	ds	1
  1324     0022                     _TxB:
  1325     0022                     	ds	1
  1326     0023                     _TxA:
  1327     0023                     	ds	1
  1328     0024                     _TxTR:
  1329     0024                     	ds	1
  1330     0025                     _TxTL:
  1331     0025                     	ds	1
  1332     0026                     _TxX:
  1333     0026                     	ds	1
  1334     0027                     _TxY:
  1335     0027                     	ds	1
  1336     0028                     _JButtons:
  1337     0028                     	ds	1
  1338     0029                     _TsABXY:
  1339     0029                     	ds	1
  1340     002A                     _Y_Byte:
  1341     002A                     	ds	1
  1342     002B                     _X_Byte:
  1343     002B                     	ds	1
  1344                           
  1345                           	psect	cstackCOMMON
  1346     0070                     __pcstackCOMMON:
  1347     0070                     ?_InitOsc:
  1348     0070                     ?_InitOpt:	
  1349                           ; 1 bytes @ 0x0
  1350                           
  1351     0070                     ?_InitPIN:	
  1352                           ; 1 bytes @ 0x0
  1353                           
  1354     0070                     ?_InitPORTA:	
  1355                           ; 1 bytes @ 0x0
  1356                           
  1357     0070                     ?_InitPORTB:	
  1358                           ; 1 bytes @ 0x0
  1359                           
  1360     0070                     ?_InitPORTC:	
  1361                           ; 1 bytes @ 0x0
  1362                           
  1363     0070                     ?_InitUART:	
  1364                           ; 1 bytes @ 0x0
  1365                           
  1366     0070                     ?_InitI2C:	
  1367                           ; 1 bytes @ 0x0
  1368                           
  1369     0070                     ?_InitISR:	
  1370                           ; 1 bytes @ 0x0
  1371                           
  1372     0070                     ?_tx_uart:	
  1373                           ; 1 bytes @ 0x0
  1374                           
  1375     0070                     ?_TranslateTABXY:	
  1376                           ; 1 bytes @ 0x0
  1377                           
  1378     0070                     ?_TranslateJoysticks:	
  1379                           ; 1 bytes @ 0x0
  1380                           
  1381     0070                     ?_TranslateY:	
  1382                           ; 1 bytes @ 0x0
  1383                           
  1384     0070                     ?_TranslateX:	
  1385                           ; 1 bytes @ 0x0
  1386                           
  1387     0070                     ?_send_camera_command:	
  1388                           ; 1 bytes @ 0x0
  1389                           
  1390     0070                     ?_send_camera_button:	
  1391                           ; 1 bytes @ 0x0
  1392                           
  1393     0070                     ?_lookup_and_send_move:	
  1394                           ; 1 bytes @ 0x0
  1395                           
  1396     0070                     ?_lookup_and_send_buttons:	
  1397                           ; 1 bytes @ 0x0
  1398                           
  1399     0070                     ?_ISR:	
  1400                           ; 1 bytes @ 0x0
  1401                           
  1402     0070                     ?_main:	
  1403                           ; 1 bytes @ 0x0
  1404                           
  1405     0070                     ISR@i:	
  1406                           ; 1 bytes @ 0x0
  1407                           
  1408     0070                     ??_ISR:	
  1409                           ; 1 bytes @ 0x0
  1410                           
  1411                           
  1412                           ; 1 bytes @ 0x0
  1413     0070                     	ds	1
  1414     0071                     ?___wmul:
  1415     0071                     TranslateTABXY@byte:	
  1416                           ; 2 bytes @ 0x1
  1417                           
  1418     0071                     TranslateJoysticks@byte:	
  1419                           ; 1 bytes @ 0x1
  1420                           
  1421     0071                     TranslateY@byte:	
  1422                           ; 1 bytes @ 0x1
  1423                           
  1424     0071                     TranslateX@byte:	
  1425                           ; 1 bytes @ 0x1
  1426                           
  1427     0071                     ___wmul@multiplier:	
  1428                           ; 1 bytes @ 0x1
  1429                           
  1430     0071                     ??_InitOsc:	
  1431                           ; 2 bytes @ 0x1
  1432                           
  1433     0071                     ??_InitOpt:	
  1434                           ; 1 bytes @ 0x1
  1435                           
  1436     0071                     ??_InitPIN:	
  1437                           ; 1 bytes @ 0x1
  1438                           
  1439     0071                     ??_InitPORTA:	
  1440                           ; 1 bytes @ 0x1
  1441                           
  1442     0071                     ??_InitPORTB:	
  1443                           ; 1 bytes @ 0x1
  1444                           
  1445     0071                     ??_InitPORTC:	
  1446                           ; 1 bytes @ 0x1
  1447                           
  1448     0071                     ??_InitUART:	
  1449                           ; 1 bytes @ 0x1
  1450                           
  1451     0071                     ??_InitI2C:	
  1452                           ; 1 bytes @ 0x1
  1453                           
  1454     0071                     ??_InitISR:	
  1455                           ; 1 bytes @ 0x1
  1456                           
  1457     0071                     ??_TranslateTABXY:	
  1458                           ; 1 bytes @ 0x1
  1459                           
  1460     0071                     ??_TranslateJoysticks:	
  1461                           ; 1 bytes @ 0x1
  1462                           
  1463     0071                     ??_TranslateY:	
  1464                           ; 1 bytes @ 0x1
  1465                           
  1466     0071                     ??_TranslateX:	
  1467                           ; 1 bytes @ 0x1
  1468                           
  1469                           
  1470                           ; 1 bytes @ 0x1
  1471     0071                     	ds	2
  1472     0073                     ___wmul@multiplicand:
  1473                           
  1474                           ; 2 bytes @ 0x3
  1475     0073                     	ds	2
  1476     0075                     ___wmul@product:
  1477     0075                     ??___wmul:	
  1478                           ; 2 bytes @ 0x5
  1479                           
  1480                           
  1481                           ; 1 bytes @ 0x5
  1482     0075                     	ds	2
  1483     0077                     tx_uart@byte:
  1484     0077                     ??_tx_uart:	
  1485                           ; 1 bytes @ 0x7
  1486                           
  1487                           
  1488                           ; 1 bytes @ 0x7
  1489     0077                     	ds	1
  1490     0078                     send_camera_command@byte:
  1491     0078                     send_camera_button@byte:	
  1492                           ; 1 bytes @ 0x8
  1493                           
  1494                           
  1495                           ; 1 bytes @ 0x8
  1496     0078                     	ds	1
  1497     0079                     send_camera_command@i:
  1498     0079                     send_camera_button@i:	
  1499                           ; 1 bytes @ 0x9
  1500                           
  1501                           
  1502                           ; 1 bytes @ 0x9
  1503     0079                     	ds	1
  1504     007A                     ??_lookup_and_send_move:
  1505     007A                     ??_lookup_and_send_buttons:	
  1506                           ; 1 bytes @ 0xA
  1507                           
  1508                           
  1509                           ; 1 bytes @ 0xA
  1510     007A                     	ds	2
  1511                           
  1512                           	psect	cstackBANK0
  1513     002C                     __pcstackBANK0:
  1514     002C                     ??_send_camera_command:
  1515     002C                     ??_send_camera_button:	
  1516                           ; 1 bytes @ 0x0
  1517                           
  1518                           
  1519                           ; 1 bytes @ 0x0
  1520     002C                     	ds	6
  1521     0032                     lookup_and_send_move@cmd:
  1522     0032                     lookup_and_send_buttons@cmd:	
  1523                           ; 1 bytes @ 0x6
  1524                           
  1525                           
  1526                           ; 1 bytes @ 0x6
  1527     0032                     	ds	1
  1528     0033                     lookup_and_send_move@i:
  1529     0033                     lookup_and_send_buttons@i:	
  1530                           ; 1 bytes @ 0x7
  1531                           
  1532                           
  1533                           ; 1 bytes @ 0x7
  1534     0033                     	ds	1
  1535     0034                     ??_main:
  1536                           
  1537                           ; 1 bytes @ 0x8
  1538     0034                     	ds	1
  1539                           
  1540                           	psect	maintext
  1541     0036                     __pmaintext:	
  1542 ;;
  1543 ;;Main: autosize = 0, tempsize = 1, incstack = 0, save=0
  1544 ;;
  1545 ;; *************** function _main *****************
  1546 ;; Defined at:
  1547 ;;		line 272 in file "Main.c"
  1548 ;; Parameters:    Size  Location     Type
  1549 ;;		None
  1550 ;; Auto vars:     Size  Location     Type
  1551 ;;		None
  1552 ;; Return value:  Size  Location     Type
  1553 ;;                  1    wreg      void 
  1554 ;; Registers used:
  1555 ;;		wreg, fsr0l, fsr0h, status,2, status,0, pclath, cstack
  1556 ;; Tracked objects:
  1557 ;;		On entry : B1F/0
  1558 ;;		On exit  : 0/0
  1559 ;;		Unchanged: 0/0
  1560 ;; Data sizes:     COMMON   BANK0   BANK1   BANK2   BANK3   BANK4   BANK5   BANK6   BANK7   BANK8   BANK9  BANK10  BANK1
      +1  BANK12  BANK13  BANK14  BANK15  BANK16  BANK17  BANK18  BANK19  BANK20  BANK21  BANK22  BANK23  BANK24  BANK25
  1561 ;;      Params:         0       0       0       0       0       0       0       0       0       0       0       0       
      +0       0       0       0       0       0       0       0       0       0       0       0       0       0       0
  1562 ;;      Locals:         0       0       0       0       0       0       0       0       0       0       0       0       
      +0       0       0       0       0       0       0       0       0       0       0       0       0       0       0
  1563 ;;      Temps:          0       1       0       0       0       0       0       0       0       0       0       0       
      +0       0       0       0       0       0       0       0       0       0       0       0       0       0       0
  1564 ;;      Totals:         0       1       0       0       0       0       0       0       0       0       0       0       
      +0       0       0       0       0       0       0       0       0       0       0       0       0       0       0
  1565 ;;Total ram usage:        1 bytes
  1566 ;; Hardware stack levels required when called: 4
  1567 ;; This function calls:
  1568 ;;		_InitI2C
  1569 ;;		_InitISR
  1570 ;;		_InitOpt
  1571 ;;		_InitOsc
  1572 ;;		_InitPIN
  1573 ;;		_InitPORTA
  1574 ;;		_InitPORTB
  1575 ;;		_InitPORTC
  1576 ;;		_InitUART
  1577 ;;		_TranslateJoysticks
  1578 ;;		_TranslateTABXY
  1579 ;;		_TranslateX
  1580 ;;		_TranslateY
  1581 ;;		_lookup_and_send_buttons
  1582 ;;		_lookup_and_send_move
  1583 ;; This function is called by:
  1584 ;;		Startup code after reset
  1585 ;; This function uses a non-reentrant model
  1586 ;;
  1587                           
  1588     0036                     _main:	
  1589                           ;psect for function _main
  1590                           
  1591     0036                     l1363:	
  1592                           ;incstack = 0
  1593                           ; Regs used in _main: [wreg-fsr0h+status,2+status,0+pclath+cstack]
  1594                           
  1595                           
  1596                           ;Main.c: 274:     InitOsc();
  1597     0036  3183  236B  3180   	fcall	_InitOsc
  1598                           
  1599                           ;Main.c: 275:     InitOpt();
  1600     0039  3183  2375  3180   	fcall	_InitOpt
  1601                           
  1602                           ;Main.c: 276:     InitPIN();
  1603     003C  3183  2371  3180   	fcall	_InitPIN
  1604                           
  1605                           ;Main.c: 277:     InitPORTA();
  1606     003F  3183  2327  3180   	fcall	_InitPORTA
  1607                           
  1608                           ;Main.c: 278:     InitPORTB();
  1609     0042  3183  231B  3180   	fcall	_InitPORTB
  1610                           
  1611                           ;Main.c: 279:     InitPORTC();
  1612     0045  3183  233E  3180   	fcall	_InitPORTC
  1613                           
  1614                           ;Main.c: 280:     InitUART();
  1615     0048  3183  2333  3180   	fcall	_InitUART
  1616                           
  1617                           ;Main.c: 281:     InitI2C();
  1618     004B  3183  235A  3180   	fcall	_InitI2C
  1619                           
  1620                           ;Main.c: 282:     InitISR();
  1621     004E  3183  2363  3180   	fcall	_InitISR
  1622     0051                     l1365:
  1623                           
  1624                           ;Main.c: 285:     INTCONbits.GIE = 1;
  1625     0051  178B               	bsf	11,7	;volatile
  1626     0052                     l1367:
  1627                           
  1628                           ;Main.c: 289:         PORTBbits.RB7 ^= 1;
  1629     0052  0020               	movlb	0	; select bank0
  1630     0053  0D0D               	rlf	13,w	;volatile
  1631     0054  0D0D               	rlf	13,w	;volatile
  1632     0055  3901               	andlw	1
  1633     0056  00B4               	movwf	??_main
  1634     0057  3001               	movlw	1
  1635     0058  06B4               	xorwf	??_main,f
  1636     0059  0CB4               	rrf	??_main,f
  1637     005A  0CB4               	rrf	??_main,f
  1638     005B  080D               	movf	13,w	;volatile
  1639     005C  0634               	xorwf	??_main,w
  1640     005D  397F               	andlw	-129
  1641     005E  0634               	xorwf	??_main,w
  1642     005F  008D               	movwf	13	;volatile
  1643     0060                     l1369:
  1644                           
  1645                           ;Main.c: 290:         if (rx_done){
  1646     0060  087C               	movf	_rx_done,w	;volatile
  1647     0061  1903               	btfsc	3,2
  1648     0062  2864               	goto	u771
  1649     0063  2865               	goto	u770
  1650     0064                     u771:
  1651     0064  2852               	goto	l1367
  1652     0065                     u770:
  1653     0065                     l1371:
  1654                           
  1655                           ;Main.c: 291:             TranslateY(Y_Byte);
  1656     0065  082A               	movf	_Y_Byte,w	;volatile
  1657     0066  3181  2140  3180   	fcall	_TranslateY
  1658                           
  1659                           ;Main.c: 292:             TranslateX(X_Byte);
  1660     0069  0020               	movlb	0	; select bank0
  1661     006A  082B               	movf	_X_Byte,w	;volatile
  1662     006B  3180  20F8  3180   	fcall	_TranslateX
  1663                           
  1664                           ;Main.c: 293:             TranslateTABXY(TsABXY);
  1665     006E  0020               	movlb	0	; select bank0
  1666     006F  0829               	movf	_TsABXY,w	;volatile
  1667     0070  3182  22B3  3180   	fcall	_TranslateTABXY
  1668                           
  1669                           ;Main.c: 294:             TranslateJoysticks(JButtons);
  1670     0073  0020               	movlb	0	; select bank0
  1671     0074  0828               	movf	_JButtons,w	;volatile
  1672     0075  3183  2302  3180   	fcall	_TranslateJoysticks
  1673     0078                     l1373:
  1674                           
  1675                           ;Main.c: 295:             lookup_and_send_move(TxY);
  1676     0078  0020               	movlb	0	; select bank0
  1677     0079  0827               	movf	_TxY,w	;volatile
  1678     007A  3182  224D  3180   	fcall	_lookup_and_send_move
  1679     007D                     l1375:
  1680                           
  1681                           ;Main.c: 296:             lookup_and_send_move(TxX);
  1682     007D  0020               	movlb	0	; select bank0
  1683     007E  0826               	movf	_TxX,w	;volatile
  1684     007F  3182  224D  3180   	fcall	_lookup_and_send_move
  1685     0082                     l1377:
  1686                           
  1687                           ;Main.c: 297:             lookup_and_send_buttons(TxA);
  1688     0082  0020               	movlb	0	; select bank0
  1689     0083  0823               	movf	_TxA,w	;volatile
  1690     0084  3182  2280  3180   	fcall	_lookup_and_send_buttons
  1691     0087                     l1379:
  1692                           
  1693                           ;Main.c: 298:             lookup_and_send_buttons(TxBY);
  1694     0087  0020               	movlb	0	; select bank0
  1695     0088  0821               	movf	_TxBY,w	;volatile
  1696     0089  3182  2280  3180   	fcall	_lookup_and_send_buttons
  1697     008C                     l1381:
  1698                           
  1699                           ;Main.c: 299:             lookup_and_send_buttons(TxB);
  1700     008C  0020               	movlb	0	; select bank0
  1701     008D  0822               	movf	_TxB,w	;volatile
  1702     008E  3182  2280  3180   	fcall	_lookup_and_send_buttons
  1703     0091                     l1383:
  1704                           
  1705                           ;Main.c: 300:             lookup_and_send_buttons(TxTR);
  1706     0091  0020               	movlb	0	; select bank0
  1707     0092  0824               	movf	_TxTR,w	;volatile
  1708     0093  3182  2280  3180   	fcall	_lookup_and_send_buttons
  1709     0096                     l1385:
  1710                           
  1711                           ;Main.c: 301:             lookup_and_send_buttons(TxTL);
  1712     0096  0020               	movlb	0	; select bank0
  1713     0097  0825               	movf	_TxTL,w	;volatile
  1714     0098  3182  2280  3180   	fcall	_lookup_and_send_buttons
  1715     009B                     l1387:
  1716                           
  1717                           ;Main.c: 302:             lookup_and_send_buttons(TxJ);
  1718     009B  0020               	movlb	0	; select bank0
  1719     009C  0820               	movf	_TxJ,w	;volatile
  1720     009D  3182  2280  3180   	fcall	_lookup_and_send_buttons
  1721     00A0                     l1389:
  1722                           
  1723                           ;Main.c: 303:             rx_done = 0;
  1724     00A0  01FC               	clrf	_rx_done	;volatile
  1725     00A1  2852               	goto	l1367
  1726     00A2  3180  2822         	ljmp	start
  1727     00A4                     __end_of_main:
  1728                           
  1729                           	psect	text1
  1730     024D                     __ptext1:	
  1731 ;; *************** function _lookup_and_send_move *****************
  1732 ;; Defined at:
  1733 ;;		line 218 in file "Main.c"
  1734 ;; Parameters:    Size  Location     Type
  1735 ;;  cmd             1    wreg     unsigned char 
  1736 ;; Auto vars:     Size  Location     Type
  1737 ;;  cmd             1    6[BANK0 ] unsigned char 
  1738 ;;  i               1    7[BANK0 ] unsigned char 
  1739 ;; Return value:  Size  Location     Type
  1740 ;;                  1    wreg      void 
  1741 ;; Registers used:
  1742 ;;		wreg, fsr0l, fsr0h, status,2, status,0, pclath, cstack
  1743 ;; Tracked objects:
  1744 ;;		On entry : 0/0
  1745 ;;		On exit  : 0/0
  1746 ;;		Unchanged: 0/0
  1747 ;; Data sizes:     COMMON   BANK0   BANK1   BANK2   BANK3   BANK4   BANK5   BANK6   BANK7   BANK8   BANK9  BANK10  BANK1
      +1  BANK12  BANK13  BANK14  BANK15  BANK16  BANK17  BANK18  BANK19  BANK20  BANK21  BANK22  BANK23  BANK24  BANK25
  1748 ;;      Params:         0       0       0       0       0       0       0       0       0       0       0       0       
      +0       0       0       0       0       0       0       0       0       0       0       0       0       0       0
  1749 ;;      Locals:         0       2       0       0       0       0       0       0       0       0       0       0       
      +0       0       0       0       0       0       0       0       0       0       0       0       0       0       0
  1750 ;;      Temps:          2       0       0       0       0       0       0       0       0       0       0       0       
      +0       0       0       0       0       0       0       0       0       0       0       0       0       0       0
  1751 ;;      Totals:         2       2       0       0       0       0       0       0       0       0       0       0       
      +0       0       0       0       0       0       0       0       0       0       0       0       0       0       0
  1752 ;;Total ram usage:        4 bytes
  1753 ;; Hardware stack levels used: 1
  1754 ;; Hardware stack levels required when called: 3
  1755 ;; This function calls:
  1756 ;;		___wmul
  1757 ;;		_send_camera_command
  1758 ;; This function is called by:
  1759 ;;		_main
  1760 ;; This function uses a non-reentrant model
  1761 ;;
  1762                           
  1763     024D                     _lookup_and_send_move:	
  1764                           ;psect for function _lookup_and_send_move
  1765                           
  1766                           
  1767                           ;incstack = 0
  1768                           ; Regs used in _lookup_and_send_move: [wreg-fsr0h+status,2+status,0+pclath+cstack]
  1769                           ;lookup_and_send_move@cmd stored from wreg
  1770     024D  0020               	movlb	0	; select bank0
  1771     024E  00B2               	movwf	lookup_and_send_move@cmd
  1772     024F                     l1269:
  1773                           
  1774                           ;Main.c: 219:     uint8_t i;;Main.c: 220:     if (cmd == 0xFF) return;
  1775     024F  0A32               	incf	lookup_and_send_move@cmd,w
  1776     0250  1D03               	btfss	3,2
  1777     0251  2A53               	goto	u681
  1778     0252  2A54               	goto	u680
  1779     0253                     u681:
  1780     0253  2A55               	goto	l1273
  1781     0254                     u680:
  1782     0254  2A7F               	goto	l233
  1783     0255                     l1273:
  1784                           
  1785                           ;Main.c: 221:     for (i = 0; i < 12u; i++){
  1786     0255  01B3               	clrf	lookup_and_send_move@i
  1787     0256                     l1279:
  1788                           
  1789                           ;Main.c: 222:         if (cmd_table[i][0] == cmd){
  1790     0256  0833               	movf	lookup_and_send_move@i,w
  1791     0257  00FA               	movwf	??_lookup_and_send_move
  1792     0258  01FB               	clrf	??_lookup_and_send_move+1
  1793     0259  087A               	movf	??_lookup_and_send_move,w
  1794     025A  00F1               	movwf	___wmul@multiplier
  1795     025B  087B               	movf	??_lookup_and_send_move+1,w
  1796     025C  00F2               	movwf	___wmul@multiplier+1
  1797     025D  3007               	movlw	7
  1798     025E  00F3               	movwf	___wmul@multiplicand
  1799     025F  3000               	movlw	0
  1800     0260  00F4               	movwf	___wmul@multiplicand+1
  1801     0261  3182  22E3  3182   	fcall	___wmul
  1802     0264  30A4               	movlw	low _cmd_table
  1803     0265  0771               	addwf	?___wmul,w
  1804     0266  0084               	movwf	4
  1805     0267  3000               	movlw	high _cmd_table
  1806     0268  3D72               	addwfc	?___wmul+1,w
  1807     0269  3880               	iorlw	128
  1808     026A  0085               	movwf	5
  1809     026B  0800               	movf	0,w	;code access
  1810     026C  0020               	movlb	0	; select bank0
  1811     026D  0632               	xorwf	lookup_and_send_move@cmd,w
  1812     026E  1D03               	skipz
  1813     026F  2A71               	goto	u691
  1814     0270  2A72               	goto	u690
  1815     0271                     u691:
  1816     0271  2A77               	goto	l1283
  1817     0272                     u690:
  1818     0272                     l1281:
  1819                           
  1820                           ;Main.c: 223:             send_camera_command(i);
  1821     0272  0833               	movf	lookup_and_send_move@i,w
  1822     0273  3181  2187  3182   	fcall	_send_camera_command
  1823                           
  1824                           ;Main.c: 224:             break;
  1825     0276  2A7F               	goto	l233
  1826     0277                     l1283:
  1827                           
  1828                           ;Main.c: 226:     }
  1829     0277  3001               	movlw	1
  1830     0278  07B3               	addwf	lookup_and_send_move@i,f
  1831     0279                     l1285:
  1832     0279  300C               	movlw	12
  1833     027A  0233               	subwf	lookup_and_send_move@i,w
  1834     027B  1C03               	skipc
  1835     027C  2A7E               	goto	u701
  1836     027D  2A7F               	goto	u700
  1837     027E                     u701:
  1838     027E  2A56               	goto	l1279
  1839     027F                     u700:
  1840     027F                     l233:
  1841     027F  0008               	return
  1842     0280                     __end_of_lookup_and_send_move:
  1843                           
  1844                           	psect	text2
  1845     0187                     __ptext2:	
  1846 ;; *************** function _send_camera_command *****************
  1847 ;; Defined at:
  1848 ;;		line 194 in file "Main.c"
  1849 ;; Parameters:    Size  Location     Type
  1850 ;;  byte            1    wreg     unsigned char 
  1851 ;; Auto vars:     Size  Location     Type
  1852 ;;  byte            1    8[COMMON] unsigned char 
  1853 ;;  i               1    9[COMMON] unsigned char 
  1854 ;; Return value:  Size  Location     Type
  1855 ;;                  1    wreg      void 
  1856 ;; Registers used:
  1857 ;;		wreg, fsr0l, fsr0h, status,2, status,0, pclath, cstack
  1858 ;; Tracked objects:
  1859 ;;		On entry : 0/0
  1860 ;;		On exit  : 0/0
  1861 ;;		Unchanged: 0/0
  1862 ;; Data sizes:     COMMON   BANK0   BANK1   BANK2   BANK3   BANK4   BANK5   BANK6   BANK7   BANK8   BANK9  BANK10  BANK1
      +1  BANK12  BANK13  BANK14  BANK15  BANK16  BANK17  BANK18  BANK19  BANK20  BANK21  BANK22  BANK23  BANK24  BANK25
  1863 ;;      Params:         0       0       0       0       0       0       0       0       0       0       0       0       
      +0       0       0       0       0       0       0       0       0       0       0       0       0       0       0
  1864 ;;      Locals:         2       0       0       0       0       0       0       0       0       0       0       0       
      +0       0       0       0       0       0       0       0       0       0       0       0       0       0       0
  1865 ;;      Temps:          0       6       0       0       0       0       0       0       0       0       0       0       
      +0       0       0       0       0       0       0       0       0       0       0       0       0       0       0
  1866 ;;      Totals:         2       6       0       0       0       0       0       0       0       0       0       0       
      +0       0       0       0       0       0       0       0       0       0       0       0       0       0       0
  1867 ;;Total ram usage:        8 bytes
  1868 ;; Hardware stack levels used: 1
  1869 ;; Hardware stack levels required when called: 2
  1870 ;; This function calls:
  1871 ;;		___wmul
  1872 ;;		_tx_uart
  1873 ;; This function is called by:
  1874 ;;		_lookup_and_send_move
  1875 ;; This function uses a non-reentrant model
  1876 ;;
  1877                           
  1878     0187                     _send_camera_command:	
  1879                           ;psect for function _send_camera_command
  1880                           
  1881                           
  1882                           ;incstack = 0
  1883                           ; Regs used in _send_camera_command: [wreg-fsr0h+status,2+status,0+pclath+cstack]
  1884                           ;send_camera_command@byte stored from wreg
  1885     0187  00F8               	movwf	send_camera_command@byte
  1886     0188                     l1111:
  1887                           
  1888                           ;Main.c: 195:     uint8_t i;;Main.c: 197:     for ( i = 0; i < 12u; i++) {
  1889     0188  01F9               	clrf	send_camera_command@i
  1890     0189                     l1117:
  1891                           
  1892                           ;Main.c: 198:         tx_uart(header_dir[i]);
  1893     0189  0879               	movf	send_camera_command@i,w
  1894     018A  3E0F               	addlw	low (_header_dir| (0+32768))
  1895     018B  0084               	movwf	4
  1896     018C  3083               	movlw	high (_header_dir| (0+32768))
  1897     018D  1803               	skipnc
  1898     018E  3E01               	addlw	1
  1899     018F  0085               	movwf	5
  1900     0190  0800               	movf	0,w	;code access
  1901     0191  3183  2351  3181   	fcall	_tx_uart
  1902     0194                     l1119:
  1903                           
  1904                           ;Main.c: 199:     }
  1905     0194  3001               	movlw	1
  1906     0195  07F9               	addwf	send_camera_command@i,f
  1907     0196                     l1121:
  1908     0196  300C               	movlw	12
  1909     0197  0279               	subwf	send_camera_command@i,w
  1910     0198  1C03               	skipc
  1911     0199  299B               	goto	u441
  1912     019A  299C               	goto	u440
  1913     019B                     u441:
  1914     019B  2989               	goto	l1117
  1915     019C                     u440:
  1916     019C                     l219:
  1917                           
  1918                           ;Main.c: 201:     for ( i = 1; i < 7u; i++){
  1919     019C  3001               	movlw	1
  1920     019D  00F9               	movwf	send_camera_command@i
  1921     019E                     l1127:
  1922                           
  1923                           ;Main.c: 202:         tx_uart(cmd_table[byte][i]);
  1924     019E  0878               	movf	send_camera_command@byte,w
  1925     019F  0020               	movlb	0	; select bank0
  1926     01A0  00AC               	movwf	??_send_camera_command
  1927     01A1  01AD               	clrf	??_send_camera_command+1
  1928     01A2  082C               	movf	??_send_camera_command,w
  1929     01A3  00F1               	movwf	___wmul@multiplier
  1930     01A4  082D               	movf	??_send_camera_command+1,w
  1931     01A5  00F2               	movwf	___wmul@multiplier+1
  1932     01A6  3007               	movlw	7
  1933     01A7  00F3               	movwf	___wmul@multiplicand
  1934     01A8  3000               	movlw	0
  1935     01A9  00F4               	movwf	___wmul@multiplicand+1
  1936     01AA  3182  22E3  3181   	fcall	___wmul
  1937     01AD  30A4               	movlw	low (_cmd_table| (0+32768))
  1938     01AE  0020               	movlb	0	; select bank0
  1939     01AF  00AE               	movwf	??_send_camera_command+2
  1940     01B0  3080               	movlw	high (_cmd_table| (0+32768))
  1941     01B1  00AF               	movwf	??_send_camera_command+3
  1942     01B2  0871               	movf	?___wmul,w
  1943     01B3  072E               	addwf	??_send_camera_command+2,w
  1944     01B4  00B0               	movwf	??_send_camera_command+4
  1945     01B5  0872               	movf	?___wmul+1,w
  1946     01B6  3D2F               	addwfc	??_send_camera_command+3,w
  1947     01B7  00B1               	movwf	??_send_camera_command+5
  1948     01B8  0879               	movf	send_camera_command@i,w
  1949     01B9  0730               	addwf	??_send_camera_command+4,w
  1950     01BA  0084               	movwf	4
  1951     01BB  0831               	movf	??_send_camera_command+5,w
  1952     01BC  1803               	skipnc
  1953     01BD  3E01               	addlw	1
  1954     01BE  0085               	movwf	5
  1955     01BF  0800               	movf	0,w	;code access
  1956     01C0  3183  2351  3181   	fcall	_tx_uart
  1957     01C3                     l1129:
  1958                           
  1959                           ;Main.c: 203:     }
  1960     01C3  3001               	movlw	1
  1961     01C4  07F9               	addwf	send_camera_command@i,f
  1962     01C5                     l1131:
  1963     01C5  3007               	movlw	7
  1964     01C6  0279               	subwf	send_camera_command@i,w
  1965     01C7  1C03               	skipc
  1966     01C8  29CA               	goto	u451
  1967     01C9  29CB               	goto	u450
  1968     01CA                     u451:
  1969     01CA  299E               	goto	l1127
  1970     01CB                     u450:
  1971     01CB                     l222:
  1972     01CB  0008               	return
  1973     01CC                     __end_of_send_camera_command:
  1974                           
  1975                           	psect	text3
  1976     0280                     __ptext3:	
  1977 ;; *************** function _lookup_and_send_buttons *****************
  1978 ;; Defined at:
  1979 ;;		line 229 in file "Main.c"
  1980 ;; Parameters:    Size  Location     Type
  1981 ;;  cmd             1    wreg     unsigned char 
  1982 ;; Auto vars:     Size  Location     Type
  1983 ;;  cmd             1    6[BANK0 ] unsigned char 
  1984 ;;  i               1    7[BANK0 ] unsigned char 
  1985 ;; Return value:  Size  Location     Type
  1986 ;;                  1    wreg      void 
  1987 ;; Registers used:
  1988 ;;		wreg, fsr0l, fsr0h, status,2, status,0, pclath, cstack
  1989 ;; Tracked objects:
  1990 ;;		On entry : 0/0
  1991 ;;		On exit  : 0/0
  1992 ;;		Unchanged: 0/0
  1993 ;; Data sizes:     COMMON   BANK0   BANK1   BANK2   BANK3   BANK4   BANK5   BANK6   BANK7   BANK8   BANK9  BANK10  BANK1
      +1  BANK12  BANK13  BANK14  BANK15  BANK16  BANK17  BANK18  BANK19  BANK20  BANK21  BANK22  BANK23  BANK24  BANK25
  1994 ;;      Params:         0       0       0       0       0       0       0       0       0       0       0       0       
      +0       0       0       0       0       0       0       0       0       0       0       0       0       0       0
  1995 ;;      Locals:         0       2       0       0       0       0       0       0       0       0       0       0       
      +0       0       0       0       0       0       0       0       0       0       0       0       0       0       0
  1996 ;;      Temps:          2       0       0       0       0       0       0       0       0       0       0       0       
      +0       0       0       0       0       0       0       0       0       0       0       0       0       0       0
  1997 ;;      Totals:         2       2       0       0       0       0       0       0       0       0       0       0       
      +0       0       0       0       0       0       0       0       0       0       0       0       0       0       0
  1998 ;;Total ram usage:        4 bytes
  1999 ;; Hardware stack levels used: 1
  2000 ;; Hardware stack levels required when called: 3
  2001 ;; This function calls:
  2002 ;;		___wmul
  2003 ;;		_send_camera_button
  2004 ;; This function is called by:
  2005 ;;		_main
  2006 ;; This function uses a non-reentrant model
  2007 ;;
  2008                           
  2009     0280                     _lookup_and_send_buttons:	
  2010                           ;psect for function _lookup_and_send_buttons
  2011                           
  2012                           
  2013                           ;incstack = 0
  2014                           ; Regs used in _lookup_and_send_buttons: [wreg-fsr0h+status,2+status,0+pclath+cstack]
  2015                           ;lookup_and_send_buttons@cmd stored from wreg
  2016     0280  0020               	movlb	0	; select bank0
  2017     0281  00B2               	movwf	lookup_and_send_buttons@cmd
  2018     0282                     l1287:
  2019                           
  2020                           ;Main.c: 230:     uint8_t i;;Main.c: 231:     if (cmd == 0xFF) return;
  2021     0282  0A32               	incf	lookup_and_send_buttons@cmd,w
  2022     0283  1D03               	btfss	3,2
  2023     0284  2A86               	goto	u711
  2024     0285  2A87               	goto	u710
  2025     0286                     u711:
  2026     0286  2A88               	goto	l1291
  2027     0287                     u710:
  2028     0287  2AB2               	goto	l240
  2029     0288                     l1291:
  2030                           
  2031                           ;Main.c: 232:     for (i = 0; i < 6u; i ++){
  2032     0288  01B3               	clrf	lookup_and_send_buttons@i
  2033     0289                     l1297:
  2034                           
  2035                           ;Main.c: 233:         if (cmd_button_table[i][0] == cmd){
  2036     0289  0833               	movf	lookup_and_send_buttons@i,w
  2037     028A  00FA               	movwf	??_lookup_and_send_buttons
  2038     028B  01FB               	clrf	??_lookup_and_send_buttons+1
  2039     028C  087A               	movf	??_lookup_and_send_buttons,w
  2040     028D  00F1               	movwf	___wmul@multiplier
  2041     028E  087B               	movf	??_lookup_and_send_buttons+1,w
  2042     028F  00F2               	movwf	___wmul@multiplier+1
  2043     0290  300A               	movlw	10
  2044     0291  00F3               	movwf	___wmul@multiplicand
  2045     0292  3000               	movlw	0
  2046     0293  00F4               	movwf	___wmul@multiplicand+1
  2047     0294  3182  22E3  3182   	fcall	___wmul
  2048     0297  3011               	movlw	low _cmd_button_table
  2049     0298  0771               	addwf	?___wmul,w
  2050     0299  0084               	movwf	4
  2051     029A  3002               	movlw	high _cmd_button_table
  2052     029B  3D72               	addwfc	?___wmul+1,w
  2053     029C  3880               	iorlw	128
  2054     029D  0085               	movwf	5
  2055     029E  0800               	movf	0,w	;code access
  2056     029F  0020               	movlb	0	; select bank0
  2057     02A0  0632               	xorwf	lookup_and_send_buttons@cmd,w
  2058     02A1  1D03               	skipz
  2059     02A2  2AA4               	goto	u721
  2060     02A3  2AA5               	goto	u720
  2061     02A4                     u721:
  2062     02A4  2AAA               	goto	l1301
  2063     02A5                     u720:
  2064     02A5                     l1299:
  2065                           
  2066                           ;Main.c: 234:             send_camera_button(i);
  2067     02A5  0833               	movf	lookup_and_send_buttons@i,w
  2068     02A6  3181  21CC  3182   	fcall	_send_camera_button
  2069                           
  2070                           ;Main.c: 235:             break;
  2071     02A9  2AB2               	goto	l240
  2072     02AA                     l1301:
  2073                           
  2074                           ;Main.c: 237:     }
  2075     02AA  3001               	movlw	1
  2076     02AB  07B3               	addwf	lookup_and_send_buttons@i,f
  2077     02AC                     l1303:
  2078     02AC  3006               	movlw	6
  2079     02AD  0233               	subwf	lookup_and_send_buttons@i,w
  2080     02AE  1C03               	skipc
  2081     02AF  2AB1               	goto	u731
  2082     02B0  2AB2               	goto	u730
  2083     02B1                     u731:
  2084     02B1  2A89               	goto	l1297
  2085     02B2                     u730:
  2086     02B2                     l240:
  2087     02B2  0008               	return
  2088     02B3                     __end_of_lookup_and_send_buttons:
  2089                           
  2090                           	psect	text4
  2091     01CC                     __ptext4:	
  2092 ;; *************** function _send_camera_button *****************
  2093 ;; Defined at:
  2094 ;;		line 207 in file "Main.c"
  2095 ;; Parameters:    Size  Location     Type
  2096 ;;  byte            1    wreg     unsigned char 
  2097 ;; Auto vars:     Size  Location     Type
  2098 ;;  byte            1    8[COMMON] unsigned char 
  2099 ;;  i               1    9[COMMON] unsigned char 
  2100 ;; Return value:  Size  Location     Type
  2101 ;;                  1    wreg      void 
  2102 ;; Registers used:
  2103 ;;		wreg, fsr0l, fsr0h, status,2, status,0, pclath, cstack
  2104 ;; Tracked objects:
  2105 ;;		On entry : 0/0
  2106 ;;		On exit  : 0/0
  2107 ;;		Unchanged: 0/0
  2108 ;; Data sizes:     COMMON   BANK0   BANK1   BANK2   BANK3   BANK4   BANK5   BANK6   BANK7   BANK8   BANK9  BANK10  BANK1
      +1  BANK12  BANK13  BANK14  BANK15  BANK16  BANK17  BANK18  BANK19  BANK20  BANK21  BANK22  BANK23  BANK24  BANK25
  2109 ;;      Params:         0       0       0       0       0       0       0       0       0       0       0       0       
      +0       0       0       0       0       0       0       0       0       0       0       0       0       0       0
  2110 ;;      Locals:         2       0       0       0       0       0       0       0       0       0       0       0       
      +0       0       0       0       0       0       0       0       0       0       0       0       0       0       0
  2111 ;;      Temps:          0       6       0       0       0       0       0       0       0       0       0       0       
      +0       0       0       0       0       0       0       0       0       0       0       0       0       0       0
  2112 ;;      Totals:         2       6       0       0       0       0       0       0       0       0       0       0       
      +0       0       0       0       0       0       0       0       0       0       0       0       0       0       0
  2113 ;;Total ram usage:        8 bytes
  2114 ;; Hardware stack levels used: 1
  2115 ;; Hardware stack levels required when called: 2
  2116 ;; This function calls:
  2117 ;;		___wmul
  2118 ;;		_tx_uart
  2119 ;; This function is called by:
  2120 ;;		_lookup_and_send_buttons
  2121 ;; This function uses a non-reentrant model
  2122 ;;
  2123                           
  2124     01CC                     _send_camera_button:	
  2125                           ;psect for function _send_camera_button
  2126                           
  2127                           
  2128                           ;incstack = 0
  2129                           ; Regs used in _send_camera_button: [wreg-fsr0h+status,2+status,0+pclath+cstack]
  2130                           ;send_camera_button@byte stored from wreg
  2131     01CC  00F8               	movwf	send_camera_button@byte
  2132     01CD                     l1133:
  2133                           
  2134                           ;Main.c: 208:     uint8_t i;;Main.c: 209:     for ( i = 0; i < 9u; i++){
  2135     01CD  01F9               	clrf	send_camera_button@i
  2136     01CE                     l1139:
  2137                           
  2138                           ;Main.c: 210:         tx_uart(header_static[i]);
  2139     01CE  0879               	movf	send_camera_button@i,w
  2140     01CF  3E48               	addlw	low (_header_static| (0+32768))
  2141     01D0  0084               	movwf	4
  2142     01D1  3083               	movlw	high (_header_static| (0+32768))
  2143     01D2  1803               	skipnc
  2144     01D3  3E01               	addlw	1
  2145     01D4  0085               	movwf	5
  2146     01D5  0800               	movf	0,w	;code access
  2147     01D6  3183  2351  3181   	fcall	_tx_uart
  2148     01D9                     l1141:
  2149                           
  2150                           ;Main.c: 211:     }
  2151     01D9  3001               	movlw	1
  2152     01DA  07F9               	addwf	send_camera_button@i,f
  2153     01DB                     l1143:
  2154     01DB  3009               	movlw	9
  2155     01DC  0279               	subwf	send_camera_button@i,w
  2156     01DD  1C03               	skipc
  2157     01DE  29E0               	goto	u461
  2158     01DF  29E1               	goto	u460
  2159     01E0                     u461:
  2160     01E0  29CE               	goto	l1139
  2161     01E1                     u460:
  2162     01E1                     l226:
  2163                           
  2164                           ;Main.c: 213:     for (i =1; i < 10u; i++){
  2165     01E1  3001               	movlw	1
  2166     01E2  00F9               	movwf	send_camera_button@i
  2167     01E3                     l1149:
  2168                           
  2169                           ;Main.c: 214:         tx_uart(cmd_button_table[byte][i]);
  2170     01E3  0878               	movf	send_camera_button@byte,w
  2171     01E4  0020               	movlb	0	; select bank0
  2172     01E5  00AC               	movwf	??_send_camera_button
  2173     01E6  01AD               	clrf	??_send_camera_button+1
  2174     01E7  082C               	movf	??_send_camera_button,w
  2175     01E8  00F1               	movwf	___wmul@multiplier
  2176     01E9  082D               	movf	??_send_camera_button+1,w
  2177     01EA  00F2               	movwf	___wmul@multiplier+1
  2178     01EB  300A               	movlw	10
  2179     01EC  00F3               	movwf	___wmul@multiplicand
  2180     01ED  3000               	movlw	0
  2181     01EE  00F4               	movwf	___wmul@multiplicand+1
  2182     01EF  3182  22E3  3181   	fcall	___wmul
  2183     01F2  3011               	movlw	low (_cmd_button_table| (0+32768))
  2184     01F3  0020               	movlb	0	; select bank0
  2185     01F4  00AE               	movwf	??_send_camera_button+2
  2186     01F5  3082               	movlw	high (_cmd_button_table| (0+32768))
  2187     01F6  00AF               	movwf	??_send_camera_button+3
  2188     01F7  0871               	movf	?___wmul,w
  2189     01F8  072E               	addwf	??_send_camera_button+2,w
  2190     01F9  00B0               	movwf	??_send_camera_button+4
  2191     01FA  0872               	movf	?___wmul+1,w
  2192     01FB  3D2F               	addwfc	??_send_camera_button+3,w
  2193     01FC  00B1               	movwf	??_send_camera_button+5
  2194     01FD  0879               	movf	send_camera_button@i,w
  2195     01FE  0730               	addwf	??_send_camera_button+4,w
  2196     01FF  0084               	movwf	4
  2197     0200  0831               	movf	??_send_camera_button+5,w
  2198     0201  1803               	skipnc
  2199     0202  3E01               	addlw	1
  2200     0203  0085               	movwf	5
  2201     0204  0800               	movf	0,w	;code access
  2202     0205  3183  2351  3181   	fcall	_tx_uart
  2203     0208                     l1151:
  2204                           
  2205                           ;Main.c: 215:     }
  2206     0208  3001               	movlw	1
  2207     0209  07F9               	addwf	send_camera_button@i,f
  2208     020A                     l1153:
  2209     020A  300A               	movlw	10
  2210     020B  0279               	subwf	send_camera_button@i,w
  2211     020C  1C03               	skipc
  2212     020D  2A0F               	goto	u471
  2213     020E  2A10               	goto	u470
  2214     020F                     u471:
  2215     020F  29E3               	goto	l1149
  2216     0210                     u470:
  2217     0210                     l229:
  2218     0210  0008               	return
  2219     0211                     __end_of_send_camera_button:
  2220                           
  2221                           	psect	text5
  2222     0351                     __ptext5:	
  2223 ;; *************** function _tx_uart *****************
  2224 ;; Defined at:
  2225 ;;		line 67 in file "Main.c"
  2226 ;; Parameters:    Size  Location     Type
  2227 ;;  byte            1    wreg     unsigned char 
  2228 ;; Auto vars:     Size  Location     Type
  2229 ;;  byte            1    7[COMMON] unsigned char 
  2230 ;; Return value:  Size  Location     Type
  2231 ;;                  1    wreg      void 
  2232 ;; Registers used:
  2233 ;;		wreg
  2234 ;; Tracked objects:
  2235 ;;		On entry : 0/0
  2236 ;;		On exit  : 0/0
  2237 ;;		Unchanged: 0/0
  2238 ;; Data sizes:     COMMON   BANK0   BANK1   BANK2   BANK3   BANK4   BANK5   BANK6   BANK7   BANK8   BANK9  BANK10  BANK1
      +1  BANK12  BANK13  BANK14  BANK15  BANK16  BANK17  BANK18  BANK19  BANK20  BANK21  BANK22  BANK23  BANK24  BANK25
  2239 ;;      Params:         0       0       0       0       0       0       0       0       0       0       0       0       
      +0       0       0       0       0       0       0       0       0       0       0       0       0       0       0
  2240 ;;      Locals:         1       0       0       0       0       0       0       0       0       0       0       0       
      +0       0       0       0       0       0       0       0       0       0       0       0       0       0       0
  2241 ;;      Temps:          0       0       0       0       0       0       0       0       0       0       0       0       
      +0       0       0       0       0       0       0       0       0       0       0       0       0       0       0
  2242 ;;      Totals:         1       0       0       0       0       0       0       0       0       0       0       0       
      +0       0       0       0       0       0       0       0       0       0       0       0       0       0       0
  2243 ;;Total ram usage:        1 bytes
  2244 ;; Hardware stack levels used: 1
  2245 ;; Hardware stack levels required when called: 1
  2246 ;; This function calls:
  2247 ;;		Nothing
  2248 ;; This function is called by:
  2249 ;;		_send_camera_command
  2250 ;;		_send_camera_button
  2251 ;; This function uses a non-reentrant model
  2252 ;;
  2253                           
  2254     0351                     _tx_uart:	
  2255                           ;psect for function _tx_uart
  2256                           
  2257                           
  2258                           ;incstack = 0
  2259                           ; Regs used in _tx_uart: [wreg]
  2260                           ;tx_uart@byte stored from wreg
  2261     0351  00F7               	movwf	tx_uart@byte
  2262     0352                     l1093:
  2263     0352                     l160:	
  2264                           ;Main.c: 69:     while (!TX1STAbits.TRMT);
  2265                           
  2266     0352  0023               	movlb	3	; select bank3
  2267     0353  1C9E               	btfss	30,1	;volatile
  2268     0354  2B56               	goto	u391
  2269     0355  2B57               	goto	u390
  2270     0356                     u391:
  2271     0356  2B52               	goto	l160
  2272     0357                     u390:
  2273     0357                     l1095:
  2274                           
  2275                           ;Main.c: 70:     TX1REG = byte;
  2276     0357  0877               	movf	tx_uart@byte,w
  2277     0358  009A               	movwf	26	;volatile
  2278     0359                     l163:
  2279     0359  0008               	return
  2280     035A                     __end_of_tx_uart:
  2281                           
  2282                           	psect	text6
  2283     02E3                     __ptext6:	
  2284 ;; *************** function ___wmul *****************
  2285 ;; Defined at:
  2286 ;;		line 15 in file "C:\Program Files\Microchip\xc8\v3.10\pic\sources\c99\common\Umul16.c"
  2287 ;; Parameters:    Size  Location     Type
  2288 ;;  multiplier      2    1[COMMON] unsigned int 
  2289 ;;  multiplicand    2    3[COMMON] unsigned int 
  2290 ;; Auto vars:     Size  Location     Type
  2291 ;;  product         2    5[COMMON] unsigned int 
  2292 ;; Return value:  Size  Location     Type
  2293 ;;                  2    1[COMMON] unsigned int 
  2294 ;; Registers used:
  2295 ;;		wreg, status,2, status,0
  2296 ;; Tracked objects:
  2297 ;;		On entry : 0/0
  2298 ;;		On exit  : 0/0
  2299 ;;		Unchanged: 0/0
  2300 ;; Data sizes:     COMMON   BANK0   BANK1   BANK2   BANK3   BANK4   BANK5   BANK6   BANK7   BANK8   BANK9  BANK10  BANK1
      +1  BANK12  BANK13  BANK14  BANK15  BANK16  BANK17  BANK18  BANK19  BANK20  BANK21  BANK22  BANK23  BANK24  BANK25
  2301 ;;      Params:         4       0       0       0       0       0       0       0       0       0       0       0       
      +0       0       0       0       0       0       0       0       0       0       0       0       0       0       0
  2302 ;;      Locals:         2       0       0       0       0       0       0       0       0       0       0       0       
      +0       0       0       0       0       0       0       0       0       0       0       0       0       0       0
  2303 ;;      Temps:          0       0       0       0       0       0       0       0       0       0       0       0       
      +0       0       0       0       0       0       0       0       0       0       0       0       0       0       0
  2304 ;;      Totals:         6       0       0       0       0       0       0       0       0       0       0       0       
      +0       0       0       0       0       0       0       0       0       0       0       0       0       0       0
  2305 ;;Total ram usage:        6 bytes
  2306 ;; Hardware stack levels used: 1
  2307 ;; Hardware stack levels required when called: 1
  2308 ;; This function calls:
  2309 ;;		Nothing
  2310 ;; This function is called by:
  2311 ;;		_send_camera_command
  2312 ;;		_send_camera_button
  2313 ;;		_lookup_and_send_move
  2314 ;;		_lookup_and_send_buttons
  2315 ;; This function uses a non-reentrant model
  2316 ;;
  2317                           
  2318     02E3                     ___wmul:	
  2319                           ;psect for function ___wmul
  2320                           
  2321     02E3                     l1097:	
  2322                           ;incstack = 0
  2323                           ; Regs used in ___wmul: [wreg+status,2+status,0]
  2324                           
  2325     02E3  01F5               	clrf	___wmul@product
  2326     02E4  01F6               	clrf	___wmul@product+1
  2327     02E5                     l1099:
  2328     02E5  1C71               	btfss	___wmul@multiplier,0
  2329     02E6  2AE8               	goto	u401
  2330     02E7  2AE9               	goto	u400
  2331     02E8                     u401:
  2332     02E8  2AED               	goto	l365
  2333     02E9                     u400:
  2334     02E9                     l1101:
  2335     02E9  0873               	movf	___wmul@multiplicand,w
  2336     02EA  07F5               	addwf	___wmul@product,f
  2337     02EB  0874               	movf	___wmul@multiplicand+1,w
  2338     02EC  3DF6               	addwfc	___wmul@product+1,f
  2339     02ED                     l365:
  2340     02ED  3001               	movlw	1
  2341     02EE                     u415:
  2342     02EE  35F3               	lslf	___wmul@multiplicand,f
  2343     02EF  0DF4               	rlf	___wmul@multiplicand+1,f
  2344     02F0  0B89               	decfsz	9,f
  2345     02F1  2AEE               	goto	u415
  2346     02F2                     l1103:
  2347     02F2  3001               	movlw	1
  2348     02F3                     u425:
  2349     02F3  36F2               	lsrf	___wmul@multiplier+1,f
  2350     02F4  0CF1               	rrf	___wmul@multiplier,f
  2351     02F5  0B89               	decfsz	9,f
  2352     02F6  2AF3               	goto	u425
  2353     02F7                     l1105:
  2354     02F7  0871               	movf	___wmul@multiplier,w
  2355     02F8  0472               	iorwf	___wmul@multiplier+1,w
  2356     02F9  1D03               	btfss	3,2
  2357     02FA  2AFC               	goto	u431
  2358     02FB  2AFD               	goto	u430
  2359     02FC                     u431:
  2360     02FC  2AE5               	goto	l1099
  2361     02FD                     u430:
  2362     02FD                     l1107:
  2363     02FD  0876               	movf	___wmul@product+1,w
  2364     02FE  00F2               	movwf	?___wmul+1
  2365     02FF  0875               	movf	___wmul@product,w
  2366     0300  00F1               	movwf	?___wmul
  2367     0301                     l367:
  2368     0301  0008               	return
  2369     0302                     __end_of___wmul:
  2370                           
  2371                           	psect	text7
  2372     0140                     __ptext7:	
  2373 ;; *************** function _TranslateY *****************
  2374 ;; Defined at:
  2375 ;;		line 123 in file "Main.c"
  2376 ;; Parameters:    Size  Location     Type
  2377 ;;  byte            1    wreg     unsigned char 
  2378 ;; Auto vars:     Size  Location     Type
  2379 ;;  byte            1    1[COMMON] unsigned char 
  2380 ;; Return value:  Size  Location     Type
  2381 ;;                  1    wreg      void 
  2382 ;; Registers used:
  2383 ;;		wreg, status,2
  2384 ;; Tracked objects:
  2385 ;;		On entry : 0/0
  2386 ;;		On exit  : 0/0
  2387 ;;		Unchanged: 0/0
  2388 ;; Data sizes:     COMMON   BANK0   BANK1   BANK2   BANK3   BANK4   BANK5   BANK6   BANK7   BANK8   BANK9  BANK10  BANK1
      +1  BANK12  BANK13  BANK14  BANK15  BANK16  BANK17  BANK18  BANK19  BANK20  BANK21  BANK22  BANK23  BANK24  BANK25
  2389 ;;      Params:         0       0       0       0       0       0       0       0       0       0       0       0       
      +0       0       0       0       0       0       0       0       0       0       0       0       0       0       0
  2390 ;;      Locals:         1       0       0       0       0       0       0       0       0       0       0       0       
      +0       0       0       0       0       0       0       0       0       0       0       0       0       0       0
  2391 ;;      Temps:          0       0       0       0       0       0       0       0       0       0       0       0       
      +0       0       0       0       0       0       0       0       0       0       0       0       0       0       0
  2392 ;;      Totals:         1       0       0       0       0       0       0       0       0       0       0       0       
      +0       0       0       0       0       0       0       0       0       0       0       0       0       0       0
  2393 ;;Total ram usage:        1 bytes
  2394 ;; Hardware stack levels used: 1
  2395 ;; Hardware stack levels required when called: 1
  2396 ;; This function calls:
  2397 ;;		Nothing
  2398 ;; This function is called by:
  2399 ;;		_main
  2400 ;; This function uses a non-reentrant model
  2401 ;;
  2402                           
  2403     0140                     _TranslateY:	
  2404                           ;psect for function _TranslateY
  2405                           
  2406                           
  2407                           ;incstack = 0
  2408                           ; Regs used in _TranslateY: [wreg+status,2]
  2409                           ;TranslateY@byte stored from wreg
  2410     0140  00F1               	movwf	TranslateY@byte
  2411     0141                     l1213:
  2412                           
  2413                           ;Main.c: 125:     if (byte <= 0x32){
  2414     0141  3033               	movlw	51
  2415     0142  0271               	subwf	TranslateY@byte,w
  2416     0143  1803               	skipnc
  2417     0144  2946               	goto	u541
  2418     0145  2947               	goto	u540
  2419     0146                     u541:
  2420     0146  294B               	goto	l1217
  2421     0147                     u540:
  2422     0147                     l1215:
  2423                           
  2424                           ;Main.c: 126:         TxY = 0x05;
  2425     0147  3005               	movlw	5
  2426     0148  0020               	movlb	0	; select bank0
  2427     0149  00A7               	movwf	_TxY	;volatile
  2428                           
  2429                           ;Main.c: 127:     }
  2430     014A  2986               	goto	l198
  2431     014B                     l1217:
  2432     014B  305B               	movlw	91
  2433     014C  0271               	subwf	TranslateY@byte,w
  2434     014D  1803               	skipnc
  2435     014E  2950               	goto	u551
  2436     014F  2951               	goto	u550
  2437     0150                     u551:
  2438     0150  2955               	goto	l1221
  2439     0151                     u550:
  2440     0151                     l1219:
  2441                           
  2442                           ;Main.c: 130:         TxY = 0x04;
  2443     0151  3004               	movlw	4
  2444     0152  0020               	movlb	0	; select bank0
  2445     0153  00A7               	movwf	_TxY	;volatile
  2446                           
  2447                           ;Main.c: 131:     }
  2448     0154  2986               	goto	l198
  2449     0155                     l1221:
  2450     0155  307C               	movlw	124
  2451     0156  0271               	subwf	TranslateY@byte,w
  2452     0157  1803               	skipnc
  2453     0158  295A               	goto	u561
  2454     0159  295B               	goto	u560
  2455     015A                     u561:
  2456     015A  295F               	goto	l1225
  2457     015B                     u560:
  2458     015B                     l1223:
  2459                           
  2460                           ;Main.c: 134:         TxY = 0x03;
  2461     015B  3003               	movlw	3
  2462     015C  0020               	movlb	0	; select bank0
  2463     015D  00A7               	movwf	_TxY	;volatile
  2464                           
  2465                           ;Main.c: 135:     }
  2466     015E  2986               	goto	l198
  2467     015F                     l1225:
  2468     015F  3089               	movlw	137
  2469     0160  0271               	subwf	TranslateY@byte,w
  2470     0161  1803               	skipnc
  2471     0162  2964               	goto	u571
  2472     0163  2965               	goto	u570
  2473     0164                     u571:
  2474     0164  2969               	goto	l1229
  2475     0165                     u570:
  2476     0165                     l1227:
  2477                           
  2478                           ;Main.c: 138:         TxY = 0xFF;
  2479     0165  30FF               	movlw	255
  2480     0166  0020               	movlb	0	; select bank0
  2481     0167  00A7               	movwf	_TxY	;volatile
  2482                           
  2483                           ;Main.c: 139:     }
  2484     0168  2986               	goto	l198
  2485     0169                     l1229:
  2486     0169  3095               	movlw	149
  2487     016A  0271               	subwf	TranslateY@byte,w
  2488     016B  1803               	skipnc
  2489     016C  296E               	goto	u581
  2490     016D  296F               	goto	u580
  2491     016E                     u581:
  2492     016E  2970               	goto	l1233
  2493     016F                     u580:
  2494     016F  2965               	goto	l1227
  2495     0170                     l1233:
  2496     0170  30B6               	movlw	182
  2497     0171  0271               	subwf	TranslateY@byte,w
  2498     0172  1803               	skipnc
  2499     0173  2975               	goto	u591
  2500     0174  2976               	goto	u590
  2501     0175                     u591:
  2502     0175  2979               	goto	l1237
  2503     0176                     u590:
  2504     0176                     l1235:
  2505                           
  2506                           ;Main.c: 146:         TxY = 0x00;
  2507     0176  0020               	movlb	0	; select bank0
  2508     0177  01A7               	clrf	_TxY	;volatile
  2509                           
  2510                           ;Main.c: 147:     }
  2511     0178  2986               	goto	l198
  2512     0179                     l1237:
  2513     0179  30DE               	movlw	222
  2514     017A  0271               	subwf	TranslateY@byte,w
  2515     017B  1803               	skipnc
  2516     017C  297E               	goto	u601
  2517     017D  297F               	goto	u600
  2518     017E                     u601:
  2519     017E  2983               	goto	l196
  2520     017F                     u600:
  2521     017F                     l1239:
  2522                           
  2523                           ;Main.c: 150:         TxY = 0x01;
  2524     017F  3001               	movlw	1
  2525     0180  0020               	movlb	0	; select bank0
  2526     0181  00A7               	movwf	_TxY	;volatile
  2527                           
  2528                           ;Main.c: 151:     }
  2529     0182  2986               	goto	l198
  2530     0183                     l196:	
  2531                           ;Main.c: 152:     else {
  2532                           
  2533                           
  2534                           ;Main.c: 153:         TxY = 0x02;
  2535     0183  3002               	movlw	2
  2536     0184  0020               	movlb	0	; select bank0
  2537     0185  00A7               	movwf	_TxY	;volatile
  2538     0186                     l198:
  2539     0186  0008               	return
  2540     0187                     __end_of_TranslateY:
  2541                           
  2542                           	psect	text8
  2543     00F8                     __ptext8:	
  2544 ;; *************** function _TranslateX *****************
  2545 ;; Defined at:
  2546 ;;		line 159 in file "Main.c"
  2547 ;; Parameters:    Size  Location     Type
  2548 ;;  byte            1    wreg     unsigned char 
  2549 ;; Auto vars:     Size  Location     Type
  2550 ;;  byte            1    1[COMMON] unsigned char 
  2551 ;; Return value:  Size  Location     Type
  2552 ;;                  1    wreg      void 
  2553 ;; Registers used:
  2554 ;;		wreg
  2555 ;; Tracked objects:
  2556 ;;		On entry : 0/0
  2557 ;;		On exit  : 0/0
  2558 ;;		Unchanged: 0/0
  2559 ;; Data sizes:     COMMON   BANK0   BANK1   BANK2   BANK3   BANK4   BANK5   BANK6   BANK7   BANK8   BANK9  BANK10  BANK1
      +1  BANK12  BANK13  BANK14  BANK15  BANK16  BANK17  BANK18  BANK19  BANK20  BANK21  BANK22  BANK23  BANK24  BANK25
  2560 ;;      Params:         0       0       0       0       0       0       0       0       0       0       0       0       
      +0       0       0       0       0       0       0       0       0       0       0       0       0       0       0
  2561 ;;      Locals:         1       0       0       0       0       0       0       0       0       0       0       0       
      +0       0       0       0       0       0       0       0       0       0       0       0       0       0       0
  2562 ;;      Temps:          0       0       0       0       0       0       0       0       0       0       0       0       
      +0       0       0       0       0       0       0       0       0       0       0       0       0       0       0
  2563 ;;      Totals:         1       0       0       0       0       0       0       0       0       0       0       0       
      +0       0       0       0       0       0       0       0       0       0       0       0       0       0       0
  2564 ;;Total ram usage:        1 bytes
  2565 ;; Hardware stack levels used: 1
  2566 ;; Hardware stack levels required when called: 1
  2567 ;; This function calls:
  2568 ;;		Nothing
  2569 ;; This function is called by:
  2570 ;;		_main
  2571 ;; This function uses a non-reentrant model
  2572 ;;
  2573                           
  2574     00F8                     _TranslateX:	
  2575                           ;psect for function _TranslateX
  2576                           
  2577                           
  2578                           ;incstack = 0
  2579                           ; Regs used in _TranslateX: [wreg]
  2580                           ;TranslateX@byte stored from wreg
  2581     00F8  00F1               	movwf	TranslateX@byte
  2582     00F9                     l1241:
  2583                           
  2584                           ;Main.c: 161:     if (byte <= 0x32){
  2585     00F9  3033               	movlw	51
  2586     00FA  0271               	subwf	TranslateX@byte,w
  2587     00FB  1803               	skipnc
  2588     00FC  28FE               	goto	u611
  2589     00FD  28FF               	goto	u610
  2590     00FE                     u611:
  2591     00FE  2903               	goto	l1245
  2592     00FF                     u610:
  2593     00FF                     l1243:
  2594                           
  2595                           ;Main.c: 162:         TxX = 0x08;
  2596     00FF  3008               	movlw	8
  2597     0100  0020               	movlb	0	; select bank0
  2598     0101  00A6               	movwf	_TxX	;volatile
  2599                           
  2600                           ;Main.c: 163:     }
  2601     0102  293F               	goto	l215
  2602     0103                     l1245:
  2603     0103  305B               	movlw	91
  2604     0104  0271               	subwf	TranslateX@byte,w
  2605     0105  1803               	skipnc
  2606     0106  2908               	goto	u621
  2607     0107  2909               	goto	u620
  2608     0108                     u621:
  2609     0108  290D               	goto	l1249
  2610     0109                     u620:
  2611     0109                     l1247:
  2612                           
  2613                           ;Main.c: 166:         TxX = 0x07;
  2614     0109  3007               	movlw	7
  2615     010A  0020               	movlb	0	; select bank0
  2616     010B  00A6               	movwf	_TxX	;volatile
  2617                           
  2618                           ;Main.c: 167:     }
  2619     010C  293F               	goto	l215
  2620     010D                     l1249:
  2621     010D  307C               	movlw	124
  2622     010E  0271               	subwf	TranslateX@byte,w
  2623     010F  1803               	skipnc
  2624     0110  2912               	goto	u631
  2625     0111  2913               	goto	u630
  2626     0112                     u631:
  2627     0112  2917               	goto	l1253
  2628     0113                     u630:
  2629     0113                     l1251:
  2630                           
  2631                           ;Main.c: 170:         TxX = 0x06;
  2632     0113  3006               	movlw	6
  2633     0114  0020               	movlb	0	; select bank0
  2634     0115  00A6               	movwf	_TxX	;volatile
  2635                           
  2636                           ;Main.c: 171:     }
  2637     0116  293F               	goto	l215
  2638     0117                     l1253:
  2639     0117  3089               	movlw	137
  2640     0118  0271               	subwf	TranslateX@byte,w
  2641     0119  1803               	skipnc
  2642     011A  291C               	goto	u641
  2643     011B  291D               	goto	u640
  2644     011C                     u641:
  2645     011C  2921               	goto	l1257
  2646     011D                     u640:
  2647     011D                     l1255:
  2648                           
  2649                           ;Main.c: 174:         TxX = 0xFF;
  2650     011D  30FF               	movlw	255
  2651     011E  0020               	movlb	0	; select bank0
  2652     011F  00A6               	movwf	_TxX	;volatile
  2653                           
  2654                           ;Main.c: 175:     }
  2655     0120  293F               	goto	l215
  2656     0121                     l1257:
  2657     0121  3095               	movlw	149
  2658     0122  0271               	subwf	TranslateX@byte,w
  2659     0123  1803               	skipnc
  2660     0124  2926               	goto	u651
  2661     0125  2927               	goto	u650
  2662     0126                     u651:
  2663     0126  2928               	goto	l1261
  2664     0127                     u650:
  2665     0127  291D               	goto	l1255
  2666     0128                     l1261:
  2667     0128  30B6               	movlw	182
  2668     0129  0271               	subwf	TranslateX@byte,w
  2669     012A  1803               	skipnc
  2670     012B  292D               	goto	u661
  2671     012C  292E               	goto	u660
  2672     012D                     u661:
  2673     012D  2932               	goto	l1265
  2674     012E                     u660:
  2675     012E                     l1263:
  2676                           
  2677                           ;Main.c: 182:         TxX = 0x09;
  2678     012E  3009               	movlw	9
  2679     012F  0020               	movlb	0	; select bank0
  2680     0130  00A6               	movwf	_TxX	;volatile
  2681                           
  2682                           ;Main.c: 183:     }
  2683     0131  293F               	goto	l215
  2684     0132                     l1265:
  2685     0132  30DE               	movlw	222
  2686     0133  0271               	subwf	TranslateX@byte,w
  2687     0134  1803               	skipnc
  2688     0135  2937               	goto	u671
  2689     0136  2938               	goto	u670
  2690     0137                     u671:
  2691     0137  293C               	goto	l213
  2692     0138                     u670:
  2693     0138                     l1267:
  2694                           
  2695                           ;Main.c: 186:         TxX = 0x0A;
  2696     0138  300A               	movlw	10
  2697     0139  0020               	movlb	0	; select bank0
  2698     013A  00A6               	movwf	_TxX	;volatile
  2699                           
  2700                           ;Main.c: 187:     }
  2701     013B  293F               	goto	l215
  2702     013C                     l213:	
  2703                           ;Main.c: 188:     else {
  2704                           
  2705                           
  2706                           ;Main.c: 189:         TxX = 0x0B;
  2707     013C  300B               	movlw	11
  2708     013D  0020               	movlb	0	; select bank0
  2709     013E  00A6               	movwf	_TxX	;volatile
  2710     013F                     l215:
  2711     013F  0008               	return
  2712     0140                     __end_of_TranslateX:
  2713                           
  2714                           	psect	text9
  2715     02B3                     __ptext9:	
  2716 ;; *************** function _TranslateTABXY *****************
  2717 ;; Defined at:
  2718 ;;		line 75 in file "Main.c"
  2719 ;; Parameters:    Size  Location     Type
  2720 ;;  byte            1    wreg     unsigned char 
  2721 ;; Auto vars:     Size  Location     Type
  2722 ;;  byte            1    1[COMMON] unsigned char 
  2723 ;; Return value:  Size  Location     Type
  2724 ;;                  1    wreg      void 
  2725 ;; Registers used:
  2726 ;;		wreg, status,2
  2727 ;; Tracked objects:
  2728 ;;		On entry : 0/0
  2729 ;;		On exit  : 0/0
  2730 ;;		Unchanged: 0/0
  2731 ;; Data sizes:     COMMON   BANK0   BANK1   BANK2   BANK3   BANK4   BANK5   BANK6   BANK7   BANK8   BANK9  BANK10  BANK1
      +1  BANK12  BANK13  BANK14  BANK15  BANK16  BANK17  BANK18  BANK19  BANK20  BANK21  BANK22  BANK23  BANK24  BANK25
  2732 ;;      Params:         0       0       0       0       0       0       0       0       0       0       0       0       
      +0       0       0       0       0       0       0       0       0       0       0       0       0       0       0
  2733 ;;      Locals:         1       0       0       0       0       0       0       0       0       0       0       0       
      +0       0       0       0       0       0       0       0       0       0       0       0       0       0       0
  2734 ;;      Temps:          0       0       0       0       0       0       0       0       0       0       0       0       
      +0       0       0       0       0       0       0       0       0       0       0       0       0       0       0
  2735 ;;      Totals:         1       0       0       0       0       0       0       0       0       0       0       0       
      +0       0       0       0       0       0       0       0       0       0       0       0       0       0       0
  2736 ;;Total ram usage:        1 bytes
  2737 ;; Hardware stack levels used: 1
  2738 ;; Hardware stack levels required when called: 1
  2739 ;; This function calls:
  2740 ;;		Nothing
  2741 ;; This function is called by:
  2742 ;;		_main
  2743 ;; This function uses a non-reentrant model
  2744 ;;
  2745                           
  2746     02B3                     _TranslateTABXY:	
  2747                           ;psect for function _TranslateTABXY
  2748                           
  2749                           
  2750                           ;incstack = 0
  2751                           ; Regs used in _TranslateTABXY: [wreg+status,2]
  2752                           ;TranslateTABXY@byte stored from wreg
  2753     02B3  00F1               	movwf	TranslateTABXY@byte
  2754     02B4                     l1189:
  2755                           
  2756                           ;Main.c: 77:     if (byte & 0x08){
  2757     02B4  1DF1               	btfss	TranslateTABXY@byte,3
  2758     02B5  2AB7               	goto	u481
  2759     02B6  2AB8               	goto	u480
  2760     02B7                     u481:
  2761     02B7  2ABC               	goto	l166
  2762     02B8                     u480:
  2763     02B8                     l1191:
  2764                           
  2765                           ;Main.c: 78:         TxBY = 0x04;
  2766     02B8  3004               	movlw	4
  2767     02B9  0020               	movlb	0	; select bank0
  2768     02BA  00A1               	movwf	_TxBY	;volatile
  2769                           
  2770                           ;Main.c: 79:     }
  2771     02BB  2ABF               	goto	l1193
  2772     02BC                     l166:	
  2773                           ;Main.c: 80:     else{
  2774                           
  2775                           
  2776                           ;Main.c: 81:         TxBY=0xFF;
  2777     02BC  30FF               	movlw	255
  2778     02BD  0020               	movlb	0	; select bank0
  2779     02BE  00A1               	movwf	_TxBY	;volatile
  2780     02BF                     l1193:
  2781                           
  2782                           ;Main.c: 83:     if (byte & 0x02){
  2783     02BF  1CF1               	btfss	TranslateTABXY@byte,1
  2784     02C0  2AC2               	goto	u491
  2785     02C1  2AC3               	goto	u490
  2786     02C2                     u491:
  2787     02C2  2AC6               	goto	l168
  2788     02C3                     u490:
  2789     02C3                     l1195:
  2790                           
  2791                           ;Main.c: 84:         TxB=0x02;
  2792     02C3  3002               	movlw	2
  2793     02C4  00A2               	movwf	_TxB	;volatile
  2794                           
  2795                           ;Main.c: 85:     }
  2796     02C5  2AC8               	goto	l1197
  2797     02C6                     l168:	
  2798                           ;Main.c: 86:     else{
  2799                           
  2800                           
  2801                           ;Main.c: 87:         TxB = 0xFF;
  2802     02C6  30FF               	movlw	255
  2803     02C7  00A2               	movwf	_TxB	;volatile
  2804     02C8                     l1197:
  2805                           
  2806                           ;Main.c: 89:     if (byte & 0x01){
  2807     02C8  1C71               	btfss	TranslateTABXY@byte,0
  2808     02C9  2ACB               	goto	u501
  2809     02CA  2ACC               	goto	u500
  2810     02CB                     u501:
  2811     02CB  2ACF               	goto	l170
  2812     02CC                     u500:
  2813     02CC                     l1199:
  2814                           
  2815                           ;Main.c: 90:         TxA = 0x05;
  2816     02CC  3005               	movlw	5
  2817     02CD  00A3               	movwf	_TxA	;volatile
  2818                           
  2819                           ;Main.c: 91:     }
  2820     02CE  2AD1               	goto	l1201
  2821     02CF                     l170:	
  2822                           ;Main.c: 92:     else{
  2823                           
  2824                           
  2825                           ;Main.c: 93:         TxA = 0xFF;
  2826     02CF  30FF               	movlw	255
  2827     02D0  00A3               	movwf	_TxA	;volatile
  2828     02D1                     l1201:
  2829                           
  2830                           ;Main.c: 95:     if (byte & 0x10){
  2831     02D1  1E71               	btfss	TranslateTABXY@byte,4
  2832     02D2  2AD4               	goto	u511
  2833     02D3  2AD5               	goto	u510
  2834     02D4                     u511:
  2835     02D4  2AD8               	goto	l172
  2836     02D5                     u510:
  2837     02D5                     l1203:
  2838                           
  2839                           ;Main.c: 96:         TxTL = 0x01;
  2840     02D5  3001               	movlw	1
  2841     02D6  00A5               	movwf	_TxTL	;volatile
  2842                           
  2843                           ;Main.c: 97:     }
  2844     02D7  2ADA               	goto	l1205
  2845     02D8                     l172:	
  2846                           ;Main.c: 98:     else {
  2847                           
  2848                           
  2849                           ;Main.c: 99:         TxTL = 0xFF;
  2850     02D8  30FF               	movlw	255
  2851     02D9  00A5               	movwf	_TxTL	;volatile
  2852     02DA                     l1205:
  2853                           
  2854                           ;Main.c: 101:     if (byte & 0x20){
  2855     02DA  1EF1               	btfss	TranslateTABXY@byte,5
  2856     02DB  2ADD               	goto	u521
  2857     02DC  2ADE               	goto	u520
  2858     02DD                     u521:
  2859     02DD  2AE0               	goto	l174
  2860     02DE                     u520:
  2861     02DE                     l1207:
  2862                           
  2863                           ;Main.c: 102:         TxTR = 0x00;
  2864     02DE  01A4               	clrf	_TxTR	;volatile
  2865                           
  2866                           ;Main.c: 103:     }
  2867     02DF  2AE2               	goto	l176
  2868     02E0                     l174:	
  2869                           ;Main.c: 104:     else{
  2870                           
  2871                           
  2872                           ;Main.c: 105:         TxTR = 0xFF;
  2873     02E0  30FF               	movlw	255
  2874     02E1  00A4               	movwf	_TxTR	;volatile
  2875     02E2                     l176:
  2876     02E2  0008               	return
  2877     02E3                     __end_of_TranslateTABXY:
  2878                           
  2879                           	psect	text10
  2880     0302                     __ptext10:	
  2881 ;; *************** function _TranslateJoysticks *****************
  2882 ;; Defined at:
  2883 ;;		line 111 in file "Main.c"
  2884 ;; Parameters:    Size  Location     Type
  2885 ;;  byte            1    wreg     unsigned char 
  2886 ;; Auto vars:     Size  Location     Type
  2887 ;;  byte            1    1[COMMON] unsigned char 
  2888 ;; Return value:  Size  Location     Type
  2889 ;;                  1    wreg      void 
  2890 ;; Registers used:
  2891 ;;		wreg
  2892 ;; Tracked objects:
  2893 ;;		On entry : 0/0
  2894 ;;		On exit  : 0/0
  2895 ;;		Unchanged: 0/0
  2896 ;; Data sizes:     COMMON   BANK0   BANK1   BANK2   BANK3   BANK4   BANK5   BANK6   BANK7   BANK8   BANK9  BANK10  BANK1
      +1  BANK12  BANK13  BANK14  BANK15  BANK16  BANK17  BANK18  BANK19  BANK20  BANK21  BANK22  BANK23  BANK24  BANK25
  2897 ;;      Params:         0       0       0       0       0       0       0       0       0       0       0       0       
      +0       0       0       0       0       0       0       0       0       0       0       0       0       0       0
  2898 ;;      Locals:         1       0       0       0       0       0       0       0       0       0       0       0       
      +0       0       0       0       0       0       0       0       0       0       0       0       0       0       0
  2899 ;;      Temps:          0       0       0       0       0       0       0       0       0       0       0       0       
      +0       0       0       0       0       0       0       0       0       0       0       0       0       0       0
  2900 ;;      Totals:         1       0       0       0       0       0       0       0       0       0       0       0       
      +0       0       0       0       0       0       0       0       0       0       0       0       0       0       0
  2901 ;;Total ram usage:        1 bytes
  2902 ;; Hardware stack levels used: 1
  2903 ;; Hardware stack levels required when called: 1
  2904 ;; This function calls:
  2905 ;;		Nothing
  2906 ;; This function is called by:
  2907 ;;		_main
  2908 ;; This function uses a non-reentrant model
  2909 ;;
  2910                           
  2911     0302                     _TranslateJoysticks:	
  2912                           ;psect for function _TranslateJoysticks
  2913                           
  2914                           
  2915                           ;incstack = 0
  2916                           ; Regs used in _TranslateJoysticks: [wreg]
  2917                           ;TranslateJoysticks@byte stored from wreg
  2918     0302  00F1               	movwf	TranslateJoysticks@byte
  2919     0303                     l1209:
  2920                           
  2921                           ;Main.c: 113:     if (byte & 0x01){
  2922     0303  1C71               	btfss	TranslateJoysticks@byte,0
  2923     0304  2B06               	goto	u531
  2924     0305  2B07               	goto	u530
  2925     0306                     u531:
  2926     0306  2B0B               	goto	l179
  2927     0307                     u530:
  2928     0307                     l1211:
  2929                           
  2930                           ;Main.c: 114:         TxJ = 0x03;
  2931     0307  3003               	movlw	3
  2932     0308  0020               	movlb	0	; select bank0
  2933     0309  00A0               	movwf	_TxJ	;volatile
  2934                           
  2935                           ;Main.c: 115:     }
  2936     030A  2B0E               	goto	l181
  2937     030B                     l179:	
  2938                           ;Main.c: 116:     else{
  2939                           
  2940                           
  2941                           ;Main.c: 117:         TxJ = 0xFF;
  2942     030B  30FF               	movlw	255
  2943     030C  0020               	movlb	0	; select bank0
  2944     030D  00A0               	movwf	_TxJ	;volatile
  2945     030E                     l181:
  2946     030E  0008               	return
  2947     030F                     __end_of_TranslateJoysticks:
  2948                           
  2949                           	psect	text11
  2950     0333                     __ptext11:	
  2951 ;; *************** function _InitUART *****************
  2952 ;; Defined at:
  2953 ;;		line 46 in file "Inits.c"
  2954 ;; Parameters:    Size  Location     Type
  2955 ;;		None
  2956 ;; Auto vars:     Size  Location     Type
  2957 ;;		None
  2958 ;; Return value:  Size  Location     Type
  2959 ;;                  1    wreg      void 
  2960 ;; Registers used:
  2961 ;;		status,2
  2962 ;; Tracked objects:
  2963 ;;		On entry : 0/0
  2964 ;;		On exit  : 0/0
  2965 ;;		Unchanged: 0/0
  2966 ;; Data sizes:     COMMON   BANK0   BANK1   BANK2   BANK3   BANK4   BANK5   BANK6   BANK7   BANK8   BANK9  BANK10  BANK1
      +1  BANK12  BANK13  BANK14  BANK15  BANK16  BANK17  BANK18  BANK19  BANK20  BANK21  BANK22  BANK23  BANK24  BANK25
  2967 ;;      Params:         0       0       0       0       0       0       0       0       0       0       0       0       
      +0       0       0       0       0       0       0       0       0       0       0       0       0       0       0
  2968 ;;      Locals:         0       0       0       0       0       0       0       0       0       0       0       0       
      +0       0       0       0       0       0       0       0       0       0       0       0       0       0       0
  2969 ;;      Temps:          0       0       0       0       0       0       0       0       0       0       0       0       
      +0       0       0       0       0       0       0       0       0       0       0       0       0       0       0
  2970 ;;      Totals:         0       0       0       0       0       0       0       0       0       0       0       0       
      +0       0       0       0       0       0       0       0       0       0       0       0       0       0       0
  2971 ;;Total ram usage:        0 bytes
  2972 ;; Hardware stack levels used: 1
  2973 ;; Hardware stack levels required when called: 1
  2974 ;; This function calls:
  2975 ;;		Nothing
  2976 ;; This function is called by:
  2977 ;;		_main
  2978 ;; This function uses a non-reentrant model
  2979 ;;
  2980                           
  2981     0333                     _InitUART:	
  2982                           ;psect for function _InitUART
  2983                           
  2984     0333                     l1175:	
  2985                           ;incstack = 0
  2986                           ; Regs used in _InitUART: [status,2]
  2987                           
  2988                           
  2989                           ;Inits.c: 47:     TX1STA = 0x24;
  2990     0333  3024               	movlw	36
  2991     0334  0023               	movlb	3	; select bank3
  2992     0335  009E               	movwf	30	;volatile
  2993                           
  2994                           ;Inits.c: 48:     RC1STA = 0x80;
  2995     0336  3080               	movlw	128
  2996     0337  009D               	movwf	29	;volatile
  2997                           
  2998                           ;Inits.c: 49:     BAUD1CON = 0x04;
  2999     0338  3004               	movlw	4
  3000     0339  009F               	movwf	31	;volatile
  3001                           
  3002                           ;Inits.c: 50:     SP1BRGL = 0x8A;
  3003     033A  308A               	movlw	138
  3004     033B  009B               	movwf	27	;volatile
  3005     033C                     l1177:
  3006                           
  3007                           ;Inits.c: 51:     SP1BRGH = 0x00;
  3008     033C  019C               	clrf	28	;volatile
  3009     033D                     l85:
  3010     033D  0008               	return
  3011     033E                     __end_of_InitUART:
  3012                           
  3013                           	psect	text12
  3014     033E                     __ptext12:	
  3015 ;; *************** function _InitPORTC *****************
  3016 ;; Defined at:
  3017 ;;		line 39 in file "Inits.c"
  3018 ;; Parameters:    Size  Location     Type
  3019 ;;		None
  3020 ;; Auto vars:     Size  Location     Type
  3021 ;;		None
  3022 ;; Return value:  Size  Location     Type
  3023 ;;                  1    wreg      void 
  3024 ;; Registers used:
  3025 ;;		status,2
  3026 ;; Tracked objects:
  3027 ;;		On entry : 0/0
  3028 ;;		On exit  : 0/0
  3029 ;;		Unchanged: 0/0
  3030 ;; Data sizes:     COMMON   BANK0   BANK1   BANK2   BANK3   BANK4   BANK5   BANK6   BANK7   BANK8   BANK9  BANK10  BANK1
      +1  BANK12  BANK13  BANK14  BANK15  BANK16  BANK17  BANK18  BANK19  BANK20  BANK21  BANK22  BANK23  BANK24  BANK25
  3031 ;;      Params:         0       0       0       0       0       0       0       0       0       0       0       0       
      +0       0       0       0       0       0       0       0       0       0       0       0       0       0       0
  3032 ;;      Locals:         0       0       0       0       0       0       0       0       0       0       0       0       
      +0       0       0       0       0       0       0       0       0       0       0       0       0       0       0
  3033 ;;      Temps:          0       0       0       0       0       0       0       0       0       0       0       0       
      +0       0       0       0       0       0       0       0       0       0       0       0       0       0       0
  3034 ;;      Totals:         0       0       0       0       0       0       0       0       0       0       0       0       
      +0       0       0       0       0       0       0       0       0       0       0       0       0       0       0
  3035 ;;Total ram usage:        0 bytes
  3036 ;; Hardware stack levels used: 1
  3037 ;; Hardware stack levels required when called: 1
  3038 ;; This function calls:
  3039 ;;		Nothing
  3040 ;; This function is called by:
  3041 ;;		_main
  3042 ;; This function uses a non-reentrant model
  3043 ;;
  3044                           
  3045     033E                     _InitPORTC:	
  3046                           ;psect for function _InitPORTC
  3047                           
  3048     033E                     l1171:	
  3049                           ;incstack = 0
  3050                           ; Regs used in _InitPORTC: [status,2]
  3051                           
  3052                           
  3053                           ;Inits.c: 40:     TRISC = 0xFF;
  3054     033E  30FF               	movlw	255
  3055     033F  0021               	movlb	1	; select bank1
  3056     0340  008E               	movwf	14	;volatile
  3057     0341                     l1173:
  3058                           
  3059                           ;Inits.c: 41:     WPUC = 0x00;
  3060     0341  0024               	movlb	4	; select bank4
  3061     0342  018E               	clrf	14	;volatile
  3062                           
  3063                           ;Inits.c: 42:     SLRCONC = 0x00;
  3064     0343  0026               	movlb	6	; select bank6
  3065     0344  018E               	clrf	14	;volatile
  3066                           
  3067                           ;Inits.c: 43:     INLVLC = 0x00;
  3068     0345  0027               	movlb	7	; select bank7
  3069     0346  018E               	clrf	14	;volatile
  3070     0347                     l82:
  3071     0347  0008               	return
  3072     0348                     __end_of_InitPORTC:
  3073                           
  3074                           	psect	text13
  3075     031B                     __ptext13:	
  3076 ;; *************** function _InitPORTB *****************
  3077 ;; Defined at:
  3078 ;;		line 31 in file "Inits.c"
  3079 ;; Parameters:    Size  Location     Type
  3080 ;;		None
  3081 ;; Auto vars:     Size  Location     Type
  3082 ;;		None
  3083 ;; Return value:  Size  Location     Type
  3084 ;;                  1    wreg      void 
  3085 ;; Registers used:
  3086 ;;		status,2
  3087 ;; Tracked objects:
  3088 ;;		On entry : 0/0
  3089 ;;		On exit  : 0/0
  3090 ;;		Unchanged: 0/0
  3091 ;; Data sizes:     COMMON   BANK0   BANK1   BANK2   BANK3   BANK4   BANK5   BANK6   BANK7   BANK8   BANK9  BANK10  BANK1
      +1  BANK12  BANK13  BANK14  BANK15  BANK16  BANK17  BANK18  BANK19  BANK20  BANK21  BANK22  BANK23  BANK24  BANK25
  3092 ;;      Params:         0       0       0       0       0       0       0       0       0       0       0       0       
      +0       0       0       0       0       0       0       0       0       0       0       0       0       0       0
  3093 ;;      Locals:         0       0       0       0       0       0       0       0       0       0       0       0       
      +0       0       0       0       0       0       0       0       0       0       0       0       0       0       0
  3094 ;;      Temps:          0       0       0       0       0       0       0       0       0       0       0       0       
      +0       0       0       0       0       0       0       0       0       0       0       0       0       0       0
  3095 ;;      Totals:         0       0       0       0       0       0       0       0       0       0       0       0       
      +0       0       0       0       0       0       0       0       0       0       0       0       0       0       0
  3096 ;;Total ram usage:        0 bytes
  3097 ;; Hardware stack levels used: 1
  3098 ;; Hardware stack levels required when called: 1
  3099 ;; This function calls:
  3100 ;;		Nothing
  3101 ;; This function is called by:
  3102 ;;		_main
  3103 ;; This function uses a non-reentrant model
  3104 ;;
  3105                           
  3106     031B                     _InitPORTB:	
  3107                           ;psect for function _InitPORTB
  3108                           
  3109     031B                     l1167:	
  3110                           ;incstack = 0
  3111                           ; Regs used in _InitPORTB: [status,2]
  3112                           
  3113                           
  3114                           ;Inits.c: 32:     TRISB = 0x3F;
  3115     031B  303F               	movlw	63
  3116     031C  0021               	movlb	1	; select bank1
  3117     031D  008D               	movwf	13	;volatile
  3118     031E                     l1169:
  3119                           
  3120                           ;Inits.c: 33:     ANSELB = 0x00;
  3121     031E  0023               	movlb	3	; select bank3
  3122     031F  018D               	clrf	13	;volatile
  3123                           
  3124                           ;Inits.c: 34:     WPUB = 0x00;
  3125     0320  0024               	movlb	4	; select bank4
  3126     0321  018D               	clrf	13	;volatile
  3127                           
  3128                           ;Inits.c: 35:     SLRCONB = 0x00;
  3129     0322  0026               	movlb	6	; select bank6
  3130     0323  018D               	clrf	13	;volatile
  3131                           
  3132                           ;Inits.c: 36:     INLVLB = 0x00;
  3133     0324  0027               	movlb	7	; select bank7
  3134     0325  018D               	clrf	13	;volatile
  3135     0326                     l79:
  3136     0326  0008               	return
  3137     0327                     __end_of_InitPORTB:
  3138                           
  3139                           	psect	text14
  3140     0327                     __ptext14:	
  3141 ;; *************** function _InitPORTA *****************
  3142 ;; Defined at:
  3143 ;;		line 23 in file "Inits.c"
  3144 ;; Parameters:    Size  Location     Type
  3145 ;;		None
  3146 ;; Auto vars:     Size  Location     Type
  3147 ;;		None
  3148 ;; Return value:  Size  Location     Type
  3149 ;;                  1    wreg      void 
  3150 ;; Registers used:
  3151 ;;		status,2
  3152 ;; Tracked objects:
  3153 ;;		On entry : 0/0
  3154 ;;		On exit  : 0/0
  3155 ;;		Unchanged: 0/0
  3156 ;; Data sizes:     COMMON   BANK0   BANK1   BANK2   BANK3   BANK4   BANK5   BANK6   BANK7   BANK8   BANK9  BANK10  BANK1
      +1  BANK12  BANK13  BANK14  BANK15  BANK16  BANK17  BANK18  BANK19  BANK20  BANK21  BANK22  BANK23  BANK24  BANK25
  3157 ;;      Params:         0       0       0       0       0       0       0       0       0       0       0       0       
      +0       0       0       0       0       0       0       0       0       0       0       0       0       0       0
  3158 ;;      Locals:         0       0       0       0       0       0       0       0       0       0       0       0       
      +0       0       0       0       0       0       0       0       0       0       0       0       0       0       0
  3159 ;;      Temps:          0       0       0       0       0       0       0       0       0       0       0       0       
      +0       0       0       0       0       0       0       0       0       0       0       0       0       0       0
  3160 ;;      Totals:         0       0       0       0       0       0       0       0       0       0       0       0       
      +0       0       0       0       0       0       0       0       0       0       0       0       0       0       0
  3161 ;;Total ram usage:        0 bytes
  3162 ;; Hardware stack levels used: 1
  3163 ;; Hardware stack levels required when called: 1
  3164 ;; This function calls:
  3165 ;;		Nothing
  3166 ;; This function is called by:
  3167 ;;		_main
  3168 ;; This function uses a non-reentrant model
  3169 ;;
  3170                           
  3171     0327                     _InitPORTA:	
  3172                           ;psect for function _InitPORTA
  3173                           
  3174     0327                     l1163:	
  3175                           ;incstack = 0
  3176                           ; Regs used in _InitPORTA: [status,2]
  3177                           
  3178                           
  3179                           ;Inits.c: 24:     TRISA = 0xFF;
  3180     0327  30FF               	movlw	255
  3181     0328  0021               	movlb	1	; select bank1
  3182     0329  008C               	movwf	12	;volatile
  3183     032A                     l1165:
  3184                           
  3185                           ;Inits.c: 25:     ANSELA = 0x00;
  3186     032A  0023               	movlb	3	; select bank3
  3187     032B  018C               	clrf	12	;volatile
  3188                           
  3189                           ;Inits.c: 26:     WPUA = 0x00;
  3190     032C  0024               	movlb	4	; select bank4
  3191     032D  018C               	clrf	12	;volatile
  3192                           
  3193                           ;Inits.c: 27:     SLRCONA = 0x00;
  3194     032E  0026               	movlb	6	; select bank6
  3195     032F  018C               	clrf	12	;volatile
  3196                           
  3197                           ;Inits.c: 28:     INLVLA = 0x00;
  3198     0330  0027               	movlb	7	; select bank7
  3199     0331  018C               	clrf	12	;volatile
  3200     0332                     l76:
  3201     0332  0008               	return
  3202     0333                     __end_of_InitPORTA:
  3203                           
  3204                           	psect	text15
  3205     0371                     __ptext15:	
  3206 ;; *************** function _InitPIN *****************
  3207 ;; Defined at:
  3208 ;;		line 17 in file "Inits.c"
  3209 ;; Parameters:    Size  Location     Type
  3210 ;;		None
  3211 ;; Auto vars:     Size  Location     Type
  3212 ;;		None
  3213 ;; Return value:  Size  Location     Type
  3214 ;;                  1    wreg      void 
  3215 ;; Registers used:
  3216 ;;		status,2
  3217 ;; Tracked objects:
  3218 ;;		On entry : 0/0
  3219 ;;		On exit  : 0/0
  3220 ;;		Unchanged: 0/0
  3221 ;; Data sizes:     COMMON   BANK0   BANK1   BANK2   BANK3   BANK4   BANK5   BANK6   BANK7   BANK8   BANK9  BANK10  BANK1
      +1  BANK12  BANK13  BANK14  BANK15  BANK16  BANK17  BANK18  BANK19  BANK20  BANK21  BANK22  BANK23  BANK24  BANK25
  3222 ;;      Params:         0       0       0       0       0       0       0       0       0       0       0       0       
      +0       0       0       0       0       0       0       0       0       0       0       0       0       0       0
  3223 ;;      Locals:         0       0       0       0       0       0       0       0       0       0       0       0       
      +0       0       0       0       0       0       0       0       0       0       0       0       0       0       0
  3224 ;;      Temps:          0       0       0       0       0       0       0       0       0       0       0       0       
      +0       0       0       0       0       0       0       0       0       0       0       0       0       0       0
  3225 ;;      Totals:         0       0       0       0       0       0       0       0       0       0       0       0       
      +0       0       0       0       0       0       0       0       0       0       0       0       0       0       0
  3226 ;;Total ram usage:        0 bytes
  3227 ;; Hardware stack levels used: 1
  3228 ;; Hardware stack levels required when called: 1
  3229 ;; This function calls:
  3230 ;;		Nothing
  3231 ;; This function is called by:
  3232 ;;		_main
  3233 ;; This function uses a non-reentrant model
  3234 ;;
  3235                           
  3236     0371                     _InitPIN:	
  3237                           ;psect for function _InitPIN
  3238                           
  3239     0371                     l1161:	
  3240                           ;incstack = 0
  3241                           ; Regs used in _InitPIN: [status,2]
  3242                           
  3243                           
  3244                           ;Inits.c: 19:     APFCON1 = 0x00;
  3245     0371  0022               	movlb	2	; select bank2
  3246     0372  019D               	clrf	29	;volatile
  3247                           
  3248                           ;Inits.c: 20:     APFCON2 = 0x00;
  3249     0373  019C               	clrf	28	;volatile
  3250     0374                     l73:
  3251     0374  0008               	return
  3252     0375                     __end_of_InitPIN:
  3253                           
  3254                           	psect	text16
  3255     036B                     __ptext16:	
  3256 ;; *************** function _InitOsc *****************
  3257 ;; Defined at:
  3258 ;;		line 8 in file "Inits.c"
  3259 ;; Parameters:    Size  Location     Type
  3260 ;;		None
  3261 ;; Auto vars:     Size  Location     Type
  3262 ;;		None
  3263 ;; Return value:  Size  Location     Type
  3264 ;;                  1    wreg      void 
  3265 ;; Registers used:
  3266 ;;		status,2
  3267 ;; Tracked objects:
  3268 ;;		On entry : 0/0
  3269 ;;		On exit  : 0/0
  3270 ;;		Unchanged: 0/0
  3271 ;; Data sizes:     COMMON   BANK0   BANK1   BANK2   BANK3   BANK4   BANK5   BANK6   BANK7   BANK8   BANK9  BANK10  BANK1
      +1  BANK12  BANK13  BANK14  BANK15  BANK16  BANK17  BANK18  BANK19  BANK20  BANK21  BANK22  BANK23  BANK24  BANK25
  3272 ;;      Params:         0       0       0       0       0       0       0       0       0       0       0       0       
      +0       0       0       0       0       0       0       0       0       0       0       0       0       0       0
  3273 ;;      Locals:         0       0       0       0       0       0       0       0       0       0       0       0       
      +0       0       0       0       0       0       0       0       0       0       0       0       0       0       0
  3274 ;;      Temps:          0       0       0       0       0       0       0       0       0       0       0       0       
      +0       0       0       0       0       0       0       0       0       0       0       0       0       0       0
  3275 ;;      Totals:         0       0       0       0       0       0       0       0       0       0       0       0       
      +0       0       0       0       0       0       0       0       0       0       0       0       0       0       0
  3276 ;;Total ram usage:        0 bytes
  3277 ;; Hardware stack levels used: 1
  3278 ;; Hardware stack levels required when called: 1
  3279 ;; This function calls:
  3280 ;;		Nothing
  3281 ;; This function is called by:
  3282 ;;		_main
  3283 ;; This function uses a non-reentrant model
  3284 ;;
  3285                           
  3286     036B                     _InitOsc:	
  3287                           ;psect for function _InitOsc
  3288                           
  3289     036B                     l1155:	
  3290                           ;incstack = 0
  3291                           ; Regs used in _InitOsc: [status,2]
  3292                           
  3293                           
  3294                           ;Inits.c: 9:     OSCCON = 0XF8;
  3295     036B  30F8               	movlw	248
  3296     036C  0021               	movlb	1	; select bank1
  3297     036D  0099               	movwf	25	;volatile
  3298     036E                     l1157:
  3299                           
  3300                           ;Inits.c: 10:     CLKRCON = 0X00;
  3301     036E  002A               	movlb	10	; select bank10
  3302     036F  019A               	clrf	26	;volatile
  3303     0370                     l67:
  3304     0370  0008               	return
  3305     0371                     __end_of_InitOsc:
  3306                           
  3307                           	psect	text17
  3308     0375                     __ptext17:	
  3309 ;; *************** function _InitOpt *****************
  3310 ;; Defined at:
  3311 ;;		line 13 in file "Inits.c"
  3312 ;; Parameters:    Size  Location     Type
  3313 ;;		None
  3314 ;; Auto vars:     Size  Location     Type
  3315 ;;		None
  3316 ;; Return value:  Size  Location     Type
  3317 ;;                  1    wreg      void 
  3318 ;; Registers used:
  3319 ;;		status,2
  3320 ;; Tracked objects:
  3321 ;;		On entry : 0/0
  3322 ;;		On exit  : 0/0
  3323 ;;		Unchanged: 0/0
  3324 ;; Data sizes:     COMMON   BANK0   BANK1   BANK2   BANK3   BANK4   BANK5   BANK6   BANK7   BANK8   BANK9  BANK10  BANK1
      +1  BANK12  BANK13  BANK14  BANK15  BANK16  BANK17  BANK18  BANK19  BANK20  BANK21  BANK22  BANK23  BANK24  BANK25
  3325 ;;      Params:         0       0       0       0       0       0       0       0       0       0       0       0       
      +0       0       0       0       0       0       0       0       0       0       0       0       0       0       0
  3326 ;;      Locals:         0       0       0       0       0       0       0       0       0       0       0       0       
      +0       0       0       0       0       0       0       0       0       0       0       0       0       0       0
  3327 ;;      Temps:          0       0       0       0       0       0       0       0       0       0       0       0       
      +0       0       0       0       0       0       0       0       0       0       0       0       0       0       0
  3328 ;;      Totals:         0       0       0       0       0       0       0       0       0       0       0       0       
      +0       0       0       0       0       0       0       0       0       0       0       0       0       0       0
  3329 ;;Total ram usage:        0 bytes
  3330 ;; Hardware stack levels used: 1
  3331 ;; Hardware stack levels required when called: 1
  3332 ;; This function calls:
  3333 ;;		Nothing
  3334 ;; This function is called by:
  3335 ;;		_main
  3336 ;; This function uses a non-reentrant model
  3337 ;;
  3338                           
  3339     0375                     _InitOpt:	
  3340                           ;psect for function _InitOpt
  3341                           
  3342     0375                     l1159:	
  3343                           ;incstack = 0
  3344                           ; Regs used in _InitOpt: [status,2]
  3345                           
  3346                           
  3347                           ;Inits.c: 14:     OPTION_REG = 0x00;
  3348     0375  0021               	movlb	1	; select bank1
  3349     0376  0195               	clrf	21	;volatile
  3350     0377                     l70:
  3351     0377  0008               	return
  3352     0378                     __end_of_InitOpt:
  3353                           
  3354                           	psect	text18
  3355     0363                     __ptext18:	
  3356 ;; *************** function _InitISR *****************
  3357 ;; Defined at:
  3358 ;;		line 61 in file "Inits.c"
  3359 ;; Parameters:    Size  Location     Type
  3360 ;;		None
  3361 ;; Auto vars:     Size  Location     Type
  3362 ;;		None
  3363 ;; Return value:  Size  Location     Type
  3364 ;;                  1    wreg      void 
  3365 ;; Registers used:
  3366 ;;		status,2
  3367 ;; Tracked objects:
  3368 ;;		On entry : 0/0
  3369 ;;		On exit  : 0/0
  3370 ;;		Unchanged: 0/0
  3371 ;; Data sizes:     COMMON   BANK0   BANK1   BANK2   BANK3   BANK4   BANK5   BANK6   BANK7   BANK8   BANK9  BANK10  BANK1
      +1  BANK12  BANK13  BANK14  BANK15  BANK16  BANK17  BANK18  BANK19  BANK20  BANK21  BANK22  BANK23  BANK24  BANK25
  3372 ;;      Params:         0       0       0       0       0       0       0       0       0       0       0       0       
      +0       0       0       0       0       0       0       0       0       0       0       0       0       0       0
  3373 ;;      Locals:         0       0       0       0       0       0       0       0       0       0       0       0       
      +0       0       0       0       0       0       0       0       0       0       0       0       0       0       0
  3374 ;;      Temps:          0       0       0       0       0       0       0       0       0       0       0       0       
      +0       0       0       0       0       0       0       0       0       0       0       0       0       0       0
  3375 ;;      Totals:         0       0       0       0       0       0       0       0       0       0       0       0       
      +0       0       0       0       0       0       0       0       0       0       0       0       0       0       0
  3376 ;;Total ram usage:        0 bytes
  3377 ;; Hardware stack levels used: 1
  3378 ;; Hardware stack levels required when called: 1
  3379 ;; This function calls:
  3380 ;;		Nothing
  3381 ;; This function is called by:
  3382 ;;		_main
  3383 ;; This function uses a non-reentrant model
  3384 ;;
  3385                           
  3386     0363                     _InitISR:	
  3387                           ;psect for function _InitISR
  3388                           
  3389     0363                     l1185:	
  3390                           ;incstack = 0
  3391                           ; Regs used in _InitISR: [status,2]
  3392                           
  3393                           
  3394                           ;Inits.c: 62:     INTCON = 0x40;
  3395     0363  3040               	movlw	64
  3396     0364  008B               	movwf	11	;volatile
  3397                           
  3398                           ;Inits.c: 63:     PIE1 = 0x08;
  3399     0365  3008               	movlw	8
  3400     0366  0021               	movlb	1	; select bank1
  3401     0367  0091               	movwf	17	;volatile
  3402     0368                     l1187:
  3403                           
  3404                           ;Inits.c: 64:     PIE2 = 0x00;
  3405     0368  0192               	clrf	18	;volatile
  3406                           
  3407                           ;Inits.c: 65:     PIE3 = 0x00;
  3408     0369  0193               	clrf	19	;volatile
  3409     036A                     l91:
  3410     036A  0008               	return
  3411     036B                     __end_of_InitISR:
  3412                           
  3413                           	psect	text19
  3414     035A                     __ptext19:	
  3415 ;; *************** function _InitI2C *****************
  3416 ;; Defined at:
  3417 ;;		line 54 in file "Inits.c"
  3418 ;; Parameters:    Size  Location     Type
  3419 ;;		None
  3420 ;; Auto vars:     Size  Location     Type
  3421 ;;		None
  3422 ;; Return value:  Size  Location     Type
  3423 ;;                  1    wreg      void 
  3424 ;; Registers used:
  3425 ;;		status,2
  3426 ;; Tracked objects:
  3427 ;;		On entry : 0/0
  3428 ;;		On exit  : 0/0
  3429 ;;		Unchanged: 0/0
  3430 ;; Data sizes:     COMMON   BANK0   BANK1   BANK2   BANK3   BANK4   BANK5   BANK6   BANK7   BANK8   BANK9  BANK10  BANK1
      +1  BANK12  BANK13  BANK14  BANK15  BANK16  BANK17  BANK18  BANK19  BANK20  BANK21  BANK22  BANK23  BANK24  BANK25
  3431 ;;      Params:         0       0       0       0       0       0       0       0       0       0       0       0       
      +0       0       0       0       0       0       0       0       0       0       0       0       0       0       0
  3432 ;;      Locals:         0       0       0       0       0       0       0       0       0       0       0       0       
      +0       0       0       0       0       0       0       0       0       0       0       0       0       0       0
  3433 ;;      Temps:          0       0       0       0       0       0       0       0       0       0       0       0       
      +0       0       0       0       0       0       0       0       0       0       0       0       0       0       0
  3434 ;;      Totals:         0       0       0       0       0       0       0       0       0       0       0       0       
      +0       0       0       0       0       0       0       0       0       0       0       0       0       0       0
  3435 ;;Total ram usage:        0 bytes
  3436 ;; Hardware stack levels used: 1
  3437 ;; Hardware stack levels required when called: 1
  3438 ;; This function calls:
  3439 ;;		Nothing
  3440 ;; This function is called by:
  3441 ;;		_main
  3442 ;; This function uses a non-reentrant model
  3443 ;;
  3444                           
  3445     035A                     _InitI2C:	
  3446                           ;psect for function _InitI2C
  3447                           
  3448     035A                     l1179:	
  3449                           ;incstack = 0
  3450                           ; Regs used in _InitI2C: [status,2]
  3451                           
  3452                           
  3453                           ;Inits.c: 55:     SSP1STAT = 0x80;
  3454     035A  3080               	movlw	128
  3455     035B  0024               	movlb	4	; select bank4
  3456     035C  0094               	movwf	20	;volatile
  3457                           
  3458                           ;Inits.c: 56:     SSP1CON1 = 0x26;
  3459     035D  3026               	movlw	38
  3460     035E  0095               	movwf	21	;volatile
  3461     035F                     l1181:
  3462                           
  3463                           ;Inits.c: 57:     SSP1CON2 = 0x00;
  3464     035F  0196               	clrf	22	;volatile
  3465     0360                     l1183:
  3466                           
  3467                           ;Inits.c: 58:     SSP1ADD = 0x22 << 1;
  3468     0360  3044               	movlw	68
  3469     0361  0092               	movwf	18	;volatile
  3470     0362                     l88:
  3471     0362  0008               	return
  3472     0363                     __end_of_InitI2C:
  3473                           
  3474                           	psect	intentry
  3475     0004                     __pintentry:	
  3476 ;; *************** function _ISR *****************
  3477 ;; Defined at:
  3478 ;;		line 241 in file "Main.c"
  3479 ;; Parameters:    Size  Location     Type
  3480 ;;		None
  3481 ;; Auto vars:     Size  Location     Type
  3482 ;;  i               1    0[COMMON] unsigned char 
  3483 ;; Return value:  Size  Location     Type
  3484 ;;                  1    wreg      void 
  3485 ;; Registers used:
  3486 ;;		wreg, status,2, status,0
  3487 ;; Tracked objects:
  3488 ;;		On entry : 0/0
  3489 ;;		On exit  : 0/0
  3490 ;;		Unchanged: 0/0
  3491 ;; Data sizes:     COMMON   BANK0   BANK1   BANK2   BANK3   BANK4   BANK5   BANK6   BANK7   BANK8   BANK9  BANK10  BANK1
      +1  BANK12  BANK13  BANK14  BANK15  BANK16  BANK17  BANK18  BANK19  BANK20  BANK21  BANK22  BANK23  BANK24  BANK25
  3492 ;;      Params:         0       0       0       0       0       0       0       0       0       0       0       0       
      +0       0       0       0       0       0       0       0       0       0       0       0       0       0       0
  3493 ;;      Locals:         1       0       0       0       0       0       0       0       0       0       0       0       
      +0       0       0       0       0       0       0       0       0       0       0       0       0       0       0
  3494 ;;      Temps:          0       0       0       0       0       0       0       0       0       0       0       0       
      +0       0       0       0       0       0       0       0       0       0       0       0       0       0       0
  3495 ;;      Totals:         1       0       0       0       0       0       0       0       0       0       0       0       
      +0       0       0       0       0       0       0       0       0       0       0       0       0       0       0
  3496 ;;Total ram usage:        1 bytes
  3497 ;; Hardware stack levels used: 1
  3498 ;; This function calls:
  3499 ;;		Nothing
  3500 ;; This function is called by:
  3501 ;;		Interrupt level 1
  3502 ;; This function uses a non-reentrant model
  3503 ;;
  3504                           
  3505     0004                     _ISR:
  3506                           
  3507                           ;incstack = 0
  3508     0004  147E               	bsf	int$flags,0	;set compiler interrupt flag (level 1)
  3509                           
  3510                           ; Regs used in _ISR: [wreg+status,2+status,0]
  3511     0005  3180               	pagesel	$
  3512     0006  3000               	movlw	low ___int_sp
  3513     0007  0086               	movwf	6
  3514     0008  3000               	movlw	high ___int_sp
  3515     0009  0087               	movwf	7
  3516     000A                     i1l1305:
  3517                           
  3518                           ;Main.c: 243:     uint8_t i = 0x00;
  3519     000A  01F0               	clrf	ISR@i
  3520     000B                     i1l1307:
  3521                           
  3522                           ;Main.c: 245:     if (PIR1bits.SSP1IF){
  3523     000B  0020               	movlb	0	; select bank0
  3524     000C  1D91               	btfss	17,3	;volatile
  3525     000D  280F               	goto	u74_21
  3526     000E  2810               	goto	u74_20
  3527     000F                     u74_21:
  3528     000F  281E               	goto	i1l1333
  3529     0010                     u74_20:
  3530     0010                     i1l1309:
  3531                           
  3532                           ;Main.c: 247:         if (SSP1STATbits.R_nW == 0){
  3533     0010  0024               	movlb	4	; select bank4
  3534     0011  1914               	btfsc	20,2	;volatile
  3535     0012  2814               	goto	u75_21
  3536     0013  2815               	goto	u75_20
  3537     0014                     u75_21:
  3538     0014  281D               	goto	i1l1331
  3539     0015                     u75_20:
  3540     0015                     i1l1311:
  3541     0015                     i1l1313:	
  3542                           ;Main.c: 248:             if (i == 0){
  3543                           
  3544                           
  3545                           ;Main.c: 249:                 Y_Byte = SSP1BUF;
  3546     0015  0811               	movf	17,w	;volatile
  3547     0016  0020               	movlb	0	; select bank0
  3548     0017  00AA               	movwf	_Y_Byte	;volatile
  3549     0018                     i1l1329:	
  3550                           ;Main.c: 250:             }
  3551                           
  3552                           
  3553                           ;Main.c: 261:             i = (i + 1) % 4;
  3554     0018  0870               	movf	ISR@i,w
  3555     0019  3E01               	addlw	1
  3556     001A  3903               	andlw	3
  3557     001B  00F0               	movwf	ISR@i
  3558                           
  3559                           ;Main.c: 262:         }
  3560     001C  281E               	goto	i1l1333
  3561     001D                     i1l1331:
  3562                           
  3563                           ;Main.c: 264:             (void)SSP1BUF;
  3564     001D  0811               	movf	17,w	;volatile
  3565     001E                     i1l1333:
  3566                           
  3567                           ;Main.c: 267:     PIR1bits.SSP1IF = 0;
  3568     001E  0020               	movlb	0	; select bank0
  3569     001F  1191               	bcf	17,3	;volatile
  3570     0020                     i1l258:
  3571     0020  107E               	bcf	int$flags,0	;clear compiler interrupt flag (level 1)
  3572     0021  0009               	retfie
  3573     0022                     __end_of_ISR:
  3574     0003                     ___latbits      equ	3
  3575     007E                     btemp           set	126	;btemp
  3576     007E                     int$flags       set	126
  3577     007E                     btemp0          set	126
  3578     007F                     btemp1          set	127
  3579     007E                     wtemp0          set	126
  3580     007F                     wtemp0a         set	127
  3581     007F                     ttemp0a         set	127
  3582     0080                     ltemp0a         set	128
  3583                           
  3584                           	psect	config
  3585                           
  3586                           ;Config register CONFIG1 @ 0x8007
  3587                           ;	Oscillator Selection
  3588                           ;	FOSC = INTOSC, INTOSC oscillator: I/O function on CLKIN pin
  3589                           ;	Watchdog Timer Enable
  3590                           ;	WDTE = OFF, WDT disabled
  3591                           ;	Power-up Timer Enable
  3592                           ;	PWRTE = OFF, PWRT disabled
  3593                           ;	MCLR Pin Function Select
  3594                           ;	MCLRE = ON, MCLR/VPP pin function is MCLR
  3595                           ;	Flash Program Memory Code Protection
  3596                           ;	CP = OFF, Program memory code protection is disabled
  3597                           ;	Data Memory Code Protection
  3598                           ;	CPD = OFF, Data memory code protection is disabled
  3599                           ;	Brown-out Reset Enable
  3600                           ;	BOREN = OFF, Brown-out Reset disabled
  3601                           ;	Clock Out Enable
  3602                           ;	CLKOUTEN = OFF, CLKOUT function is disabled. I/O or oscillator function on the CLKOUT 
      +                          pin
  3603                           ;	Internal/External Switchover
  3604                           ;	IESO = OFF, Internal/External Switchover mode is disabled
  3605                           ;	Fail-Safe Clock Monitor Enable
  3606                           ;	FCMEN = OFF, Fail-Safe Clock Monitor is disabled
  3607     8007                     	org	32775
  3608     8007  09E4               	dw	2532
  3609                           
  3610                           ;Config register CONFIG2 @ 0x8008
  3611                           ;	Flash Memory Self-Write Protection
  3612                           ;	WRT = OFF, Write protection off
  3613                           ;	Voltage Regulator Capacitor Enable bit
  3614                           ;	VCAPEN = OFF, Vcap functionality is disabled on RA6.
  3615                           ;	PLL Enable
  3616                           ;	PLLEN = OFF, 4x PLL disabled
  3617                           ;	Stack Overflow/Underflow Reset Enable
  3618                           ;	STVREN = OFF, Stack Overflow or Underflow will not cause a Reset
  3619                           ;	Brown-out Reset Voltage Selection
  3620                           ;	BORV = LO, Brown-out Reset Voltage (Vbor), low trip point selected.
  3621                           ;	Low Power Brown-Out Reset Enable Bit
  3622                           ;	LPBOR = OFF, Low power brown-out is disabled
  3623                           ;	In-Circuit Debugger Mode
  3624                           ;	DEBUG = OFF, In-Circuit Debugger disabled, ICSPCLK and ICSPDAT are general purpose I/O
      +                           pins
  3625                           ;	Low-Voltage Programming Enable
  3626                           ;	LVP = OFF, High-voltage on MCLR/VPP must be used for programming
  3627     8008                     	org	32776
  3628     8008  1CFF               	dw	7423

Data Sizes:
    Strings     0
    Constant    165
    Data        0
    BSS         13
    Persistent  48
    Stack       0

Auto Spaces:
    Space          Size  Autos    Used
    COMMON           14     12      13
    BANK0            80      9      21
    BANK1            80      0       0
    BANK2            80      0       0
    BANK3            80      0       0
    BANK4            80      0       0
    BANK5            80      0       0
    BANK6            80      0       0
    BANK7            80      0       0
    BANK8            80      0       0
    BANK9            80      0       0
    BANK10           80      0       0
    BANK11           80      0       0
    BANK12           80      0       0
    BANK13           80      0       0
    BANK14           80      0       0
    BANK15           80      0       0
    BANK16           80      0       0
    BANK17           80      0       0
    BANK18           80      0       0
    BANK19           80      0       0
    BANK20           80      0       0
    BANK21           80      0       0
    BANK22           80      0       0
    BANK23           80      0       0
    BANK24           80      0       0
    BANK25           32      0       0

Pointer List with Targets:

    None.

Critical Paths under _main in COMMON

    _main->_lookup_and_send_buttons
    _main->_lookup_and_send_move
    _lookup_and_send_move->_send_camera_command
    _send_camera_command->_tx_uart
    _lookup_and_send_buttons->_send_camera_button
    _send_camera_button->_tx_uart
    _tx_uart->___wmul

Critical Paths under _ISR in COMMON

    None.

Critical Paths under _main in BANK0

    _main->_lookup_and_send_buttons
    _main->_lookup_and_send_move
    _lookup_and_send_move->_send_camera_command
    _lookup_and_send_buttons->_send_camera_button

Critical Paths under _ISR in BANK0

    None.

Critical Paths under _main in BANK1

    None.

Critical Paths under _ISR in BANK1

    None.

Critical Paths under _main in BANK2

    None.

Critical Paths under _ISR in BANK2

    None.

Critical Paths under _main in BANK3

    None.

Critical Paths under _ISR in BANK3

    None.

Critical Paths under _main in BANK4

    None.

Critical Paths under _ISR in BANK4

    None.

Critical Paths under _main in BANK5

    None.

Critical Paths under _ISR in BANK5

    None.

Critical Paths under _main in BANK6

    None.

Critical Paths under _ISR in BANK6

    None.

Critical Paths under _main in BANK7

    None.

Critical Paths under _ISR in BANK7

    None.

Critical Paths under _main in BANK8

    None.

Critical Paths under _ISR in BANK8

    None.

Critical Paths under _main in BANK9

    None.

Critical Paths under _ISR in BANK9

    None.

Critical Paths under _main in BANK10

    None.

Critical Paths under _ISR in BANK10

    None.

Critical Paths under _main in BANK11

    None.

Critical Paths under _ISR in BANK11

    None.

Critical Paths under _main in BANK12

    None.

Critical Paths under _ISR in BANK12

    None.

Critical Paths under _main in BANK13

    None.

Critical Paths under _ISR in BANK13

    None.

Critical Paths under _main in BANK14

    None.

Critical Paths under _ISR in BANK14

    None.

Critical Paths under _main in BANK15

    None.

Critical Paths under _ISR in BANK15

    None.

Critical Paths under _main in BANK16

    None.

Critical Paths under _ISR in BANK16

    None.

Critical Paths under _main in BANK17

    None.

Critical Paths under _ISR in BANK17

    None.

Critical Paths under _main in BANK18

    None.

Critical Paths under _ISR in BANK18

    None.

Critical Paths under _main in BANK19

    None.

Critical Paths under _ISR in BANK19

    None.

Critical Paths under _main in BANK20

    None.

Critical Paths under _ISR in BANK20

    None.

Critical Paths under _main in BANK21

    None.

Critical Paths under _ISR in BANK21

    None.

Critical Paths under _main in BANK22

    None.

Critical Paths under _ISR in BANK22

    None.

Critical Paths under _main in BANK23

    None.

Critical Paths under _ISR in BANK23

    None.

Critical Paths under _main in BANK24

    None.

Critical Paths under _ISR in BANK24

    None.

Critical Paths under _main in BANK25

    None.

Critical Paths under _ISR in BANK25

    None.

Call Graph Tables:

 ---------------------------------------------------------------------------------
 (Depth) Function   	        Calls       Base Space   Used Autos Params    Refs
 ---------------------------------------------------------------------------------
 (0) _main                                                 1     1      0    1664
                                              8 BANK0      1     1      0
                            _InitI2C
                            _InitISR
                            _InitOpt
                            _InitOsc
                            _InitPIN
                          _InitPORTA
                          _InitPORTB
                          _InitPORTC
                           _InitUART
                 _TranslateJoysticks
                     _TranslateTABXY
                         _TranslateX
                         _TranslateY
            _lookup_and_send_buttons
               _lookup_and_send_move
 ---------------------------------------------------------------------------------
 (1) _lookup_and_send_move                                 4     4      0     542
                                             10 COMMON     2     2      0
                                              6 BANK0      2     2      0
                             ___wmul
                _send_camera_command
 ---------------------------------------------------------------------------------
 (2) _send_camera_command                                  8     8      0     294
                                              8 COMMON     2     2      0
                                              0 BANK0      6     6      0
                             ___wmul
                            _tx_uart
 ---------------------------------------------------------------------------------
 (1) _lookup_and_send_buttons                              4     4      0     542
                                             10 COMMON     2     2      0
                                              6 BANK0      2     2      0
                             ___wmul
                 _send_camera_button
 ---------------------------------------------------------------------------------
 (2) _send_camera_button                                   8     8      0     294
                                              8 COMMON     2     2      0
                                              0 BANK0      6     6      0
                             ___wmul
                            _tx_uart
 ---------------------------------------------------------------------------------
 (3) _tx_uart                                              1     1      0      29
                                              7 COMMON     1     1      0
                             ___wmul (ARG)
 ---------------------------------------------------------------------------------
 (3) ___wmul                                               6     2      4     100
                                              1 COMMON     6     2      4
 ---------------------------------------------------------------------------------
 (1) _TranslateY                                           1     1      0     203
                                              1 COMMON     1     1      0
 ---------------------------------------------------------------------------------
 (1) _TranslateX                                           1     1      0     203
                                              1 COMMON     1     1      0
 ---------------------------------------------------------------------------------
 (1) _TranslateTABXY                                       1     1      0     145
                                              1 COMMON     1     1      0
 ---------------------------------------------------------------------------------
 (1) _TranslateJoysticks                                   1     1      0      29
                                              1 COMMON     1     1      0
 ---------------------------------------------------------------------------------
 (1) _InitUART                                             0     0      0       0
 ---------------------------------------------------------------------------------
 (1) _InitPORTC                                            0     0      0       0
 ---------------------------------------------------------------------------------
 (1) _InitPORTB                                            0     0      0       0
 ---------------------------------------------------------------------------------
 (1) _InitPORTA                                            0     0      0       0
 ---------------------------------------------------------------------------------
 (1) _InitPIN                                              0     0      0       0
 ---------------------------------------------------------------------------------
 (1) _InitOsc                                              0     0      0       0
 ---------------------------------------------------------------------------------
 (1) _InitOpt                                              0     0      0       0
 ---------------------------------------------------------------------------------
 (1) _InitISR                                              0     0      0       0
 ---------------------------------------------------------------------------------
 (1) _InitI2C                                              0     0      0       0
 ---------------------------------------------------------------------------------
 Estimated maximum stack depth 3
 ---------------------------------------------------------------------------------
 (Depth) Function   	        Calls       Base Space   Used Autos Params    Refs
 ---------------------------------------------------------------------------------
 (4) _ISR                                                  1     1      0     112
                                              0 COMMON     1     1      0
 ---------------------------------------------------------------------------------
 Estimated maximum stack depth 4
 ---------------------------------------------------------------------------------

 Call Graph Graphs:

 _main (ROOT)
   _InitI2C
   _InitISR
   _InitOpt
   _InitOsc
   _InitPIN
   _InitPORTA
   _InitPORTB
   _InitPORTC
   _InitUART
   _TranslateJoysticks
   _TranslateTABXY
   _TranslateX
   _TranslateY
   _lookup_and_send_buttons
     ___wmul
     _send_camera_button
       ___wmul
       _tx_uart
         ___wmul (ARG)
   _lookup_and_send_move
     ___wmul
     _send_camera_command
       ___wmul
       _tx_uart

 _ISR (ROOT)

Address spaces:
Name               Size   Autos  Total    Usage
BITCOMMON           14      0       0      0.0%
BITBANK0            80      0       0      0.0%
BITBANK1            80      0       0      0.0%
BITBANK2            80      0       0      0.0%
BITBANK3            80      0       0      0.0%
BITBANK4            80      0       0      0.0%
BITBANK5            80      0       0      0.0%
BITBANK6            80      0       0      0.0%
BITBANK7            80      0       0      0.0%
BITBANK8            80      0       0      0.0%
BITBANK9            80      0       0      0.0%
BITBANK10           80      0       0      0.0%
BITBANK11           80      0       0      0.0%
BITBANK12           80      0       0      0.0%
BITBANK13           80      0       0      0.0%
BITBANK14           80      0       0      0.0%
BITBANK15           80      0       0      0.0%
BITBANK16           80      0       0      0.0%
BITBANK17           80      0       0      0.0%
BITBANK18           80      0       0      0.0%
BITBANK19           80      0       0      0.0%
BITBANK20           80      0       0      0.0%
BITBANK21           80      0       0      0.0%
BITBANK22           80      0       0      0.0%
BITBANK23           80      0       0      0.0%
BITBANK24           80      0       0      0.0%
BITBANK25           32      0       0      0.0%
BIGRAM            2032      0       0      0.0%
COMMON              14     12      13     92.9%
BANK0               80      9      21     26.2%
BANK1               80      0       0      0.0%
BANK2               80      0       0      0.0%
BANK3               80      0       0      0.0%
BANK4               80      0       0      0.0%
BANK5               80      0       0      0.0%
BANK6               80      0       0      0.0%
BANK7               80      0       0      0.0%
BANK8               80      0       0      0.0%
BANK9               80      0       0      0.0%
BANK10              80      0       0      0.0%
BANK11              80      0       0      0.0%
BANK12              80      0       0      0.0%
BANK13              80      0       0      0.0%
BANK14              80      0       0      0.0%
BANK15              80      0       0      0.0%
BANK16              80      0       0      0.0%
BANK17              80      0       0      0.0%
BANK18              80      0       0      0.0%
BANK19              80      0       0      0.0%
BANK20              80      0       0      0.0%
BANK21              80      0       0      0.0%
BANK22              80      0       0      0.0%
BANK23              80      0       0      0.0%
BANK24              80      0       0      0.0%
BANK25              32      0       0      0.0%
STACK                0      0       0      0.0%
DATA                 0      0      34      0.0%


Microchip Technology PIC Macro Assembler V3.10 build 20250813170317 
Symbol Table                                                                                   Mon Apr  6 11:20:53 2026

                             l70 0377                               l73 0374                               l82 0347  
                             l91 036A                               l67 0370                               l76 0332  
                             l85 033D                               l79 0326                               l88 0362  
     __end_of_TranslateJoysticks 030F              ___wmul@multiplicand 0073                              l213 013C  
                            l222 01CB                              l215 013F                              l160 0352  
                            l240 02B2                              l233 027F                              l170 02CF  
                            l226 01E1                              l163 0359                              l219 019C  
                            l172 02D8                              l181 030E                              l229 0210  
                            l174 02E0                              l166 02BC                              l176 02E2  
                            l168 02C6                              l179 030B                              l196 0183  
                            l365 02ED                              l198 0186                              l367 0301  
                            u400 02E9                              u401 02E8                              u500 02CC  
                            u501 02CB                              u510 02D5                              u430 02FD  
                            u511 02D4                              u431 02FC                              u415 02EE  
                            u520 02DE                              u600 017F                              u440 019C  
                            u521 02DD                              u601 017E                              u425 02F3  
                            u441 019B                              u530 0307                              u610 00FF  
                            u450 01CB                              u531 0306                              u611 00FE  
                            u451 01CA                              u620 0109                              u540 0147  
                            u460 01E1                              u700 027F                              _ISR 0004  
                            u621 0108                              u541 0146                              u461 01E0  
                            u701 027E                              u630 0113                              u550 0151  
                            u390 0357                              u470 0210                              u710 0287  
                            u631 0112                              u551 0150                              u391 0356  
                            u471 020F                              u711 0286                              u480 02B8  
                            u640 011D                              u560 015B                              u720 02A5  
                            u481 02B7                              u641 011C                              u561 015A  
                            u721 02A4                              u490 02C3                              u650 0127  
                            u570 0165                              u730 02B2                              u491 02C2  
                            u651 0126                              u571 0164                              u731 02B1  
                            u660 012E                              u580 016F                              u661 012D  
                            u581 016E                              u670 0138                              u590 0176  
                            u671 0137                              u591 0175                              u680 0254  
                            u681 0253                              u690 0272                              u770 0065  
                            u691 0271                              u771 0064                              _TxA 0023  
                            _TxB 0022                              _TxJ 0020                              _TxX 0026  
                            _TxY 0027            lookup_and_send_move@i 0033                              wreg 0009  
                           ?_ISR 0070                             ISR@i 0070                             l1101 02E9  
                           l1103 02F2                             l1111 0188                             l1201 02D1  
                           l1105 02F7                             l1121 0196                             l1211 0307  
                           l1203 02D5                             l1107 02FD                             l1131 01C5  
                           l1205 02DA                             l1221 0155                             l1213 0141  
                           l1141 01D9                             l1133 01CD                             l1301 02AA  
                           l1117 0189                             l1207 02DE                             l1223 015B  
                           l1215 0147                             l1151 0208                             l1143 01DB  
                           l1303 02AC                             l1127 019E                             l1119 0194  
                           l1161 0371                             l1209 0303                             l1241 00F9  
                           l1233 0170                             l1225 015F                             l1217 014B  
                           l1153 020A                             l1129 01C3                             l1155 036B  
                           l1163 0327                             l1171 033E                             l1251 0113  
                           l1243 00FF                             l1235 0176                             l1227 0165  
                           l1219 0151                             l1139 01CE                             l1181 035F  
                           l1157 036E                             l1165 032A                             l1173 0341  
                           l1261 0128                             l1253 0117                             l1245 0103  
                           l1237 0179                             l1229 0169                             l1093 0352  
                           l1149 01E3                             l1183 0360                             l1159 0375  
                           l1167 031B                             l1175 0333                             l1191 02B8  
                           l1263 012E                             l1255 011D                             l1247 0109  
                           l1239 017F                             l1095 0357                             l1185 0363  
                           l1169 031E                             l1177 033C                             l1193 02BF  
                           l1265 0132                             l1257 0121                             l1249 010D  
                           l1097 02E3                             l1281 0272                             l1273 0255  
                           l1179 035A                             l1187 0368                             l1195 02C3  
                           l1267 0138                             l1099 02E5                             l1291 0288  
                           l1283 0277                             l1371 0065                             l1363 0036  
                           l1197 02C8                             l1189 02B4                             l1285 0279  
                           l1269 024F                             l1381 008C                             l1373 0078  
                           l1365 0051                             l1199 02CC                             l1287 0282  
                           l1279 0256                             l1383 0091                             l1375 007D  
                           l1367 0052                             l1297 0289                             l1385 0096  
                           l1377 0082                             l1369 0060                             l1299 02A5  
                           l1387 009B                             l1379 0087                             l1389 00A0  
                           _PIE1 0091                             _PIE2 0092                             _PIE3 0093  
                           _WPUA 020C                             _WPUB 020D                             _WPUC 020E  
                           _TxBY 0021                             _TxTL 0025                             _TxTR 0024  
                           _main 0036                             fsr0h 0005                             fsr1h 0007  
                           indf0 0000                             fsr0l 0004                             fsr1l 0006  
                           btemp 007E                             start 0022                  __end_of_InitI2C 0363  
                __end_of_InitISR 036B                  __end_of_InitPIN 0375                  __end_of_InitOsc 0371  
                __end_of_InitOpt 0378                            ??_ISR 0070                            ?_main 0070  
                          i1l258 0020                            _TRISA 008C                            _TRISB 008D  
                          _TRISC 008E                            u74_20 0010                            u74_21 000F  
                          u75_20 0015                            u75_21 0014           TranslateJoysticks@byte 0071  
     __end_of_send_camera_button 0211                            btemp0 007E                            btemp1 007F  
        lookup_and_send_move@cmd 0032                            status 0003                            wtemp0 007E  
                __end_of_tx_uart 035A                  __initialization 0024                     __end_of_main 00A4  
               __end_of_InitUART 033E                           ??_main 0034                           _ANSELA 018C  
                         _ANSELB 018D                           _RC1STA 019D                           i1l1311 0015  
                         i1l1313 0015                           i1l1305 000A                           i1l1331 001D  
                         i1l1307 000B                           i1l1309 0010                           i1l1333 001E  
                         i1l1329 0018                           _INLVLA 038C                           _INLVLB 038D  
                         _INLVLC 038E                           _INTCON 000B                           _OSCCON 0099  
                         _TX1REG 019A                           _TX1STA 019E                        ??_InitI2C 0071  
                      ??_InitISR 0071                        ??_InitPIN 0071                        ??_InitOsc 0071  
                      ??_InitOpt 0071                           _TsABXY 0029                   TranslateX@byte 0071  
                         _X_Byte 002B                   TranslateY@byte 0071                           _Y_Byte 002A  
    __end_of_send_camera_command 01CC                 ??_TranslateTABXY 0071         lookup_and_send_buttons@i 0033  
                         ___wmul 02E3                           ltemp0a 0080            __end_of_header_static 0351  
                         ttemp0a 007F                       _TranslateX 00F8                       _TranslateY 0140  
                         wtemp0a 007F                        ??_tx_uart 0077          __end_of__initialization 0032  
                 __pcstackCOMMON 0070                 _cmd_button_table 0211         ?_lookup_and_send_buttons 0070  
              __end_of_InitPORTA 0333                __end_of_InitPORTB 0327                __end_of_InitPORTC 0348  
   __end_of_lookup_and_send_move 0280               _TranslateJoysticks 0302                       __pbssBANK0 0020  
                      ?_InitUART 0070              ?_TranslateJoysticks 0070                       __pmaintext 0036  
                     _header_dir 030F                          ?___wmul 0071                       __pintentry 0004  
                        _APFCON1 011D                          _APFCON2 011C                          _CLKRCON 051A  
           ??_TranslateJoysticks 0071                          _SP1BRGH 019C                          _SP1BRGL 019B  
                        _SSP1ADD 0212                          _SLRCONA 030C                          _SLRCONB 030D  
                        _SLRCONC 030E                          _SSP1BUF 0211                      ?_TranslateX 0070  
                    ?_TranslateY 0070                       ??_InitUART 0071                __end_of_cmd_table 00F8  
                        _InitI2C 035A                          _InitISR 0363                          _InitPIN 0371  
                        _InitOsc 036B                          _InitOpt 0375               _send_camera_button 01CC  
            ?_send_camera_button 0070                          __ptext1 024D                          __ptext2 0187  
                        __ptext3 0280                          __ptext4 01CC                          __ptext5 0351  
                        __ptext6 02E3                          __ptext7 0140                          __ptext8 00F8  
                        __ptext9 02B3                          _rx_done 007C                          _tx_uart 0351  
           ??_send_camera_button 002C             end_of_initialization 0032             _lookup_and_send_move 024D  
                      _PORTBbits 000D         __end_of_cmd_button_table 024D            ?_lookup_and_send_move 0070  
                 __end_of___wmul 0302                        _InitPORTA 0327                        _InitPORTB 031B  
                      _InitPORTC 033E              start_initialization 0024                      __end_of_ISR 0022  
     lookup_and_send_buttons@cmd 0032                         ??___wmul 0075                       ?_InitPORTA 0070  
                     ?_InitPORTB 0070                       ?_InitPORTC 0070                      __pbssCOMMON 007C  
                      ___latbits 0003                    __pcstackBANK0 002C                     ??_TranslateX 0071  
                   ??_TranslateY 0071          send_camera_command@byte 0078                         ?_InitI2C 0070  
                       ?_InitISR 0070                         ?_InitPIN 0070                         ?_InitOsc 0070  
                       ?_InitOpt 0070           ??_lookup_and_send_move 007A                        _cmd_table 00A4  
             __end_of_TranslateX 0140               __end_of_TranslateY 0187                         _BAUD1CON 019F  
                    tx_uart@byte 0077                    _header_static 0348             send_camera_command@i 0079  
                       ?_tx_uart 0070                   ___wmul@product 0075                         _PIR1bits 0011  
                       _SSP1CON1 0215                         _SSP1CON2 0216                         _SSP1STAT 0214  
                       _JButtons 0028                ___wmul@multiplier 0071                      ??_InitPORTA 0071  
                    ??_InitPORTB 0071                      ??_InitPORTC 0071          _lookup_and_send_buttons 0280  
             __end_of_header_dir 031B                         _InitUART 0333              _send_camera_command 0187  
           ?_send_camera_command 0070                         ___int_sp 0000                   _TranslateTABXY 02B3  
                       __ptext10 0302                         __ptext11 0333                         __ptext12 033E  
                       __ptext13 031B                         __ptext14 0327                         __ptext15 0371  
                       __ptext16 036B                         __ptext17 0375                         __ptext18 0363  
                       __ptext19 035A              send_camera_button@i 0079                         int$flags 007E  
          ??_send_camera_command 002C                     _SSP1STATbits 0214           __end_of_TranslateTABXY 02E3  
      ??_lookup_and_send_buttons 007A                       _INTCONbits 000B                         intlevel1 0000  
         send_camera_button@byte 0078                  ?_TranslateTABXY 0070                    __pstringtext1 00A4  
                  __pstringtext2 0211                    __pstringtext3 030F                    __pstringtext4 0348  
                     _OPTION_REG 0095                       _TX1STAbits 019E               TranslateTABXY@byte 0071  
__end_of_lookup_and_send_buttons 02B3  
