

Microchip MPLAB XC8 Assembler V3.10 build 20250813170317 
                                                                                               Mon Apr 20 11:36:55 2026

Microchip MPLAB XC8 C Compiler v3.10 (Free license) build 20250813170317 Og1 
     1                           	processor	16F1788
     2                           	pagewidth 120
     3                           	opt	flic
     4                           	psect	stringtext1,global,class=STRCODE,space=0,delta=2,noexec
     5                           	psect	stringtext2,global,class=STRCODE,space=0,delta=2,noexec
     6                           	psect	stringtext3,global,class=STRCODE,space=0,delta=2,noexec
     7                           	psect	stringtext4,global,class=STRCODE,space=0,delta=2,noexec
     8                           	psect	cinit,global,class=CODE,space=0,merge=1,delta=2
     9                           	psect	bssCOMMON,global,class=COMMON,space=1,delta=1,noexec
    10                           	psect	bssBANK0,global,class=BANK0,space=1,delta=1,noexec
    11                           	psect	cstackCOMMON,global,class=COMMON,space=1,delta=1,noexec
    12                           	psect	cstackBANK0,global,class=BANK0,space=1,delta=1,noexec
    13                           	psect	maintext,global,class=CODE,space=0,merge=1,split=1,delta=2
    14                           	psect	text1,local,class=CODE,space=0,merge=1,delta=2
    15                           	psect	text2,local,class=CODE,space=0,merge=1,delta=2
    16                           	psect	text3,local,class=CODE,space=0,merge=1,delta=2
    17                           	psect	text4,local,class=CODE,space=0,merge=1,delta=2
    18                           	psect	text5,local,class=CODE,space=0,merge=1,delta=2
    19                           	psect	text6,local,class=CODE,space=0,merge=1,delta=2,group=1
    20                           	psect	text7,local,class=CODE,space=0,merge=1,delta=2
    21                           	psect	text8,local,class=CODE,space=0,merge=1,delta=2
    22                           	psect	text9,local,class=CODE,space=0,merge=1,delta=2
    23                           	psect	text10,local,class=CODE,space=0,merge=1,delta=2
    24                           	psect	text11,local,class=CODE,space=0,merge=1,delta=2
    25                           	psect	text12,local,class=CODE,space=0,merge=1,delta=2
    26                           	psect	text13,local,class=CODE,space=0,merge=1,delta=2
    27                           	psect	text14,local,class=CODE,space=0,merge=1,delta=2
    28                           	psect	text15,local,class=CODE,space=0,merge=1,delta=2
    29                           	psect	text16,local,class=CODE,space=0,merge=1,delta=2
    30                           	psect	text17,local,class=CODE,space=0,merge=1,delta=2
    31                           	psect	text18,local,class=CODE,space=0,merge=1,delta=2
    32                           	psect	text19,local,class=CODE,space=0,merge=1,delta=2
    33                           	psect	intentry,global,class=CODE,space=0,delta=2
    34                           	psect	text21,local,class=CODE,space=0,merge=1,delta=2,group=1
    35                           	psect	config,global,abs,ovrld,class=CONFIG,space=4,delta=2,noexec
    36                           	dabs	1,0x7E,2
    37     0000                     
    38                           ; Generated 07/09/2023 GMT
    39                           ; 
    40                           ; Copyright © 2023, Microchip Technology Inc. and its subsidiaries ("Microchip")
    41                           ; All rights reserved.
    42                           ; 
    43                           ; This software is developed by Microchip Technology Inc. and its subsidiaries ("Microch
      +                          ip").
    44                           ; 
    45                           ; Redistribution and use in source and binary forms, with or without modification, are
    46                           ; permitted provided that the following conditions are met:
    47                           ; 
    48                           ;     1. Redistributions of source code must retain the above copyright notice, this lis
      +                          t of
    49                           ;        conditions and the following disclaimer.
    50                           ; 
    51                           ;     2. Redistributions in binary form must reproduce the above copyright notice, this 
      +                          list
    52                           ;        of conditions and the following disclaimer in the documentation and/or other
    53                           ;        materials provided with the distribution. Publication is not required when
    54                           ;        this file is used in an embedded application.
    55                           ; 
    56                           ;     3. Microchip's name may not be used to endorse or promote products derived from th
      +                          is
    57                           ;        software without specific prior written permission.
    58                           ; 
    59                           ; THIS SOFTWARE IS PROVIDED BY MICROCHIP "AS IS" AND ANY EXPRESS OR IMPLIED WARRANTIES,
    60                           ; INCLUDING, BUT NOT LIMITED TO, THE IMPLIED WARRANTIES OF MERCHANTABILITY AND FITNESS F
      +                          OR
    61                           ; PURPOSE ARE DISCLAIMED.  IN NO EVENT SHALL MICROCHIP BE LIABLE FOR ANY DIRECT, INDIREC
      +                          T,
    62                           ; INCIDENTAL, SPECIAL, EXEMPLARY, OR CONSEQUENTIAL DAMAGES (INCLUDING BUT NOT LIMITED TO
    63                           ; PROCUREMENT OF SUBSTITUTE GOODS OR SERVICES; LOSS OF USE, DATA OR PROFITS; OR BUSINESS
    64                           ; INTERRUPTION) HOWSOEVER CAUSED AND ON ANY THEORY OF LIABILITY, WHETHER IN CONTRACT, ST
      +                          RICT
    65                           ; LIABILITY, OR TORT (INCLUDING NEGLIGENCE OR OTHERWISE) ARISING IN ANY WAY OUT OF THE U
      +                          SE OF
    66                           ; THIS SOFTWARE, EVEN IF ADVISED OF THE POSSIBILITY OF SUCH DAMAGE.
    67                           ; 
    68                           ; 
    69                           ; Code-generator required, PIC16F1788 Definitions
    70                           ; 
    71                           ; SFR Addresses
    72     0008                     bsr             equ	8
    73     0005                     fsr0h           equ	5
    74     0004                     fsr0l           equ	4
    75     0007                     fsr1h           equ	7
    76     0006                     fsr1l           equ	6
    77     0000                     indf            equ	0
    78     0000                     indf0           equ	0
    79     0001                     indf1           equ	1
    80     000B                     intcon          equ	11
    81     0002                     pc              equ	2
    82     0002                     pcl             equ	2
    83     000A                     pclath          equ	10
    84     0003                     status          equ	3
    85     0009                     wreg            equ	9
    86     0000                     INDF0           equ	0	;# 
    87     0001                     INDF1           equ	1	;# 
    88     0002                     PCL             equ	2	;# 
    89     0003                     STATUS          equ	3	;# 
    90     0004                     FSR0L           equ	4	;# 
    91     0005                     FSR0H           equ	5	;# 
    92     0006                     FSR1L           equ	6	;# 
    93     0007                     FSR1H           equ	7	;# 
    94     0008                     BSR             equ	8	;# 
    95     0009                     WREG            equ	9	;# 
    96     000A                     PCLATH          equ	10	;# 
    97     000B                     INTCON          equ	11	;# 
    98     000C                     PORTA           equ	12	;# 
    99     000D                     PORTB           equ	13	;# 
   100     000E                     PORTC           equ	14	;# 
   101     0010                     PORTE           equ	16	;# 
   102     0011                     PIR1            equ	17	;# 
   103     0012                     PIR2            equ	18	;# 
   104     0013                     PIR3            equ	19	;# 
   105     0014                     PIR4            equ	20	;# 
   106     0015                     TMR0            equ	21	;# 
   107     0016                     TMR1            equ	22	;# 
   108     0016                     TMR1L           equ	22	;# 
   109     0017                     TMR1H           equ	23	;# 
   110     0018                     T1CON           equ	24	;# 
   111     0019                     T1GCON          equ	25	;# 
   112     001A                     TMR2            equ	26	;# 
   113     001B                     PR2             equ	27	;# 
   114     001C                     T2CON           equ	28	;# 
   115     008C                     TRISA           equ	140	;# 
   116     008D                     TRISB           equ	141	;# 
   117     008E                     TRISC           equ	142	;# 
   118     0090                     TRISE           equ	144	;# 
   119     0091                     PIE1            equ	145	;# 
   120     0092                     PIE2            equ	146	;# 
   121     0093                     PIE3            equ	147	;# 
   122     0094                     PIE4            equ	148	;# 
   123     0095                     OPTION_REG      equ	149	;# 
   124     0096                     PCON            equ	150	;# 
   125     0097                     WDTCON          equ	151	;# 
   126     0098                     OSCTUNE         equ	152	;# 
   127     0099                     OSCCON          equ	153	;# 
   128     009A                     OSCSTAT         equ	154	;# 
   129     009B                     ADRES           equ	155	;# 
   130     009B                     ADRESL          equ	155	;# 
   131     009C                     ADRESH          equ	156	;# 
   132     009D                     ADCON0          equ	157	;# 
   133     009E                     ADCON1          equ	158	;# 
   134     009F                     ADCON2          equ	159	;# 
   135     010C                     LATA            equ	268	;# 
   136     010D                     LATB            equ	269	;# 
   137     010E                     LATC            equ	270	;# 
   138     0111                     CM1CON0         equ	273	;# 
   139     0112                     CM1CON1         equ	274	;# 
   140     0113                     CM2CON0         equ	275	;# 
   141     0114                     CM2CON1         equ	276	;# 
   142     0115                     CMOUT           equ	277	;# 
   143     0116                     BORCON          equ	278	;# 
   144     0117                     FVRCON          equ	279	;# 
   145     0118                     DAC1CON0        equ	280	;# 
   146     0119                     DAC1CON1        equ	281	;# 
   147     011A                     CM4CON0         equ	282	;# 
   148     011B                     CM4CON1         equ	283	;# 
   149     011C                     APFCON2         equ	284	;# 
   150     011D                     APFCON1         equ	285	;# 
   151     011D                     APFCON0         equ	285	;# 
   152     011D                     APFCON          equ	285	;# 
   153     011E                     CM3CON0         equ	286	;# 
   154     011F                     CM3CON1         equ	287	;# 
   155     018C                     ANSELA          equ	396	;# 
   156     018D                     ANSELB          equ	397	;# 
   157     018E                     ANSELC          equ	398	;# 
   158     0191                     EEADR           equ	401	;# 
   159     0191                     EEADRL          equ	401	;# 
   160     0192                     EEADRH          equ	402	;# 
   161     0193                     EEDAT           equ	403	;# 
   162     0193                     EEDATL          equ	403	;# 
   163     0193                     EEDATA          equ	403	;# 
   164     0194                     EEDATH          equ	404	;# 
   165     0195                     EECON1          equ	405	;# 
   166     0196                     EECON2          equ	406	;# 
   167     0197                     VREGCON         equ	407	;# 
   168     0199                     RC1REG          equ	409	;# 
   169     0199                     RCREG           equ	409	;# 
   170     0199                     RCREG1          equ	409	;# 
   171     019A                     TX1REG          equ	410	;# 
   172     019A                     TXREG1          equ	410	;# 
   173     019A                     TXREG           equ	410	;# 
   174     019B                     SP1BRG          equ	411	;# 
   175     019B                     SPBRG           equ	411	;# 
   176     019B                     SP1BRGL         equ	411	;# 
   177     019B                     SPBRG1          equ	411	;# 
   178     019B                     SPBRGL          equ	411	;# 
   179     019C                     SP1BRGH         equ	412	;# 
   180     019C                     SPBRGH          equ	412	;# 
   181     019C                     SPBRGH1         equ	412	;# 
   182     019D                     RC1STA          equ	413	;# 
   183     019D                     RCSTA1          equ	413	;# 
   184     019D                     RCSTA           equ	413	;# 
   185     019E                     TX1STA          equ	414	;# 
   186     019E                     TXSTA1          equ	414	;# 
   187     019E                     TXSTA           equ	414	;# 
   188     019F                     BAUD1CON        equ	415	;# 
   189     019F                     BAUDCON1        equ	415	;# 
   190     019F                     BAUDCTL1        equ	415	;# 
   191     019F                     BAUDCON         equ	415	;# 
   192     019F                     BAUDCTL         equ	415	;# 
   193     020C                     WPUA            equ	524	;# 
   194     020D                     WPUB            equ	525	;# 
   195     020E                     WPUC            equ	526	;# 
   196     0210                     WPUE            equ	528	;# 
   197     0211                     SSP1BUF         equ	529	;# 
   198     0211                     SSPBUF          equ	529	;# 
   199     0212                     SSP1ADD         equ	530	;# 
   200     0212                     SSPADD          equ	530	;# 
   201     0213                     SSP1MSK         equ	531	;# 
   202     0213                     SSPMSK          equ	531	;# 
   203     0214                     SSP1STAT        equ	532	;# 
   204     0214                     SSPSTAT         equ	532	;# 
   205     0215                     SSP1CON1        equ	533	;# 
   206     0215                     SSPCON          equ	533	;# 
   207     0215                     SSPCON1         equ	533	;# 
   208     0215                     SSP1CON         equ	533	;# 
   209     0216                     SSP1CON2        equ	534	;# 
   210     0216                     SSPCON2         equ	534	;# 
   211     0217                     SSP1CON3        equ	535	;# 
   212     0217                     SSPCON3         equ	535	;# 
   213     028C                     ODCONA          equ	652	;# 
   214     028D                     ODCONB          equ	653	;# 
   215     028E                     ODCONC          equ	654	;# 
   216     0291                     CCPR1           equ	657	;# 
   217     0291                     CCPR1L          equ	657	;# 
   218     0292                     CCPR1H          equ	658	;# 
   219     0293                     CCP1CON         equ	659	;# 
   220     0298                     CCPR2           equ	664	;# 
   221     0298                     CCPR2L          equ	664	;# 
   222     0299                     CCPR2H          equ	665	;# 
   223     029A                     CCP2CON         equ	666	;# 
   224     030C                     SLRCONA         equ	780	;# 
   225     030D                     SLRCONB         equ	781	;# 
   226     030E                     SLRCONC         equ	782	;# 
   227     0311                     CCPR3           equ	785	;# 
   228     0311                     CCPR3L          equ	785	;# 
   229     0312                     CCPR3H          equ	786	;# 
   230     0313                     CCP3CON         equ	787	;# 
   231     038C                     INLVLA          equ	908	;# 
   232     038D                     INLVLB          equ	909	;# 
   233     038E                     INLVLC          equ	910	;# 
   234     0390                     INLVLE          equ	912	;# 
   235     0391                     IOCAP           equ	913	;# 
   236     0392                     IOCAN           equ	914	;# 
   237     0393                     IOCAF           equ	915	;# 
   238     0394                     IOCBP           equ	916	;# 
   239     0395                     IOCBN           equ	917	;# 
   240     0396                     IOCBF           equ	918	;# 
   241     0397                     IOCCP           equ	919	;# 
   242     0398                     IOCCN           equ	920	;# 
   243     0399                     IOCCF           equ	921	;# 
   244     039D                     IOCEP           equ	925	;# 
   245     039E                     IOCEN           equ	926	;# 
   246     039F                     IOCEF           equ	927	;# 
   247     0511                     OPA1CON         equ	1297	;# 
   248     0513                     OPA2CON         equ	1299	;# 
   249     051A                     CLKRCON         equ	1306	;# 
   250     0591                     DAC2CON0        equ	1425	;# 
   251     0592                     DAC2REF         equ	1426	;# 
   252     0592                     DAC2CON1        equ	1426	;# 
   253     0593                     DAC3CON0        equ	1427	;# 
   254     0594                     DAC3REF         equ	1428	;# 
   255     0594                     DAC3CON1        equ	1428	;# 
   256     0595                     DAC4CON0        equ	1429	;# 
   257     0596                     DAC4REF         equ	1430	;# 
   258     0596                     DAC4CON1        equ	1430	;# 
   259     0E91                     PSMC1CON        equ	3729	;# 
   260     0E92                     PSMC1MDL        equ	3730	;# 
   261     0E93                     PSMC1SYNC       equ	3731	;# 
   262     0E94                     PSMC1CLK        equ	3732	;# 
   263     0E95                     PSMC1OEN        equ	3733	;# 
   264     0E96                     PSMC1POL        equ	3734	;# 
   265     0E97                     PSMC1BLNK       equ	3735	;# 
   266     0E98                     PSMC1REBS       equ	3736	;# 
   267     0E99                     PSMC1FEBS       equ	3737	;# 
   268     0E9A                     PSMC1PHS        equ	3738	;# 
   269     0E9B                     PSMC1DCS        equ	3739	;# 
   270     0E9C                     PSMC1PRS        equ	3740	;# 
   271     0E9D                     PSMC1ASDC       equ	3741	;# 
   272     0E9E                     PSMC1ASDL       equ	3742	;# 
   273     0E9F                     PSMC1ASDS       equ	3743	;# 
   274     0EA0                     PSMC1INT        equ	3744	;# 
   275     0EA1                     PSMC1PH         equ	3745	;# 
   276     0EA1                     PSMC1PHL        equ	3745	;# 
   277     0EA2                     PSMC1PHH        equ	3746	;# 
   278     0EA3                     PSMC1DC         equ	3747	;# 
   279     0EA3                     PSMC1DCL        equ	3747	;# 
   280     0EA4                     PSMC1DCH        equ	3748	;# 
   281     0EA5                     PSMC1PR         equ	3749	;# 
   282     0EA5                     PSMC1PRL        equ	3749	;# 
   283     0EA6                     PSMC1PRH        equ	3750	;# 
   284     0EA7                     PSMC1TMR        equ	3751	;# 
   285     0EA7                     PSMC1TMRL       equ	3751	;# 
   286     0EA8                     PSMC1TMRH       equ	3752	;# 
   287     0EA9                     PSMC1DBR        equ	3753	;# 
   288     0EAA                     PSMC1DBF        equ	3754	;# 
   289     0EAB                     PSMC1BLKR       equ	3755	;# 
   290     0EAC                     PSMC1BLKF       equ	3756	;# 
   291     0EAD                     PSMC1FFA        equ	3757	;# 
   292     0EAE                     PSMC1STR0       equ	3758	;# 
   293     0EAF                     PSMC1STR1       equ	3759	;# 
   294     0EB1                     PSMC2CON        equ	3761	;# 
   295     0EB2                     PSMC2MDL        equ	3762	;# 
   296     0EB3                     PSMC2SYNC       equ	3763	;# 
   297     0EB4                     PSMC2CLK        equ	3764	;# 
   298     0EB5                     PSMC2OEN        equ	3765	;# 
   299     0EB6                     PSMC2POL        equ	3766	;# 
   300     0EB7                     PSMC2BLNK       equ	3767	;# 
   301     0EB8                     PSMC2REBS       equ	3768	;# 
   302     0EB9                     PSMC2FEBS       equ	3769	;# 
   303     0EBA                     PSMC2PHS        equ	3770	;# 
   304     0EBB                     PSMC2DCS        equ	3771	;# 
   305     0EBC                     PSMC2PRS        equ	3772	;# 
   306     0EBD                     PSMC2ASDC       equ	3773	;# 
   307     0EBE                     PSMC2ASDL       equ	3774	;# 
   308     0EBF                     PSMC2ASDS       equ	3775	;# 
   309     0EC0                     PSMC2INT        equ	3776	;# 
   310     0EC1                     PSMC2PH         equ	3777	;# 
   311     0EC1                     PSMC2PHL        equ	3777	;# 
   312     0EC2                     PSMC2PHH        equ	3778	;# 
   313     0EC3                     PSMC2DC         equ	3779	;# 
   314     0EC3                     PSMC2DCL        equ	3779	;# 
   315     0EC4                     PSMC2DCH        equ	3780	;# 
   316     0EC5                     PSMC2PR         equ	3781	;# 
   317     0EC5                     PSMC2PRL        equ	3781	;# 
   318     0EC6                     PSMC2PRH        equ	3782	;# 
   319     0EC7                     PSMC2TMR        equ	3783	;# 
   320     0EC7                     PSMC2TMRL       equ	3783	;# 
   321     0EC8                     PSMC2TMRH       equ	3784	;# 
   322     0EC9                     PSMC2DBR        equ	3785	;# 
   323     0ECA                     PSMC2DBF        equ	3786	;# 
   324     0ECB                     PSMC2BLKR       equ	3787	;# 
   325     0ECC                     PSMC2BLKF       equ	3788	;# 
   326     0ECD                     PSMC2FFA        equ	3789	;# 
   327     0ECE                     PSMC2STR0       equ	3790	;# 
   328     0ECF                     PSMC2STR1       equ	3791	;# 
   329     0ED1                     PSMC3CON        equ	3793	;# 
   330     0ED2                     PSMC3MDL        equ	3794	;# 
   331     0ED3                     PSMC3SYNC       equ	3795	;# 
   332     0ED4                     PSMC3CLK        equ	3796	;# 
   333     0ED5                     PSMC3OEN        equ	3797	;# 
   334     0ED6                     PSMC3POL        equ	3798	;# 
   335     0ED7                     PSMC3BLNK       equ	3799	;# 
   336     0ED8                     PSMC3REBS       equ	3800	;# 
   337     0ED9                     PSMC3FEBS       equ	3801	;# 
   338     0EDA                     PSMC3PHS        equ	3802	;# 
   339     0EDB                     PSMC3DCS        equ	3803	;# 
   340     0EDC                     PSMC3PRS        equ	3804	;# 
   341     0EDD                     PSMC3ASDC       equ	3805	;# 
   342     0EDE                     PSMC3ASDL       equ	3806	;# 
   343     0EDF                     PSMC3ASDS       equ	3807	;# 
   344     0EE0                     PSMC3INT        equ	3808	;# 
   345     0EE1                     PSMC3PH         equ	3809	;# 
   346     0EE1                     PSMC3PHL        equ	3809	;# 
   347     0EE2                     PSMC3PHH        equ	3810	;# 
   348     0EE3                     PSMC3DC         equ	3811	;# 
   349     0EE3                     PSMC3DCL        equ	3811	;# 
   350     0EE4                     PSMC3DCH        equ	3812	;# 
   351     0EE5                     PSMC3PR         equ	3813	;# 
   352     0EE5                     PSMC3PRL        equ	3813	;# 
   353     0EE6                     PSMC3PRH        equ	3814	;# 
   354     0EE7                     PSMC3TMR        equ	3815	;# 
   355     0EE7                     PSMC3TMRL       equ	3815	;# 
   356     0EE8                     PSMC3TMRH       equ	3816	;# 
   357     0EE9                     PSMC3DBR        equ	3817	;# 
   358     0EEA                     PSMC3DBF        equ	3818	;# 
   359     0EEB                     PSMC3BLKR       equ	3819	;# 
   360     0EEC                     PSMC3BLKF       equ	3820	;# 
   361     0EED                     PSMC3FFA        equ	3821	;# 
   362     0EEE                     PSMC3STR0       equ	3822	;# 
   363     0EEF                     PSMC3STR1       equ	3823	;# 
   364     0F11                     PSMC4CON        equ	3857	;# 
   365     0F12                     PSMC4MDL        equ	3858	;# 
   366     0F13                     PSMC4SYNC       equ	3859	;# 
   367     0F14                     PSMC4CLK        equ	3860	;# 
   368     0F15                     PSMC4OEN        equ	3861	;# 
   369     0F16                     PSMC4POL        equ	3862	;# 
   370     0F17                     PSMC4BLNK       equ	3863	;# 
   371     0F18                     PSMC4REBS       equ	3864	;# 
   372     0F19                     PSMC4FEBS       equ	3865	;# 
   373     0F1A                     PSMC4PHS        equ	3866	;# 
   374     0F1B                     PSMC4DCS        equ	3867	;# 
   375     0F1C                     PSMC4PRS        equ	3868	;# 
   376     0F1D                     PSMC4ASDC       equ	3869	;# 
   377     0F1E                     PSMC4ASDL       equ	3870	;# 
   378     0F1F                     PSMC4ASDS       equ	3871	;# 
   379     0F20                     PSMC4INT        equ	3872	;# 
   380     0F21                     PSMC4PH         equ	3873	;# 
   381     0F21                     PSMC4PHL        equ	3873	;# 
   382     0F22                     PSMC4PHH        equ	3874	;# 
   383     0F23                     PSMC4DC         equ	3875	;# 
   384     0F23                     PSMC4DCL        equ	3875	;# 
   385     0F24                     PSMC4DCH        equ	3876	;# 
   386     0F25                     PSMC4PR         equ	3877	;# 
   387     0F25                     PSMC4PRL        equ	3877	;# 
   388     0F26                     PSMC4PRH        equ	3878	;# 
   389     0F27                     PSMC4TMR        equ	3879	;# 
   390     0F27                     PSMC4TMRL       equ	3879	;# 
   391     0F28                     PSMC4TMRH       equ	3880	;# 
   392     0F29                     PSMC4DBR        equ	3881	;# 
   393     0F2A                     PSMC4DBF        equ	3882	;# 
   394     0F2B                     PSMC4BLKR       equ	3883	;# 
   395     0F2C                     PSMC4BLKF       equ	3884	;# 
   396     0F2D                     PSMC4FFA        equ	3885	;# 
   397     0F2E                     PSMC4STR0       equ	3886	;# 
   398     0F2F                     PSMC4STR1       equ	3887	;# 
   399     0FE4                     STATUS_SHAD     equ	4068	;# 
   400     0FE5                     WREG_SHAD       equ	4069	;# 
   401     0FE6                     BSR_SHAD        equ	4070	;# 
   402     0FE7                     PCLATH_SHAD     equ	4071	;# 
   403     0FE8                     FSR0L_SHAD      equ	4072	;# 
   404     0FE9                     FSR0H_SHAD      equ	4073	;# 
   405     0FEA                     FSR1L_SHAD      equ	4074	;# 
   406     0FEB                     FSR1H_SHAD      equ	4075	;# 
   407     0FED                     STKPTR          equ	4077	;# 
   408     0FEE                     TOSL            equ	4078	;# 
   409     0FEF                     TOSH            equ	4079	;# 
   410     0000                     INDF0           equ	0	;# 
   411     0001                     INDF1           equ	1	;# 
   412     0002                     PCL             equ	2	;# 
   413     0003                     STATUS          equ	3	;# 
   414     0004                     FSR0L           equ	4	;# 
   415     0005                     FSR0H           equ	5	;# 
   416     0006                     FSR1L           equ	6	;# 
   417     0007                     FSR1H           equ	7	;# 
   418     0008                     BSR             equ	8	;# 
   419     0009                     WREG            equ	9	;# 
   420     000A                     PCLATH          equ	10	;# 
   421     000B                     INTCON          equ	11	;# 
   422     000C                     PORTA           equ	12	;# 
   423     000D                     PORTB           equ	13	;# 
   424     000E                     PORTC           equ	14	;# 
   425     0010                     PORTE           equ	16	;# 
   426     0011                     PIR1            equ	17	;# 
   427     0012                     PIR2            equ	18	;# 
   428     0013                     PIR3            equ	19	;# 
   429     0014                     PIR4            equ	20	;# 
   430     0015                     TMR0            equ	21	;# 
   431     0016                     TMR1            equ	22	;# 
   432     0016                     TMR1L           equ	22	;# 
   433     0017                     TMR1H           equ	23	;# 
   434     0018                     T1CON           equ	24	;# 
   435     0019                     T1GCON          equ	25	;# 
   436     001A                     TMR2            equ	26	;# 
   437     001B                     PR2             equ	27	;# 
   438     001C                     T2CON           equ	28	;# 
   439     008C                     TRISA           equ	140	;# 
   440     008D                     TRISB           equ	141	;# 
   441     008E                     TRISC           equ	142	;# 
   442     0090                     TRISE           equ	144	;# 
   443     0091                     PIE1            equ	145	;# 
   444     0092                     PIE2            equ	146	;# 
   445     0093                     PIE3            equ	147	;# 
   446     0094                     PIE4            equ	148	;# 
   447     0095                     OPTION_REG      equ	149	;# 
   448     0096                     PCON            equ	150	;# 
   449     0097                     WDTCON          equ	151	;# 
   450     0098                     OSCTUNE         equ	152	;# 
   451     0099                     OSCCON          equ	153	;# 
   452     009A                     OSCSTAT         equ	154	;# 
   453     009B                     ADRES           equ	155	;# 
   454     009B                     ADRESL          equ	155	;# 
   455     009C                     ADRESH          equ	156	;# 
   456     009D                     ADCON0          equ	157	;# 
   457     009E                     ADCON1          equ	158	;# 
   458     009F                     ADCON2          equ	159	;# 
   459     010C                     LATA            equ	268	;# 
   460     010D                     LATB            equ	269	;# 
   461     010E                     LATC            equ	270	;# 
   462     0111                     CM1CON0         equ	273	;# 
   463     0112                     CM1CON1         equ	274	;# 
   464     0113                     CM2CON0         equ	275	;# 
   465     0114                     CM2CON1         equ	276	;# 
   466     0115                     CMOUT           equ	277	;# 
   467     0116                     BORCON          equ	278	;# 
   468     0117                     FVRCON          equ	279	;# 
   469     0118                     DAC1CON0        equ	280	;# 
   470     0119                     DAC1CON1        equ	281	;# 
   471     011A                     CM4CON0         equ	282	;# 
   472     011B                     CM4CON1         equ	283	;# 
   473     011C                     APFCON2         equ	284	;# 
   474     011D                     APFCON1         equ	285	;# 
   475     011D                     APFCON0         equ	285	;# 
   476     011D                     APFCON          equ	285	;# 
   477     011E                     CM3CON0         equ	286	;# 
   478     011F                     CM3CON1         equ	287	;# 
   479     018C                     ANSELA          equ	396	;# 
   480     018D                     ANSELB          equ	397	;# 
   481     018E                     ANSELC          equ	398	;# 
   482     0191                     EEADR           equ	401	;# 
   483     0191                     EEADRL          equ	401	;# 
   484     0192                     EEADRH          equ	402	;# 
   485     0193                     EEDAT           equ	403	;# 
   486     0193                     EEDATL          equ	403	;# 
   487     0193                     EEDATA          equ	403	;# 
   488     0194                     EEDATH          equ	404	;# 
   489     0195                     EECON1          equ	405	;# 
   490     0196                     EECON2          equ	406	;# 
   491     0197                     VREGCON         equ	407	;# 
   492     0199                     RC1REG          equ	409	;# 
   493     0199                     RCREG           equ	409	;# 
   494     0199                     RCREG1          equ	409	;# 
   495     019A                     TX1REG          equ	410	;# 
   496     019A                     TXREG1          equ	410	;# 
   497     019A                     TXREG           equ	410	;# 
   498     019B                     SP1BRG          equ	411	;# 
   499     019B                     SPBRG           equ	411	;# 
   500     019B                     SP1BRGL         equ	411	;# 
   501     019B                     SPBRG1          equ	411	;# 
   502     019B                     SPBRGL          equ	411	;# 
   503     019C                     SP1BRGH         equ	412	;# 
   504     019C                     SPBRGH          equ	412	;# 
   505     019C                     SPBRGH1         equ	412	;# 
   506     019D                     RC1STA          equ	413	;# 
   507     019D                     RCSTA1          equ	413	;# 
   508     019D                     RCSTA           equ	413	;# 
   509     019E                     TX1STA          equ	414	;# 
   510     019E                     TXSTA1          equ	414	;# 
   511     019E                     TXSTA           equ	414	;# 
   512     019F                     BAUD1CON        equ	415	;# 
   513     019F                     BAUDCON1        equ	415	;# 
   514     019F                     BAUDCTL1        equ	415	;# 
   515     019F                     BAUDCON         equ	415	;# 
   516     019F                     BAUDCTL         equ	415	;# 
   517     020C                     WPUA            equ	524	;# 
   518     020D                     WPUB            equ	525	;# 
   519     020E                     WPUC            equ	526	;# 
   520     0210                     WPUE            equ	528	;# 
   521     0211                     SSP1BUF         equ	529	;# 
   522     0211                     SSPBUF          equ	529	;# 
   523     0212                     SSP1ADD         equ	530	;# 
   524     0212                     SSPADD          equ	530	;# 
   525     0213                     SSP1MSK         equ	531	;# 
   526     0213                     SSPMSK          equ	531	;# 
   527     0214                     SSP1STAT        equ	532	;# 
   528     0214                     SSPSTAT         equ	532	;# 
   529     0215                     SSP1CON1        equ	533	;# 
   530     0215                     SSPCON          equ	533	;# 
   531     0215                     SSPCON1         equ	533	;# 
   532     0215                     SSP1CON         equ	533	;# 
   533     0216                     SSP1CON2        equ	534	;# 
   534     0216                     SSPCON2         equ	534	;# 
   535     0217                     SSP1CON3        equ	535	;# 
   536     0217                     SSPCON3         equ	535	;# 
   537     028C                     ODCONA          equ	652	;# 
   538     028D                     ODCONB          equ	653	;# 
   539     028E                     ODCONC          equ	654	;# 
   540     0291                     CCPR1           equ	657	;# 
   541     0291                     CCPR1L          equ	657	;# 
   542     0292                     CCPR1H          equ	658	;# 
   543     0293                     CCP1CON         equ	659	;# 
   544     0298                     CCPR2           equ	664	;# 
   545     0298                     CCPR2L          equ	664	;# 
   546     0299                     CCPR2H          equ	665	;# 
   547     029A                     CCP2CON         equ	666	;# 
   548     030C                     SLRCONA         equ	780	;# 
   549     030D                     SLRCONB         equ	781	;# 
   550     030E                     SLRCONC         equ	782	;# 
   551     0311                     CCPR3           equ	785	;# 
   552     0311                     CCPR3L          equ	785	;# 
   553     0312                     CCPR3H          equ	786	;# 
   554     0313                     CCP3CON         equ	787	;# 
   555     038C                     INLVLA          equ	908	;# 
   556     038D                     INLVLB          equ	909	;# 
   557     038E                     INLVLC          equ	910	;# 
   558     0390                     INLVLE          equ	912	;# 
   559     0391                     IOCAP           equ	913	;# 
   560     0392                     IOCAN           equ	914	;# 
   561     0393                     IOCAF           equ	915	;# 
   562     0394                     IOCBP           equ	916	;# 
   563     0395                     IOCBN           equ	917	;# 
   564     0396                     IOCBF           equ	918	;# 
   565     0397                     IOCCP           equ	919	;# 
   566     0398                     IOCCN           equ	920	;# 
   567     0399                     IOCCF           equ	921	;# 
   568     039D                     IOCEP           equ	925	;# 
   569     039E                     IOCEN           equ	926	;# 
   570     039F                     IOCEF           equ	927	;# 
   571     0511                     OPA1CON         equ	1297	;# 
   572     0513                     OPA2CON         equ	1299	;# 
   573     051A                     CLKRCON         equ	1306	;# 
   574     0591                     DAC2CON0        equ	1425	;# 
   575     0592                     DAC2REF         equ	1426	;# 
   576     0592                     DAC2CON1        equ	1426	;# 
   577     0593                     DAC3CON0        equ	1427	;# 
   578     0594                     DAC3REF         equ	1428	;# 
   579     0594                     DAC3CON1        equ	1428	;# 
   580     0595                     DAC4CON0        equ	1429	;# 
   581     0596                     DAC4REF         equ	1430	;# 
   582     0596                     DAC4CON1        equ	1430	;# 
   583     0E91                     PSMC1CON        equ	3729	;# 
   584     0E92                     PSMC1MDL        equ	3730	;# 
   585     0E93                     PSMC1SYNC       equ	3731	;# 
   586     0E94                     PSMC1CLK        equ	3732	;# 
   587     0E95                     PSMC1OEN        equ	3733	;# 
   588     0E96                     PSMC1POL        equ	3734	;# 
   589     0E97                     PSMC1BLNK       equ	3735	;# 
   590     0E98                     PSMC1REBS       equ	3736	;# 
   591     0E99                     PSMC1FEBS       equ	3737	;# 
   592     0E9A                     PSMC1PHS        equ	3738	;# 
   593     0E9B                     PSMC1DCS        equ	3739	;# 
   594     0E9C                     PSMC1PRS        equ	3740	;# 
   595     0E9D                     PSMC1ASDC       equ	3741	;# 
   596     0E9E                     PSMC1ASDL       equ	3742	;# 
   597     0E9F                     PSMC1ASDS       equ	3743	;# 
   598     0EA0                     PSMC1INT        equ	3744	;# 
   599     0EA1                     PSMC1PH         equ	3745	;# 
   600     0EA1                     PSMC1PHL        equ	3745	;# 
   601     0EA2                     PSMC1PHH        equ	3746	;# 
   602     0EA3                     PSMC1DC         equ	3747	;# 
   603     0EA3                     PSMC1DCL        equ	3747	;# 
   604     0EA4                     PSMC1DCH        equ	3748	;# 
   605     0EA5                     PSMC1PR         equ	3749	;# 
   606     0EA5                     PSMC1PRL        equ	3749	;# 
   607     0EA6                     PSMC1PRH        equ	3750	;# 
   608     0EA7                     PSMC1TMR        equ	3751	;# 
   609     0EA7                     PSMC1TMRL       equ	3751	;# 
   610     0EA8                     PSMC1TMRH       equ	3752	;# 
   611     0EA9                     PSMC1DBR        equ	3753	;# 
   612     0EAA                     PSMC1DBF        equ	3754	;# 
   613     0EAB                     PSMC1BLKR       equ	3755	;# 
   614     0EAC                     PSMC1BLKF       equ	3756	;# 
   615     0EAD                     PSMC1FFA        equ	3757	;# 
   616     0EAE                     PSMC1STR0       equ	3758	;# 
   617     0EAF                     PSMC1STR1       equ	3759	;# 
   618     0EB1                     PSMC2CON        equ	3761	;# 
   619     0EB2                     PSMC2MDL        equ	3762	;# 
   620     0EB3                     PSMC2SYNC       equ	3763	;# 
   621     0EB4                     PSMC2CLK        equ	3764	;# 
   622     0EB5                     PSMC2OEN        equ	3765	;# 
   623     0EB6                     PSMC2POL        equ	3766	;# 
   624     0EB7                     PSMC2BLNK       equ	3767	;# 
   625     0EB8                     PSMC2REBS       equ	3768	;# 
   626     0EB9                     PSMC2FEBS       equ	3769	;# 
   627     0EBA                     PSMC2PHS        equ	3770	;# 
   628     0EBB                     PSMC2DCS        equ	3771	;# 
   629     0EBC                     PSMC2PRS        equ	3772	;# 
   630     0EBD                     PSMC2ASDC       equ	3773	;# 
   631     0EBE                     PSMC2ASDL       equ	3774	;# 
   632     0EBF                     PSMC2ASDS       equ	3775	;# 
   633     0EC0                     PSMC2INT        equ	3776	;# 
   634     0EC1                     PSMC2PH         equ	3777	;# 
   635     0EC1                     PSMC2PHL        equ	3777	;# 
   636     0EC2                     PSMC2PHH        equ	3778	;# 
   637     0EC3                     PSMC2DC         equ	3779	;# 
   638     0EC3                     PSMC2DCL        equ	3779	;# 
   639     0EC4                     PSMC2DCH        equ	3780	;# 
   640     0EC5                     PSMC2PR         equ	3781	;# 
   641     0EC5                     PSMC2PRL        equ	3781	;# 
   642     0EC6                     PSMC2PRH        equ	3782	;# 
   643     0EC7                     PSMC2TMR        equ	3783	;# 
   644     0EC7                     PSMC2TMRL       equ	3783	;# 
   645     0EC8                     PSMC2TMRH       equ	3784	;# 
   646     0EC9                     PSMC2DBR        equ	3785	;# 
   647     0ECA                     PSMC2DBF        equ	3786	;# 
   648     0ECB                     PSMC2BLKR       equ	3787	;# 
   649     0ECC                     PSMC2BLKF       equ	3788	;# 
   650     0ECD                     PSMC2FFA        equ	3789	;# 
   651     0ECE                     PSMC2STR0       equ	3790	;# 
   652     0ECF                     PSMC2STR1       equ	3791	;# 
   653     0ED1                     PSMC3CON        equ	3793	;# 
   654     0ED2                     PSMC3MDL        equ	3794	;# 
   655     0ED3                     PSMC3SYNC       equ	3795	;# 
   656     0ED4                     PSMC3CLK        equ	3796	;# 
   657     0ED5                     PSMC3OEN        equ	3797	;# 
   658     0ED6                     PSMC3POL        equ	3798	;# 
   659     0ED7                     PSMC3BLNK       equ	3799	;# 
   660     0ED8                     PSMC3REBS       equ	3800	;# 
   661     0ED9                     PSMC3FEBS       equ	3801	;# 
   662     0EDA                     PSMC3PHS        equ	3802	;# 
   663     0EDB                     PSMC3DCS        equ	3803	;# 
   664     0EDC                     PSMC3PRS        equ	3804	;# 
   665     0EDD                     PSMC3ASDC       equ	3805	;# 
   666     0EDE                     PSMC3ASDL       equ	3806	;# 
   667     0EDF                     PSMC3ASDS       equ	3807	;# 
   668     0EE0                     PSMC3INT        equ	3808	;# 
   669     0EE1                     PSMC3PH         equ	3809	;# 
   670     0EE1                     PSMC3PHL        equ	3809	;# 
   671     0EE2                     PSMC3PHH        equ	3810	;# 
   672     0EE3                     PSMC3DC         equ	3811	;# 
   673     0EE3                     PSMC3DCL        equ	3811	;# 
   674     0EE4                     PSMC3DCH        equ	3812	;# 
   675     0EE5                     PSMC3PR         equ	3813	;# 
   676     0EE5                     PSMC3PRL        equ	3813	;# 
   677     0EE6                     PSMC3PRH        equ	3814	;# 
   678     0EE7                     PSMC3TMR        equ	3815	;# 
   679     0EE7                     PSMC3TMRL       equ	3815	;# 
   680     0EE8                     PSMC3TMRH       equ	3816	;# 
   681     0EE9                     PSMC3DBR        equ	3817	;# 
   682     0EEA                     PSMC3DBF        equ	3818	;# 
   683     0EEB                     PSMC3BLKR       equ	3819	;# 
   684     0EEC                     PSMC3BLKF       equ	3820	;# 
   685     0EED                     PSMC3FFA        equ	3821	;# 
   686     0EEE                     PSMC3STR0       equ	3822	;# 
   687     0EEF                     PSMC3STR1       equ	3823	;# 
   688     0F11                     PSMC4CON        equ	3857	;# 
   689     0F12                     PSMC4MDL        equ	3858	;# 
   690     0F13                     PSMC4SYNC       equ	3859	;# 
   691     0F14                     PSMC4CLK        equ	3860	;# 
   692     0F15                     PSMC4OEN        equ	3861	;# 
   693     0F16                     PSMC4POL        equ	3862	;# 
   694     0F17                     PSMC4BLNK       equ	3863	;# 
   695     0F18                     PSMC4REBS       equ	3864	;# 
   696     0F19                     PSMC4FEBS       equ	3865	;# 
   697     0F1A                     PSMC4PHS        equ	3866	;# 
   698     0F1B                     PSMC4DCS        equ	3867	;# 
   699     0F1C                     PSMC4PRS        equ	3868	;# 
   700     0F1D                     PSMC4ASDC       equ	3869	;# 
   701     0F1E                     PSMC4ASDL       equ	3870	;# 
   702     0F1F                     PSMC4ASDS       equ	3871	;# 
   703     0F20                     PSMC4INT        equ	3872	;# 
   704     0F21                     PSMC4PH         equ	3873	;# 
   705     0F21                     PSMC4PHL        equ	3873	;# 
   706     0F22                     PSMC4PHH        equ	3874	;# 
   707     0F23                     PSMC4DC         equ	3875	;# 
   708     0F23                     PSMC4DCL        equ	3875	;# 
   709     0F24                     PSMC4DCH        equ	3876	;# 
   710     0F25                     PSMC4PR         equ	3877	;# 
   711     0F25                     PSMC4PRL        equ	3877	;# 
   712     0F26                     PSMC4PRH        equ	3878	;# 
   713     0F27                     PSMC4TMR        equ	3879	;# 
   714     0F27                     PSMC4TMRL       equ	3879	;# 
   715     0F28                     PSMC4TMRH       equ	3880	;# 
   716     0F29                     PSMC4DBR        equ	3881	;# 
   717     0F2A                     PSMC4DBF        equ	3882	;# 
   718     0F2B                     PSMC4BLKR       equ	3883	;# 
   719     0F2C                     PSMC4BLKF       equ	3884	;# 
   720     0F2D                     PSMC4FFA        equ	3885	;# 
   721     0F2E                     PSMC4STR0       equ	3886	;# 
   722     0F2F                     PSMC4STR1       equ	3887	;# 
   723     0FE4                     STATUS_SHAD     equ	4068	;# 
   724     0FE5                     WREG_SHAD       equ	4069	;# 
   725     0FE6                     BSR_SHAD        equ	4070	;# 
   726     0FE7                     PCLATH_SHAD     equ	4071	;# 
   727     0FE8                     FSR0L_SHAD      equ	4072	;# 
   728     0FE9                     FSR0H_SHAD      equ	4073	;# 
   729     0FEA                     FSR1L_SHAD      equ	4074	;# 
   730     0FEB                     FSR1H_SHAD      equ	4075	;# 
   731     0FED                     STKPTR          equ	4077	;# 
   732     0FEE                     TOSL            equ	4078	;# 
   733     0FEF                     TOSH            equ	4079	;# 
   734     0000                     INDF0           equ	0	;# 
   735     0001                     INDF1           equ	1	;# 
   736     0002                     PCL             equ	2	;# 
   737     0003                     STATUS          equ	3	;# 
   738     0004                     FSR0L           equ	4	;# 
   739     0005                     FSR0H           equ	5	;# 
   740     0006                     FSR1L           equ	6	;# 
   741     0007                     FSR1H           equ	7	;# 
   742     0008                     BSR             equ	8	;# 
   743     0009                     WREG            equ	9	;# 
   744     000A                     PCLATH          equ	10	;# 
   745     000B                     INTCON          equ	11	;# 
   746     000C                     PORTA           equ	12	;# 
   747     000D                     PORTB           equ	13	;# 
   748     000E                     PORTC           equ	14	;# 
   749     0010                     PORTE           equ	16	;# 
   750     0011                     PIR1            equ	17	;# 
   751     0012                     PIR2            equ	18	;# 
   752     0013                     PIR3            equ	19	;# 
   753     0014                     PIR4            equ	20	;# 
   754     0015                     TMR0            equ	21	;# 
   755     0016                     TMR1            equ	22	;# 
   756     0016                     TMR1L           equ	22	;# 
   757     0017                     TMR1H           equ	23	;# 
   758     0018                     T1CON           equ	24	;# 
   759     0019                     T1GCON          equ	25	;# 
   760     001A                     TMR2            equ	26	;# 
   761     001B                     PR2             equ	27	;# 
   762     001C                     T2CON           equ	28	;# 
   763     008C                     TRISA           equ	140	;# 
   764     008D                     TRISB           equ	141	;# 
   765     008E                     TRISC           equ	142	;# 
   766     0090                     TRISE           equ	144	;# 
   767     0091                     PIE1            equ	145	;# 
   768     0092                     PIE2            equ	146	;# 
   769     0093                     PIE3            equ	147	;# 
   770     0094                     PIE4            equ	148	;# 
   771     0095                     OPTION_REG      equ	149	;# 
   772     0096                     PCON            equ	150	;# 
   773     0097                     WDTCON          equ	151	;# 
   774     0098                     OSCTUNE         equ	152	;# 
   775     0099                     OSCCON          equ	153	;# 
   776     009A                     OSCSTAT         equ	154	;# 
   777     009B                     ADRES           equ	155	;# 
   778     009B                     ADRESL          equ	155	;# 
   779     009C                     ADRESH          equ	156	;# 
   780     009D                     ADCON0          equ	157	;# 
   781     009E                     ADCON1          equ	158	;# 
   782     009F                     ADCON2          equ	159	;# 
   783     010C                     LATA            equ	268	;# 
   784     010D                     LATB            equ	269	;# 
   785     010E                     LATC            equ	270	;# 
   786     0111                     CM1CON0         equ	273	;# 
   787     0112                     CM1CON1         equ	274	;# 
   788     0113                     CM2CON0         equ	275	;# 
   789     0114                     CM2CON1         equ	276	;# 
   790     0115                     CMOUT           equ	277	;# 
   791     0116                     BORCON          equ	278	;# 
   792     0117                     FVRCON          equ	279	;# 
   793     0118                     DAC1CON0        equ	280	;# 
   794     0119                     DAC1CON1        equ	281	;# 
   795     011A                     CM4CON0         equ	282	;# 
   796     011B                     CM4CON1         equ	283	;# 
   797     011C                     APFCON2         equ	284	;# 
   798     011D                     APFCON1         equ	285	;# 
   799     011D                     APFCON0         equ	285	;# 
   800     011D                     APFCON          equ	285	;# 
   801     011E                     CM3CON0         equ	286	;# 
   802     011F                     CM3CON1         equ	287	;# 
   803     018C                     ANSELA          equ	396	;# 
   804     018D                     ANSELB          equ	397	;# 
   805     018E                     ANSELC          equ	398	;# 
   806     0191                     EEADR           equ	401	;# 
   807     0191                     EEADRL          equ	401	;# 
   808     0192                     EEADRH          equ	402	;# 
   809     0193                     EEDAT           equ	403	;# 
   810     0193                     EEDATL          equ	403	;# 
   811     0193                     EEDATA          equ	403	;# 
   812     0194                     EEDATH          equ	404	;# 
   813     0195                     EECON1          equ	405	;# 
   814     0196                     EECON2          equ	406	;# 
   815     0197                     VREGCON         equ	407	;# 
   816     0199                     RC1REG          equ	409	;# 
   817     0199                     RCREG           equ	409	;# 
   818     0199                     RCREG1          equ	409	;# 
   819     019A                     TX1REG          equ	410	;# 
   820     019A                     TXREG1          equ	410	;# 
   821     019A                     TXREG           equ	410	;# 
   822     019B                     SP1BRG          equ	411	;# 
   823     019B                     SPBRG           equ	411	;# 
   824     019B                     SP1BRGL         equ	411	;# 
   825     019B                     SPBRG1          equ	411	;# 
   826     019B                     SPBRGL          equ	411	;# 
   827     019C                     SP1BRGH         equ	412	;# 
   828     019C                     SPBRGH          equ	412	;# 
   829     019C                     SPBRGH1         equ	412	;# 
   830     019D                     RC1STA          equ	413	;# 
   831     019D                     RCSTA1          equ	413	;# 
   832     019D                     RCSTA           equ	413	;# 
   833     019E                     TX1STA          equ	414	;# 
   834     019E                     TXSTA1          equ	414	;# 
   835     019E                     TXSTA           equ	414	;# 
   836     019F                     BAUD1CON        equ	415	;# 
   837     019F                     BAUDCON1        equ	415	;# 
   838     019F                     BAUDCTL1        equ	415	;# 
   839     019F                     BAUDCON         equ	415	;# 
   840     019F                     BAUDCTL         equ	415	;# 
   841     020C                     WPUA            equ	524	;# 
   842     020D                     WPUB            equ	525	;# 
   843     020E                     WPUC            equ	526	;# 
   844     0210                     WPUE            equ	528	;# 
   845     0211                     SSP1BUF         equ	529	;# 
   846     0211                     SSPBUF          equ	529	;# 
   847     0212                     SSP1ADD         equ	530	;# 
   848     0212                     SSPADD          equ	530	;# 
   849     0213                     SSP1MSK         equ	531	;# 
   850     0213                     SSPMSK          equ	531	;# 
   851     0214                     SSP1STAT        equ	532	;# 
   852     0214                     SSPSTAT         equ	532	;# 
   853     0215                     SSP1CON1        equ	533	;# 
   854     0215                     SSPCON          equ	533	;# 
   855     0215                     SSPCON1         equ	533	;# 
   856     0215                     SSP1CON         equ	533	;# 
   857     0216                     SSP1CON2        equ	534	;# 
   858     0216                     SSPCON2         equ	534	;# 
   859     0217                     SSP1CON3        equ	535	;# 
   860     0217                     SSPCON3         equ	535	;# 
   861     028C                     ODCONA          equ	652	;# 
   862     028D                     ODCONB          equ	653	;# 
   863     028E                     ODCONC          equ	654	;# 
   864     0291                     CCPR1           equ	657	;# 
   865     0291                     CCPR1L          equ	657	;# 
   866     0292                     CCPR1H          equ	658	;# 
   867     0293                     CCP1CON         equ	659	;# 
   868     0298                     CCPR2           equ	664	;# 
   869     0298                     CCPR2L          equ	664	;# 
   870     0299                     CCPR2H          equ	665	;# 
   871     029A                     CCP2CON         equ	666	;# 
   872     030C                     SLRCONA         equ	780	;# 
   873     030D                     SLRCONB         equ	781	;# 
   874     030E                     SLRCONC         equ	782	;# 
   875     0311                     CCPR3           equ	785	;# 
   876     0311                     CCPR3L          equ	785	;# 
   877     0312                     CCPR3H          equ	786	;# 
   878     0313                     CCP3CON         equ	787	;# 
   879     038C                     INLVLA          equ	908	;# 
   880     038D                     INLVLB          equ	909	;# 
   881     038E                     INLVLC          equ	910	;# 
   882     0390                     INLVLE          equ	912	;# 
   883     0391                     IOCAP           equ	913	;# 
   884     0392                     IOCAN           equ	914	;# 
   885     0393                     IOCAF           equ	915	;# 
   886     0394                     IOCBP           equ	916	;# 
   887     0395                     IOCBN           equ	917	;# 
   888     0396                     IOCBF           equ	918	;# 
   889     0397                     IOCCP           equ	919	;# 
   890     0398                     IOCCN           equ	920	;# 
   891     0399                     IOCCF           equ	921	;# 
   892     039D                     IOCEP           equ	925	;# 
   893     039E                     IOCEN           equ	926	;# 
   894     039F                     IOCEF           equ	927	;# 
   895     0511                     OPA1CON         equ	1297	;# 
   896     0513                     OPA2CON         equ	1299	;# 
   897     051A                     CLKRCON         equ	1306	;# 
   898     0591                     DAC2CON0        equ	1425	;# 
   899     0592                     DAC2REF         equ	1426	;# 
   900     0592                     DAC2CON1        equ	1426	;# 
   901     0593                     DAC3CON0        equ	1427	;# 
   902     0594                     DAC3REF         equ	1428	;# 
   903     0594                     DAC3CON1        equ	1428	;# 
   904     0595                     DAC4CON0        equ	1429	;# 
   905     0596                     DAC4REF         equ	1430	;# 
   906     0596                     DAC4CON1        equ	1430	;# 
   907     0E91                     PSMC1CON        equ	3729	;# 
   908     0E92                     PSMC1MDL        equ	3730	;# 
   909     0E93                     PSMC1SYNC       equ	3731	;# 
   910     0E94                     PSMC1CLK        equ	3732	;# 
   911     0E95                     PSMC1OEN        equ	3733	;# 
   912     0E96                     PSMC1POL        equ	3734	;# 
   913     0E97                     PSMC1BLNK       equ	3735	;# 
   914     0E98                     PSMC1REBS       equ	3736	;# 
   915     0E99                     PSMC1FEBS       equ	3737	;# 
   916     0E9A                     PSMC1PHS        equ	3738	;# 
   917     0E9B                     PSMC1DCS        equ	3739	;# 
   918     0E9C                     PSMC1PRS        equ	3740	;# 
   919     0E9D                     PSMC1ASDC       equ	3741	;# 
   920     0E9E                     PSMC1ASDL       equ	3742	;# 
   921     0E9F                     PSMC1ASDS       equ	3743	;# 
   922     0EA0                     PSMC1INT        equ	3744	;# 
   923     0EA1                     PSMC1PH         equ	3745	;# 
   924     0EA1                     PSMC1PHL        equ	3745	;# 
   925     0EA2                     PSMC1PHH        equ	3746	;# 
   926     0EA3                     PSMC1DC         equ	3747	;# 
   927     0EA3                     PSMC1DCL        equ	3747	;# 
   928     0EA4                     PSMC1DCH        equ	3748	;# 
   929     0EA5                     PSMC1PR         equ	3749	;# 
   930     0EA5                     PSMC1PRL        equ	3749	;# 
   931     0EA6                     PSMC1PRH        equ	3750	;# 
   932     0EA7                     PSMC1TMR        equ	3751	;# 
   933     0EA7                     PSMC1TMRL       equ	3751	;# 
   934     0EA8                     PSMC1TMRH       equ	3752	;# 
   935     0EA9                     PSMC1DBR        equ	3753	;# 
   936     0EAA                     PSMC1DBF        equ	3754	;# 
   937     0EAB                     PSMC1BLKR       equ	3755	;# 
   938     0EAC                     PSMC1BLKF       equ	3756	;# 
   939     0EAD                     PSMC1FFA        equ	3757	;# 
   940     0EAE                     PSMC1STR0       equ	3758	;# 
   941     0EAF                     PSMC1STR1       equ	3759	;# 
   942     0EB1                     PSMC2CON        equ	3761	;# 
   943     0EB2                     PSMC2MDL        equ	3762	;# 
   944     0EB3                     PSMC2SYNC       equ	3763	;# 
   945     0EB4                     PSMC2CLK        equ	3764	;# 
   946     0EB5                     PSMC2OEN        equ	3765	;# 
   947     0EB6                     PSMC2POL        equ	3766	;# 
   948     0EB7                     PSMC2BLNK       equ	3767	;# 
   949     0EB8                     PSMC2REBS       equ	3768	;# 
   950     0EB9                     PSMC2FEBS       equ	3769	;# 
   951     0EBA                     PSMC2PHS        equ	3770	;# 
   952     0EBB                     PSMC2DCS        equ	3771	;# 
   953     0EBC                     PSMC2PRS        equ	3772	;# 
   954     0EBD                     PSMC2ASDC       equ	3773	;# 
   955     0EBE                     PSMC2ASDL       equ	3774	;# 
   956     0EBF                     PSMC2ASDS       equ	3775	;# 
   957     0EC0                     PSMC2INT        equ	3776	;# 
   958     0EC1                     PSMC2PH         equ	3777	;# 
   959     0EC1                     PSMC2PHL        equ	3777	;# 
   960     0EC2                     PSMC2PHH        equ	3778	;# 
   961     0EC3                     PSMC2DC         equ	3779	;# 
   962     0EC3                     PSMC2DCL        equ	3779	;# 
   963     0EC4                     PSMC2DCH        equ	3780	;# 
   964     0EC5                     PSMC2PR         equ	3781	;# 
   965     0EC5                     PSMC2PRL        equ	3781	;# 
   966     0EC6                     PSMC2PRH        equ	3782	;# 
   967     0EC7                     PSMC2TMR        equ	3783	;# 
   968     0EC7                     PSMC2TMRL       equ	3783	;# 
   969     0EC8                     PSMC2TMRH       equ	3784	;# 
   970     0EC9                     PSMC2DBR        equ	3785	;# 
   971     0ECA                     PSMC2DBF        equ	3786	;# 
   972     0ECB                     PSMC2BLKR       equ	3787	;# 
   973     0ECC                     PSMC2BLKF       equ	3788	;# 
   974     0ECD                     PSMC2FFA        equ	3789	;# 
   975     0ECE                     PSMC2STR0       equ	3790	;# 
   976     0ECF                     PSMC2STR1       equ	3791	;# 
   977     0ED1                     PSMC3CON        equ	3793	;# 
   978     0ED2                     PSMC3MDL        equ	3794	;# 
   979     0ED3                     PSMC3SYNC       equ	3795	;# 
   980     0ED4                     PSMC3CLK        equ	3796	;# 
   981     0ED5                     PSMC3OEN        equ	3797	;# 
   982     0ED6                     PSMC3POL        equ	3798	;# 
   983     0ED7                     PSMC3BLNK       equ	3799	;# 
   984     0ED8                     PSMC3REBS       equ	3800	;# 
   985     0ED9                     PSMC3FEBS       equ	3801	;# 
   986     0EDA                     PSMC3PHS        equ	3802	;# 
   987     0EDB                     PSMC3DCS        equ	3803	;# 
   988     0EDC                     PSMC3PRS        equ	3804	;# 
   989     0EDD                     PSMC3ASDC       equ	3805	;# 
   990     0EDE                     PSMC3ASDL       equ	3806	;# 
   991     0EDF                     PSMC3ASDS       equ	3807	;# 
   992     0EE0                     PSMC3INT        equ	3808	;# 
   993     0EE1                     PSMC3PH         equ	3809	;# 
   994     0EE1                     PSMC3PHL        equ	3809	;# 
   995     0EE2                     PSMC3PHH        equ	3810	;# 
   996     0EE3                     PSMC3DC         equ	3811	;# 
   997     0EE3                     PSMC3DCL        equ	3811	;# 
   998     0EE4                     PSMC3DCH        equ	3812	;# 
   999     0EE5                     PSMC3PR         equ	3813	;# 
  1000     0EE5                     PSMC3PRL        equ	3813	;# 
  1001     0EE6                     PSMC3PRH        equ	3814	;# 
  1002     0EE7                     PSMC3TMR        equ	3815	;# 
  1003     0EE7                     PSMC3TMRL       equ	3815	;# 
  1004     0EE8                     PSMC3TMRH       equ	3816	;# 
  1005     0EE9                     PSMC3DBR        equ	3817	;# 
  1006     0EEA                     PSMC3DBF        equ	3818	;# 
  1007     0EEB                     PSMC3BLKR       equ	3819	;# 
  1008     0EEC                     PSMC3BLKF       equ	3820	;# 
  1009     0EED                     PSMC3FFA        equ	3821	;# 
  1010     0EEE                     PSMC3STR0       equ	3822	;# 
  1011     0EEF                     PSMC3STR1       equ	3823	;# 
  1012     0F11                     PSMC4CON        equ	3857	;# 
  1013     0F12                     PSMC4MDL        equ	3858	;# 
  1014     0F13                     PSMC4SYNC       equ	3859	;# 
  1015     0F14                     PSMC4CLK        equ	3860	;# 
  1016     0F15                     PSMC4OEN        equ	3861	;# 
  1017     0F16                     PSMC4POL        equ	3862	;# 
  1018     0F17                     PSMC4BLNK       equ	3863	;# 
  1019     0F18                     PSMC4REBS       equ	3864	;# 
  1020     0F19                     PSMC4FEBS       equ	3865	;# 
  1021     0F1A                     PSMC4PHS        equ	3866	;# 
  1022     0F1B                     PSMC4DCS        equ	3867	;# 
  1023     0F1C                     PSMC4PRS        equ	3868	;# 
  1024     0F1D                     PSMC4ASDC       equ	3869	;# 
  1025     0F1E                     PSMC4ASDL       equ	3870	;# 
  1026     0F1F                     PSMC4ASDS       equ	3871	;# 
  1027     0F20                     PSMC4INT        equ	3872	;# 
  1028     0F21                     PSMC4PH         equ	3873	;# 
  1029     0F21                     PSMC4PHL        equ	3873	;# 
  1030     0F22                     PSMC4PHH        equ	3874	;# 
  1031     0F23                     PSMC4DC         equ	3875	;# 
  1032     0F23                     PSMC4DCL        equ	3875	;# 
  1033     0F24                     PSMC4DCH        equ	3876	;# 
  1034     0F25                     PSMC4PR         equ	3877	;# 
  1035     0F25                     PSMC4PRL        equ	3877	;# 
  1036     0F26                     PSMC4PRH        equ	3878	;# 
  1037     0F27                     PSMC4TMR        equ	3879	;# 
  1038     0F27                     PSMC4TMRL       equ	3879	;# 
  1039     0F28                     PSMC4TMRH       equ	3880	;# 
  1040     0F29                     PSMC4DBR        equ	3881	;# 
  1041     0F2A                     PSMC4DBF        equ	3882	;# 
  1042     0F2B                     PSMC4BLKR       equ	3883	;# 
  1043     0F2C                     PSMC4BLKF       equ	3884	;# 
  1044     0F2D                     PSMC4FFA        equ	3885	;# 
  1045     0F2E                     PSMC4STR0       equ	3886	;# 
  1046     0F2F                     PSMC4STR1       equ	3887	;# 
  1047     0FE4                     STATUS_SHAD     equ	4068	;# 
  1048     0FE5                     WREG_SHAD       equ	4069	;# 
  1049     0FE6                     BSR_SHAD        equ	4070	;# 
  1050     0FE7                     PCLATH_SHAD     equ	4071	;# 
  1051     0FE8                     FSR0L_SHAD      equ	4072	;# 
  1052     0FE9                     FSR0H_SHAD      equ	4073	;# 
  1053     0FEA                     FSR1L_SHAD      equ	4074	;# 
  1054     0FEB                     FSR1H_SHAD      equ	4075	;# 
  1055     0FED                     STKPTR          equ	4077	;# 
  1056     0FEE                     TOSL            equ	4078	;# 
  1057     0FEF                     TOSH            equ	4079	;# 
  1058                           
  1059                           	psect	stringtext1
  1060     00E0                     __pstringtext1:
  1061     00E0                     _cmd_table:
  1062     00E0  3400               	retlw	0
  1063     00E1  3400               	retlw	0
  1064     00E2  3480               	retlw	128
  1065     00E3  34DD               	retlw	221
  1066     00E4  347F               	retlw	127
  1067     00E5  348B               	retlw	139
  1068     00E6  340B               	retlw	11
  1069     00E7  3401               	retlw	1
  1070     00E8  3400               	retlw	0
  1071     00E9  3480               	retlw	128
  1072     00EA  3451               	retlw	81
  1073     00EB  347F               	retlw	127
  1074     00EC  344B               	retlw	75
  1075     00ED  346F               	retlw	111
  1076     00EE  3402               	retlw	2
  1077     00EF  3400               	retlw	0
  1078     00F0  3480               	retlw	128
  1079     00F1  3497               	retlw	151
  1080     00F2  347C               	retlw	124
  1081     00F3  34EA               	retlw	234
  1082     00F4  347C               	retlw	124
  1083     00F5  3403               	retlw	3
  1084     00F6  3400               	retlw	0
  1085     00F7  3480               	retlw	128
  1086     00F8  3423               	retlw	35
  1087     00F9  3480               	retlw	128
  1088     00FA  34AB               	retlw	171
  1089     00FB  340B               	retlw	11
  1090     00FC  3404               	retlw	4
  1091     00FD  3400               	retlw	0
  1092     00FE  3480               	retlw	128
  1093     00FF  34AF               	retlw	175
  1094     0100  3480               	retlw	128
  1095     0101  346B               	retlw	107
  1096     0102  346F               	retlw	111
  1097     0103  3405               	retlw	5
  1098     0104  3400               	retlw	0
  1099     0105  3480               	retlw	128
  1100     0106  3469               	retlw	105
  1101     0107  3483               	retlw	131
  1102     0108  34CA               	retlw	202
  1103     0109  347C               	retlw	124
  1104     010A  3406               	retlw	6
  1105     010B  34DD               	retlw	221
  1106     010C  347F               	retlw	127
  1107     010D  3400               	retlw	0
  1108     010E  3480               	retlw	128
  1109     010F  34C7               	retlw	199
  1110     0110  3418               	retlw	24
  1111     0111  3407               	retlw	7
  1112     0112  3451               	retlw	81
  1113     0113  347F               	retlw	127
  1114     0114  3400               	retlw	0
  1115     0115  3480               	retlw	128
  1116     0116  3457               	retlw	87
  1117     0117  3432               	retlw	50
  1118     0118  3408               	retlw	8
  1119     0119  3497               	retlw	151
  1120     011A  347C               	retlw	124
  1121     011B  3400               	retlw	0
  1122     011C  3480               	retlw	128
  1123     011D  34DF               	retlw	223
  1124     011E  34FE               	retlw	254
  1125     011F  3409               	retlw	9
  1126     0120  3423               	retlw	35
  1127     0121  3480               	retlw	128
  1128     0122  3400               	retlw	0
  1129     0123  3480               	retlw	128
  1130     0124  341F               	retlw	31
  1131     0125  3419               	retlw	25
  1132     0126  340A               	retlw	10
  1133     0127  34AF               	retlw	175
  1134     0128  3480               	retlw	128
  1135     0129  3400               	retlw	0
  1136     012A  3480               	retlw	128
  1137     012B  348F               	retlw	143
  1138     012C  3433               	retlw	51
  1139     012D  340B               	retlw	11
  1140     012E  3469               	retlw	105
  1141     012F  3483               	retlw	131
  1142     0130  3400               	retlw	0
  1143     0131  3480               	retlw	128
  1144     0132  3407               	retlw	7
  1145     0133  34FF               	retlw	255
  1146     0134                     __end_of_cmd_table:
  1147                           
  1148                           	psect	stringtext2
  1149     02E2                     __pstringtext2:
  1150     02E2                     _cmd_button_table:
  1151     02E2  3400               	retlw	0
  1152     02E3  345A               	retlw	90
  1153     02E4  3401               	retlw	1
  1154     02E5  3400               	retlw	0
  1155     02E6  3400               	retlw	0
  1156     02E7  3400               	retlw	0
  1157     02E8  3401               	retlw	1
  1158     02E9  3400               	retlw	0
  1159     02EA  34F3               	retlw	243
  1160     02EB  34D8               	retlw	216
  1161     02EC  3401               	retlw	1
  1162     02ED  345A               	retlw	90
  1163     02EE  34FF               	retlw	255
  1164     02EF  3400               	retlw	0
  1165     02F0  3400               	retlw	0
  1166     02F1  3400               	retlw	0
  1167     02F2  3401               	retlw	1
  1168     02F3  3400               	retlw	0
  1169     02F4  342D               	retlw	45
  1170     02F5  34CD               	retlw	205
  1171     02F6  3402               	retlw	2
  1172     02F7  347C               	retlw	124
  1173     02F8  3400               	retlw	0
  1174     02F9  3400               	retlw	0
  1175     02FA  3400               	retlw	0
  1176     02FB  3400               	retlw	0
  1177     02FC  3400               	retlw	0
  1178     02FD  3400               	retlw	0
  1179     02FE  3470               	retlw	112
  1180     02FF  349F               	retlw	159
  1181     0300  3403               	retlw	3
  1182     0301  3447               	retlw	71
  1183     0302  344A               	retlw	74
  1184     0303  3419               	retlw	25
  1185     0304  34B8               	retlw	184
  1186     0305  348B               	retlw	139
  1187     0306  3400               	retlw	0
  1188     0307  3480               	retlw	128
  1189     0308  3431               	retlw	49
  1190     0309  3453               	retlw	83
  1191     030A  3404               	retlw	4
  1192     030B  346D               	retlw	109
  1193     030C  3401               	retlw	1
  1194     030D  3403               	retlw	3
  1195     030E  3400               	retlw	0
  1196     030F  3400               	retlw	0
  1197     0310  3400               	retlw	0
  1198     0311  3400               	retlw	0
  1199     0312  34A0               	retlw	160
  1200     0313  34DB               	retlw	219
  1201     0314  3405               	retlw	5
  1202     0315  3447               	retlw	71
  1203     0316  34FE               	retlw	254
  1204     0317  3400               	retlw	0
  1205     0318  3400               	retlw	0
  1206     0319  3400               	retlw	0
  1207     031A  3400               	retlw	0
  1208     031B  3400               	retlw	0
  1209     031C  34ED               	retlw	237
  1210     031D  3400               	retlw	0
  1211     031E                     __end_of_cmd_button_table:
  1212                           
  1213                           	psect	stringtext3
  1214     03A4                     __pstringtext3:
  1215     03A4                     _header_dir:
  1216     03A4  3455               	retlw	85
  1217     03A5  34AA               	retlw	170
  1218     03A6  3407               	retlw	7
  1219     03A7  344D               	retlw	77
  1220     03A8  3400               	retlw	0
  1221     03A9  3401               	retlw	1
  1222     03AA  3400               	retlw	0
  1223     03AB  3498               	retlw	152
  1224     03AC  3400               	retlw	0
  1225     03AD  3447               	retlw	71
  1226     03AE  3420               	retlw	32
  1227     03AF  3400               	retlw	0
  1228     03B0                     __end_of_header_dir:
  1229                           
  1230                           	psect	stringtext4
  1231     03FD                     __pstringtext4:
  1232     03FD                     _header_static:
  1233     03FD  3455               	retlw	85
  1234     03FE  34AA               	retlw	170
  1235     03FF  3407               	retlw	7
  1236     0400  344D               	retlw	77
  1237     0401  3400               	retlw	0
  1238     0402  3401               	retlw	1
  1239     0403  3400               	retlw	0
  1240     0404  3498               	retlw	152
  1241     0405  3400               	retlw	0
  1242     0406                     __end_of_header_static:
  1243     000B                     _INTCONbits     set	11
  1244     000D                     _PORTB          set	13
  1245     0011                     _PIR1bits       set	17
  1246     000B                     _INTCON         set	11
  1247     0093                     _PIE3           set	147
  1248     0092                     _PIE2           set	146
  1249     0091                     _PIE1           set	145
  1250     008E                     _TRISC          set	142
  1251     008D                     _TRISB          set	141
  1252     008C                     _TRISA          set	140
  1253     0095                     _OPTION_REG     set	149
  1254     0099                     _OSCCON         set	153
  1255     011C                     _APFCON2        set	284
  1256     011D                     _APFCON1        set	285
  1257     019A                     _TX1REG         set	410
  1258     019C                     _SP1BRGH        set	412
  1259     019B                     _SP1BRGL        set	411
  1260     019F                     _BAUD1CON       set	415
  1261     019D                     _RC1STA         set	413
  1262     019E                     _TX1STA         set	414
  1263     018D                     _ANSELB         set	397
  1264     018C                     _ANSELA         set	396
  1265     0214                     _SSP1STATbits   set	532
  1266     0211                     _SSP1BUF        set	529
  1267     0215                     _SSP1CON1bits   set	533
  1268     0212                     _SSP1ADD        set	530
  1269     0216                     _SSP1CON2       set	534
  1270     0215                     _SSP1CON1       set	533
  1271     0214                     _SSP1STAT       set	532
  1272     020E                     _WPUC           set	526
  1273     020D                     _WPUB           set	525
  1274     020C                     _WPUA           set	524
  1275     030E                     _SLRCONC        set	782
  1276     030D                     _SLRCONB        set	781
  1277     030C                     _SLRCONA        set	780
  1278     038E                     _INLVLC         set	910
  1279     038D                     _INLVLB         set	909
  1280     038C                     _INLVLA         set	908
  1281     051A                     _CLKRCON        set	1306
  1282                           
  1283                           	psect	cinit
  1284     006B                     start_initialization:	
  1285                           ; #config settings
  1286                           
  1287     006B                     __initialization:
  1288                           
  1289                           ; Clear objects allocated to COMMON
  1290     006B  01F0               	clrf	__pbssCOMMON& (0+127)
  1291     006C  01F1               	clrf	(__pbssCOMMON+1)& (0+127)
  1292     006D  01F2               	clrf	(__pbssCOMMON+2)& (0+127)
  1293     006E  01F3               	clrf	(__pbssCOMMON+3)& (0+127)
  1294     006F  01F4               	clrf	(__pbssCOMMON+4)& (0+127)
  1295     0070  01F5               	clrf	(__pbssCOMMON+5)& (0+127)
  1296                           
  1297                           ; Clear objects allocated to BANK0
  1298     0071  0020               	movlb	0	; select bank0
  1299     0072  01B3               	clrf	__pbssBANK0& (0+127)
  1300     0073  01B4               	clrf	(__pbssBANK0+1)& (0+127)
  1301     0074  01B5               	clrf	(__pbssBANK0+2)& (0+127)
  1302     0075  01B6               	clrf	(__pbssBANK0+3)& (0+127)
  1303     0076  01B7               	clrf	(__pbssBANK0+4)& (0+127)
  1304     0077  01B8               	clrf	(__pbssBANK0+5)& (0+127)
  1305     0078  01B9               	clrf	(__pbssBANK0+6)& (0+127)
  1306     0079  01BA               	clrf	(__pbssBANK0+7)& (0+127)
  1307     007A  01BB               	clrf	(__pbssBANK0+8)& (0+127)
  1308     007B  01BC               	clrf	(__pbssBANK0+9)& (0+127)
  1309     007C                     end_of_initialization:	
  1310                           ;End of C runtime variable initialization code
  1311                           
  1312     007C                     __end_of__initialization:
  1313     007C  107E               	bcf	int$flags,0	;clear compiler interrupt flag (level 1)
  1314     007D  0020               	movlb	0
  1315     007E  3180  2880         	ljmp	_main	;jump to C main() function
  1316                           
  1317                           	psect	bssCOMMON
  1318     0070                     __pbssCOMMON:
  1319     0070                     _mux_select:
  1320     0070                     	ds	1
  1321     0071                     _j:
  1322     0071                     	ds	1
  1323     0072                     _TsABXY:
  1324     0072                     	ds	1
  1325     0073                     _Y_Byte:
  1326     0073                     	ds	1
  1327     0074                     _X_Byte:
  1328     0074                     	ds	1
  1329     0075                     _rx_done:
  1330     0075                     	ds	1
  1331                           
  1332                           	psect	bssBANK0
  1333     0033                     __pbssBANK0:
  1334     0033                     _xy_last:
  1335     0033                     	ds	1
  1336     0034                     _TxJ:
  1337     0034                     	ds	1
  1338     0035                     _TxBY:
  1339     0035                     	ds	1
  1340     0036                     _TxB:
  1341     0036                     	ds	1
  1342     0037                     _TxA:
  1343     0037                     	ds	1
  1344     0038                     _TxTR:
  1345     0038                     	ds	1
  1346     0039                     _TxTL:
  1347     0039                     	ds	1
  1348     003A                     _TxX:
  1349     003A                     	ds	1
  1350     003B                     _TxY:
  1351     003B                     	ds	1
  1352     003C                     _JButtons:
  1353     003C                     	ds	1
  1354                           
  1355                           	psect	cstackCOMMON
  1356     0076                     __pcstackCOMMON:
  1357     0076                     ?_InitOsc:
  1358     0076                     ?_InitOpt:	
  1359                           ; 1 bytes @ 0x0
  1360                           
  1361     0076                     ?_InitPIN:	
  1362                           ; 1 bytes @ 0x0
  1363                           
  1364     0076                     ?_InitPORTA:	
  1365                           ; 1 bytes @ 0x0
  1366                           
  1367     0076                     ?_InitPORTB:	
  1368                           ; 1 bytes @ 0x0
  1369                           
  1370     0076                     ?_InitPORTC:	
  1371                           ; 1 bytes @ 0x0
  1372                           
  1373     0076                     ?_InitUART:	
  1374                           ; 1 bytes @ 0x0
  1375                           
  1376     0076                     ?_InitI2C:	
  1377                           ; 1 bytes @ 0x0
  1378                           
  1379     0076                     ?_InitISR:	
  1380                           ; 1 bytes @ 0x0
  1381                           
  1382     0076                     ?_tx_uart:	
  1383                           ; 1 bytes @ 0x0
  1384                           
  1385     0076                     ?_TranslateTABXY:	
  1386                           ; 1 bytes @ 0x0
  1387                           
  1388     0076                     ?_TranslateJoysticks:	
  1389                           ; 1 bytes @ 0x0
  1390                           
  1391     0076                     ?_TranslateY:	
  1392                           ; 1 bytes @ 0x0
  1393                           
  1394     0076                     ?_TranslateX:	
  1395                           ; 1 bytes @ 0x0
  1396                           
  1397     0076                     ?_send_camera_command:	
  1398                           ; 1 bytes @ 0x0
  1399                           
  1400     0076                     ?_send_camera_button:	
  1401                           ; 1 bytes @ 0x0
  1402                           
  1403     0076                     ?_lookup_and_send_move:	
  1404                           ; 1 bytes @ 0x0
  1405                           
  1406     0076                     ?_lookup_and_send_buttons:	
  1407                           ; 1 bytes @ 0x0
  1408                           
  1409     0076                     ?_ISR:	
  1410                           ; 1 bytes @ 0x0
  1411                           
  1412     0076                     ?_main:	
  1413                           ; 1 bytes @ 0x0
  1414                           
  1415     0076                     ?___awmod:	
  1416                           ; 1 bytes @ 0x0
  1417                           
  1418     0076                     ___awmod@divisor:	
  1419                           ; 2 bytes @ 0x0
  1420                           
  1421                           
  1422                           ; 2 bytes @ 0x0
  1423     0076                     	ds	2
  1424     0078                     ___awmod@dividend:
  1425                           
  1426                           ; 2 bytes @ 0x2
  1427     0078                     	ds	2
  1428     007A                     ___awmod@counter:
  1429     007A                     ??___awmod:	
  1430                           ; 1 bytes @ 0x4
  1431                           
  1432                           
  1433                           ; 1 bytes @ 0x4
  1434     007A                     	ds	1
  1435     007B                     ___awmod@sign:
  1436                           
  1437                           ; 1 bytes @ 0x5
  1438     007B                     	ds	1
  1439     007C                     ??_ISR:
  1440                           
  1441                           	psect	cstackBANK0
  1442     0020                     __pcstackBANK0:	
  1443                           ; 1 bytes @ 0x6
  1444                           
  1445     0020                     ?___wmul:
  1446     0020                     TranslateJoysticks@byte:	
  1447                           ; 2 bytes @ 0x0
  1448                           
  1449     0020                     TranslateY@byte:	
  1450                           ; 1 bytes @ 0x0
  1451                           
  1452     0020                     TranslateX@byte:	
  1453                           ; 1 bytes @ 0x0
  1454                           
  1455     0020                     ___wmul@multiplier:	
  1456                           ; 1 bytes @ 0x0
  1457                           
  1458     0020                     ??_InitOsc:	
  1459                           ; 2 bytes @ 0x0
  1460                           
  1461     0020                     ??_InitOpt:	
  1462                           ; 1 bytes @ 0x0
  1463                           
  1464     0020                     ??_InitPIN:	
  1465                           ; 1 bytes @ 0x0
  1466                           
  1467     0020                     ??_InitPORTA:	
  1468                           ; 1 bytes @ 0x0
  1469                           
  1470     0020                     ??_InitPORTB:	
  1471                           ; 1 bytes @ 0x0
  1472                           
  1473     0020                     ??_InitPORTC:	
  1474                           ; 1 bytes @ 0x0
  1475                           
  1476     0020                     ??_InitUART:	
  1477                           ; 1 bytes @ 0x0
  1478                           
  1479     0020                     ??_InitI2C:	
  1480                           ; 1 bytes @ 0x0
  1481                           
  1482     0020                     ??_InitISR:	
  1483                           ; 1 bytes @ 0x0
  1484                           
  1485     0020                     ??_TranslateTABXY:	
  1486                           ; 1 bytes @ 0x0
  1487                           
  1488     0020                     ??_TranslateJoysticks:	
  1489                           ; 1 bytes @ 0x0
  1490                           
  1491     0020                     ??_TranslateY:	
  1492                           ; 1 bytes @ 0x0
  1493                           
  1494     0020                     ??_TranslateX:	
  1495                           ; 1 bytes @ 0x0
  1496                           
  1497                           
  1498                           ; 1 bytes @ 0x0
  1499     0020                     	ds	1
  1500     0021                     TranslateTABXY@byte:
  1501                           
  1502                           ; 1 bytes @ 0x1
  1503     0021                     	ds	1
  1504     0022                     ___wmul@multiplicand:
  1505                           
  1506                           ; 2 bytes @ 0x2
  1507     0022                     	ds	2
  1508     0024                     ___wmul@product:
  1509     0024                     ??___wmul:	
  1510                           ; 2 bytes @ 0x4
  1511                           
  1512                           
  1513                           ; 1 bytes @ 0x4
  1514     0024                     	ds	2
  1515     0026                     tx_uart@byte:
  1516     0026                     ??_tx_uart:	
  1517                           ; 1 bytes @ 0x6
  1518                           
  1519                           
  1520                           ; 1 bytes @ 0x6
  1521     0026                     	ds	1
  1522     0027                     ??_send_camera_command:
  1523     0027                     ??_send_camera_button:	
  1524                           ; 1 bytes @ 0x7
  1525                           
  1526                           
  1527                           ; 1 bytes @ 0x7
  1528     0027                     	ds	6
  1529     002D                     send_camera_command@byte:
  1530     002D                     send_camera_button@byte:	
  1531                           ; 1 bytes @ 0xD
  1532                           
  1533                           
  1534                           ; 1 bytes @ 0xD
  1535     002D                     	ds	1
  1536     002E                     send_camera_command@i:
  1537     002E                     send_camera_button@i:	
  1538                           ; 1 bytes @ 0xE
  1539                           
  1540                           
  1541                           ; 1 bytes @ 0xE
  1542     002E                     	ds	1
  1543     002F                     ??_lookup_and_send_move:
  1544     002F                     ??_lookup_and_send_buttons:	
  1545                           ; 1 bytes @ 0xF
  1546                           
  1547                           
  1548                           ; 1 bytes @ 0xF
  1549     002F                     	ds	2
  1550     0031                     lookup_and_send_move@cmd:
  1551     0031                     lookup_and_send_buttons@cmd:	
  1552                           ; 1 bytes @ 0x11
  1553                           
  1554                           
  1555                           ; 1 bytes @ 0x11
  1556     0031                     	ds	1
  1557     0032                     lookup_and_send_move@i:
  1558     0032                     lookup_and_send_buttons@i:	
  1559                           ; 1 bytes @ 0x12
  1560                           
  1561                           
  1562                           ; 1 bytes @ 0x12
  1563     0032                     	ds	1
  1564     0033                     ??_main:
  1565                           
  1566                           	psect	maintext
  1567     0080                     __pmaintext:	
  1568                           ; 1 bytes @ 0x13
  1569 ;;
  1570 ;;Main: autosize = 0, tempsize = 0, incstack = 0, save=0
  1571 ;;
  1572 ;; *************** function _main *****************
  1573 ;; Defined at:
  1574 ;;		line 389 in file "Main.c"
  1575 ;; Parameters:    Size  Location     Type
  1576 ;;		None
  1577 ;; Auto vars:     Size  Location     Type
  1578 ;;		None
  1579 ;; Return value:  Size  Location     Type
  1580 ;;                  1    wreg      void 
  1581 ;; Registers used:
  1582 ;;		wreg, fsr0l, fsr0h, status,2, status,0, pclath, cstack
  1583 ;; Tracked objects:
  1584 ;;		On entry : B1F/0
  1585 ;;		On exit  : 0/0
  1586 ;;		Unchanged: 0/0
  1587 ;; Data sizes:     COMMON   BANK0   BANK1   BANK2   BANK3   BANK4   BANK5   BANK6   BANK7   BANK8   BANK9  BANK10  BANK1
      +1  BANK12  BANK13  BANK14  BANK15  BANK16  BANK17  BANK18  BANK19  BANK20  BANK21  BANK22  BANK23  BANK24  BANK25
  1588 ;;      Params:         0       0       0       0       0       0       0       0       0       0       0       0       
      +0       0       0       0       0       0       0       0       0       0       0       0       0       0       0
  1589 ;;      Locals:         0       0       0       0       0       0       0       0       0       0       0       0       
      +0       0       0       0       0       0       0       0       0       0       0       0       0       0       0
  1590 ;;      Temps:          0       0       0       0       0       0       0       0       0       0       0       0       
      +0       0       0       0       0       0       0       0       0       0       0       0       0       0       0
  1591 ;;      Totals:         0       0       0       0       0       0       0       0       0       0       0       0       
      +0       0       0       0       0       0       0       0       0       0       0       0       0       0       0
  1592 ;;Total ram usage:        0 bytes
  1593 ;; Hardware stack levels required when called: 5
  1594 ;; This function calls:
  1595 ;;		_InitI2C
  1596 ;;		_InitISR
  1597 ;;		_InitOpt
  1598 ;;		_InitOsc
  1599 ;;		_InitPIN
  1600 ;;		_InitPORTA
  1601 ;;		_InitPORTB
  1602 ;;		_InitPORTC
  1603 ;;		_InitUART
  1604 ;;		_TranslateJoysticks
  1605 ;;		_TranslateTABXY
  1606 ;;		_TranslateX
  1607 ;;		_TranslateY
  1608 ;;		_lookup_and_send_buttons
  1609 ;;		_lookup_and_send_move
  1610 ;; This function is called by:
  1611 ;;		Startup code after reset
  1612 ;; This function uses a non-reentrant model
  1613 ;;
  1614                           
  1615     0080                     _main:	
  1616                           ;psect for function _main
  1617                           
  1618     0080                     l1705:	
  1619                           ;incstack = 0
  1620                           ; Regs used in _main: [wreg-fsr0h+status,2+status,0+pclath+cstack]
  1621                           
  1622                           
  1623                           ;Main.c: 393:     InitOsc();
  1624     0080  3184  240E  3180   	fcall	_InitOsc
  1625                           
  1626                           ;Main.c: 394:     InitOpt();
  1627     0083  3184  2418  3180   	fcall	_InitOpt
  1628                           
  1629                           ;Main.c: 395:     InitPIN();
  1630     0086  3184  2414  3180   	fcall	_InitPIN
  1631                           
  1632                           ;Main.c: 396:     InitPORTA();
  1633     0089  3183  23C8  3180   	fcall	_InitPORTA
  1634                           
  1635                           ;Main.c: 397:     InitPORTB();
  1636     008C  3183  23BC  3180   	fcall	_InitPORTB
  1637                           
  1638                           ;Main.c: 398:     InitPORTC();
  1639     008F  3183  23E9  3180   	fcall	_InitPORTC
  1640                           
  1641                           ;Main.c: 399:     InitUART();
  1642     0092  3183  23D4  3180   	fcall	_InitUART
  1643                           
  1644                           ;Main.c: 400:     InitI2C();
  1645     0095  3183  23F3  3180   	fcall	_InitI2C
  1646                           
  1647                           ;Main.c: 401:     InitISR();
  1648     0098  3184  2406  3180   	fcall	_InitISR
  1649     009B                     l1707:
  1650                           
  1651                           ;Main.c: 404:     INTCONbits.GIE = 1;
  1652     009B  178B               	bsf	11,7	;volatile
  1653     009C                     l1709:
  1654                           
  1655                           ;Main.c: 411:         if (rx_done){
  1656     009C  0875               	movf	_rx_done,w	;volatile
  1657     009D  1903               	btfsc	3,2
  1658     009E  28A0               	goto	u1521
  1659     009F  28A1               	goto	u1520
  1660     00A0                     u1521:
  1661     00A0  289C               	goto	l1709
  1662     00A1                     u1520:
  1663     00A1                     l1711:
  1664                           
  1665                           ;Main.c: 414:             TranslateY(Y_Byte);
  1666     00A1  0873               	movf	_Y_Byte,w	;volatile
  1667     00A2  3182  22A1  3180   	fcall	_TranslateY
  1668                           
  1669                           ;Main.c: 415:             TranslateX(X_Byte);
  1670     00A5  0874               	movf	_X_Byte,w	;volatile
  1671     00A6  3182  225F  3180   	fcall	_TranslateX
  1672                           
  1673                           ;Main.c: 416:             TranslateTABXY(TsABXY);
  1674     00A9  0872               	movf	_TsABXY,w	;volatile
  1675     00AA  3181  2185  3180   	fcall	_TranslateTABXY
  1676                           
  1677                           ;Main.c: 417:             TranslateJoysticks(JButtons);
  1678     00AD  0020               	movlb	0	; select bank0
  1679     00AE  083C               	movf	_JButtons,w	;volatile
  1680     00AF  3183  23B0  3180   	fcall	_TranslateJoysticks
  1681     00B2                     l1713:
  1682                           
  1683                           ;Main.c: 422:             lookup_and_send_move(TxY);
  1684     00B2  0020               	movlb	0	; select bank0
  1685     00B3  083B               	movf	_TxY,w	;volatile
  1686     00B4  3183  231E  3180   	fcall	_lookup_and_send_move
  1687     00B7                     l1715:
  1688                           
  1689                           ;Main.c: 423:             lookup_and_send_move(TxX);
  1690     00B7  0020               	movlb	0	; select bank0
  1691     00B8  083A               	movf	_TxX,w	;volatile
  1692     00B9  3183  231E  3180   	fcall	_lookup_and_send_move
  1693     00BC                     l1717:
  1694                           
  1695                           ;Main.c: 426:             lookup_and_send_buttons(TxA);
  1696     00BC  0020               	movlb	0	; select bank0
  1697     00BD  0837               	movf	_TxA,w	;volatile
  1698     00BE  3183  2351  3180   	fcall	_lookup_and_send_buttons
  1699     00C1                     l1719:
  1700                           
  1701                           ;Main.c: 427:             lookup_and_send_buttons(TxBY);
  1702     00C1  0020               	movlb	0	; select bank0
  1703     00C2  0835               	movf	_TxBY,w	;volatile
  1704     00C3  3183  2351  3180   	fcall	_lookup_and_send_buttons
  1705     00C6                     l1721:
  1706                           
  1707                           ;Main.c: 428:             lookup_and_send_buttons(TxB);
  1708     00C6  0020               	movlb	0	; select bank0
  1709     00C7  0836               	movf	_TxB,w	;volatile
  1710     00C8  3183  2351  3180   	fcall	_lookup_and_send_buttons
  1711     00CB                     l1723:
  1712                           
  1713                           ;Main.c: 429:             lookup_and_send_buttons(TxTR);
  1714     00CB  0020               	movlb	0	; select bank0
  1715     00CC  0838               	movf	_TxTR,w	;volatile
  1716     00CD  3183  2351  3180   	fcall	_lookup_and_send_buttons
  1717     00D0                     l1725:
  1718                           
  1719                           ;Main.c: 430:             lookup_and_send_buttons(TxTL);
  1720     00D0  0020               	movlb	0	; select bank0
  1721     00D1  0839               	movf	_TxTL,w	;volatile
  1722     00D2  3183  2351  3180   	fcall	_lookup_and_send_buttons
  1723     00D5                     l1727:
  1724                           
  1725                           ;Main.c: 431:             lookup_and_send_buttons(TxJ);
  1726     00D5  0020               	movlb	0	; select bank0
  1727     00D6  0834               	movf	_TxJ,w	;volatile
  1728     00D7  3183  2351  3180   	fcall	_lookup_and_send_buttons
  1729     00DA                     l1729:
  1730                           
  1731                           ;Main.c: 435:             rx_done = 0;
  1732     00DA  01F5               	clrf	_rx_done	;volatile
  1733     00DB                     l1731:
  1734                           
  1735                           ;Main.c: 436:             SSP1CON1bits.CKP = 1;
  1736     00DB  0024               	movlb	4	; select bank4
  1737     00DC  1615               	bsf	21,4	;volatile
  1738     00DD  289C               	goto	l1709
  1739     00DE  3180  2869         	ljmp	start
  1740     00E0                     __end_of_main:
  1741                           
  1742                           	psect	text1
  1743     031E                     __ptext1:	
  1744 ;; *************** function _lookup_and_send_move *****************
  1745 ;; Defined at:
  1746 ;;		line 292 in file "Main.c"
  1747 ;; Parameters:    Size  Location     Type
  1748 ;;  cmd             1    wreg     unsigned char 
  1749 ;; Auto vars:     Size  Location     Type
  1750 ;;  cmd             1   17[BANK0 ] unsigned char 
  1751 ;;  i               1   18[BANK0 ] unsigned char 
  1752 ;; Return value:  Size  Location     Type
  1753 ;;                  1    wreg      void 
  1754 ;; Registers used:
  1755 ;;		wreg, fsr0l, fsr0h, status,2, status,0, pclath, cstack
  1756 ;; Tracked objects:
  1757 ;;		On entry : 0/0
  1758 ;;		On exit  : 0/0
  1759 ;;		Unchanged: 0/0
  1760 ;; Data sizes:     COMMON   BANK0   BANK1   BANK2   BANK3   BANK4   BANK5   BANK6   BANK7   BANK8   BANK9  BANK10  BANK1
      +1  BANK12  BANK13  BANK14  BANK15  BANK16  BANK17  BANK18  BANK19  BANK20  BANK21  BANK22  BANK23  BANK24  BANK25
  1761 ;;      Params:         0       0       0       0       0       0       0       0       0       0       0       0       
      +0       0       0       0       0       0       0       0       0       0       0       0       0       0       0
  1762 ;;      Locals:         0       2       0       0       0       0       0       0       0       0       0       0       
      +0       0       0       0       0       0       0       0       0       0       0       0       0       0       0
  1763 ;;      Temps:          0       2       0       0       0       0       0       0       0       0       0       0       
      +0       0       0       0       0       0       0       0       0       0       0       0       0       0       0
  1764 ;;      Totals:         0       4       0       0       0       0       0       0       0       0       0       0       
      +0       0       0       0       0       0       0       0       0       0       0       0       0       0       0
  1765 ;;Total ram usage:        4 bytes
  1766 ;; Hardware stack levels used: 1
  1767 ;; Hardware stack levels required when called: 4
  1768 ;; This function calls:
  1769 ;;		___wmul
  1770 ;;		_send_camera_command
  1771 ;; This function is called by:
  1772 ;;		_main
  1773 ;; This function uses a non-reentrant model
  1774 ;;
  1775                           
  1776     031E                     _lookup_and_send_move:	
  1777                           ;psect for function _lookup_and_send_move
  1778                           
  1779                           
  1780                           ;incstack = 0
  1781                           ; Regs used in _lookup_and_send_move: [wreg-fsr0h+status,2+status,0+pclath+cstack]
  1782                           ;lookup_and_send_move@cmd stored from wreg
  1783     031E  0020               	movlb	0	; select bank0
  1784     031F  00B1               	movwf	lookup_and_send_move@cmd
  1785     0320                     l1669:
  1786                           
  1787                           ;Main.c: 293:     uint8_t i;;Main.c: 294:     if (cmd == 0xFF) return;
  1788     0320  0A31               	incf	lookup_and_send_move@cmd,w
  1789     0321  1D03               	btfss	3,2
  1790     0322  2B24               	goto	u1461
  1791     0323  2B25               	goto	u1460
  1792     0324                     u1461:
  1793     0324  2B26               	goto	l1673
  1794     0325                     u1460:
  1795     0325  2B50               	goto	l243
  1796     0326                     l1673:
  1797                           
  1798                           ;Main.c: 296:     for (i = 0; i < 12u; i++){
  1799     0326  01B2               	clrf	lookup_and_send_move@i
  1800     0327                     l1679:
  1801                           
  1802                           ;Main.c: 297:         if (cmd_table[i][0] == cmd){
  1803     0327  0832               	movf	lookup_and_send_move@i,w
  1804     0328  00AF               	movwf	??_lookup_and_send_move
  1805     0329  01B0               	clrf	??_lookup_and_send_move+1
  1806     032A  082F               	movf	??_lookup_and_send_move,w
  1807     032B  00A0               	movwf	___wmul@multiplier
  1808     032C  0830               	movf	??_lookup_and_send_move+1,w
  1809     032D  00A1               	movwf	___wmul@multiplier+1
  1810     032E  3007               	movlw	7
  1811     032F  00A2               	movwf	___wmul@multiplicand
  1812     0330  3000               	movlw	0
  1813     0331  00A3               	movwf	___wmul@multiplicand+1
  1814     0332  3183  2384  3183   	fcall	___wmul
  1815     0335  30E0               	movlw	low _cmd_table
  1816     0336  0020               	movlb	0	; select bank0
  1817     0337  0720               	addwf	?___wmul,w
  1818     0338  0084               	movwf	4
  1819     0339  3000               	movlw	high _cmd_table
  1820     033A  3D21               	addwfc	?___wmul+1,w
  1821     033B  3880               	iorlw	128
  1822     033C  0085               	movwf	5
  1823     033D  0800               	movf	0,w	;code access
  1824     033E  0631               	xorwf	lookup_and_send_move@cmd,w
  1825     033F  1D03               	skipz
  1826     0340  2B42               	goto	u1471
  1827     0341  2B43               	goto	u1470
  1828     0342                     u1471:
  1829     0342  2B48               	goto	l1683
  1830     0343                     u1470:
  1831     0343                     l1681:
  1832                           
  1833                           ;Main.c: 298:             send_camera_command(i);
  1834     0343  0832               	movf	lookup_and_send_move@i,w
  1835     0344  3181  21D1  3183   	fcall	_send_camera_command
  1836                           
  1837                           ;Main.c: 299:             break;
  1838     0347  2B50               	goto	l243
  1839     0348                     l1683:
  1840                           
  1841                           ;Main.c: 301:     }
  1842     0348  3001               	movlw	1
  1843     0349  07B2               	addwf	lookup_and_send_move@i,f
  1844     034A                     l1685:
  1845     034A  300C               	movlw	12
  1846     034B  0232               	subwf	lookup_and_send_move@i,w
  1847     034C  1C03               	skipc
  1848     034D  2B4F               	goto	u1481
  1849     034E  2B50               	goto	u1480
  1850     034F                     u1481:
  1851     034F  2B27               	goto	l1679
  1852     0350                     u1480:
  1853     0350                     l243:
  1854     0350  0008               	return
  1855     0351                     __end_of_lookup_and_send_move:
  1856                           
  1857                           	psect	text2
  1858     01D1                     __ptext2:	
  1859 ;; *************** function _send_camera_command *****************
  1860 ;; Defined at:
  1861 ;;		line 257 in file "Main.c"
  1862 ;; Parameters:    Size  Location     Type
  1863 ;;  byte            1    wreg     unsigned char 
  1864 ;; Auto vars:     Size  Location     Type
  1865 ;;  byte            1   13[BANK0 ] unsigned char 
  1866 ;;  i               1   14[BANK0 ] unsigned char 
  1867 ;; Return value:  Size  Location     Type
  1868 ;;                  1    wreg      void 
  1869 ;; Registers used:
  1870 ;;		wreg, fsr0l, fsr0h, status,2, status,0, pclath, cstack
  1871 ;; Tracked objects:
  1872 ;;		On entry : 0/0
  1873 ;;		On exit  : 0/0
  1874 ;;		Unchanged: 0/0
  1875 ;; Data sizes:     COMMON   BANK0   BANK1   BANK2   BANK3   BANK4   BANK5   BANK6   BANK7   BANK8   BANK9  BANK10  BANK1
      +1  BANK12  BANK13  BANK14  BANK15  BANK16  BANK17  BANK18  BANK19  BANK20  BANK21  BANK22  BANK23  BANK24  BANK25
  1876 ;;      Params:         0       0       0       0       0       0       0       0       0       0       0       0       
      +0       0       0       0       0       0       0       0       0       0       0       0       0       0       0
  1877 ;;      Locals:         0       2       0       0       0       0       0       0       0       0       0       0       
      +0       0       0       0       0       0       0       0       0       0       0       0       0       0       0
  1878 ;;      Temps:          0       6       0       0       0       0       0       0       0       0       0       0       
      +0       0       0       0       0       0       0       0       0       0       0       0       0       0       0
  1879 ;;      Totals:         0       8       0       0       0       0       0       0       0       0       0       0       
      +0       0       0       0       0       0       0       0       0       0       0       0       0       0       0
  1880 ;;Total ram usage:        8 bytes
  1881 ;; Hardware stack levels used: 1
  1882 ;; Hardware stack levels required when called: 3
  1883 ;; This function calls:
  1884 ;;		___wmul
  1885 ;;		_tx_uart
  1886 ;; This function is called by:
  1887 ;;		_lookup_and_send_move
  1888 ;; This function uses a non-reentrant model
  1889 ;;
  1890                           
  1891     01D1                     _send_camera_command:	
  1892                           ;psect for function _send_camera_command
  1893                           
  1894                           
  1895                           ;incstack = 0
  1896                           ; Regs used in _send_camera_command: [wreg-fsr0h+status,2+status,0+pclath+cstack]
  1897                           ;send_camera_command@byte stored from wreg
  1898     01D1  0020               	movlb	0	; select bank0
  1899     01D2  00AD               	movwf	send_camera_command@byte
  1900     01D3                     l1529:
  1901                           
  1902                           ;Main.c: 258:     uint8_t i;;Main.c: 261:     for ( i = 0; i < 12u; i++) {
  1903     01D3  01AE               	clrf	send_camera_command@i
  1904     01D4                     l1535:
  1905                           
  1906                           ;Main.c: 262:         tx_uart(header_dir[i]);
  1907     01D4  082E               	movf	send_camera_command@i,w
  1908     01D5  3EA4               	addlw	low (_header_dir| (0+32768))
  1909     01D6  0084               	movwf	4
  1910     01D7  3083               	movlw	high (_header_dir| (0+32768))
  1911     01D8  1803               	skipnc
  1912     01D9  3E01               	addlw	1
  1913     01DA  0085               	movwf	5
  1914     01DB  0800               	movf	0,w	;code access
  1915     01DC  3183  23DF  3181   	fcall	_tx_uart
  1916     01DF                     l1537:
  1917                           
  1918                           ;Main.c: 263:     }
  1919     01DF  3001               	movlw	1
  1920     01E0  0020               	movlb	0	; select bank0
  1921     01E1  07AE               	addwf	send_camera_command@i,f
  1922     01E2                     l1539:
  1923     01E2  300C               	movlw	12
  1924     01E3  022E               	subwf	send_camera_command@i,w
  1925     01E4  1C03               	skipc
  1926     01E5  29E7               	goto	u1191
  1927     01E6  29E8               	goto	u1190
  1928     01E7                     u1191:
  1929     01E7  29D4               	goto	l1535
  1930     01E8                     u1190:
  1931     01E8                     l229:
  1932                           
  1933                           ;Main.c: 266:     for ( i = 1; i < 7u; i++){
  1934     01E8  3001               	movlw	1
  1935     01E9  00AE               	movwf	send_camera_command@i
  1936     01EA                     l1545:
  1937                           
  1938                           ;Main.c: 267:         tx_uart(cmd_table[byte][i]);
  1939     01EA  082D               	movf	send_camera_command@byte,w
  1940     01EB  00A7               	movwf	??_send_camera_command
  1941     01EC  01A8               	clrf	??_send_camera_command+1
  1942     01ED  0827               	movf	??_send_camera_command,w
  1943     01EE  00A0               	movwf	___wmul@multiplier
  1944     01EF  0828               	movf	??_send_camera_command+1,w
  1945     01F0  00A1               	movwf	___wmul@multiplier+1
  1946     01F1  3007               	movlw	7
  1947     01F2  00A2               	movwf	___wmul@multiplicand
  1948     01F3  3000               	movlw	0
  1949     01F4  00A3               	movwf	___wmul@multiplicand+1
  1950     01F5  3183  2384  3181   	fcall	___wmul
  1951     01F8  30E0               	movlw	low (_cmd_table| (0+32768))
  1952     01F9  0020               	movlb	0	; select bank0
  1953     01FA  00A9               	movwf	??_send_camera_command+2
  1954     01FB  3080               	movlw	high (_cmd_table| (0+32768))
  1955     01FC  00AA               	movwf	??_send_camera_command+3
  1956     01FD  0820               	movf	?___wmul,w
  1957     01FE  0729               	addwf	??_send_camera_command+2,w
  1958     01FF  00AB               	movwf	??_send_camera_command+4
  1959     0200  0821               	movf	?___wmul+1,w
  1960     0201  3D2A               	addwfc	??_send_camera_command+3,w
  1961     0202  00AC               	movwf	??_send_camera_command+5
  1962     0203  082E               	movf	send_camera_command@i,w
  1963     0204  072B               	addwf	??_send_camera_command+4,w
  1964     0205  0084               	movwf	4
  1965     0206  082C               	movf	??_send_camera_command+5,w
  1966     0207  1803               	skipnc
  1967     0208  3E01               	addlw	1
  1968     0209  0085               	movwf	5
  1969     020A  0800               	movf	0,w	;code access
  1970     020B  3183  23DF  3181   	fcall	_tx_uart
  1971     020E                     l1547:
  1972                           
  1973                           ;Main.c: 268:     }
  1974     020E  3001               	movlw	1
  1975     020F  0020               	movlb	0	; select bank0
  1976     0210  07AE               	addwf	send_camera_command@i,f
  1977     0211                     l1549:
  1978     0211  3007               	movlw	7
  1979     0212  022E               	subwf	send_camera_command@i,w
  1980     0213  1C03               	skipc
  1981     0214  2A16               	goto	u1201
  1982     0215  2A17               	goto	u1200
  1983     0216                     u1201:
  1984     0216  29EA               	goto	l1545
  1985     0217                     u1200:
  1986     0217                     l232:
  1987     0217  0008               	return
  1988     0218                     __end_of_send_camera_command:
  1989                           
  1990                           	psect	text3
  1991     0351                     __ptext3:	
  1992 ;; *************** function _lookup_and_send_buttons *****************
  1993 ;; Defined at:
  1994 ;;		line 308 in file "Main.c"
  1995 ;; Parameters:    Size  Location     Type
  1996 ;;  cmd             1    wreg     unsigned char 
  1997 ;; Auto vars:     Size  Location     Type
  1998 ;;  cmd             1   17[BANK0 ] unsigned char 
  1999 ;;  i               1   18[BANK0 ] unsigned char 
  2000 ;; Return value:  Size  Location     Type
  2001 ;;                  1    wreg      void 
  2002 ;; Registers used:
  2003 ;;		wreg, fsr0l, fsr0h, status,2, status,0, pclath, cstack
  2004 ;; Tracked objects:
  2005 ;;		On entry : 0/0
  2006 ;;		On exit  : 0/0
  2007 ;;		Unchanged: 0/0
  2008 ;; Data sizes:     COMMON   BANK0   BANK1   BANK2   BANK3   BANK4   BANK5   BANK6   BANK7   BANK8   BANK9  BANK10  BANK1
      +1  BANK12  BANK13  BANK14  BANK15  BANK16  BANK17  BANK18  BANK19  BANK20  BANK21  BANK22  BANK23  BANK24  BANK25
  2009 ;;      Params:         0       0       0       0       0       0       0       0       0       0       0       0       
      +0       0       0       0       0       0       0       0       0       0       0       0       0       0       0
  2010 ;;      Locals:         0       2       0       0       0       0       0       0       0       0       0       0       
      +0       0       0       0       0       0       0       0       0       0       0       0       0       0       0
  2011 ;;      Temps:          0       2       0       0       0       0       0       0       0       0       0       0       
      +0       0       0       0       0       0       0       0       0       0       0       0       0       0       0
  2012 ;;      Totals:         0       4       0       0       0       0       0       0       0       0       0       0       
      +0       0       0       0       0       0       0       0       0       0       0       0       0       0       0
  2013 ;;Total ram usage:        4 bytes
  2014 ;; Hardware stack levels used: 1
  2015 ;; Hardware stack levels required when called: 4
  2016 ;; This function calls:
  2017 ;;		___wmul
  2018 ;;		_send_camera_button
  2019 ;; This function is called by:
  2020 ;;		_main
  2021 ;; This function uses a non-reentrant model
  2022 ;;
  2023                           
  2024     0351                     _lookup_and_send_buttons:	
  2025                           ;psect for function _lookup_and_send_buttons
  2026                           
  2027                           
  2028                           ;incstack = 0
  2029                           ; Regs used in _lookup_and_send_buttons: [wreg-fsr0h+status,2+status,0+pclath+cstack]
  2030                           ;lookup_and_send_buttons@cmd stored from wreg
  2031     0351  0020               	movlb	0	; select bank0
  2032     0352  00B1               	movwf	lookup_and_send_buttons@cmd
  2033     0353                     l1687:
  2034                           
  2035                           ;Main.c: 309:     uint8_t i;;Main.c: 310:     if (cmd == 0xFF) return;
  2036     0353  0A31               	incf	lookup_and_send_buttons@cmd,w
  2037     0354  1D03               	btfss	3,2
  2038     0355  2B57               	goto	u1491
  2039     0356  2B58               	goto	u1490
  2040     0357                     u1491:
  2041     0357  2B59               	goto	l1691
  2042     0358                     u1490:
  2043     0358  2B83               	goto	l250
  2044     0359                     l1691:
  2045                           
  2046                           ;Main.c: 312:     for (i = 0; i < 6u; i ++){
  2047     0359  01B2               	clrf	lookup_and_send_buttons@i
  2048     035A                     l1697:
  2049                           
  2050                           ;Main.c: 313:         if (cmd_button_table[i][0] == cmd){
  2051     035A  0832               	movf	lookup_and_send_buttons@i,w
  2052     035B  00AF               	movwf	??_lookup_and_send_buttons
  2053     035C  01B0               	clrf	??_lookup_and_send_buttons+1
  2054     035D  082F               	movf	??_lookup_and_send_buttons,w
  2055     035E  00A0               	movwf	___wmul@multiplier
  2056     035F  0830               	movf	??_lookup_and_send_buttons+1,w
  2057     0360  00A1               	movwf	___wmul@multiplier+1
  2058     0361  300A               	movlw	10
  2059     0362  00A2               	movwf	___wmul@multiplicand
  2060     0363  3000               	movlw	0
  2061     0364  00A3               	movwf	___wmul@multiplicand+1
  2062     0365  3183  2384  3183   	fcall	___wmul
  2063     0368  30E2               	movlw	low _cmd_button_table
  2064     0369  0020               	movlb	0	; select bank0
  2065     036A  0720               	addwf	?___wmul,w
  2066     036B  0084               	movwf	4
  2067     036C  3002               	movlw	high _cmd_button_table
  2068     036D  3D21               	addwfc	?___wmul+1,w
  2069     036E  3880               	iorlw	128
  2070     036F  0085               	movwf	5
  2071     0370  0800               	movf	0,w	;code access
  2072     0371  0631               	xorwf	lookup_and_send_buttons@cmd,w
  2073     0372  1D03               	skipz
  2074     0373  2B75               	goto	u1501
  2075     0374  2B76               	goto	u1500
  2076     0375                     u1501:
  2077     0375  2B7B               	goto	l1701
  2078     0376                     u1500:
  2079     0376                     l1699:
  2080                           
  2081                           ;Main.c: 314:             send_camera_button(i);
  2082     0376  0832               	movf	lookup_and_send_buttons@i,w
  2083     0377  3182  2218  3183   	fcall	_send_camera_button
  2084                           
  2085                           ;Main.c: 315:             break;
  2086     037A  2B83               	goto	l250
  2087     037B                     l1701:
  2088                           
  2089                           ;Main.c: 317:     }
  2090     037B  3001               	movlw	1
  2091     037C  07B2               	addwf	lookup_and_send_buttons@i,f
  2092     037D                     l1703:
  2093     037D  3006               	movlw	6
  2094     037E  0232               	subwf	lookup_and_send_buttons@i,w
  2095     037F  1C03               	skipc
  2096     0380  2B82               	goto	u1511
  2097     0381  2B83               	goto	u1510
  2098     0382                     u1511:
  2099     0382  2B5A               	goto	l1697
  2100     0383                     u1510:
  2101     0383                     l250:
  2102     0383  0008               	return
  2103     0384                     __end_of_lookup_and_send_buttons:
  2104                           
  2105                           	psect	text4
  2106     0218                     __ptext4:	
  2107 ;; *************** function _send_camera_button *****************
  2108 ;; Defined at:
  2109 ;;		line 274 in file "Main.c"
  2110 ;; Parameters:    Size  Location     Type
  2111 ;;  byte            1    wreg     unsigned char 
  2112 ;; Auto vars:     Size  Location     Type
  2113 ;;  byte            1   13[BANK0 ] unsigned char 
  2114 ;;  i               1   14[BANK0 ] unsigned char 
  2115 ;; Return value:  Size  Location     Type
  2116 ;;                  1    wreg      void 
  2117 ;; Registers used:
  2118 ;;		wreg, fsr0l, fsr0h, status,2, status,0, pclath, cstack
  2119 ;; Tracked objects:
  2120 ;;		On entry : 0/0
  2121 ;;		On exit  : 0/0
  2122 ;;		Unchanged: 0/0
  2123 ;; Data sizes:     COMMON   BANK0   BANK1   BANK2   BANK3   BANK4   BANK5   BANK6   BANK7   BANK8   BANK9  BANK10  BANK1
      +1  BANK12  BANK13  BANK14  BANK15  BANK16  BANK17  BANK18  BANK19  BANK20  BANK21  BANK22  BANK23  BANK24  BANK25
  2124 ;;      Params:         0       0       0       0       0       0       0       0       0       0       0       0       
      +0       0       0       0       0       0       0       0       0       0       0       0       0       0       0
  2125 ;;      Locals:         0       2       0       0       0       0       0       0       0       0       0       0       
      +0       0       0       0       0       0       0       0       0       0       0       0       0       0       0
  2126 ;;      Temps:          0       6       0       0       0       0       0       0       0       0       0       0       
      +0       0       0       0       0       0       0       0       0       0       0       0       0       0       0
  2127 ;;      Totals:         0       8       0       0       0       0       0       0       0       0       0       0       
      +0       0       0       0       0       0       0       0       0       0       0       0       0       0       0
  2128 ;;Total ram usage:        8 bytes
  2129 ;; Hardware stack levels used: 1
  2130 ;; Hardware stack levels required when called: 3
  2131 ;; This function calls:
  2132 ;;		___wmul
  2133 ;;		_tx_uart
  2134 ;; This function is called by:
  2135 ;;		_lookup_and_send_buttons
  2136 ;; This function uses a non-reentrant model
  2137 ;;
  2138                           
  2139     0218                     _send_camera_button:	
  2140                           ;psect for function _send_camera_button
  2141                           
  2142                           
  2143                           ;incstack = 0
  2144                           ; Regs used in _send_camera_button: [wreg-fsr0h+status,2+status,0+pclath+cstack]
  2145                           ;send_camera_button@byte stored from wreg
  2146     0218  0020               	movlb	0	; select bank0
  2147     0219  00AD               	movwf	send_camera_button@byte
  2148     021A                     l1551:
  2149                           
  2150                           ;Main.c: 275:     uint8_t i;;Main.c: 278:     for ( i = 0; i < 9u; i++){
  2151     021A  01AE               	clrf	send_camera_button@i
  2152     021B                     l1557:
  2153                           
  2154                           ;Main.c: 279:         tx_uart(header_static[i]);
  2155     021B  082E               	movf	send_camera_button@i,w
  2156     021C  3EFD               	addlw	low (_header_static| (0+32768))
  2157     021D  0084               	movwf	4
  2158     021E  3083               	movlw	high (_header_static| (0+32768))
  2159     021F  1803               	skipnc
  2160     0220  3E01               	addlw	1
  2161     0221  0085               	movwf	5
  2162     0222  0800               	movf	0,w	;code access
  2163     0223  3183  23DF  3182   	fcall	_tx_uart
  2164     0226                     l1559:
  2165                           
  2166                           ;Main.c: 280:     }
  2167     0226  3001               	movlw	1
  2168     0227  0020               	movlb	0	; select bank0
  2169     0228  07AE               	addwf	send_camera_button@i,f
  2170     0229                     l1561:
  2171     0229  3009               	movlw	9
  2172     022A  022E               	subwf	send_camera_button@i,w
  2173     022B  1C03               	skipc
  2174     022C  2A2E               	goto	u1211
  2175     022D  2A2F               	goto	u1210
  2176     022E                     u1211:
  2177     022E  2A1B               	goto	l1557
  2178     022F                     u1210:
  2179     022F                     l236:
  2180                           
  2181                           ;Main.c: 283:     for (i =1; i < 10u; i++){
  2182     022F  3001               	movlw	1
  2183     0230  00AE               	movwf	send_camera_button@i
  2184     0231                     l1567:
  2185                           
  2186                           ;Main.c: 284:         tx_uart(cmd_button_table[byte][i]);
  2187     0231  082D               	movf	send_camera_button@byte,w
  2188     0232  00A7               	movwf	??_send_camera_button
  2189     0233  01A8               	clrf	??_send_camera_button+1
  2190     0234  0827               	movf	??_send_camera_button,w
  2191     0235  00A0               	movwf	___wmul@multiplier
  2192     0236  0828               	movf	??_send_camera_button+1,w
  2193     0237  00A1               	movwf	___wmul@multiplier+1
  2194     0238  300A               	movlw	10
  2195     0239  00A2               	movwf	___wmul@multiplicand
  2196     023A  3000               	movlw	0
  2197     023B  00A3               	movwf	___wmul@multiplicand+1
  2198     023C  3183  2384  3182   	fcall	___wmul
  2199     023F  30E2               	movlw	low (_cmd_button_table| (0+32768))
  2200     0240  0020               	movlb	0	; select bank0
  2201     0241  00A9               	movwf	??_send_camera_button+2
  2202     0242  3082               	movlw	high (_cmd_button_table| (0+32768))
  2203     0243  00AA               	movwf	??_send_camera_button+3
  2204     0244  0820               	movf	?___wmul,w
  2205     0245  0729               	addwf	??_send_camera_button+2,w
  2206     0246  00AB               	movwf	??_send_camera_button+4
  2207     0247  0821               	movf	?___wmul+1,w
  2208     0248  3D2A               	addwfc	??_send_camera_button+3,w
  2209     0249  00AC               	movwf	??_send_camera_button+5
  2210     024A  082E               	movf	send_camera_button@i,w
  2211     024B  072B               	addwf	??_send_camera_button+4,w
  2212     024C  0084               	movwf	4
  2213     024D  082C               	movf	??_send_camera_button+5,w
  2214     024E  1803               	skipnc
  2215     024F  3E01               	addlw	1
  2216     0250  0085               	movwf	5
  2217     0251  0800               	movf	0,w	;code access
  2218     0252  3183  23DF  3182   	fcall	_tx_uart
  2219     0255                     l1569:
  2220                           
  2221                           ;Main.c: 285:     }
  2222     0255  3001               	movlw	1
  2223     0256  0020               	movlb	0	; select bank0
  2224     0257  07AE               	addwf	send_camera_button@i,f
  2225     0258                     l1571:
  2226     0258  300A               	movlw	10
  2227     0259  022E               	subwf	send_camera_button@i,w
  2228     025A  1C03               	skipc
  2229     025B  2A5D               	goto	u1221
  2230     025C  2A5E               	goto	u1220
  2231     025D                     u1221:
  2232     025D  2A31               	goto	l1567
  2233     025E                     u1220:
  2234     025E                     l239:
  2235     025E  0008               	return
  2236     025F                     __end_of_send_camera_button:
  2237                           
  2238                           	psect	text5
  2239     03DF                     __ptext5:	
  2240 ;; *************** function _tx_uart *****************
  2241 ;; Defined at:
  2242 ;;		line 88 in file "Main.c"
  2243 ;; Parameters:    Size  Location     Type
  2244 ;;  byte            1    wreg     unsigned char 
  2245 ;; Auto vars:     Size  Location     Type
  2246 ;;  byte            1    6[BANK0 ] unsigned char 
  2247 ;; Return value:  Size  Location     Type
  2248 ;;                  1    wreg      void 
  2249 ;; Registers used:
  2250 ;;		wreg
  2251 ;; Tracked objects:
  2252 ;;		On entry : 0/0
  2253 ;;		On exit  : 0/0
  2254 ;;		Unchanged: 0/0
  2255 ;; Data sizes:     COMMON   BANK0   BANK1   BANK2   BANK3   BANK4   BANK5   BANK6   BANK7   BANK8   BANK9  BANK10  BANK1
      +1  BANK12  BANK13  BANK14  BANK15  BANK16  BANK17  BANK18  BANK19  BANK20  BANK21  BANK22  BANK23  BANK24  BANK25
  2256 ;;      Params:         0       0       0       0       0       0       0       0       0       0       0       0       
      +0       0       0       0       0       0       0       0       0       0       0       0       0       0       0
  2257 ;;      Locals:         0       1       0       0       0       0       0       0       0       0       0       0       
      +0       0       0       0       0       0       0       0       0       0       0       0       0       0       0
  2258 ;;      Temps:          0       0       0       0       0       0       0       0       0       0       0       0       
      +0       0       0       0       0       0       0       0       0       0       0       0       0       0       0
  2259 ;;      Totals:         0       1       0       0       0       0       0       0       0       0       0       0       
      +0       0       0       0       0       0       0       0       0       0       0       0       0       0       0
  2260 ;;Total ram usage:        1 bytes
  2261 ;; Hardware stack levels used: 1
  2262 ;; Hardware stack levels required when called: 2
  2263 ;; This function calls:
  2264 ;;		Nothing
  2265 ;; This function is called by:
  2266 ;;		_send_camera_command
  2267 ;;		_send_camera_button
  2268 ;; This function uses a non-reentrant model
  2269 ;;
  2270                           
  2271     03DF                     _tx_uart:	
  2272                           ;psect for function _tx_uart
  2273                           
  2274                           
  2275                           ;incstack = 0
  2276                           ; Regs used in _tx_uart: [wreg]
  2277                           ;tx_uart@byte stored from wreg
  2278     03DF  0020               	movlb	0	; select bank0
  2279     03E0  00A6               	movwf	tx_uart@byte
  2280     03E1                     l1177:
  2281     03E1                     l166:	
  2282                           ;Main.c: 90:     while (!PIR1bits.TXIF);
  2283                           
  2284     03E1  1E11               	btfss	17,4	;volatile
  2285     03E2  2BE4               	goto	u581
  2286     03E3  2BE5               	goto	u580
  2287     03E4                     u581:
  2288     03E4  2BE1               	goto	l166
  2289     03E5                     u580:
  2290     03E5                     l1179:
  2291                           
  2292                           ;Main.c: 91:     TX1REG = byte;
  2293     03E5  0826               	movf	tx_uart@byte,w
  2294     03E6  0023               	movlb	3	; select bank3
  2295     03E7  009A               	movwf	26	;volatile
  2296     03E8                     l169:
  2297     03E8  0008               	return
  2298     03E9                     __end_of_tx_uart:
  2299                           
  2300                           	psect	text6
  2301     0384                     __ptext6:	
  2302 ;; *************** function ___wmul *****************
  2303 ;; Defined at:
  2304 ;;		line 15 in file "C:\Program Files\Microchip\xc8\v3.10\pic\sources\c99\common\Umul16.c"
  2305 ;; Parameters:    Size  Location     Type
  2306 ;;  multiplier      2    0[BANK0 ] unsigned int 
  2307 ;;  multiplicand    2    2[BANK0 ] unsigned int 
  2308 ;; Auto vars:     Size  Location     Type
  2309 ;;  product         2    4[BANK0 ] unsigned int 
  2310 ;; Return value:  Size  Location     Type
  2311 ;;                  2    0[BANK0 ] unsigned int 
  2312 ;; Registers used:
  2313 ;;		wreg, status,2, status,0
  2314 ;; Tracked objects:
  2315 ;;		On entry : 0/0
  2316 ;;		On exit  : 0/0
  2317 ;;		Unchanged: 0/0
  2318 ;; Data sizes:     COMMON   BANK0   BANK1   BANK2   BANK3   BANK4   BANK5   BANK6   BANK7   BANK8   BANK9  BANK10  BANK1
      +1  BANK12  BANK13  BANK14  BANK15  BANK16  BANK17  BANK18  BANK19  BANK20  BANK21  BANK22  BANK23  BANK24  BANK25
  2319 ;;      Params:         0       4       0       0       0       0       0       0       0       0       0       0       
      +0       0       0       0       0       0       0       0       0       0       0       0       0       0       0
  2320 ;;      Locals:         0       2       0       0       0       0       0       0       0       0       0       0       
      +0       0       0       0       0       0       0       0       0       0       0       0       0       0       0
  2321 ;;      Temps:          0       0       0       0       0       0       0       0       0       0       0       0       
      +0       0       0       0       0       0       0       0       0       0       0       0       0       0       0
  2322 ;;      Totals:         0       6       0       0       0       0       0       0       0       0       0       0       
      +0       0       0       0       0       0       0       0       0       0       0       0       0       0       0
  2323 ;;Total ram usage:        6 bytes
  2324 ;; Hardware stack levels used: 1
  2325 ;; Hardware stack levels required when called: 2
  2326 ;; This function calls:
  2327 ;;		Nothing
  2328 ;; This function is called by:
  2329 ;;		_send_camera_command
  2330 ;;		_send_camera_button
  2331 ;;		_lookup_and_send_move
  2332 ;;		_lookup_and_send_buttons
  2333 ;; This function uses a non-reentrant model
  2334 ;;
  2335                           
  2336     0384                     ___wmul:	
  2337                           ;psect for function ___wmul
  2338                           
  2339     0384                     l1515:	
  2340                           ;incstack = 0
  2341                           ; Regs used in ___wmul: [wreg+status,2+status,0]
  2342                           
  2343     0384  0020               	movlb	0	; select bank0
  2344     0385  01A4               	clrf	___wmul@product
  2345     0386  01A5               	clrf	___wmul@product+1
  2346     0387                     l1517:
  2347     0387  1C20               	btfss	___wmul@multiplier,0
  2348     0388  2B8A               	goto	u1151
  2349     0389  2B8B               	goto	u1150
  2350     038A                     u1151:
  2351     038A  2B8F               	goto	l381
  2352     038B                     u1150:
  2353     038B                     l1519:
  2354     038B  0822               	movf	___wmul@multiplicand,w
  2355     038C  07A4               	addwf	___wmul@product,f
  2356     038D  0823               	movf	___wmul@multiplicand+1,w
  2357     038E  3DA5               	addwfc	___wmul@product+1,f
  2358     038F                     l381:
  2359     038F  3001               	movlw	1
  2360     0390                     u1165:
  2361     0390  35A2               	lslf	___wmul@multiplicand,f
  2362     0391  0DA3               	rlf	___wmul@multiplicand+1,f
  2363     0392  0B89               	decfsz	9,f
  2364     0393  2B90               	goto	u1165
  2365     0394                     l1521:
  2366     0394  3001               	movlw	1
  2367     0395                     u1175:
  2368     0395  36A1               	lsrf	___wmul@multiplier+1,f
  2369     0396  0CA0               	rrf	___wmul@multiplier,f
  2370     0397  0B89               	decfsz	9,f
  2371     0398  2B95               	goto	u1175
  2372     0399                     l1523:
  2373     0399  0820               	movf	___wmul@multiplier,w
  2374     039A  0421               	iorwf	___wmul@multiplier+1,w
  2375     039B  1D03               	btfss	3,2
  2376     039C  2B9E               	goto	u1181
  2377     039D  2B9F               	goto	u1180
  2378     039E                     u1181:
  2379     039E  2B87               	goto	l1517
  2380     039F                     u1180:
  2381     039F                     l1525:
  2382     039F  0825               	movf	___wmul@product+1,w
  2383     03A0  00A1               	movwf	?___wmul+1
  2384     03A1  0824               	movf	___wmul@product,w
  2385     03A2  00A0               	movwf	?___wmul
  2386     03A3                     l383:
  2387     03A3  0008               	return
  2388     03A4                     __end_of___wmul:
  2389                           
  2390                           	psect	text7
  2391     02A1                     __ptext7:	
  2392 ;; *************** function _TranslateY *****************
  2393 ;; Defined at:
  2394 ;;		line 186 in file "Main.c"
  2395 ;; Parameters:    Size  Location     Type
  2396 ;;  byte            1    wreg     unsigned char 
  2397 ;; Auto vars:     Size  Location     Type
  2398 ;;  byte            1    0[BANK0 ] unsigned char 
  2399 ;; Return value:  Size  Location     Type
  2400 ;;                  1    wreg      void 
  2401 ;; Registers used:
  2402 ;;		wreg, status,2
  2403 ;; Tracked objects:
  2404 ;;		On entry : 0/0
  2405 ;;		On exit  : 0/0
  2406 ;;		Unchanged: 0/0
  2407 ;; Data sizes:     COMMON   BANK0   BANK1   BANK2   BANK3   BANK4   BANK5   BANK6   BANK7   BANK8   BANK9  BANK10  BANK1
      +1  BANK12  BANK13  BANK14  BANK15  BANK16  BANK17  BANK18  BANK19  BANK20  BANK21  BANK22  BANK23  BANK24  BANK25
  2408 ;;      Params:         0       0       0       0       0       0       0       0       0       0       0       0       
      +0       0       0       0       0       0       0       0       0       0       0       0       0       0       0
  2409 ;;      Locals:         0       1       0       0       0       0       0       0       0       0       0       0       
      +0       0       0       0       0       0       0       0       0       0       0       0       0       0       0
  2410 ;;      Temps:          0       0       0       0       0       0       0       0       0       0       0       0       
      +0       0       0       0       0       0       0       0       0       0       0       0       0       0       0
  2411 ;;      Totals:         0       1       0       0       0       0       0       0       0       0       0       0       
      +0       0       0       0       0       0       0       0       0       0       0       0       0       0       0
  2412 ;;Total ram usage:        1 bytes
  2413 ;; Hardware stack levels used: 1
  2414 ;; Hardware stack levels required when called: 2
  2415 ;; This function calls:
  2416 ;;		Nothing
  2417 ;; This function is called by:
  2418 ;;		_main
  2419 ;; This function uses a non-reentrant model
  2420 ;;
  2421                           
  2422     02A1                     _TranslateY:	
  2423                           ;psect for function _TranslateY
  2424                           
  2425                           
  2426                           ;incstack = 0
  2427                           ; Regs used in _TranslateY: [wreg+status,2]
  2428                           ;TranslateY@byte stored from wreg
  2429     02A1  0020               	movlb	0	; select bank0
  2430     02A2  00A0               	movwf	TranslateY@byte
  2431     02A3                     l1613:
  2432                           
  2433                           ;Main.c: 188:     if (byte <= 0x32){
  2434     02A3  3033               	movlw	51
  2435     02A4  0220               	subwf	TranslateY@byte,w
  2436     02A5  1803               	skipnc
  2437     02A6  2AA8               	goto	u1321
  2438     02A7  2AA9               	goto	u1320
  2439     02A8                     u1321:
  2440     02A8  2AAC               	goto	l1617
  2441     02A9                     u1320:
  2442     02A9                     l1615:
  2443                           
  2444                           ;Main.c: 189:         TxY = 0x05;
  2445     02A9  3005               	movlw	5
  2446     02AA  00BB               	movwf	_TxY	;volatile
  2447                           
  2448                           ;Main.c: 190:     }
  2449     02AB  2AE1               	goto	l208
  2450     02AC                     l1617:
  2451     02AC  305B               	movlw	91
  2452     02AD  0220               	subwf	TranslateY@byte,w
  2453     02AE  1803               	skipnc
  2454     02AF  2AB1               	goto	u1331
  2455     02B0  2AB2               	goto	u1330
  2456     02B1                     u1331:
  2457     02B1  2AB5               	goto	l1621
  2458     02B2                     u1330:
  2459     02B2                     l1619:
  2460                           
  2461                           ;Main.c: 192:         TxY = 0x04;
  2462     02B2  3004               	movlw	4
  2463     02B3  00BB               	movwf	_TxY	;volatile
  2464                           
  2465                           ;Main.c: 193:     }
  2466     02B4  2AE1               	goto	l208
  2467     02B5                     l1621:
  2468     02B5  307C               	movlw	124
  2469     02B6  0220               	subwf	TranslateY@byte,w
  2470     02B7  1803               	skipnc
  2471     02B8  2ABA               	goto	u1341
  2472     02B9  2ABB               	goto	u1340
  2473     02BA                     u1341:
  2474     02BA  2ABE               	goto	l1625
  2475     02BB                     u1340:
  2476     02BB                     l1623:
  2477                           
  2478                           ;Main.c: 195:         TxY = 0x03;
  2479     02BB  3003               	movlw	3
  2480     02BC  00BB               	movwf	_TxY	;volatile
  2481                           
  2482                           ;Main.c: 196:     }
  2483     02BD  2AE1               	goto	l208
  2484     02BE                     l1625:
  2485     02BE  3089               	movlw	137
  2486     02BF  0220               	subwf	TranslateY@byte,w
  2487     02C0  1803               	skipnc
  2488     02C1  2AC3               	goto	u1351
  2489     02C2  2AC4               	goto	u1350
  2490     02C3                     u1351:
  2491     02C3  2AC7               	goto	l1629
  2492     02C4                     u1350:
  2493     02C4                     l1627:
  2494                           
  2495                           ;Main.c: 198:         TxY = 0xFF;
  2496     02C4  30FF               	movlw	255
  2497     02C5  00BB               	movwf	_TxY	;volatile
  2498                           
  2499                           ;Main.c: 199:     }
  2500     02C6  2AE1               	goto	l208
  2501     02C7                     l1629:
  2502     02C7  3095               	movlw	149
  2503     02C8  0220               	subwf	TranslateY@byte,w
  2504     02C9  1803               	skipnc
  2505     02CA  2ACC               	goto	u1361
  2506     02CB  2ACD               	goto	u1360
  2507     02CC                     u1361:
  2508     02CC  2ACE               	goto	l1633
  2509     02CD                     u1360:
  2510     02CD  2AC4               	goto	l1627
  2511     02CE                     l1633:
  2512     02CE  30B6               	movlw	182
  2513     02CF  0220               	subwf	TranslateY@byte,w
  2514     02D0  1803               	skipnc
  2515     02D1  2AD3               	goto	u1371
  2516     02D2  2AD4               	goto	u1370
  2517     02D3                     u1371:
  2518     02D3  2AD6               	goto	l1637
  2519     02D4                     u1370:
  2520     02D4                     l1635:
  2521                           
  2522                           ;Main.c: 204:         TxY = 0x00;
  2523     02D4  01BB               	clrf	_TxY	;volatile
  2524                           
  2525                           ;Main.c: 205:     }
  2526     02D5  2AE1               	goto	l208
  2527     02D6                     l1637:
  2528     02D6  30DE               	movlw	222
  2529     02D7  0220               	subwf	TranslateY@byte,w
  2530     02D8  1803               	skipnc
  2531     02D9  2ADB               	goto	u1381
  2532     02DA  2ADC               	goto	u1380
  2533     02DB                     u1381:
  2534     02DB  2ADF               	goto	l206
  2535     02DC                     u1380:
  2536     02DC                     l1639:
  2537                           
  2538                           ;Main.c: 207:         TxY = 0x01;
  2539     02DC  3001               	movlw	1
  2540     02DD  00BB               	movwf	_TxY	;volatile
  2541                           
  2542                           ;Main.c: 208:     }
  2543     02DE  2AE1               	goto	l208
  2544     02DF                     l206:	
  2545                           ;Main.c: 209:     else{
  2546                           
  2547                           
  2548                           ;Main.c: 210:         TxY = 0x02;
  2549     02DF  3002               	movlw	2
  2550     02E0  00BB               	movwf	_TxY	;volatile
  2551     02E1                     l208:
  2552     02E1  0008               	return
  2553     02E2                     __end_of_TranslateY:
  2554                           
  2555                           	psect	text8
  2556     025F                     __ptext8:	
  2557 ;; *************** function _TranslateX *****************
  2558 ;; Defined at:
  2559 ;;		line 225 in file "Main.c"
  2560 ;; Parameters:    Size  Location     Type
  2561 ;;  byte            1    wreg     unsigned char 
  2562 ;; Auto vars:     Size  Location     Type
  2563 ;;  byte            1    0[BANK0 ] unsigned char 
  2564 ;; Return value:  Size  Location     Type
  2565 ;;                  1    wreg      void 
  2566 ;; Registers used:
  2567 ;;		wreg
  2568 ;; Tracked objects:
  2569 ;;		On entry : 0/0
  2570 ;;		On exit  : 0/0
  2571 ;;		Unchanged: 0/0
  2572 ;; Data sizes:     COMMON   BANK0   BANK1   BANK2   BANK3   BANK4   BANK5   BANK6   BANK7   BANK8   BANK9  BANK10  BANK1
      +1  BANK12  BANK13  BANK14  BANK15  BANK16  BANK17  BANK18  BANK19  BANK20  BANK21  BANK22  BANK23  BANK24  BANK25
  2573 ;;      Params:         0       0       0       0       0       0       0       0       0       0       0       0       
      +0       0       0       0       0       0       0       0       0       0       0       0       0       0       0
  2574 ;;      Locals:         0       1       0       0       0       0       0       0       0       0       0       0       
      +0       0       0       0       0       0       0       0       0       0       0       0       0       0       0
  2575 ;;      Temps:          0       0       0       0       0       0       0       0       0       0       0       0       
      +0       0       0       0       0       0       0       0       0       0       0       0       0       0       0
  2576 ;;      Totals:         0       1       0       0       0       0       0       0       0       0       0       0       
      +0       0       0       0       0       0       0       0       0       0       0       0       0       0       0
  2577 ;;Total ram usage:        1 bytes
  2578 ;; Hardware stack levels used: 1
  2579 ;; Hardware stack levels required when called: 2
  2580 ;; This function calls:
  2581 ;;		Nothing
  2582 ;; This function is called by:
  2583 ;;		_main
  2584 ;; This function uses a non-reentrant model
  2585 ;;
  2586                           
  2587     025F                     _TranslateX:	
  2588                           ;psect for function _TranslateX
  2589                           
  2590                           
  2591                           ;incstack = 0
  2592                           ; Regs used in _TranslateX: [wreg]
  2593                           ;TranslateX@byte stored from wreg
  2594     025F  0020               	movlb	0	; select bank0
  2595     0260  00A0               	movwf	TranslateX@byte
  2596     0261                     l1641:
  2597                           
  2598                           ;Main.c: 227:     if (byte <= 0x32){
  2599     0261  3033               	movlw	51
  2600     0262  0220               	subwf	TranslateX@byte,w
  2601     0263  1803               	skipnc
  2602     0264  2A66               	goto	u1391
  2603     0265  2A67               	goto	u1390
  2604     0266                     u1391:
  2605     0266  2A6A               	goto	l1645
  2606     0267                     u1390:
  2607     0267                     l1643:
  2608                           
  2609                           ;Main.c: 228:         TxX = 0x08;
  2610     0267  3008               	movlw	8
  2611     0268  00BA               	movwf	_TxX	;volatile
  2612                           
  2613                           ;Main.c: 229:     }
  2614     0269  2AA0               	goto	l225
  2615     026A                     l1645:
  2616     026A  305B               	movlw	91
  2617     026B  0220               	subwf	TranslateX@byte,w
  2618     026C  1803               	skipnc
  2619     026D  2A6F               	goto	u1401
  2620     026E  2A70               	goto	u1400
  2621     026F                     u1401:
  2622     026F  2A73               	goto	l1649
  2623     0270                     u1400:
  2624     0270                     l1647:
  2625                           
  2626                           ;Main.c: 231:         TxX = 0x07;
  2627     0270  3007               	movlw	7
  2628     0271  00BA               	movwf	_TxX	;volatile
  2629                           
  2630                           ;Main.c: 232:     }
  2631     0272  2AA0               	goto	l225
  2632     0273                     l1649:
  2633     0273  307C               	movlw	124
  2634     0274  0220               	subwf	TranslateX@byte,w
  2635     0275  1803               	skipnc
  2636     0276  2A78               	goto	u1411
  2637     0277  2A79               	goto	u1410
  2638     0278                     u1411:
  2639     0278  2A7C               	goto	l1653
  2640     0279                     u1410:
  2641     0279                     l1651:
  2642                           
  2643                           ;Main.c: 234:         TxX = 0x06;
  2644     0279  3006               	movlw	6
  2645     027A  00BA               	movwf	_TxX	;volatile
  2646                           
  2647                           ;Main.c: 235:     }
  2648     027B  2AA0               	goto	l225
  2649     027C                     l1653:
  2650     027C  3089               	movlw	137
  2651     027D  0220               	subwf	TranslateX@byte,w
  2652     027E  1803               	skipnc
  2653     027F  2A81               	goto	u1421
  2654     0280  2A82               	goto	u1420
  2655     0281                     u1421:
  2656     0281  2A85               	goto	l1657
  2657     0282                     u1420:
  2658     0282                     l1655:
  2659                           
  2660                           ;Main.c: 237:         TxX = 0xFF;
  2661     0282  30FF               	movlw	255
  2662     0283  00BA               	movwf	_TxX	;volatile
  2663                           
  2664                           ;Main.c: 238:     }
  2665     0284  2AA0               	goto	l225
  2666     0285                     l1657:
  2667     0285  3095               	movlw	149
  2668     0286  0220               	subwf	TranslateX@byte,w
  2669     0287  1803               	skipnc
  2670     0288  2A8A               	goto	u1431
  2671     0289  2A8B               	goto	u1430
  2672     028A                     u1431:
  2673     028A  2A8C               	goto	l1661
  2674     028B                     u1430:
  2675     028B  2A82               	goto	l1655
  2676     028C                     l1661:
  2677     028C  30B6               	movlw	182
  2678     028D  0220               	subwf	TranslateX@byte,w
  2679     028E  1803               	skipnc
  2680     028F  2A91               	goto	u1441
  2681     0290  2A92               	goto	u1440
  2682     0291                     u1441:
  2683     0291  2A95               	goto	l1665
  2684     0292                     u1440:
  2685     0292                     l1663:
  2686                           
  2687                           ;Main.c: 243:         TxX = 0x09;
  2688     0292  3009               	movlw	9
  2689     0293  00BA               	movwf	_TxX	;volatile
  2690                           
  2691                           ;Main.c: 244:     }
  2692     0294  2AA0               	goto	l225
  2693     0295                     l1665:
  2694     0295  30DE               	movlw	222
  2695     0296  0220               	subwf	TranslateX@byte,w
  2696     0297  1803               	skipnc
  2697     0298  2A9A               	goto	u1451
  2698     0299  2A9B               	goto	u1450
  2699     029A                     u1451:
  2700     029A  2A9E               	goto	l223
  2701     029B                     u1450:
  2702     029B                     l1667:
  2703                           
  2704                           ;Main.c: 246:         TxX = 0x0A;
  2705     029B  300A               	movlw	10
  2706     029C  00BA               	movwf	_TxX	;volatile
  2707                           
  2708                           ;Main.c: 247:     }
  2709     029D  2AA0               	goto	l225
  2710     029E                     l223:	
  2711                           ;Main.c: 248:     else{
  2712                           
  2713                           
  2714                           ;Main.c: 249:         TxX = 0x0B;
  2715     029E  300B               	movlw	11
  2716     029F  00BA               	movwf	_TxX	;volatile
  2717     02A0                     l225:
  2718     02A0  0008               	return
  2719     02A1                     __end_of_TranslateX:
  2720                           
  2721                           	psect	text9
  2722     0185                     __ptext9:	
  2723 ;; *************** function _TranslateTABXY *****************
  2724 ;; Defined at:
  2725 ;;		line 99 in file "Main.c"
  2726 ;; Parameters:    Size  Location     Type
  2727 ;;  byte            1    wreg     unsigned char 
  2728 ;; Auto vars:     Size  Location     Type
  2729 ;;  byte            1    1[BANK0 ] unsigned char 
  2730 ;; Return value:  Size  Location     Type
  2731 ;;                  1    wreg      void 
  2732 ;; Registers used:
  2733 ;;		wreg, status,2, status,0
  2734 ;; Tracked objects:
  2735 ;;		On entry : 0/0
  2736 ;;		On exit  : 0/0
  2737 ;;		Unchanged: 0/0
  2738 ;; Data sizes:     COMMON   BANK0   BANK1   BANK2   BANK3   BANK4   BANK5   BANK6   BANK7   BANK8   BANK9  BANK10  BANK1
      +1  BANK12  BANK13  BANK14  BANK15  BANK16  BANK17  BANK18  BANK19  BANK20  BANK21  BANK22  BANK23  BANK24  BANK25
  2739 ;;      Params:         0       0       0       0       0       0       0       0       0       0       0       0       
      +0       0       0       0       0       0       0       0       0       0       0       0       0       0       0
  2740 ;;      Locals:         0       1       0       0       0       0       0       0       0       0       0       0       
      +0       0       0       0       0       0       0       0       0       0       0       0       0       0       0
  2741 ;;      Temps:          0       1       0       0       0       0       0       0       0       0       0       0       
      +0       0       0       0       0       0       0       0       0       0       0       0       0       0       0
  2742 ;;      Totals:         0       2       0       0       0       0       0       0       0       0       0       0       
      +0       0       0       0       0       0       0       0       0       0       0       0       0       0       0
  2743 ;;Total ram usage:        2 bytes
  2744 ;; Hardware stack levels used: 1
  2745 ;; Hardware stack levels required when called: 2
  2746 ;; This function calls:
  2747 ;;		Nothing
  2748 ;; This function is called by:
  2749 ;;		_main
  2750 ;; This function uses a non-reentrant model
  2751 ;;
  2752                           
  2753     0185                     _TranslateTABXY:	
  2754                           ;psect for function _TranslateTABXY
  2755                           
  2756                           
  2757                           ;incstack = 0
  2758                           ; Regs used in _TranslateTABXY: [wreg+status,2+status,0]
  2759                           ;TranslateTABXY@byte stored from wreg
  2760     0185  0020               	movlb	0	; select bank0
  2761     0186  00A1               	movwf	TranslateTABXY@byte
  2762     0187                     l1573:
  2763                           
  2764                           ;Main.c: 102:     if (byte & 0x08){
  2765     0187  1DA1               	btfss	TranslateTABXY@byte,3
  2766     0188  298A               	goto	u1231
  2767     0189  298B               	goto	u1230
  2768     018A                     u1231:
  2769     018A  298E               	goto	l172
  2770     018B                     u1230:
  2771     018B                     l1575:
  2772                           
  2773                           ;Main.c: 103:         TxBY = 0x04;
  2774     018B  3004               	movlw	4
  2775     018C  00B5               	movwf	_TxBY	;volatile
  2776                           
  2777                           ;Main.c: 104:     }
  2778     018D  2990               	goto	l1577
  2779     018E                     l172:	
  2780                           ;Main.c: 105:     else{
  2781                           
  2782                           
  2783                           ;Main.c: 106:         TxBY=0xFF;
  2784     018E  30FF               	movlw	255
  2785     018F  00B5               	movwf	_TxBY	;volatile
  2786     0190                     l1577:
  2787                           
  2788                           ;Main.c: 110:     if (byte & 0x02){
  2789     0190  1CA1               	btfss	TranslateTABXY@byte,1
  2790     0191  2993               	goto	u1241
  2791     0192  2994               	goto	u1240
  2792     0193                     u1241:
  2793     0193  2997               	goto	l174
  2794     0194                     u1240:
  2795     0194                     l1579:
  2796                           
  2797                           ;Main.c: 111:         TxB=0x02;
  2798     0194  3002               	movlw	2
  2799     0195  00B6               	movwf	_TxB	;volatile
  2800                           
  2801                           ;Main.c: 112:     }
  2802     0196  2999               	goto	l1581
  2803     0197                     l174:	
  2804                           ;Main.c: 113:     else{
  2805                           
  2806                           
  2807                           ;Main.c: 114:         TxB = 0xFF;
  2808     0197  30FF               	movlw	255
  2809     0198  00B6               	movwf	_TxB	;volatile
  2810     0199                     l1581:
  2811                           
  2812                           ;Main.c: 118:     if (byte & 0x01){
  2813     0199  1C21               	btfss	TranslateTABXY@byte,0
  2814     019A  299C               	goto	u1251
  2815     019B  299D               	goto	u1250
  2816     019C                     u1251:
  2817     019C  29A0               	goto	l176
  2818     019D                     u1250:
  2819     019D                     l1583:
  2820                           
  2821                           ;Main.c: 119:         TxA = 0x05;
  2822     019D  3005               	movlw	5
  2823     019E  00B7               	movwf	_TxA	;volatile
  2824                           
  2825                           ;Main.c: 120:     }
  2826     019F  29A2               	goto	l1585
  2827     01A0                     l176:	
  2828                           ;Main.c: 121:     else{
  2829                           
  2830                           
  2831                           ;Main.c: 122:         TxA = 0xFF;
  2832     01A0  30FF               	movlw	255
  2833     01A1  00B7               	movwf	_TxA	;volatile
  2834     01A2                     l1585:
  2835                           
  2836                           ;Main.c: 126:     if (byte & 0x10){
  2837     01A2  1E21               	btfss	TranslateTABXY@byte,4
  2838     01A3  29A5               	goto	u1261
  2839     01A4  29A6               	goto	u1260
  2840     01A5                     u1261:
  2841     01A5  29A9               	goto	l178
  2842     01A6                     u1260:
  2843     01A6                     l1587:
  2844                           
  2845                           ;Main.c: 127:         TxTL = 0x01;
  2846     01A6  3001               	movlw	1
  2847     01A7  00B9               	movwf	_TxTL	;volatile
  2848                           
  2849                           ;Main.c: 128:     }
  2850     01A8  29AB               	goto	l1589
  2851     01A9                     l178:	
  2852                           ;Main.c: 129:     else {
  2853                           
  2854                           
  2855                           ;Main.c: 130:         TxTL = 0xFF;
  2856     01A9  30FF               	movlw	255
  2857     01AA  00B9               	movwf	_TxTL	;volatile
  2858     01AB                     l1589:
  2859                           
  2860                           ;Main.c: 134:     if (byte & 0x20){
  2861     01AB  1EA1               	btfss	TranslateTABXY@byte,5
  2862     01AC  29AE               	goto	u1271
  2863     01AD  29AF               	goto	u1270
  2864     01AE                     u1271:
  2865     01AE  29B1               	goto	l180
  2866     01AF                     u1270:
  2867     01AF                     l1591:
  2868                           
  2869                           ;Main.c: 135:         TxTR = 0x00;
  2870     01AF  01B8               	clrf	_TxTR	;volatile
  2871                           
  2872                           ;Main.c: 136:     }
  2873     01B0  29B3               	goto	l1593
  2874     01B1                     l180:	
  2875                           ;Main.c: 137:     else{
  2876                           
  2877                           
  2878                           ;Main.c: 138:         TxTR = 0xFF;
  2879     01B1  30FF               	movlw	255
  2880     01B2  00B8               	movwf	_TxTR	;volatile
  2881     01B3                     l1593:
  2882                           
  2883                           ;Main.c: 144:     if(byte & 0x04){
  2884     01B3  1D21               	btfss	TranslateTABXY@byte,2
  2885     01B4  29B6               	goto	u1281
  2886     01B5  29B7               	goto	u1280
  2887     01B6                     u1281:
  2888     01B6  29CF               	goto	l1607
  2889     01B7                     u1280:
  2890     01B7                     l1595:
  2891                           
  2892                           ;Main.c: 145:         if (!xy_last){
  2893     01B7  0833               	movf	_xy_last,w	;volatile
  2894     01B8  1D03               	btfss	3,2
  2895     01B9  29BB               	goto	u1291
  2896     01BA  29BC               	goto	u1290
  2897     01BB                     u1291:
  2898     01BB  29D0               	goto	l186
  2899     01BC                     u1290:
  2900     01BC                     l1597:
  2901                           
  2902                           ;Main.c: 146:             mux_select ++;
  2903     01BC  3001               	movlw	1
  2904     01BD  07F0               	addwf	_mux_select,f	;volatile
  2905     01BE                     l1599:
  2906                           
  2907                           ;Main.c: 147:             if (mux_select > 0x03){
  2908     01BE  3004               	movlw	4
  2909     01BF  0270               	subwf	_mux_select,w	;volatile
  2910     01C0  1C03               	skipc
  2911     01C1  29C3               	goto	u1301
  2912     01C2  29C4               	goto	u1300
  2913     01C3                     u1301:
  2914     01C3  29C5               	goto	l1603
  2915     01C4                     u1300:
  2916     01C4                     l1601:
  2917                           
  2918                           ;Main.c: 148:                 mux_select = 0;
  2919     01C4  01F0               	clrf	_mux_select	;volatile
  2920     01C5                     l1603:
  2921                           
  2922                           ;Main.c: 152:             PORTB = (PORTB & 0xFC) | (mux_select & 0x03);
  2923     01C5  3003               	movlw	3
  2924     01C6  0570               	andwf	_mux_select,w	;volatile
  2925     01C7  00A0               	movwf	??_TranslateTABXY
  2926     01C8  080D               	movf	13,w	;volatile
  2927     01C9  39FC               	andlw	252
  2928     01CA  0420               	iorwf	??_TranslateTABXY,w
  2929     01CB  008D               	movwf	13	;volatile
  2930     01CC                     l1605:
  2931                           
  2932                           ;Main.c: 153:             xy_last = 1;
  2933     01CC  3001               	movlw	1
  2934     01CD  00B3               	movwf	_xy_last	;volatile
  2935     01CE  29D0               	goto	l186
  2936     01CF                     l1607:
  2937                           
  2938                           ;Main.c: 157:             xy_last = 0;
  2939     01CF  01B3               	clrf	_xy_last	;volatile
  2940     01D0                     l186:
  2941     01D0  0008               	return
  2942     01D1                     __end_of_TranslateTABXY:
  2943                           
  2944                           	psect	text10
  2945     03B0                     __ptext10:	
  2946 ;; *************** function _TranslateJoysticks *****************
  2947 ;; Defined at:
  2948 ;;		line 165 in file "Main.c"
  2949 ;; Parameters:    Size  Location     Type
  2950 ;;  byte            1    wreg     unsigned char 
  2951 ;; Auto vars:     Size  Location     Type
  2952 ;;  byte            1    0[BANK0 ] unsigned char 
  2953 ;; Return value:  Size  Location     Type
  2954 ;;                  1    wreg      void 
  2955 ;; Registers used:
  2956 ;;		wreg
  2957 ;; Tracked objects:
  2958 ;;		On entry : 0/0
  2959 ;;		On exit  : 0/0
  2960 ;;		Unchanged: 0/0
  2961 ;; Data sizes:     COMMON   BANK0   BANK1   BANK2   BANK3   BANK4   BANK5   BANK6   BANK7   BANK8   BANK9  BANK10  BANK1
      +1  BANK12  BANK13  BANK14  BANK15  BANK16  BANK17  BANK18  BANK19  BANK20  BANK21  BANK22  BANK23  BANK24  BANK25
  2962 ;;      Params:         0       0       0       0       0       0       0       0       0       0       0       0       
      +0       0       0       0       0       0       0       0       0       0       0       0       0       0       0
  2963 ;;      Locals:         0       1       0       0       0       0       0       0       0       0       0       0       
      +0       0       0       0       0       0       0       0       0       0       0       0       0       0       0
  2964 ;;      Temps:          0       0       0       0       0       0       0       0       0       0       0       0       
      +0       0       0       0       0       0       0       0       0       0       0       0       0       0       0
  2965 ;;      Totals:         0       1       0       0       0       0       0       0       0       0       0       0       
      +0       0       0       0       0       0       0       0       0       0       0       0       0       0       0
  2966 ;;Total ram usage:        1 bytes
  2967 ;; Hardware stack levels used: 1
  2968 ;; Hardware stack levels required when called: 2
  2969 ;; This function calls:
  2970 ;;		Nothing
  2971 ;; This function is called by:
  2972 ;;		_main
  2973 ;; This function uses a non-reentrant model
  2974 ;;
  2975                           
  2976     03B0                     _TranslateJoysticks:	
  2977                           ;psect for function _TranslateJoysticks
  2978                           
  2979                           
  2980                           ;incstack = 0
  2981                           ; Regs used in _TranslateJoysticks: [wreg]
  2982                           ;TranslateJoysticks@byte stored from wreg
  2983     03B0  0020               	movlb	0	; select bank0
  2984     03B1  00A0               	movwf	TranslateJoysticks@byte
  2985     03B2                     l1609:
  2986                           
  2987                           ;Main.c: 167:     if (byte & 0x01){
  2988     03B2  1C20               	btfss	TranslateJoysticks@byte,0
  2989     03B3  2BB5               	goto	u1311
  2990     03B4  2BB6               	goto	u1310
  2991     03B5                     u1311:
  2992     03B5  2BB9               	goto	l189
  2993     03B6                     u1310:
  2994     03B6                     l1611:
  2995                           
  2996                           ;Main.c: 168:         TxJ = 0x03;
  2997     03B6  3003               	movlw	3
  2998     03B7  00B4               	movwf	_TxJ	;volatile
  2999                           
  3000                           ;Main.c: 169:     }
  3001     03B8  2BBB               	goto	l191
  3002     03B9                     l189:	
  3003                           ;Main.c: 170:     else{
  3004                           
  3005                           
  3006                           ;Main.c: 171:         TxJ = 0xFF;
  3007     03B9  30FF               	movlw	255
  3008     03BA  00B4               	movwf	_TxJ	;volatile
  3009     03BB                     l191:
  3010     03BB  0008               	return
  3011     03BC                     __end_of_TranslateJoysticks:
  3012                           
  3013                           	psect	text11
  3014     03D4                     __ptext11:	
  3015 ;; *************** function _InitUART *****************
  3016 ;; Defined at:
  3017 ;;		line 69 in file "Inits.c"
  3018 ;; Parameters:    Size  Location     Type
  3019 ;;		None
  3020 ;; Auto vars:     Size  Location     Type
  3021 ;;		None
  3022 ;; Return value:  Size  Location     Type
  3023 ;;                  1    wreg      void 
  3024 ;; Registers used:
  3025 ;;		status,2
  3026 ;; Tracked objects:
  3027 ;;		On entry : 0/0
  3028 ;;		On exit  : 0/0
  3029 ;;		Unchanged: 0/0
  3030 ;; Data sizes:     COMMON   BANK0   BANK1   BANK2   BANK3   BANK4   BANK5   BANK6   BANK7   BANK8   BANK9  BANK10  BANK1
      +1  BANK12  BANK13  BANK14  BANK15  BANK16  BANK17  BANK18  BANK19  BANK20  BANK21  BANK22  BANK23  BANK24  BANK25
  3031 ;;      Params:         0       0       0       0       0       0       0       0       0       0       0       0       
      +0       0       0       0       0       0       0       0       0       0       0       0       0       0       0
  3032 ;;      Locals:         0       0       0       0       0       0       0       0       0       0       0       0       
      +0       0       0       0       0       0       0       0       0       0       0       0       0       0       0
  3033 ;;      Temps:          0       0       0       0       0       0       0       0       0       0       0       0       
      +0       0       0       0       0       0       0       0       0       0       0       0       0       0       0
  3034 ;;      Totals:         0       0       0       0       0       0       0       0       0       0       0       0       
      +0       0       0       0       0       0       0       0       0       0       0       0       0       0       0
  3035 ;;Total ram usage:        0 bytes
  3036 ;; Hardware stack levels used: 1
  3037 ;; Hardware stack levels required when called: 2
  3038 ;; This function calls:
  3039 ;;		Nothing
  3040 ;; This function is called by:
  3041 ;;		_main
  3042 ;; This function uses a non-reentrant model
  3043 ;;
  3044                           
  3045     03D4                     _InitUART:	
  3046                           ;psect for function _InitUART
  3047                           
  3048     03D4                     l1259:	
  3049                           ;incstack = 0
  3050                           ; Regs used in _InitUART: [status,2]
  3051                           
  3052                           
  3053                           ;Inits.c: 70:     TX1STA = 0x24;
  3054     03D4  3024               	movlw	36
  3055     03D5  0023               	movlb	3	; select bank3
  3056     03D6  009E               	movwf	30	;volatile
  3057                           
  3058                           ;Inits.c: 72:     RC1STA = 0x80;
  3059     03D7  3080               	movlw	128
  3060     03D8  009D               	movwf	29	;volatile
  3061                           
  3062                           ;Inits.c: 73:     BAUD1CON = 0x08;
  3063     03D9  3008               	movlw	8
  3064     03DA  009F               	movwf	31	;volatile
  3065                           
  3066                           ;Inits.c: 74:     SP1BRGL = 0x8A;
  3067     03DB  308A               	movlw	138
  3068     03DC  009B               	movwf	27	;volatile
  3069     03DD                     l1261:
  3070                           
  3071                           ;Inits.c: 75:     SP1BRGH = 0x00;
  3072     03DD  019C               	clrf	28	;volatile
  3073     03DE                     l85:
  3074     03DE  0008               	return
  3075     03DF                     __end_of_InitUART:
  3076                           
  3077                           	psect	text12
  3078     03E9                     __ptext12:	
  3079 ;; *************** function _InitPORTC *****************
  3080 ;; Defined at:
  3081 ;;		line 59 in file "Inits.c"
  3082 ;; Parameters:    Size  Location     Type
  3083 ;;		None
  3084 ;; Auto vars:     Size  Location     Type
  3085 ;;		None
  3086 ;; Return value:  Size  Location     Type
  3087 ;;                  1    wreg      void 
  3088 ;; Registers used:
  3089 ;;		status,2
  3090 ;; Tracked objects:
  3091 ;;		On entry : 0/0
  3092 ;;		On exit  : 0/0
  3093 ;;		Unchanged: 0/0
  3094 ;; Data sizes:     COMMON   BANK0   BANK1   BANK2   BANK3   BANK4   BANK5   BANK6   BANK7   BANK8   BANK9  BANK10  BANK1
      +1  BANK12  BANK13  BANK14  BANK15  BANK16  BANK17  BANK18  BANK19  BANK20  BANK21  BANK22  BANK23  BANK24  BANK25
  3095 ;;      Params:         0       0       0       0       0       0       0       0       0       0       0       0       
      +0       0       0       0       0       0       0       0       0       0       0       0       0       0       0
  3096 ;;      Locals:         0       0       0       0       0       0       0       0       0       0       0       0       
      +0       0       0       0       0       0       0       0       0       0       0       0       0       0       0
  3097 ;;      Temps:          0       0       0       0       0       0       0       0       0       0       0       0       
      +0       0       0       0       0       0       0       0       0       0       0       0       0       0       0
  3098 ;;      Totals:         0       0       0       0       0       0       0       0       0       0       0       0       
      +0       0       0       0       0       0       0       0       0       0       0       0       0       0       0
  3099 ;;Total ram usage:        0 bytes
  3100 ;; Hardware stack levels used: 1
  3101 ;; Hardware stack levels required when called: 2
  3102 ;; This function calls:
  3103 ;;		Nothing
  3104 ;; This function is called by:
  3105 ;;		_main
  3106 ;; This function uses a non-reentrant model
  3107 ;;
  3108                           
  3109     03E9                     _InitPORTC:	
  3110                           ;psect for function _InitPORTC
  3111                           
  3112     03E9                     l1255:	
  3113                           ;incstack = 0
  3114                           ; Regs used in _InitPORTC: [status,2]
  3115                           
  3116                           
  3117                           ;Inits.c: 60:     TRISC = 0xBF;
  3118     03E9  30BF               	movlw	191
  3119     03EA  0021               	movlb	1	; select bank1
  3120     03EB  008E               	movwf	14	;volatile
  3121     03EC                     l1257:
  3122                           
  3123                           ;Inits.c: 61:     WPUC = 0x00;
  3124     03EC  0024               	movlb	4	; select bank4
  3125     03ED  018E               	clrf	14	;volatile
  3126                           
  3127                           ;Inits.c: 62:     SLRCONC = 0x00;
  3128     03EE  0026               	movlb	6	; select bank6
  3129     03EF  018E               	clrf	14	;volatile
  3130                           
  3131                           ;Inits.c: 63:     INLVLC = 0x00;
  3132     03F0  0027               	movlb	7	; select bank7
  3133     03F1  018E               	clrf	14	;volatile
  3134     03F2                     l82:
  3135     03F2  0008               	return
  3136     03F3                     __end_of_InitPORTC:
  3137                           
  3138                           	psect	text13
  3139     03BC                     __ptext13:	
  3140 ;; *************** function _InitPORTB *****************
  3141 ;; Defined at:
  3142 ;;		line 48 in file "Inits.c"
  3143 ;; Parameters:    Size  Location     Type
  3144 ;;		None
  3145 ;; Auto vars:     Size  Location     Type
  3146 ;;		None
  3147 ;; Return value:  Size  Location     Type
  3148 ;;                  1    wreg      void 
  3149 ;; Registers used:
  3150 ;;		status,2
  3151 ;; Tracked objects:
  3152 ;;		On entry : 0/0
  3153 ;;		On exit  : 0/0
  3154 ;;		Unchanged: 0/0
  3155 ;; Data sizes:     COMMON   BANK0   BANK1   BANK2   BANK3   BANK4   BANK5   BANK6   BANK7   BANK8   BANK9  BANK10  BANK1
      +1  BANK12  BANK13  BANK14  BANK15  BANK16  BANK17  BANK18  BANK19  BANK20  BANK21  BANK22  BANK23  BANK24  BANK25
  3156 ;;      Params:         0       0       0       0       0       0       0       0       0       0       0       0       
      +0       0       0       0       0       0       0       0       0       0       0       0       0       0       0
  3157 ;;      Locals:         0       0       0       0       0       0       0       0       0       0       0       0       
      +0       0       0       0       0       0       0       0       0       0       0       0       0       0       0
  3158 ;;      Temps:          0       0       0       0       0       0       0       0       0       0       0       0       
      +0       0       0       0       0       0       0       0       0       0       0       0       0       0       0
  3159 ;;      Totals:         0       0       0       0       0       0       0       0       0       0       0       0       
      +0       0       0       0       0       0       0       0       0       0       0       0       0       0       0
  3160 ;;Total ram usage:        0 bytes
  3161 ;; Hardware stack levels used: 1
  3162 ;; Hardware stack levels required when called: 2
  3163 ;; This function calls:
  3164 ;;		Nothing
  3165 ;; This function is called by:
  3166 ;;		_main
  3167 ;; This function uses a non-reentrant model
  3168 ;;
  3169                           
  3170     03BC                     _InitPORTB:	
  3171                           ;psect for function _InitPORTB
  3172                           
  3173     03BC                     l1251:	
  3174                           ;incstack = 0
  3175                           ; Regs used in _InitPORTB: [status,2]
  3176                           
  3177                           
  3178                           ;Inits.c: 49:     TRISB = 0x3C;
  3179     03BC  303C               	movlw	60
  3180     03BD  0021               	movlb	1	; select bank1
  3181     03BE  008D               	movwf	13	;volatile
  3182     03BF                     l1253:
  3183                           
  3184                           ;Inits.c: 50:     ANSELB = 0x00;
  3185     03BF  0023               	movlb	3	; select bank3
  3186     03C0  018D               	clrf	13	;volatile
  3187                           
  3188                           ;Inits.c: 51:     WPUB = 0x00;
  3189     03C1  0024               	movlb	4	; select bank4
  3190     03C2  018D               	clrf	13	;volatile
  3191                           
  3192                           ;Inits.c: 52:     SLRCONB = 0x00;
  3193     03C3  0026               	movlb	6	; select bank6
  3194     03C4  018D               	clrf	13	;volatile
  3195                           
  3196                           ;Inits.c: 53:     INLVLB = 0x00;
  3197     03C5  0027               	movlb	7	; select bank7
  3198     03C6  018D               	clrf	13	;volatile
  3199     03C7                     l79:
  3200     03C7  0008               	return
  3201     03C8                     __end_of_InitPORTB:
  3202                           
  3203                           	psect	text14
  3204     03C8                     __ptext14:	
  3205 ;; *************** function _InitPORTA *****************
  3206 ;; Defined at:
  3207 ;;		line 36 in file "Inits.c"
  3208 ;; Parameters:    Size  Location     Type
  3209 ;;		None
  3210 ;; Auto vars:     Size  Location     Type
  3211 ;;		None
  3212 ;; Return value:  Size  Location     Type
  3213 ;;                  1    wreg      void 
  3214 ;; Registers used:
  3215 ;;		status,2
  3216 ;; Tracked objects:
  3217 ;;		On entry : 0/0
  3218 ;;		On exit  : 0/0
  3219 ;;		Unchanged: 0/0
  3220 ;; Data sizes:     COMMON   BANK0   BANK1   BANK2   BANK3   BANK4   BANK5   BANK6   BANK7   BANK8   BANK9  BANK10  BANK1
      +1  BANK12  BANK13  BANK14  BANK15  BANK16  BANK17  BANK18  BANK19  BANK20  BANK21  BANK22  BANK23  BANK24  BANK25
  3221 ;;      Params:         0       0       0       0       0       0       0       0       0       0       0       0       
      +0       0       0       0       0       0       0       0       0       0       0       0       0       0       0
  3222 ;;      Locals:         0       0       0       0       0       0       0       0       0       0       0       0       
      +0       0       0       0       0       0       0       0       0       0       0       0       0       0       0
  3223 ;;      Temps:          0       0       0       0       0       0       0       0       0       0       0       0       
      +0       0       0       0       0       0       0       0       0       0       0       0       0       0       0
  3224 ;;      Totals:         0       0       0       0       0       0       0       0       0       0       0       0       
      +0       0       0       0       0       0       0       0       0       0       0       0       0       0       0
  3225 ;;Total ram usage:        0 bytes
  3226 ;; Hardware stack levels used: 1
  3227 ;; Hardware stack levels required when called: 2
  3228 ;; This function calls:
  3229 ;;		Nothing
  3230 ;; This function is called by:
  3231 ;;		_main
  3232 ;; This function uses a non-reentrant model
  3233 ;;
  3234                           
  3235     03C8                     _InitPORTA:	
  3236                           ;psect for function _InitPORTA
  3237                           
  3238     03C8                     l1247:	
  3239                           ;incstack = 0
  3240                           ; Regs used in _InitPORTA: [status,2]
  3241                           
  3242                           
  3243                           ;Inits.c: 37:     TRISA = 0xFF;
  3244     03C8  30FF               	movlw	255
  3245     03C9  0021               	movlb	1	; select bank1
  3246     03CA  008C               	movwf	12	;volatile
  3247     03CB                     l1249:
  3248                           
  3249                           ;Inits.c: 38:     ANSELA = 0x00;
  3250     03CB  0023               	movlb	3	; select bank3
  3251     03CC  018C               	clrf	12	;volatile
  3252                           
  3253                           ;Inits.c: 39:     WPUA = 0x00;
  3254     03CD  0024               	movlb	4	; select bank4
  3255     03CE  018C               	clrf	12	;volatile
  3256                           
  3257                           ;Inits.c: 40:     SLRCONA = 0x00;
  3258     03CF  0026               	movlb	6	; select bank6
  3259     03D0  018C               	clrf	12	;volatile
  3260                           
  3261                           ;Inits.c: 41:     INLVLA = 0x00;
  3262     03D1  0027               	movlb	7	; select bank7
  3263     03D2  018C               	clrf	12	;volatile
  3264     03D3                     l76:
  3265     03D3  0008               	return
  3266     03D4                     __end_of_InitPORTA:
  3267                           
  3268                           	psect	text15
  3269     0414                     __ptext15:	
  3270 ;; *************** function _InitPIN *****************
  3271 ;; Defined at:
  3272 ;;		line 27 in file "Inits.c"
  3273 ;; Parameters:    Size  Location     Type
  3274 ;;		None
  3275 ;; Auto vars:     Size  Location     Type
  3276 ;;		None
  3277 ;; Return value:  Size  Location     Type
  3278 ;;                  1    wreg      void 
  3279 ;; Registers used:
  3280 ;;		status,2
  3281 ;; Tracked objects:
  3282 ;;		On entry : 0/0
  3283 ;;		On exit  : 0/0
  3284 ;;		Unchanged: 0/0
  3285 ;; Data sizes:     COMMON   BANK0   BANK1   BANK2   BANK3   BANK4   BANK5   BANK6   BANK7   BANK8   BANK9  BANK10  BANK1
      +1  BANK12  BANK13  BANK14  BANK15  BANK16  BANK17  BANK18  BANK19  BANK20  BANK21  BANK22  BANK23  BANK24  BANK25
  3286 ;;      Params:         0       0       0       0       0       0       0       0       0       0       0       0       
      +0       0       0       0       0       0       0       0       0       0       0       0       0       0       0
  3287 ;;      Locals:         0       0       0       0       0       0       0       0       0       0       0       0       
      +0       0       0       0       0       0       0       0       0       0       0       0       0       0       0
  3288 ;;      Temps:          0       0       0       0       0       0       0       0       0       0       0       0       
      +0       0       0       0       0       0       0       0       0       0       0       0       0       0       0
  3289 ;;      Totals:         0       0       0       0       0       0       0       0       0       0       0       0       
      +0       0       0       0       0       0       0       0       0       0       0       0       0       0       0
  3290 ;;Total ram usage:        0 bytes
  3291 ;; Hardware stack levels used: 1
  3292 ;; Hardware stack levels required when called: 2
  3293 ;; This function calls:
  3294 ;;		Nothing
  3295 ;; This function is called by:
  3296 ;;		_main
  3297 ;; This function uses a non-reentrant model
  3298 ;;
  3299                           
  3300     0414                     _InitPIN:	
  3301                           ;psect for function _InitPIN
  3302                           
  3303     0414                     l1245:	
  3304                           ;incstack = 0
  3305                           ; Regs used in _InitPIN: [status,2]
  3306                           
  3307                           
  3308                           ;Inits.c: 29:     APFCON1 = 0x00;
  3309     0414  0022               	movlb	2	; select bank2
  3310     0415  019D               	clrf	29	;volatile
  3311                           
  3312                           ;Inits.c: 30:     APFCON2 = 0x00;
  3313     0416  019C               	clrf	28	;volatile
  3314     0417                     l73:
  3315     0417  0008               	return
  3316     0418                     __end_of_InitPIN:
  3317                           
  3318                           	psect	text16
  3319     040E                     __ptext16:	
  3320 ;; *************** function _InitOsc *****************
  3321 ;; Defined at:
  3322 ;;		line 10 in file "Inits.c"
  3323 ;; Parameters:    Size  Location     Type
  3324 ;;		None
  3325 ;; Auto vars:     Size  Location     Type
  3326 ;;		None
  3327 ;; Return value:  Size  Location     Type
  3328 ;;                  1    wreg      void 
  3329 ;; Registers used:
  3330 ;;		status,2
  3331 ;; Tracked objects:
  3332 ;;		On entry : 0/0
  3333 ;;		On exit  : 0/0
  3334 ;;		Unchanged: 0/0
  3335 ;; Data sizes:     COMMON   BANK0   BANK1   BANK2   BANK3   BANK4   BANK5   BANK6   BANK7   BANK8   BANK9  BANK10  BANK1
      +1  BANK12  BANK13  BANK14  BANK15  BANK16  BANK17  BANK18  BANK19  BANK20  BANK21  BANK22  BANK23  BANK24  BANK25
  3336 ;;      Params:         0       0       0       0       0       0       0       0       0       0       0       0       
      +0       0       0       0       0       0       0       0       0       0       0       0       0       0       0
  3337 ;;      Locals:         0       0       0       0       0       0       0       0       0       0       0       0       
      +0       0       0       0       0       0       0       0       0       0       0       0       0       0       0
  3338 ;;      Temps:          0       0       0       0       0       0       0       0       0       0       0       0       
      +0       0       0       0       0       0       0       0       0       0       0       0       0       0       0
  3339 ;;      Totals:         0       0       0       0       0       0       0       0       0       0       0       0       
      +0       0       0       0       0       0       0       0       0       0       0       0       0       0       0
  3340 ;;Total ram usage:        0 bytes
  3341 ;; Hardware stack levels used: 1
  3342 ;; Hardware stack levels required when called: 2
  3343 ;; This function calls:
  3344 ;;		Nothing
  3345 ;; This function is called by:
  3346 ;;		_main
  3347 ;; This function uses a non-reentrant model
  3348 ;;
  3349                           
  3350     040E                     _InitOsc:	
  3351                           ;psect for function _InitOsc
  3352                           
  3353     040E                     l1239:	
  3354                           ;incstack = 0
  3355                           ; Regs used in _InitOsc: [status,2]
  3356                           
  3357                           
  3358                           ;Inits.c: 11:     OSCCON = 0XF8;
  3359     040E  30F8               	movlw	248
  3360     040F  0021               	movlb	1	; select bank1
  3361     0410  0099               	movwf	25	;volatile
  3362     0411                     l1241:
  3363                           
  3364                           ;Inits.c: 13:     CLKRCON = 0X00;
  3365     0411  002A               	movlb	10	; select bank10
  3366     0412  019A               	clrf	26	;volatile
  3367     0413                     l67:
  3368     0413  0008               	return
  3369     0414                     __end_of_InitOsc:
  3370                           
  3371                           	psect	text17
  3372     0418                     __ptext17:	
  3373 ;; *************** function _InitOpt *****************
  3374 ;; Defined at:
  3375 ;;		line 19 in file "Inits.c"
  3376 ;; Parameters:    Size  Location     Type
  3377 ;;		None
  3378 ;; Auto vars:     Size  Location     Type
  3379 ;;		None
  3380 ;; Return value:  Size  Location     Type
  3381 ;;                  1    wreg      void 
  3382 ;; Registers used:
  3383 ;;		status,2
  3384 ;; Tracked objects:
  3385 ;;		On entry : 0/0
  3386 ;;		On exit  : 0/0
  3387 ;;		Unchanged: 0/0
  3388 ;; Data sizes:     COMMON   BANK0   BANK1   BANK2   BANK3   BANK4   BANK5   BANK6   BANK7   BANK8   BANK9  BANK10  BANK1
      +1  BANK12  BANK13  BANK14  BANK15  BANK16  BANK17  BANK18  BANK19  BANK20  BANK21  BANK22  BANK23  BANK24  BANK25
  3389 ;;      Params:         0       0       0       0       0       0       0       0       0       0       0       0       
      +0       0       0       0       0       0       0       0       0       0       0       0       0       0       0
  3390 ;;      Locals:         0       0       0       0       0       0       0       0       0       0       0       0       
      +0       0       0       0       0       0       0       0       0       0       0       0       0       0       0
  3391 ;;      Temps:          0       0       0       0       0       0       0       0       0       0       0       0       
      +0       0       0       0       0       0       0       0       0       0       0       0       0       0       0
  3392 ;;      Totals:         0       0       0       0       0       0       0       0       0       0       0       0       
      +0       0       0       0       0       0       0       0       0       0       0       0       0       0       0
  3393 ;;Total ram usage:        0 bytes
  3394 ;; Hardware stack levels used: 1
  3395 ;; Hardware stack levels required when called: 2
  3396 ;; This function calls:
  3397 ;;		Nothing
  3398 ;; This function is called by:
  3399 ;;		_main
  3400 ;; This function uses a non-reentrant model
  3401 ;;
  3402                           
  3403     0418                     _InitOpt:	
  3404                           ;psect for function _InitOpt
  3405                           
  3406     0418                     l1243:	
  3407                           ;incstack = 0
  3408                           ; Regs used in _InitOpt: [status,2]
  3409                           
  3410                           
  3411                           ;Inits.c: 20:     OPTION_REG = 0x00;
  3412     0418  0021               	movlb	1	; select bank1
  3413     0419  0195               	clrf	21	;volatile
  3414     041A                     l70:
  3415     041A  0008               	return
  3416     041B                     __end_of_InitOpt:
  3417                           
  3418                           	psect	text18
  3419     0406                     __ptext18:	
  3420 ;; *************** function _InitISR *****************
  3421 ;; Defined at:
  3422 ;;		line 96 in file "Inits.c"
  3423 ;; Parameters:    Size  Location     Type
  3424 ;;		None
  3425 ;; Auto vars:     Size  Location     Type
  3426 ;;		None
  3427 ;; Return value:  Size  Location     Type
  3428 ;;                  1    wreg      void 
  3429 ;; Registers used:
  3430 ;;		status,2
  3431 ;; Tracked objects:
  3432 ;;		On entry : 0/0
  3433 ;;		On exit  : 0/0
  3434 ;;		Unchanged: 0/0
  3435 ;; Data sizes:     COMMON   BANK0   BANK1   BANK2   BANK3   BANK4   BANK5   BANK6   BANK7   BANK8   BANK9  BANK10  BANK1
      +1  BANK12  BANK13  BANK14  BANK15  BANK16  BANK17  BANK18  BANK19  BANK20  BANK21  BANK22  BANK23  BANK24  BANK25
  3436 ;;      Params:         0       0       0       0       0       0       0       0       0       0       0       0       
      +0       0       0       0       0       0       0       0       0       0       0       0       0       0       0
  3437 ;;      Locals:         0       0       0       0       0       0       0       0       0       0       0       0       
      +0       0       0       0       0       0       0       0       0       0       0       0       0       0       0
  3438 ;;      Temps:          0       0       0       0       0       0       0       0       0       0       0       0       
      +0       0       0       0       0       0       0       0       0       0       0       0       0       0       0
  3439 ;;      Totals:         0       0       0       0       0       0       0       0       0       0       0       0       
      +0       0       0       0       0       0       0       0       0       0       0       0       0       0       0
  3440 ;;Total ram usage:        0 bytes
  3441 ;; Hardware stack levels used: 1
  3442 ;; Hardware stack levels required when called: 2
  3443 ;; This function calls:
  3444 ;;		Nothing
  3445 ;; This function is called by:
  3446 ;;		_main
  3447 ;; This function uses a non-reentrant model
  3448 ;;
  3449                           
  3450     0406                     _InitISR:	
  3451                           ;psect for function _InitISR
  3452                           
  3453     0406                     l1265:	
  3454                           ;incstack = 0
  3455                           ; Regs used in _InitISR: [status,2]
  3456                           
  3457                           
  3458                           ;Inits.c: 97:     INTCON = 0x40;
  3459     0406  3040               	movlw	64
  3460     0407  008B               	movwf	11	;volatile
  3461                           
  3462                           ;Inits.c: 99:     PIE1 = 0x08;
  3463     0408  3008               	movlw	8
  3464     0409  0021               	movlb	1	; select bank1
  3465     040A  0091               	movwf	17	;volatile
  3466     040B                     l1267:
  3467                           
  3468                           ;Inits.c: 101:     PIE2 = 0x00;
  3469     040B  0192               	clrf	18	;volatile
  3470                           
  3471                           ;Inits.c: 102:     PIE3 = 0x00;
  3472     040C  0193               	clrf	19	;volatile
  3473     040D                     l91:
  3474     040D  0008               	return
  3475     040E                     __end_of_InitISR:
  3476                           
  3477                           	psect	text19
  3478     03F3                     __ptext19:	
  3479 ;; *************** function _InitI2C *****************
  3480 ;; Defined at:
  3481 ;;		line 83 in file "Inits.c"
  3482 ;; Parameters:    Size  Location     Type
  3483 ;;		None
  3484 ;; Auto vars:     Size  Location     Type
  3485 ;;		None
  3486 ;; Return value:  Size  Location     Type
  3487 ;;                  1    wreg      void 
  3488 ;; Registers used:
  3489 ;;		None
  3490 ;; Tracked objects:
  3491 ;;		On entry : 0/0
  3492 ;;		On exit  : 0/0
  3493 ;;		Unchanged: 0/0
  3494 ;; Data sizes:     COMMON   BANK0   BANK1   BANK2   BANK3   BANK4   BANK5   BANK6   BANK7   BANK8   BANK9  BANK10  BANK1
      +1  BANK12  BANK13  BANK14  BANK15  BANK16  BANK17  BANK18  BANK19  BANK20  BANK21  BANK22  BANK23  BANK24  BANK25
  3495 ;;      Params:         0       0       0       0       0       0       0       0       0       0       0       0       
      +0       0       0       0       0       0       0       0       0       0       0       0       0       0       0
  3496 ;;      Locals:         0       0       0       0       0       0       0       0       0       0       0       0       
      +0       0       0       0       0       0       0       0       0       0       0       0       0       0       0
  3497 ;;      Temps:          0       0       0       0       0       0       0       0       0       0       0       0       
      +0       0       0       0       0       0       0       0       0       0       0       0       0       0       0
  3498 ;;      Totals:         0       0       0       0       0       0       0       0       0       0       0       0       
      +0       0       0       0       0       0       0       0       0       0       0       0       0       0       0
  3499 ;;Total ram usage:        0 bytes
  3500 ;; Hardware stack levels used: 1
  3501 ;; Hardware stack levels required when called: 2
  3502 ;; This function calls:
  3503 ;;		Nothing
  3504 ;; This function is called by:
  3505 ;;		_main
  3506 ;; This function uses a non-reentrant model
  3507 ;;
  3508                           
  3509     03F3                     _InitI2C:	
  3510                           ;psect for function _InitI2C
  3511                           
  3512     03F3                     l1263:	
  3513                           ;incstack = 0
  3514                           ; Regs used in _InitI2C: []
  3515                           
  3516                           
  3517                           ;Inits.c: 84:     SSP1STAT = 0x80;
  3518     03F3  3080               	movlw	128
  3519     03F4  0024               	movlb	4	; select bank4
  3520     03F5  0094               	movwf	20	;volatile
  3521                           
  3522                           ;Inits.c: 85:     SSP1CON1 = 0x26;
  3523     03F6  3026               	movlw	38
  3524     03F7  0095               	movwf	21	;volatile
  3525                           
  3526                           ;Inits.c: 87:     SSP1CON2 = 0x01;
  3527     03F8  3001               	movlw	1
  3528     03F9  0096               	movwf	22	;volatile
  3529                           
  3530                           ;Inits.c: 89:     SSP1ADD = 0x22 << 1;
  3531     03FA  3044               	movlw	68
  3532     03FB  0092               	movwf	18	;volatile
  3533     03FC                     l88:
  3534     03FC  0008               	return
  3535     03FD                     __end_of_InitI2C:
  3536                           
  3537                           	psect	intentry
  3538     0004                     __pintentry:	
  3539 ;; *************** function _ISR *****************
  3540 ;; Defined at:
  3541 ;;		line 330 in file "Main.c"
  3542 ;; Parameters:    Size  Location     Type
  3543 ;;		None
  3544 ;; Auto vars:     Size  Location     Type
  3545 ;;		None
  3546 ;; Return value:  Size  Location     Type
  3547 ;;                  1    wreg      void 
  3548 ;; Registers used:
  3549 ;;		wreg, status,2, status,0, pclath, cstack
  3550 ;; Tracked objects:
  3551 ;;		On entry : 0/0
  3552 ;;		On exit  : 0/0
  3553 ;;		Unchanged: 0/0
  3554 ;; Data sizes:     COMMON   BANK0   BANK1   BANK2   BANK3   BANK4   BANK5   BANK6   BANK7   BANK8   BANK9  BANK10  BANK1
      +1  BANK12  BANK13  BANK14  BANK15  BANK16  BANK17  BANK18  BANK19  BANK20  BANK21  BANK22  BANK23  BANK24  BANK25
  3555 ;;      Params:         0       0       0       0       0       0       0       0       0       0       0       0       
      +0       0       0       0       0       0       0       0       0       0       0       0       0       0       0
  3556 ;;      Locals:         0       0       0       0       0       0       0       0       0       0       0       0       
      +0       0       0       0       0       0       0       0       0       0       0       0       0       0       0
  3557 ;;      Temps:          0       0       0       0       0       0       0       0       0       0       0       0       
      +0       0       0       0       0       0       0       0       0       0       0       0       0       0       0
  3558 ;;      Totals:         0       0       0       0       0       0       0       0       0       0       0       0       
      +0       0       0       0       0       0       0       0       0       0       0       0       0       0       0
  3559 ;;Total ram usage:        0 bytes
  3560 ;; Hardware stack levels used: 1
  3561 ;; Hardware stack levels required when called: 1
  3562 ;; This function calls:
  3563 ;;		___awmod
  3564 ;; This function is called by:
  3565 ;;		Interrupt level 1
  3566 ;; This function uses a non-reentrant model
  3567 ;;
  3568                           
  3569     0004                     _ISR:
  3570                           
  3571                           ;incstack = 0
  3572     0004  147E               	bsf	int$flags,0	;set compiler interrupt flag (level 1)
  3573                           
  3574                           ; Regs used in _ISR: [wreg+status,2+status,0+pclath+cstack]
  3575     0005  3180               	pagesel	$
  3576     0006  3000               	movlw	low ___int_sp
  3577     0007  0086               	movwf	6
  3578     0008  3000               	movlw	high ___int_sp
  3579     0009  0087               	movwf	7
  3580     000A                     i1l1439:
  3581                           
  3582                           ;Main.c: 333:     if (PIR1bits.SSP1IF){
  3583     000A  0020               	movlb	0	; select bank0
  3584     000B  1D91               	btfss	17,3	;volatile
  3585     000C  280E               	goto	u105_21
  3586     000D  280F               	goto	u105_20
  3587     000E                     u105_21:
  3588     000E  2865               	goto	i1l1485
  3589     000F                     u105_20:
  3590     000F                     i1l1441:
  3591                           
  3592                           ;Main.c: 338:         if (SSP1CON1bits.SSPOV || SSP1CON1bits.WCOL){
  3593     000F  0024               	movlb	4	; select bank4
  3594     0010  1B15               	btfsc	21,6	;volatile
  3595     0011  2813               	goto	u106_21
  3596     0012  2814               	goto	u106_20
  3597     0013                     u106_21:
  3598     0013  2818               	goto	i1l261
  3599     0014                     u106_20:
  3600     0014                     i1l1443:
  3601     0014  1F95               	btfss	21,7	;volatile
  3602     0015  2817               	goto	u107_21
  3603     0016  2818               	goto	u107_20
  3604     0017                     u107_21:
  3605     0017  281D               	goto	i1l259
  3606     0018                     u107_20:
  3607     0018                     i1l261:
  3608                           
  3609                           ;Main.c: 339:             SSP1CON1bits.SSPOV = 0;
  3610     0018  1315               	bcf	21,6	;volatile
  3611                           
  3612                           ;Main.c: 340:             SSP1CON1bits.WCOL = 0;
  3613     0019  1395               	bcf	21,7	;volatile
  3614     001A                     i1l1445:
  3615                           
  3616                           ;Main.c: 341:             (void)SSP1BUF;
  3617     001A  0811               	movf	17,w	;volatile
  3618     001B                     i1l1447:
  3619                           
  3620                           ;Main.c: 342:             j = 0;
  3621     001B  01F1               	clrf	_j	;volatile
  3622                           
  3623                           ;Main.c: 343:         }
  3624     001C  2865               	goto	i1l1485
  3625     001D                     i1l259:	
  3626                           ;Main.c: 346:         else if (SSP1STATbits.R_nW == 0){
  3627                           
  3628     001D  1914               	btfsc	20,2	;volatile
  3629     001E  2820               	goto	u108_21
  3630     001F  2821               	goto	u108_20
  3631     0020                     u108_21:
  3632     0020  2864               	goto	i1l1483
  3633     0021                     u108_20:
  3634     0021                     i1l1449:
  3635                           
  3636                           ;Main.c: 348:             if (j == 0){
  3637     0021  0871               	movf	_j,w	;volatile
  3638     0022  1D03               	btfss	3,2
  3639     0023  2825               	goto	u109_21
  3640     0024  2826               	goto	u109_20
  3641     0025                     u109_21:
  3642     0025  2829               	goto	i1l1455
  3643     0026                     u109_20:
  3644     0026                     i1l1451:
  3645                           
  3646                           ;Main.c: 350:                 (void)SSP1BUF;
  3647     0026  0811               	movf	17,w	;volatile
  3648     0027                     i1l1453:
  3649                           
  3650                           ;Main.c: 351:                 SSP1CON1bits.CKP = 1;
  3651     0027  1615               	bsf	21,4	;volatile
  3652                           
  3653                           ;Main.c: 352:             }
  3654     0028  2853               	goto	i1l1481
  3655     0029                     i1l1455:
  3656     0029  0371               	decf	_j,w	;volatile
  3657     002A  1D03               	btfss	3,2
  3658     002B  282D               	goto	u110_21
  3659     002C  282E               	goto	u110_20
  3660     002D                     u110_21:
  3661     002D  2832               	goto	i1l1461
  3662     002E                     u110_20:
  3663     002E                     i1l1457:
  3664                           
  3665                           ;Main.c: 355:                 Y_Byte = SSP1BUF;
  3666     002E  0811               	movf	17,w	;volatile
  3667     002F  00F3               	movwf	_Y_Byte	;volatile
  3668     0030                     i1l1459:
  3669                           
  3670                           ;Main.c: 356:                 SSP1CON1bits.CKP = 1;
  3671     0030  1615               	bsf	21,4	;volatile
  3672                           
  3673                           ;Main.c: 357:             }
  3674     0031  2853               	goto	i1l1481
  3675     0032                     i1l1461:
  3676     0032  3002               	movlw	2
  3677     0033  0671               	xorwf	_j,w	;volatile
  3678     0034  1D03               	btfss	3,2
  3679     0035  2837               	goto	u111_21
  3680     0036  2838               	goto	u111_20
  3681     0037                     u111_21:
  3682     0037  283C               	goto	i1l1467
  3683     0038                     u111_20:
  3684     0038                     i1l1463:
  3685                           
  3686                           ;Main.c: 360:                 X_Byte = SSP1BUF;
  3687     0038  0811               	movf	17,w	;volatile
  3688     0039  00F4               	movwf	_X_Byte	;volatile
  3689     003A                     i1l1465:
  3690                           
  3691                           ;Main.c: 361:                 SSP1CON1bits.CKP = 1;
  3692     003A  1615               	bsf	21,4	;volatile
  3693                           
  3694                           ;Main.c: 362:             }
  3695     003B  2853               	goto	i1l1481
  3696     003C                     i1l1467:
  3697     003C  3003               	movlw	3
  3698     003D  0671               	xorwf	_j,w	;volatile
  3699     003E  1D03               	btfss	3,2
  3700     003F  2841               	goto	u112_21
  3701     0040  2842               	goto	u112_20
  3702     0041                     u112_21:
  3703     0041  2846               	goto	i1l1473
  3704     0042                     u112_20:
  3705     0042                     i1l1469:
  3706                           
  3707                           ;Main.c: 365:                 TsABXY = SSP1BUF;
  3708     0042  0811               	movf	17,w	;volatile
  3709     0043  00F2               	movwf	_TsABXY	;volatile
  3710     0044                     i1l1471:
  3711                           
  3712                           ;Main.c: 366:                 SSP1CON1bits.CKP = 1;
  3713     0044  1615               	bsf	21,4	;volatile
  3714                           
  3715                           ;Main.c: 367:             }
  3716     0045  2853               	goto	i1l1481
  3717     0046                     i1l1473:
  3718     0046  3004               	movlw	4
  3719     0047  0671               	xorwf	_j,w	;volatile
  3720     0048  1D03               	btfss	3,2
  3721     0049  284B               	goto	u113_21
  3722     004A  284C               	goto	u113_20
  3723     004B                     u113_21:
  3724     004B  2853               	goto	i1l1481
  3725     004C                     u113_20:
  3726     004C                     i1l1475:
  3727                           
  3728                           ;Main.c: 370:                 JButtons = SSP1BUF;
  3729     004C  0811               	movf	17,w	;volatile
  3730     004D  0020               	movlb	0	; select bank0
  3731     004E  00BC               	movwf	_JButtons	;volatile
  3732     004F                     i1l1477:
  3733                           
  3734                           ;Main.c: 371:                 rx_done = 1;
  3735     004F  3001               	movlw	1
  3736     0050  00F5               	movwf	_rx_done	;volatile
  3737     0051                     i1l1479:
  3738                           
  3739                           ;Main.c: 372:                 SSP1CON1bits.CKP = 0;
  3740     0051  0024               	movlb	4	; select bank4
  3741     0052  1215               	bcf	21,4	;volatile
  3742     0053                     i1l1481:
  3743                           
  3744                           ;Main.c: 376:             j = (j + 1) % 5;
  3745     0053  3005               	movlw	5
  3746     0054  00F6               	movwf	___awmod@divisor
  3747     0055  3000               	movlw	0
  3748     0056  00F7               	movwf	___awmod@divisor+1
  3749     0057  0871               	movf	_j,w	;volatile
  3750     0058  3E01               	addlw	1
  3751     0059  00F8               	movwf	___awmod@dividend
  3752     005A  3000               	movlw	0
  3753     005B  1803               	skipnc
  3754     005C  3001               	movlw	1
  3755     005D  00F9               	movwf	___awmod@dividend+1
  3756     005E  3181  2134  3180   	fcall	___awmod
  3757     0061  0876               	movf	?___awmod,w
  3758     0062  00F1               	movwf	_j	;volatile
  3759                           
  3760                           ;Main.c: 377:         }
  3761     0063  2865               	goto	i1l1485
  3762     0064                     i1l1483:
  3763                           
  3764                           ;Main.c: 380:             (void)SSP1BUF;
  3765     0064  0811               	movf	17,w	;volatile
  3766     0065                     i1l1485:
  3767                           
  3768                           ;Main.c: 385:     PIR1bits.SSP1IF = 0;
  3769     0065  0020               	movlb	0	; select bank0
  3770     0066  1191               	bcf	17,3	;volatile
  3771     0067                     i1l274:
  3772     0067  107E               	bcf	int$flags,0	;clear compiler interrupt flag (level 1)
  3773     0068  0009               	retfie
  3774     0069                     __end_of_ISR:
  3775                           
  3776                           	psect	text21
  3777     0134                     __ptext21:	
  3778 ;; *************** function ___awmod *****************
  3779 ;; Defined at:
  3780 ;;		line 5 in file "C:\Program Files\Microchip\xc8\v3.10\pic\sources\c99\common\awmod.c"
  3781 ;; Parameters:    Size  Location     Type
  3782 ;;  divisor         2    0[COMMON] int 
  3783 ;;  dividend        2    2[COMMON] int 
  3784 ;; Auto vars:     Size  Location     Type
  3785 ;;  sign            1    5[COMMON] unsigned char 
  3786 ;;  counter         1    4[COMMON] unsigned char 
  3787 ;; Return value:  Size  Location     Type
  3788 ;;                  2    0[COMMON] int 
  3789 ;; Registers used:
  3790 ;;		wreg, status,2, status,0
  3791 ;; Tracked objects:
  3792 ;;		On entry : 0/0
  3793 ;;		On exit  : 0/0
  3794 ;;		Unchanged: 0/0
  3795 ;; Data sizes:     COMMON   BANK0   BANK1   BANK2   BANK3   BANK4   BANK5   BANK6   BANK7   BANK8   BANK9  BANK10  BANK1
      +1  BANK12  BANK13  BANK14  BANK15  BANK16  BANK17  BANK18  BANK19  BANK20  BANK21  BANK22  BANK23  BANK24  BANK25
  3796 ;;      Params:         4       0       0       0       0       0       0       0       0       0       0       0       
      +0       0       0       0       0       0       0       0       0       0       0       0       0       0       0
  3797 ;;      Locals:         2       0       0       0       0       0       0       0       0       0       0       0       
      +0       0       0       0       0       0       0       0       0       0       0       0       0       0       0
  3798 ;;      Temps:          0       0       0       0       0       0       0       0       0       0       0       0       
      +0       0       0       0       0       0       0       0       0       0       0       0       0       0       0
  3799 ;;      Totals:         6       0       0       0       0       0       0       0       0       0       0       0       
      +0       0       0       0       0       0       0       0       0       0       0       0       0       0       0
  3800 ;;Total ram usage:        6 bytes
  3801 ;; Hardware stack levels used: 1
  3802 ;; This function calls:
  3803 ;;		Nothing
  3804 ;; This function is called by:
  3805 ;;		_ISR
  3806 ;; This function uses a non-reentrant model
  3807 ;;
  3808                           
  3809     0134                     ___awmod:	
  3810                           ;psect for function ___awmod
  3811                           
  3812     0134                     i1l1401:	
  3813                           ;incstack = 0
  3814                           ; Regs used in ___awmod: [wreg+status,2+status,0]
  3815                           
  3816     0134  01FB               	clrf	___awmod@sign
  3817     0135                     i1l1403:
  3818     0135  1FF9               	btfss	___awmod@dividend+1,7
  3819     0136  2938               	goto	u96_21
  3820     0137  2939               	goto	u96_20
  3821     0138                     u96_21:
  3822     0138  2940               	goto	i1l1409
  3823     0139                     u96_20:
  3824     0139                     i1l1405:
  3825     0139  09F8               	comf	___awmod@dividend,f
  3826     013A  09F9               	comf	___awmod@dividend+1,f
  3827     013B  0AF8               	incf	___awmod@dividend,f
  3828     013C  1903               	skipnz
  3829     013D  0AF9               	incf	___awmod@dividend+1,f
  3830     013E                     i1l1407:
  3831     013E  3001               	movlw	1
  3832     013F  00FB               	movwf	___awmod@sign
  3833     0140                     i1l1409:
  3834     0140  1FF7               	btfss	___awmod@divisor+1,7
  3835     0141  2943               	goto	u97_21
  3836     0142  2944               	goto	u97_20
  3837     0143                     u97_21:
  3838     0143  2949               	goto	i1l1413
  3839     0144                     u97_20:
  3840     0144                     i1l1411:
  3841     0144  09F6               	comf	___awmod@divisor,f
  3842     0145  09F7               	comf	___awmod@divisor+1,f
  3843     0146  0AF6               	incf	___awmod@divisor,f
  3844     0147  1903               	skipnz
  3845     0148  0AF7               	incf	___awmod@divisor+1,f
  3846     0149                     i1l1413:
  3847     0149  0876               	movf	___awmod@divisor,w
  3848     014A  0477               	iorwf	___awmod@divisor+1,w
  3849     014B  1903               	btfsc	3,2
  3850     014C  294E               	goto	u98_21
  3851     014D  294F               	goto	u98_20
  3852     014E                     u98_21:
  3853     014E  2976               	goto	i1l1431
  3854     014F                     u98_20:
  3855     014F                     i1l1415:
  3856     014F  3001               	movlw	1
  3857     0150  00FA               	movwf	___awmod@counter
  3858     0151  2959               	goto	i1l1421
  3859     0152                     i1l1417:
  3860     0152  3001               	movlw	1
  3861     0153                     u99_25:
  3862     0153  35F6               	lslf	___awmod@divisor,f
  3863     0154  0DF7               	rlf	___awmod@divisor+1,f
  3864     0155  0B89               	decfsz	9,f
  3865     0156  2953               	goto	u99_25
  3866     0157                     i1l1419:
  3867     0157  3001               	movlw	1
  3868     0158  07FA               	addwf	___awmod@counter,f
  3869     0159                     i1l1421:
  3870     0159  1FF7               	btfss	___awmod@divisor+1,7
  3871     015A  295C               	goto	u100_21
  3872     015B  295D               	goto	u100_20
  3873     015C                     u100_21:
  3874     015C  2952               	goto	i1l1417
  3875     015D                     u100_20:
  3876     015D                     i1l1423:
  3877     015D  0877               	movf	___awmod@divisor+1,w
  3878     015E  0279               	subwf	___awmod@dividend+1,w
  3879     015F  1D03               	skipz
  3880     0160  2963               	goto	u101_25
  3881     0161  0876               	movf	___awmod@divisor,w
  3882     0162  0278               	subwf	___awmod@dividend,w
  3883     0163                     u101_25:
  3884     0163  1C03               	skipc
  3885     0164  2966               	goto	u101_21
  3886     0165  2967               	goto	u101_20
  3887     0166                     u101_21:
  3888     0166  296B               	goto	i1l1427
  3889     0167                     u101_20:
  3890     0167                     i1l1425:
  3891     0167  0876               	movf	___awmod@divisor,w
  3892     0168  02F8               	subwf	___awmod@dividend,f
  3893     0169  0877               	movf	___awmod@divisor+1,w
  3894     016A  3BF9               	subwfb	___awmod@dividend+1,f
  3895     016B                     i1l1427:
  3896     016B  3001               	movlw	1
  3897     016C                     u102_25:
  3898     016C  36F7               	lsrf	___awmod@divisor+1,f
  3899     016D  0CF6               	rrf	___awmod@divisor,f
  3900     016E  0B89               	decfsz	9,f
  3901     016F  296C               	goto	u102_25
  3902     0170                     i1l1429:
  3903     0170  3001               	movlw	1
  3904     0171  02FA               	subwf	___awmod@counter,f
  3905     0172  1D03               	btfss	3,2
  3906     0173  2975               	goto	u103_21
  3907     0174  2976               	goto	u103_20
  3908     0175                     u103_21:
  3909     0175  295D               	goto	i1l1423
  3910     0176                     u103_20:
  3911     0176                     i1l1431:
  3912     0176  087B               	movf	___awmod@sign,w
  3913     0177  1903               	btfsc	3,2
  3914     0178  297A               	goto	u104_21
  3915     0179  297B               	goto	u104_20
  3916     017A                     u104_21:
  3917     017A  2980               	goto	i1l1435
  3918     017B                     u104_20:
  3919     017B                     i1l1433:
  3920     017B  09F8               	comf	___awmod@dividend,f
  3921     017C  09F9               	comf	___awmod@dividend+1,f
  3922     017D  0AF8               	incf	___awmod@dividend,f
  3923     017E  1903               	skipnz
  3924     017F  0AF9               	incf	___awmod@dividend+1,f
  3925     0180                     i1l1435:
  3926     0180  0879               	movf	___awmod@dividend+1,w
  3927     0181  00F7               	movwf	?___awmod+1
  3928     0182  0878               	movf	___awmod@dividend,w
  3929     0183  00F6               	movwf	?___awmod
  3930     0184                     i1l547:
  3931     0184  0008               	return
  3932     0185                     __end_of___awmod:
  3933     0003                     ___latbits      equ	3
  3934     007E                     btemp           set	126	;btemp
  3935     007E                     int$flags       set	126
  3936     007E                     btemp0          set	126
  3937     007F                     btemp1          set	127
  3938     007E                     wtemp0          set	126
  3939     007F                     wtemp0a         set	127
  3940     007F                     ttemp0a         set	127
  3941     0080                     ltemp0a         set	128
  3942                           
  3943                           	psect	config
  3944                           
  3945                           ;Config register CONFIG1 @ 0x8007
  3946                           ;	Oscillator Selection
  3947                           ;	FOSC = INTOSC, INTOSC oscillator: I/O function on CLKIN pin
  3948                           ;	Watchdog Timer Enable
  3949                           ;	WDTE = OFF, WDT disabled
  3950                           ;	Power-up Timer Enable
  3951                           ;	PWRTE = OFF, PWRT disabled
  3952                           ;	MCLR Pin Function Select
  3953                           ;	MCLRE = ON, MCLR/VPP pin function is MCLR
  3954                           ;	Flash Program Memory Code Protection
  3955                           ;	CP = OFF, Program memory code protection is disabled
  3956                           ;	Data Memory Code Protection
  3957                           ;	CPD = OFF, Data memory code protection is disabled
  3958                           ;	Brown-out Reset Enable
  3959                           ;	BOREN = OFF, Brown-out Reset disabled
  3960                           ;	Clock Out Enable
  3961                           ;	CLKOUTEN = OFF, CLKOUT function is disabled. I/O or oscillator function on the CLKOUT 
      +                          pin
  3962                           ;	Internal/External Switchover
  3963                           ;	IESO = OFF, Internal/External Switchover mode is disabled
  3964                           ;	Fail-Safe Clock Monitor Enable
  3965                           ;	FCMEN = OFF, Fail-Safe Clock Monitor is disabled
  3966     8007                     	org	32775
  3967     8007  09E4               	dw	2532
  3968                           
  3969                           ;Config register CONFIG2 @ 0x8008
  3970                           ;	Flash Memory Self-Write Protection
  3971                           ;	WRT = OFF, Write protection off
  3972                           ;	Voltage Regulator Capacitor Enable bit
  3973                           ;	VCAPEN = OFF, Vcap functionality is disabled on RA6.
  3974                           ;	PLL Enable
  3975                           ;	PLLEN = OFF, 4x PLL disabled
  3976                           ;	Stack Overflow/Underflow Reset Enable
  3977                           ;	STVREN = OFF, Stack Overflow or Underflow will not cause a Reset
  3978                           ;	Brown-out Reset Voltage Selection
  3979                           ;	BORV = LO, Brown-out Reset Voltage (Vbor), low trip point selected.
  3980                           ;	Low Power Brown-Out Reset Enable Bit
  3981                           ;	LPBOR = OFF, Low power brown-out is disabled
  3982                           ;	In-Circuit Debugger Mode
  3983                           ;	DEBUG = OFF, In-Circuit Debugger disabled, ICSPCLK and ICSPDAT are general purpose I/O
      +                           pins
  3984                           ;	Low-Voltage Programming Enable
  3985                           ;	LVP = OFF, High-voltage on MCLR/VPP must be used for programming
  3986     8008                     	org	32776
  3987     8008  1CFF               	dw	7423

Data Sizes:
    Strings     0
    Constant    165
    Data        0
    BSS         16
    Persistent  48
    Stack       0

Auto Spaces:
    Space          Size  Autos    Used
    COMMON           14      6      12
    BANK0            80     19      29
    BANK1            80      0       0
    BANK2            80      0       0
    BANK3            80      0       0
    BANK4            80      0       0
    BANK5            80      0       0
    BANK6            80      0       0
    BANK7            80      0       0
    BANK8            80      0       0
    BANK9            80      0       0
    BANK10           80      0       0
    BANK11           80      0       0
    BANK12           80      0       0
    BANK13           80      0       0
    BANK14           80      0       0
    BANK15           80      0       0
    BANK16           80      0       0
    BANK17           80      0       0
    BANK18           80      0       0
    BANK19           80      0       0
    BANK20           80      0       0
    BANK21           80      0       0
    BANK22           80      0       0
    BANK23           80      0       0
    BANK24           80      0       0
    BANK25           32      0       0

Pointer List with Targets:

    None.

Critical Paths under _main in COMMON

    None.

Critical Paths under _ISR in COMMON

    _ISR->___awmod

Critical Paths under _main in BANK0

    _main->_lookup_and_send_buttons
    _main->_lookup_and_send_move
    _lookup_and_send_move->_send_camera_command
    _send_camera_command->_tx_uart
    _lookup_and_send_buttons->_send_camera_button
    _send_camera_button->_tx_uart
    _tx_uart->___wmul

Critical Paths under _ISR in BANK0

    None.

Critical Paths under _main in BANK1

    None.

Critical Paths under _ISR in BANK1

    None.

Critical Paths under _main in BANK2

    None.

Critical Paths under _ISR in BANK2

    None.

Critical Paths under _main in BANK3

    None.

Critical Paths under _ISR in BANK3

    None.

Critical Paths under _main in BANK4

    None.

Critical Paths under _ISR in BANK4

    None.

Critical Paths under _main in BANK5

    None.

Critical Paths under _ISR in BANK5

    None.

Critical Paths under _main in BANK6

    None.

Critical Paths under _ISR in BANK6

    None.

Critical Paths under _main in BANK7

    None.

Critical Paths under _ISR in BANK7

    None.

Critical Paths under _main in BANK8

    None.

Critical Paths under _ISR in BANK8

    None.

Critical Paths under _main in BANK9

    None.

Critical Paths under _ISR in BANK9

    None.

Critical Paths under _main in BANK10

    None.

Critical Paths under _ISR in BANK10

    None.

Critical Paths under _main in BANK11

    None.

Critical Paths under _ISR in BANK11

    None.

Critical Paths under _main in BANK12

    None.

Critical Paths under _ISR in BANK12

    None.

Critical Paths under _main in BANK13

    None.

Critical Paths under _ISR in BANK13

    None.

Critical Paths under _main in BANK14

    None.

Critical Paths under _ISR in BANK14

    None.

Critical Paths under _main in BANK15

    None.

Critical Paths under _ISR in BANK15

    None.

Critical Paths under _main in BANK16

    None.

Critical Paths under _ISR in BANK16

    None.

Critical Paths under _main in BANK17

    None.

Critical Paths under _ISR in BANK17

    None.

Critical Paths under _main in BANK18

    None.

Critical Paths under _ISR in BANK18

    None.

Critical Paths under _main in BANK19

    None.

Critical Paths under _ISR in BANK19

    None.

Critical Paths under _main in BANK20

    None.

Critical Paths under _ISR in BANK20

    None.

Critical Paths under _main in BANK21

    None.

Critical Paths under _ISR in BANK21

    None.

Critical Paths under _main in BANK22

    None.

Critical Paths under _ISR in BANK22

    None.

Critical Paths under _main in BANK23

    None.

Critical Paths under _ISR in BANK23

    None.

Critical Paths under _main in BANK24

    None.

Critical Paths under _ISR in BANK24

    None.

Critical Paths under _main in BANK25

    None.

Critical Paths under _ISR in BANK25

    None.

Call Graph Tables:

 ---------------------------------------------------------------------------------
 (Depth) Function   	        Calls       Base Space   Used Autos Params    Refs
 ---------------------------------------------------------------------------------
 (0) _main                                                 0     0      0    2623
                            _InitI2C
                            _InitISR
                            _InitOpt
                            _InitOsc
                            _InitPIN
                          _InitPORTA
                          _InitPORTB
                          _InitPORTC
                           _InitUART
                 _TranslateJoysticks
                     _TranslateTABXY
                         _TranslateX
                         _TranslateY
            _lookup_and_send_buttons
               _lookup_and_send_move
 ---------------------------------------------------------------------------------
 (1) _lookup_and_send_move                                 4     4      0     818
                                             15 BANK0      4     4      0
                             ___wmul
                _send_camera_command
 ---------------------------------------------------------------------------------
 (2) _send_camera_command                                  8     8      0     434
                                              7 BANK0      8     8      0
                             ___wmul
                            _tx_uart
 ---------------------------------------------------------------------------------
 (1) _lookup_and_send_buttons                              4     4      0     818
                                             15 BANK0      4     4      0
                             ___wmul
                 _send_camera_button
 ---------------------------------------------------------------------------------
 (2) _send_camera_button                                   8     8      0     434
                                              7 BANK0      8     8      0
                             ___wmul
                            _tx_uart
 ---------------------------------------------------------------------------------
 (3) _tx_uart                                              1     1      0      29
                                              6 BANK0      1     1      0
                             ___wmul (ARG)
 ---------------------------------------------------------------------------------
 (3) ___wmul                                               6     2      4     160
                                              0 BANK0      6     2      4
 ---------------------------------------------------------------------------------
 (1) _TranslateY                                           1     1      0     329
                                              0 BANK0      1     1      0
 ---------------------------------------------------------------------------------
 (1) _TranslateX                                           1     1      0     329
                                              0 BANK0      1     1      0
 ---------------------------------------------------------------------------------
 (1) _TranslateTABXY                                       2     2      0     282
                                              0 BANK0      2     2      0
 ---------------------------------------------------------------------------------
 (1) _TranslateJoysticks                                   1     1      0      47
                                              0 BANK0      1     1      0
 ---------------------------------------------------------------------------------
 (1) _InitUART                                             0     0      0       0
 ---------------------------------------------------------------------------------
 (1) _InitPORTC                                            0     0      0       0
 ---------------------------------------------------------------------------------
 (1) _InitPORTB                                            0     0      0       0
 ---------------------------------------------------------------------------------
 (1) _InitPORTA                                            0     0      0       0
 ---------------------------------------------------------------------------------
 (1) _InitPIN                                              0     0      0       0
 ---------------------------------------------------------------------------------
 (1) _InitOsc                                              0     0      0       0
 ---------------------------------------------------------------------------------
 (1) _InitOpt                                              0     0      0       0
 ---------------------------------------------------------------------------------
 (1) _InitISR                                              0     0      0       0
 ---------------------------------------------------------------------------------
 (1) _InitI2C                                              0     0      0       0
 ---------------------------------------------------------------------------------
 Estimated maximum stack depth 3
 ---------------------------------------------------------------------------------
 (Depth) Function   	        Calls       Base Space   Used Autos Params    Refs
 ---------------------------------------------------------------------------------
 (4) _ISR                                                  0     0      0     298
                            ___awmod
 ---------------------------------------------------------------------------------
 (5) ___awmod                                              6     2      4     298
                                              0 COMMON     6     2      4
 ---------------------------------------------------------------------------------
 Estimated maximum stack depth 5
 ---------------------------------------------------------------------------------

 Call Graph Graphs:

 _main (ROOT)
   _InitI2C
   _InitISR
   _InitOpt
   _InitOsc
   _InitPIN
   _InitPORTA
   _InitPORTB
   _InitPORTC
   _InitUART
   _TranslateJoysticks
   _TranslateTABXY
   _TranslateX
   _TranslateY
   _lookup_and_send_buttons
     ___wmul
     _send_camera_button
       ___wmul
       _tx_uart
         ___wmul (ARG)
   _lookup_and_send_move
     ___wmul
     _send_camera_command
       ___wmul
       _tx_uart

 _ISR (ROOT)
   ___awmod

Address spaces:
Name               Size   Autos  Total    Usage
BITCOMMON           14      0       0      0.0%
BITBANK0            80      0       0      0.0%
BITBANK1            80      0       0      0.0%
BITBANK2            80      0       0      0.0%
BITBANK3            80      0       0      0.0%
BITBANK4            80      0       0      0.0%
BITBANK5            80      0       0      0.0%
BITBANK6            80      0       0      0.0%
BITBANK7            80      0       0      0.0%
BITBANK8            80      0       0      0.0%
BITBANK9            80      0       0      0.0%
BITBANK10           80      0       0      0.0%
BITBANK11           80      0       0      0.0%
BITBANK12           80      0       0      0.0%
BITBANK13           80      0       0      0.0%
BITBANK14           80      0       0      0.0%
BITBANK15           80      0       0      0.0%
BITBANK16           80      0       0      0.0%
BITBANK17           80      0       0      0.0%
BITBANK18           80      0       0      0.0%
BITBANK19           80      0       0      0.0%
BITBANK20           80      0       0      0.0%
BITBANK21           80      0       0      0.0%
BITBANK22           80      0       0      0.0%
BITBANK23           80      0       0      0.0%
BITBANK24           80      0       0      0.0%
BITBANK25           32      0       0      0.0%
BIGRAM            2032      0       0      0.0%
COMMON              14      6      12     85.7%
BANK0               80     19      29     36.2%
BANK1               80      0       0      0.0%
BANK2               80      0       0      0.0%
BANK3               80      0       0      0.0%
BANK4               80      0       0      0.0%
BANK5               80      0       0      0.0%
BANK6               80      0       0      0.0%
BANK7               80      0       0      0.0%
BANK8               80      0       0      0.0%
BANK9               80      0       0      0.0%
BANK10              80      0       0      0.0%
BANK11              80      0       0      0.0%
BANK12              80      0       0      0.0%
BANK13              80      0       0      0.0%
BANK14              80      0       0      0.0%
BANK15              80      0       0      0.0%
BANK16              80      0       0      0.0%
BANK17              80      0       0      0.0%
BANK18              80      0       0      0.0%
BANK19              80      0       0      0.0%
BANK20              80      0       0      0.0%
BANK21              80      0       0      0.0%
BANK22              80      0       0      0.0%
BANK23              80      0       0      0.0%
BANK24              80      0       0      0.0%
BANK25              32      0       0      0.0%
STACK                0      0       0      0.0%
DATA                 0      0      41      0.0%


Microchip Technology PIC Macro Assembler V3.10 build 20250813170317 
Symbol Table                                                                                   Mon Apr 20 11:36:55 2026

                              _j 0071                               l70 041A                               l73 0417  
                             l82 03F2                               l91 040D                               l67 0413  
                             l76 03D3                               l85 03DE                               l79 03C7  
                             l88 03FC       __end_of_TranslateJoysticks 03BC              ___wmul@multiplicand 0022  
                            l206 02DF                              l223 029E                              l208 02E1  
                            l232 0217                              l225 02A0                              l250 0383  
                            l243 0350                              l180 01B1                              l172 018E  
                            l236 022F                              l229 01E8                              l174 0197  
                            l166 03E1                              l191 03BB                              l239 025E  
                            l176 01A0                              l169 03E8                              l186 01D0  
                            l178 01A9                              l189 03B9                              l381 038F  
                            l383 03A3                              _ISR 0004                              u580 03E5  
                            u581 03E4                              _TxA 0037                              _TxB 0036  
                            _TxJ 0034                              _TxX 003A                              _TxY 003B  
          lookup_and_send_move@i 0032                     ___awmod@sign 007B                              wreg 0009  
                           ?_ISR 0076                             l1241 0411                             l1243 0418  
                           l1251 03BC                             l1245 0414                             l1253 03BF  
                           l1261 03DD                             l1263 03F3                             l1239 040E  
                           l1247 03C8                             l1255 03E9                             l1265 0406  
                           l1249 03CB                             l1257 03EC                             l1601 01C4  
                           l1521 0394                             l1177 03E1                             l1267 040B  
                           l1259 03D4                             l1611 03B6                             l1603 01C5  
                           l1523 0399                             l1515 0384                             l1179 03E5  
                           l1605 01CC                             l1621 02B5                             l1613 02A3  
                           l1525 039F                             l1517 0387                             l1701 037B  
                           l1607 01CF                             l1623 02BB                             l1615 02A9  
                           l1519 038B                             l1551 021A                             l1703 037D  
                           l1535 01D4                             l1711 00A1                             l1609 03B2  
                           l1641 0261                             l1633 02CE                             l1625 02BE  
                           l1617 02AC                             l1561 0229                             l1545 01EA  
                           l1537 01DF                             l1529 01D3                             l1721 00C6  
                           l1713 00B2                             l1705 0080                             l1651 0279  
                           l1643 0267                             l1635 02D4                             l1627 02C4  
                           l1619 02B2                             l1571 0258                             l1547 020E  
                           l1539 01E2                             l1731 00DB                             l1723 00CB  
                           l1715 00B7                             l1707 009B                             l1581 0199  
                           l1573 0187                             l1661 028C                             l1653 027C  
                           l1645 026A                             l1637 02D6                             l1629 02C7  
                           l1557 021B                             l1549 0211                             l1725 00D0  
                           l1717 00BC                             l1709 009C                             l1591 01AF  
                           l1583 019D                             l1575 018B                             l1663 0292  
                           l1655 0282                             l1647 0270                             l1639 02DC  
                           l1567 0231                             l1559 0226                             l1727 00D5  
                           l1719 00C1                             l1593 01B3                             l1585 01A2  
                           l1577 0190                             l1665 0295                             l1657 0285  
                           l1649 0273                             l1569 0255                             l1681 0343  
                           l1673 0326                             l1729 00DA                             l1595 01B7  
                           l1587 01A6                             l1579 0194                             l1667 029B  
                           l1691 0359                             l1683 0348                             l1597 01BC  
                           l1589 01AB                             l1685 034A                             l1669 0320  
                           l1599 01BE                             l1687 0353                             l1679 0327  
                           l1697 035A                             l1699 0376                             u1200 0217  
                           u1201 0216                             u1210 022F                             u1211 022E  
                           u1300 01C4                             u1220 025E                             u1301 01C3  
                           u1221 025D                             u1310 03B6                             u1230 018B  
                           u1150 038B                             u1311 03B5                             u1231 018A  
                           u1151 038A                             u1240 0194                             u1400 0270  
                           u1320 02A9                             u1241 0193                             u1401 026F  
                           u1321 02A8                             u1250 019D                             u1410 0279  
                           u1330 02B2                             u1251 019C                             u1411 0278  
                           u1331 02B1                             u1260 01A6                             u1420 0282  
                           u1340 02BB                             u1180 039F                             u1500 0376  
                           u1261 01A5                             u1421 0281                             u1341 02BA  
                           u1181 039E                             u1165 0390                             u1501 0375  
                           u1270 01AF                             u1430 028B                             u1350 02C4  
                           u1510 0383                             u1190 01E8                             u1271 01AE  
                           u1431 028A                             u1351 02C3                             u1175 0395  
                           u1511 0382                             u1191 01E7                             u1280 01B7  
                           u1440 0292                             u1360 02CD                             u1520 00A1  
                           u1281 01B6                             u1441 0291                             u1361 02CC  
                           u1521 00A0                             u1290 01BC                             u1450 029B  
                           u1370 02D4                             u1291 01BB                             u1451 029A  
                           u1371 02D3                             u1380 02DC                             u1460 0325  
                           u1381 02DB                             u1461 0324                             u1390 0267  
                           u1470 0343                             u1391 0266                             u1471 0342  
                           u1480 0350                             u1481 034F                             u1490 0358  
                           u1491 0357                             _PIE1 0091                             _PIE2 0092  
                           _PIE3 0093                             _WPUA 020C                             _WPUB 020D  
                           _WPUC 020E                             _TxBY 0035                             _TxTL 0039  
                           _TxTR 0038                             _main 0080                             fsr0h 0005  
                           fsr1h 0007                             indf0 0000                             fsr0l 0004  
                           fsr1l 0006                             btemp 007E                             start 0069  
                __end_of_InitI2C 03FD                  __end_of_InitISR 040E                  __end_of_InitPIN 0418  
                __end_of_InitOsc 0414                  __end_of_InitOpt 041B                            ??_ISR 007C  
                          ?_main 0076                  __end_of___awmod 0185                            i1l261 0018  
                          i1l274 0067                            i1l259 001D                            i1l547 0184  
                          _PORTB 000D                            _TRISA 008C                            _TRISB 008D  
                          _TRISC 008E                            u96_20 0139                            u96_21 0138  
                          u97_20 0144                            u97_21 0143                            u98_20 014F  
                          u98_21 014E                            u99_25 0153           TranslateJoysticks@byte 0020  
     __end_of_send_camera_button 025F                            btemp0 007E                            btemp1 007F  
        lookup_and_send_move@cmd 0031                            status 0003                            wtemp0 007E  
                __end_of_tx_uart 03E9                  __initialization 006B                     __end_of_main 00E0  
               __end_of_InitUART 03DF                           ??_main 0033                           _ANSELA 018C  
                         _ANSELB 018D                           _RC1STA 019D                           u100_20 015D  
                         u100_21 015C                           u101_20 0167                           u101_21 0166  
                         u101_25 0163                           u110_20 002E                           u110_21 002D  
                         u102_25 016C                           u103_20 0176                           u111_20 0038  
                         u103_21 0175                           i1l1401 0134                           u111_21 0037  
                         i1l1411 0144                           i1l1403 0135                           i1l1421 0159  
                         i1l1413 0149                           i1l1405 0139                           i1l1423 015D  
                         i1l1415 014F                           i1l1431 0176                           i1l1407 013E  
                         u104_20 017B                           u112_20 0042                           i1l1433 017B  
                         u104_21 017A                           i1l1425 0167                           i1l1417 0152  
                         i1l1409 0140                           u112_21 0041                           i1l1441 000F  
                         i1l1435 0180                           i1l1427 016B                           i1l1419 0157  
                         i1l1451 0026                           i1l1443 0014                           i1l1429 0170  
                         i1l1461 0032                           i1l1453 0027                           i1l1445 001A  
                         i1l1471 0044                           i1l1463 0038                           i1l1455 0029  
                         i1l1447 001B                           i1l1439 000A                           u113_20 004C  
                         u105_20 000F                           u113_21 004B                           i1l1473 0046  
                         i1l1465 003A                           i1l1457 002E                           i1l1481 0053  
                         i1l1449 0021                           u105_21 000E                           i1l1475 004C  
                         i1l1467 003C                           i1l1459 0030                           i1l1483 0064  
                         i1l1477 004F                           i1l1469 0042                           i1l1485 0065  
                         i1l1479 0051                           u106_20 0014                           u106_21 0013  
                         u107_20 0018                           u107_21 0017                           u108_20 0021  
                         u108_21 0020                           u109_20 0026                           u109_21 0025  
                         _INLVLA 038C                           _INLVLB 038D                           _INLVLC 038E  
                         _INTCON 000B                           _OSCCON 0099                           _TX1REG 019A  
                         _TX1STA 019E                        ??_InitI2C 0020                        ??_InitISR 0020  
                      ??_InitPIN 0020                        ??_InitOsc 0020                        ??_InitOpt 0020  
                         _TsABXY 0072                   TranslateX@byte 0020                           _X_Byte 0074  
                 TranslateY@byte 0020                           _Y_Byte 0073      __end_of_send_camera_command 0218  
               ??_TranslateTABXY 0020         lookup_and_send_buttons@i 0032                           ___wmul 0384  
                      ??___awmod 007A                  ___awmod@divisor 0076                  ___awmod@counter 007A  
                         ltemp0a 0080            __end_of_header_static 0406                           ttemp0a 007F  
                     _TranslateX 025F                       _TranslateY 02A1                           wtemp0a 007F  
                      ??_tx_uart 0026          __end_of__initialization 007C                   __pcstackCOMMON 0076  
               _cmd_button_table 02E2         ?_lookup_and_send_buttons 0076                __end_of_InitPORTA 03D4  
              __end_of_InitPORTB 03C8                __end_of_InitPORTC 03F3     __end_of_lookup_and_send_move 0351  
             _TranslateJoysticks 03B0                       __pbssBANK0 0033                        ?_InitUART 0076  
            ?_TranslateJoysticks 0076                       __pmaintext 0080                       _header_dir 03A4  
                        ?___wmul 0020                       __pintentry 0004                          _APFCON1 011D  
                        _APFCON2 011C                          _CLKRCON 051A             ??_TranslateJoysticks 0020  
                        _SP1BRGH 019C                          _SP1BRGL 019B                          _SSP1ADD 0212  
                        _SLRCONA 030C                          _SLRCONB 030D                          _SLRCONC 030E  
                        _SSP1BUF 0211                      ?_TranslateX 0076                      ?_TranslateY 0076  
                     ??_InitUART 0020                __end_of_cmd_table 0134                          _InitI2C 03F3  
                        _InitISR 0406                          _InitPIN 0414                          _InitOsc 040E  
                        _InitOpt 0418               _send_camera_button 0218                          ___awmod 0134  
            ?_send_camera_button 0076                          __ptext1 031E                          __ptext2 01D1  
                        __ptext3 0351                          __ptext4 0218                          __ptext5 03DF  
                        __ptext6 0384                          __ptext7 02A1                          __ptext8 025F  
                        __ptext9 0185                 ___awmod@dividend 0078                          _rx_done 0075  
                        _tx_uart 03DF             ??_send_camera_button 0027             end_of_initialization 007C  
                        _xy_last 0033             _lookup_and_send_move 031E                       _mux_select 0070  
       __end_of_cmd_button_table 031E            ?_lookup_and_send_move 0076                   __end_of___wmul 03A4  
                      _InitPORTA 03C8                        _InitPORTB 03BC                        _InitPORTC 03E9  
            start_initialization 006B                      __end_of_ISR 0069       lookup_and_send_buttons@cmd 0031  
                       ??___wmul 0024                       ?_InitPORTA 0076                       ?_InitPORTB 0076  
                     ?_InitPORTC 0076                      __pbssCOMMON 0070                        ___latbits 0003  
                  __pcstackBANK0 0020                     ??_TranslateX 0020                     ??_TranslateY 0020  
        send_camera_command@byte 002D                         ?_InitI2C 0076                         ?_InitISR 0076  
                       ?_InitPIN 0076                         ?_InitOsc 0076                         ?_InitOpt 0076  
         ??_lookup_and_send_move 002F                        _cmd_table 00E0                         ?___awmod 0076  
             __end_of_TranslateX 02A1               __end_of_TranslateY 02E2                         _BAUD1CON 019F  
                    tx_uart@byte 0026                    _header_static 03FD             send_camera_command@i 002E  
                       ?_tx_uart 0076                   ___wmul@product 0024                         _PIR1bits 0011  
                       _SSP1CON1 0215                         _SSP1CON2 0216                         _SSP1STAT 0214  
                       _JButtons 003C                ___wmul@multiplier 0020                      ??_InitPORTA 0020  
                    ??_InitPORTB 0020                      ??_InitPORTC 0020          _lookup_and_send_buttons 0351  
             __end_of_header_dir 03B0                         _InitUART 03D4              _send_camera_command 01D1  
           ?_send_camera_command 0076                         ___int_sp 0000                   _TranslateTABXY 0185  
                       __ptext10 03B0                         __ptext11 03D4                         __ptext12 03E9  
                       __ptext21 0134                         __ptext13 03BC                         __ptext14 03C8  
                       __ptext15 0414                         __ptext16 040E                         __ptext17 0418  
                       __ptext18 0406                         __ptext19 03F3                     _SSP1CON1bits 0215  
            send_camera_button@i 002E                         int$flags 007E            ??_send_camera_command 0027  
                   _SSP1STATbits 0214           __end_of_TranslateTABXY 01D1        ??_lookup_and_send_buttons 002F  
                     _INTCONbits 000B                         intlevel1 0000           send_camera_button@byte 002D  
                ?_TranslateTABXY 0076                    __pstringtext1 00E0                    __pstringtext2 02E2  
                  __pstringtext3 03A4                    __pstringtext4 03FD                       _OPTION_REG 0095  
             TranslateTABXY@byte 0021  __end_of_lookup_and_send_buttons 0384  
