ISO-10303-21;
HEADER;
FILE_DESCRIPTION(('KiCad electronic assembly'),'2;1');
FILE_NAME('ThermalCamera.step','2026-04-28T11:51:04',('Pcbnew'),('Kicad'
    ),'Open CASCADE STEP processor 7.8','KiCad to STEP converter',
  'Unknown');
FILE_SCHEMA(('AUTOMOTIVE_DESIGN { 1 0 10303 214 1 1 1 1 }'));
ENDSEC;
DATA;
#1 = APPLICATION_PROTOCOL_DEFINITION('international standard',
  'automotive_design',2000,#2);
#2 = APPLICATION_CONTEXT(
  'core data for automotive mechanical design processes');
#3 = SHAPE_DEFINITION_REPRESENTATION(#4,#10);
#4 = PRODUCT_DEFINITION_SHAPE('','',#5);
#5 = PRODUCT_DEFINITION('design','',#6,#9);
#6 = PRODUCT_DEFINITION_FORMATION('','',#7);
#7 = PRODUCT('ThermalCamera 1','ThermalCamera 1','',(#8));
#8 = PRODUCT_CONTEXT('',#2,'mechanical');
#9 = PRODUCT_DEFINITION_CONTEXT('part definition',#2,'design');
#10 = SHAPE_REPRESENTATION('',(#11,#15,#19,#23,#27,#31,#35,#39,#43,#47,
    #51,#55,#59,#63,#67,#71,#75,#79,#83,#87,#91,#95,#99,#103,#107,#111,
    #115,#119,#123,#127,#131,#135,#139,#143,#147,#151,#155,#159),#163);
#11 = AXIS2_PLACEMENT_3D('',#12,#13,#14);
#12 = CARTESIAN_POINT('',(0.,0.,0.));
#13 = DIRECTION('',(0.,0.,1.));
#14 = DIRECTION('',(1.,0.,-0.));
#15 = AXIS2_PLACEMENT_3D('',#16,#17,#18);
#16 = CARTESIAN_POINT('',(226.83,-191.75,1.595));
#17 = DIRECTION('',(-0.,0.,1.));
#18 = DIRECTION('',(1.110223024625E-16,-1.,0.));
#19 = AXIS2_PLACEMENT_3D('',#20,#21,#22);
#20 = CARTESIAN_POINT('',(212.147,-168.056,1.595));
#21 = DIRECTION('',(0.,0.,1.));
#22 = DIRECTION('',(1.,0.,0.));
#23 = AXIS2_PLACEMENT_3D('',#24,#25,#26);
#24 = CARTESIAN_POINT('',(211.,-105.147,1.595));
#25 = DIRECTION('',(-0.,0.,1.));
#26 = DIRECTION('',(1.110223024625E-16,-1.,0.));
#27 = AXIS2_PLACEMENT_3D('',#28,#29,#30);
#28 = CARTESIAN_POINT('',(242.77,-165.75,1.595));
#29 = DIRECTION('',(0.,0.,1.));
#30 = DIRECTION('',(1.,0.,0.));
#31 = AXIS2_PLACEMENT_3D('',#32,#33,#34);
#32 = CARTESIAN_POINT('',(196.897,-168.,1.595));
#33 = DIRECTION('',(0.,0.,1.));
#34 = DIRECTION('',(-1.,1.224646799147E-16,0.));
#35 = AXIS2_PLACEMENT_3D('',#36,#37,#38);
#36 = CARTESIAN_POINT('',(244.87,-191.75,1.595));
#37 = DIRECTION('',(-0.,0.,1.));
#38 = DIRECTION('',(1.110223024625E-16,-1.,0.));
#39 = AXIS2_PLACEMENT_3D('',#40,#41,#42);
#40 = CARTESIAN_POINT('',(217.58,-191.75,1.595));
#41 = DIRECTION('',(-0.,0.,1.));
#42 = DIRECTION('',(1.110223024625E-16,-1.,0.));
#43 = AXIS2_PLACEMENT_3D('',#44,#45,#46);
#44 = CARTESIAN_POINT('',(201.5,-121.25,1.595));
#45 = DIRECTION('',(-0.,0.,1.));
#46 = DIRECTION('',(1.110223024625E-16,-1.,0.));
#47 = AXIS2_PLACEMENT_3D('',#48,#49,#50);
#48 = CARTESIAN_POINT('',(210.897,-147.409,1.595));
#49 = DIRECTION('',(-0.,0.,1.));
#50 = DIRECTION('',(1.110223024625E-16,-1.,0.));
#51 = AXIS2_PLACEMENT_3D('',#52,#53,#54);
#52 = CARTESIAN_POINT('',(213.606,-111.033,1.595));
#53 = DIRECTION('',(-0.,0.,1.));
#54 = DIRECTION('',(1.110223024625E-16,-1.,0.));
#55 = AXIS2_PLACEMENT_3D('',#56,#57,#58);
#56 = CARTESIAN_POINT('',(199.1,-152.306,1.595));
#57 = DIRECTION('',(0.,0.,1.));
#58 = DIRECTION('',(-1.,1.224646799147E-16,0.));
#59 = AXIS2_PLACEMENT_3D('',#60,#61,#62);
#60 = CARTESIAN_POINT('',(236.75,-176.853,1.595));
#61 = DIRECTION('',(-0.,0.,1.));
#62 = DIRECTION('',(1.110223024625E-16,-1.,0.));
#63 = AXIS2_PLACEMENT_3D('',#64,#65,#66);
#64 = CARTESIAN_POINT('',(197.,-147.409,1.595));
#65 = DIRECTION('',(0.,-0.,1.));
#66 = DIRECTION('',(1.110223024625E-16,1.,0.));
#67 = AXIS2_PLACEMENT_3D('',#68,#69,#70);
#68 = CARTESIAN_POINT('',(229.,-146.75,1.595));
#69 = DIRECTION('',(0.,0.,1.));
#70 = DIRECTION('',(-1.,1.224646799147E-16,0.));
#71 = AXIS2_PLACEMENT_3D('',#72,#73,#74);
#72 = CARTESIAN_POINT('',(217.603,-142.75,1.595));
#73 = DIRECTION('',(0.,0.,1.));
#74 = DIRECTION('',(-1.,1.224646799147E-16,0.));
#75 = AXIS2_PLACEMENT_3D('',#76,#77,#78);
#76 = CARTESIAN_POINT('',(200.603,-148.806,1.595));
#77 = DIRECTION('',(0.,0.,1.));
#78 = DIRECTION('',(1.,0.,0.));
#79 = AXIS2_PLACEMENT_3D('',#80,#81,#82);
#80 = CARTESIAN_POINT('',(219.5,-156.456,1.595));
#81 = DIRECTION('',(0.,0.,1.));
#82 = DIRECTION('',(-1.,1.224646799147E-16,0.));
#83 = AXIS2_PLACEMENT_3D('',#84,#85,#86);
#84 = CARTESIAN_POINT('',(208.,-166.659,1.595));
#85 = DIRECTION('',(0.,-0.,1.));
#86 = DIRECTION('',(1.110223024625E-16,1.,0.));
#87 = AXIS2_PLACEMENT_3D('',#88,#89,#90);
#88 = CARTESIAN_POINT('',(214.897,-139.25,1.595));
#89 = DIRECTION('',(0.,0.,1.));
#90 = DIRECTION('',(-1.,1.224646799147E-16,0.));
#91 = AXIS2_PLACEMENT_3D('',#92,#93,#94);
#92 = CARTESIAN_POINT('',(213.5,-164.159,1.595));
#93 = DIRECTION('',(0.,-0.,1.));
#94 = DIRECTION('',(1.110223024625E-16,1.,0.));
#95 = AXIS2_PLACEMENT_3D('',#96,#97,#98);
#96 = CARTESIAN_POINT('',(238.123,-170.,1.595));
#97 = DIRECTION('',(0.,0.,1.));
#98 = DIRECTION('',(-1.,1.224646799147E-16,0.));
#99 = AXIS2_PLACEMENT_3D('',#100,#101,#102);
#100 = CARTESIAN_POINT('',(210.75,-126.147,1.595));
#101 = DIRECTION('',(-0.,0.,1.));
#102 = DIRECTION('',(1.110223024625E-16,-1.,0.));
#103 = AXIS2_PLACEMENT_3D('',#104,#105,#106);
#104 = CARTESIAN_POINT('',(190.75,-103.75,1.595));
#105 = DIRECTION('',(-0.,0.,1.));
#106 = DIRECTION('',(1.110223024625E-16,-1.,0.));
#107 = AXIS2_PLACEMENT_3D('',#108,#109,#110);
#108 = CARTESIAN_POINT('',(214.25,-187.603,1.595));
#109 = DIRECTION('',(0.,-0.,1.));
#110 = DIRECTION('',(1.110223024625E-16,1.,0.));
#111 = AXIS2_PLACEMENT_3D('',#112,#113,#114);
#112 = CARTESIAN_POINT('',(206.37,-191.75,1.595));
#113 = DIRECTION('',(-0.,0.,1.));
#114 = DIRECTION('',(1.110223024625E-16,-1.,0.));
#115 = AXIS2_PLACEMENT_3D('',#116,#117,#118);
#116 = CARTESIAN_POINT('',(214.5,-123.353,1.595));
#117 = DIRECTION('',(-0.,0.,1.));
#118 = DIRECTION('',(1.110223024625E-16,-1.,0.));
#119 = AXIS2_PLACEMENT_3D('',#120,#121,#122);
#120 = CARTESIAN_POINT('',(205.897,-148.806,1.595));
#121 = DIRECTION('',(0.,0.,1.));
#122 = DIRECTION('',(1.,0.,0.));
#123 = AXIS2_PLACEMENT_3D('',#124,#125,#126);
#124 = CARTESIAN_POINT('',(213.606,-105.147,1.595));
#125 = DIRECTION('',(0.,-0.,1.));
#126 = DIRECTION('',(1.110223024625E-16,1.,0.));
#127 = AXIS2_PLACEMENT_3D('',#128,#129,#130);
#128 = CARTESIAN_POINT('',(195.,-105.147,1.595));
#129 = DIRECTION('',(-0.,0.,1.));
#130 = DIRECTION('',(1.110223024625E-16,-1.,0.));
#131 = AXIS2_PLACEMENT_3D('',#132,#133,#134);
#132 = CARTESIAN_POINT('',(191.25,-166.147,1.595));
#133 = DIRECTION('',(-0.,0.,1.));
#134 = DIRECTION('',(1.110223024625E-16,-1.,0.));
#135 = AXIS2_PLACEMENT_3D('',#136,#137,#138);
#136 = CARTESIAN_POINT('',(191.397,-160.647,1.595));
#137 = DIRECTION('',(0.,0.,1.));
#138 = DIRECTION('',(-1.,1.224646799147E-16,0.));
#139 = AXIS2_PLACEMENT_3D('',#140,#141,#142);
#140 = CARTESIAN_POINT('',(209.397,-121.25,1.595));
#141 = DIRECTION('',(0.,0.,1.));
#142 = DIRECTION('',(1.,0.,0.));
#143 = AXIS2_PLACEMENT_3D('',#144,#145,#146);
#144 = CARTESIAN_POINT('',(203.647,-168.056,1.595));
#145 = DIRECTION('',(0.,0.,1.));
#146 = DIRECTION('',(1.,0.,0.));
#147 = AXIS2_PLACEMENT_3D('',#148,#149,#150);
#148 = CARTESIAN_POINT('',(194.33,-191.75,1.595));
#149 = DIRECTION('',(-0.,0.,1.));
#150 = DIRECTION('',(1.110223024625E-16,-1.,0.));
#151 = AXIS2_PLACEMENT_3D('',#152,#153,#154);
#152 = CARTESIAN_POINT('',(238.02,-165.75,1.595));
#153 = DIRECTION('',(0.,0.,1.));
#154 = DIRECTION('',(-1.,1.224646799147E-16,0.));
#155 = AXIS2_PLACEMENT_3D('',#156,#157,#158);
#156 = CARTESIAN_POINT('',(211.75,-187.603,1.595));
#157 = DIRECTION('',(0.,-0.,1.));
#158 = DIRECTION('',(1.110223024625E-16,1.,0.));
#159 = AXIS2_PLACEMENT_3D('',#160,#161,#162);
#160 = CARTESIAN_POINT('',(0.,0.,0.));
#161 = DIRECTION('',(0.,0.,1.));
#162 = DIRECTION('',(1.,0.,-0.));
#163 = ( GEOMETRIC_REPRESENTATION_CONTEXT(3) 
GLOBAL_UNCERTAINTY_ASSIGNED_CONTEXT((#167)) GLOBAL_UNIT_ASSIGNED_CONTEXT
((#164,#165,#166)) REPRESENTATION_CONTEXT('Context #1',
  '3D Context with UNIT and UNCERTAINTY') );
#164 = ( LENGTH_UNIT() NAMED_UNIT(*) SI_UNIT(.MILLI.,.METRE.) );
#165 = ( NAMED_UNIT(*) PLANE_ANGLE_UNIT() SI_UNIT($,.RADIAN.) );
#166 = ( NAMED_UNIT(*) SI_UNIT($,.STERADIAN.) SOLID_ANGLE_UNIT() );
#167 = UNCERTAINTY_MEASURE_WITH_UNIT(LENGTH_MEASURE(2.E-07),#164,
  'distance_accuracy_value','confusion accuracy');
#168 = PRODUCT_RELATED_PRODUCT_CATEGORY('part',$,(#7));
#169 = SHAPE_DEFINITION_REPRESENTATION(#170,#176);
#170 = PRODUCT_DEFINITION_SHAPE('','',#171);
#171 = PRODUCT_DEFINITION('design','',#172,#175);
#172 = PRODUCT_DEFINITION_FORMATION('','',#173);
#173 = PRODUCT('PinHeader_1x03_P2.54mm_Vertical',
  'PinHeader_1x03_P2.54mm_Vertical','',(#174));
#174 = PRODUCT_CONTEXT('',#2,'mechanical');
#175 = PRODUCT_DEFINITION_CONTEXT('part definition',#2,'design');
#176 = ADVANCED_BREP_SHAPE_REPRESENTATION('',(#11,#177),#2283);
#177 = MANIFOLD_SOLID_BREP('',#178);
#178 = CLOSED_SHELL('',(#179,#219,#250,#281,#528,#775,#792,#809,#826,
    #843,#860,#877,#894,#911,#928,#945,#962,#979,#996,#1013,#1030,#1047,
    #1059,#1090,#1114,#1138,#1155,#1186,#1210,#1234,#1251,#1282,#1306,
    #1330,#1347,#1378,#1402,#1426,#1443,#1474,#1498,#1522,#1539,#1570,
    #1594,#1618,#1635,#1666,#1690,#1714,#1731,#1762,#1786,#1810,#1827,
    #1858,#1882,#1906,#1923,#1954,#1978,#2002,#2019,#2050,#2074,#2098,
    #2115,#2146,#2170,#2194,#2211,#2223,#2235,#2247,#2259,#2271));
#179 = ADVANCED_FACE('',(#180),#214,.F.);
#180 = FACE_BOUND('',#181,.F.);
#181 = EDGE_LOOP('',(#182,#192,#200,#208));
#182 = ORIENTED_EDGE('',*,*,#183,.T.);
#183 = EDGE_CURVE('',#184,#186,#188,.T.);
#184 = VERTEX_POINT('',#185);
#185 = CARTESIAN_POINT('',(-1.016,1.27,0.));
#186 = VERTEX_POINT('',#187);
#187 = CARTESIAN_POINT('',(-1.016,1.27,2.54));
#188 = LINE('',#189,#190);
#189 = CARTESIAN_POINT('',(-1.016,1.27,0.));
#190 = VECTOR('',#191,1.);
#191 = DIRECTION('',(0.,0.,1.));
#192 = ORIENTED_EDGE('',*,*,#193,.T.);
#193 = EDGE_CURVE('',#186,#194,#196,.T.);
#194 = VERTEX_POINT('',#195);
#195 = CARTESIAN_POINT('',(-1.27,1.016,2.54));
#196 = LINE('',#197,#198);
#197 = CARTESIAN_POINT('',(-1.016,1.27,2.54));
#198 = VECTOR('',#199,1.);
#199 = DIRECTION('',(-0.707106781187,-0.707106781187,0.));
#200 = ORIENTED_EDGE('',*,*,#201,.F.);
#201 = EDGE_CURVE('',#202,#194,#204,.T.);
#202 = VERTEX_POINT('',#203);
#203 = CARTESIAN_POINT('',(-1.27,1.016,0.));
#204 = LINE('',#205,#206);
#205 = CARTESIAN_POINT('',(-1.27,1.016,0.));
#206 = VECTOR('',#207,1.);
#207 = DIRECTION('',(0.,0.,1.));
#208 = ORIENTED_EDGE('',*,*,#209,.F.);
#209 = EDGE_CURVE('',#184,#202,#210,.T.);
#210 = LINE('',#211,#212);
#211 = CARTESIAN_POINT('',(-1.016,1.27,0.));
#212 = VECTOR('',#213,1.);
#213 = DIRECTION('',(-0.707106781187,-0.707106781187,0.));
#214 = PLANE('',#215);
#215 = AXIS2_PLACEMENT_3D('',#216,#217,#218);
#216 = CARTESIAN_POINT('',(-1.016,1.27,0.));
#217 = DIRECTION('',(0.707106781187,-0.707106781187,0.));
#218 = DIRECTION('',(-0.707106781187,-0.707106781187,0.));
#219 = ADVANCED_FACE('',(#220),#245,.F.);
#220 = FACE_BOUND('',#221,.F.);
#221 = EDGE_LOOP('',(#222,#232,#238,#239));
#222 = ORIENTED_EDGE('',*,*,#223,.T.);
#223 = EDGE_CURVE('',#224,#226,#228,.T.);
#224 = VERTEX_POINT('',#225);
#225 = CARTESIAN_POINT('',(1.016,1.27,0.));
#226 = VERTEX_POINT('',#227);
#227 = CARTESIAN_POINT('',(1.016,1.27,2.54));
#228 = LINE('',#229,#230);
#229 = CARTESIAN_POINT('',(1.016,1.27,0.));
#230 = VECTOR('',#231,1.);
#231 = DIRECTION('',(0.,0.,1.));
#232 = ORIENTED_EDGE('',*,*,#233,.T.);
#233 = EDGE_CURVE('',#226,#186,#234,.T.);
#234 = LINE('',#235,#236);
#235 = CARTESIAN_POINT('',(1.016,1.27,2.54));
#236 = VECTOR('',#237,1.);
#237 = DIRECTION('',(-1.,0.,0.));
#238 = ORIENTED_EDGE('',*,*,#183,.F.);
#239 = ORIENTED_EDGE('',*,*,#240,.F.);
#240 = EDGE_CURVE('',#224,#184,#241,.T.);
#241 = LINE('',#242,#243);
#242 = CARTESIAN_POINT('',(1.016,1.27,0.));
#243 = VECTOR('',#244,1.);
#244 = DIRECTION('',(-1.,0.,0.));
#245 = PLANE('',#246);
#246 = AXIS2_PLACEMENT_3D('',#247,#248,#249);
#247 = CARTESIAN_POINT('',(1.016,1.27,0.));
#248 = DIRECTION('',(0.,-1.,0.));
#249 = DIRECTION('',(-1.,0.,0.));
#250 = ADVANCED_FACE('',(#251),#276,.F.);
#251 = FACE_BOUND('',#252,.F.);
#252 = EDGE_LOOP('',(#253,#254,#262,#270));
#253 = ORIENTED_EDGE('',*,*,#201,.T.);
#254 = ORIENTED_EDGE('',*,*,#255,.T.);
#255 = EDGE_CURVE('',#194,#256,#258,.T.);
#256 = VERTEX_POINT('',#257);
#257 = CARTESIAN_POINT('',(-1.27,-1.016,2.54));
#258 = LINE('',#259,#260);
#259 = CARTESIAN_POINT('',(-1.27,1.016,2.54));
#260 = VECTOR('',#261,1.);
#261 = DIRECTION('',(0.,-1.,0.));
#262 = ORIENTED_EDGE('',*,*,#263,.F.);
#263 = EDGE_CURVE('',#264,#256,#266,.T.);
#264 = VERTEX_POINT('',#265);
#265 = CARTESIAN_POINT('',(-1.27,-1.016,0.));
#266 = LINE('',#267,#268);
#267 = CARTESIAN_POINT('',(-1.27,-1.016,0.));
#268 = VECTOR('',#269,1.);
#269 = DIRECTION('',(0.,0.,1.));
#270 = ORIENTED_EDGE('',*,*,#271,.F.);
#271 = EDGE_CURVE('',#202,#264,#272,.T.);
#272 = LINE('',#273,#274);
#273 = CARTESIAN_POINT('',(-1.27,1.016,0.));
#274 = VECTOR('',#275,1.);
#275 = DIRECTION('',(0.,-1.,0.));
#276 = PLANE('',#277);
#277 = AXIS2_PLACEMENT_3D('',#278,#279,#280);
#278 = CARTESIAN_POINT('',(-1.27,1.016,0.));
#279 = DIRECTION('',(1.,0.,0.));
#280 = DIRECTION('',(0.,-1.,0.));
#281 = ADVANCED_FACE('',(#282,#421,#455,#489),#523,.F.);
#282 = FACE_BOUND('',#283,.F.);
#283 = EDGE_LOOP('',(#284,#285,#286,#294,#302,#310,#318,#326,#334,#342,
    #350,#358,#366,#374,#382,#390,#398,#406,#414,#420));
#284 = ORIENTED_EDGE('',*,*,#209,.T.);
#285 = ORIENTED_EDGE('',*,*,#271,.T.);
#286 = ORIENTED_EDGE('',*,*,#287,.T.);
#287 = EDGE_CURVE('',#264,#288,#290,.T.);
#288 = VERTEX_POINT('',#289);
#289 = CARTESIAN_POINT('',(-1.016,-1.27,0.));
#290 = LINE('',#291,#292);
#291 = CARTESIAN_POINT('',(-1.27,-1.016,0.));
#292 = VECTOR('',#293,1.);
#293 = DIRECTION('',(0.707106781187,-0.707106781187,0.));
#294 = ORIENTED_EDGE('',*,*,#295,.T.);
#295 = EDGE_CURVE('',#288,#296,#298,.T.);
#296 = VERTEX_POINT('',#297);
#297 = CARTESIAN_POINT('',(-1.27,-1.524,0.));
#298 = LINE('',#299,#300);
#299 = CARTESIAN_POINT('',(-1.016,-1.27,0.));
#300 = VECTOR('',#301,1.);
#301 = DIRECTION('',(-0.707106781187,-0.707106781187,0.));
#302 = ORIENTED_EDGE('',*,*,#303,.T.);
#303 = EDGE_CURVE('',#296,#304,#306,.T.);
#304 = VERTEX_POINT('',#305);
#305 = CARTESIAN_POINT('',(-1.27,-3.556,0.));
#306 = LINE('',#307,#308);
#307 = CARTESIAN_POINT('',(-1.27,-1.524,0.));
#308 = VECTOR('',#309,1.);
#309 = DIRECTION('',(0.,-1.,0.));
#310 = ORIENTED_EDGE('',*,*,#311,.T.);
#311 = EDGE_CURVE('',#304,#312,#314,.T.);
#312 = VERTEX_POINT('',#313);
#313 = CARTESIAN_POINT('',(-1.016,-3.81,0.));
#314 = LINE('',#315,#316);
#315 = CARTESIAN_POINT('',(-1.27,-3.556,0.));
#316 = VECTOR('',#317,1.);
#317 = DIRECTION('',(0.707106781187,-0.707106781187,0.));
#318 = ORIENTED_EDGE('',*,*,#319,.T.);
#319 = EDGE_CURVE('',#312,#320,#322,.T.);
#320 = VERTEX_POINT('',#321);
#321 = CARTESIAN_POINT('',(-1.27,-4.064,0.));
#322 = LINE('',#323,#324);
#323 = CARTESIAN_POINT('',(-1.016,-3.81,0.));
#324 = VECTOR('',#325,1.);
#325 = DIRECTION('',(-0.707106781187,-0.707106781187,0.));
#326 = ORIENTED_EDGE('',*,*,#327,.T.);
#327 = EDGE_CURVE('',#320,#328,#330,.T.);
#328 = VERTEX_POINT('',#329);
#329 = CARTESIAN_POINT('',(-1.27,-6.096,0.));
#330 = LINE('',#331,#332);
#331 = CARTESIAN_POINT('',(-1.27,-4.064,0.));
#332 = VECTOR('',#333,1.);
#333 = DIRECTION('',(0.,-1.,0.));
#334 = ORIENTED_EDGE('',*,*,#335,.T.);
#335 = EDGE_CURVE('',#328,#336,#338,.T.);
#336 = VERTEX_POINT('',#337);
#337 = CARTESIAN_POINT('',(-1.016,-6.35,0.));
#338 = LINE('',#339,#340);
#339 = CARTESIAN_POINT('',(-1.27,-6.096,0.));
#340 = VECTOR('',#341,1.);
#341 = DIRECTION('',(0.707106781187,-0.707106781187,0.));
#342 = ORIENTED_EDGE('',*,*,#343,.T.);
#343 = EDGE_CURVE('',#336,#344,#346,.T.);
#344 = VERTEX_POINT('',#345);
#345 = CARTESIAN_POINT('',(1.016,-6.35,0.));
#346 = LINE('',#347,#348);
#347 = CARTESIAN_POINT('',(-1.016,-6.35,0.));
#348 = VECTOR('',#349,1.);
#349 = DIRECTION('',(1.,0.,0.));
#350 = ORIENTED_EDGE('',*,*,#351,.T.);
#351 = EDGE_CURVE('',#344,#352,#354,.T.);
#352 = VERTEX_POINT('',#353);
#353 = CARTESIAN_POINT('',(1.27,-6.096,0.));
#354 = LINE('',#355,#356);
#355 = CARTESIAN_POINT('',(1.016,-6.35,0.));
#356 = VECTOR('',#357,1.);
#357 = DIRECTION('',(0.707106781187,0.707106781187,0.));
#358 = ORIENTED_EDGE('',*,*,#359,.T.);
#359 = EDGE_CURVE('',#352,#360,#362,.T.);
#360 = VERTEX_POINT('',#361);
#361 = CARTESIAN_POINT('',(1.27,-4.064,0.));
#362 = LINE('',#363,#364);
#363 = CARTESIAN_POINT('',(1.27,-6.096,0.));
#364 = VECTOR('',#365,1.);
#365 = DIRECTION('',(0.,1.,0.));
#366 = ORIENTED_EDGE('',*,*,#367,.T.);
#367 = EDGE_CURVE('',#360,#368,#370,.T.);
#368 = VERTEX_POINT('',#369);
#369 = CARTESIAN_POINT('',(1.016,-3.81,0.));
#370 = LINE('',#371,#372);
#371 = CARTESIAN_POINT('',(1.27,-4.064,0.));
#372 = VECTOR('',#373,1.);
#373 = DIRECTION('',(-0.707106781187,0.707106781187,0.));
#374 = ORIENTED_EDGE('',*,*,#375,.T.);
#375 = EDGE_CURVE('',#368,#376,#378,.T.);
#376 = VERTEX_POINT('',#377);
#377 = CARTESIAN_POINT('',(1.27,-3.556,0.));
#378 = LINE('',#379,#380);
#379 = CARTESIAN_POINT('',(1.016,-3.81,0.));
#380 = VECTOR('',#381,1.);
#381 = DIRECTION('',(0.707106781187,0.707106781187,0.));
#382 = ORIENTED_EDGE('',*,*,#383,.T.);
#383 = EDGE_CURVE('',#376,#384,#386,.T.);
#384 = VERTEX_POINT('',#385);
#385 = CARTESIAN_POINT('',(1.27,-1.524,0.));
#386 = LINE('',#387,#388);
#387 = CARTESIAN_POINT('',(1.27,-3.556,0.));
#388 = VECTOR('',#389,1.);
#389 = DIRECTION('',(0.,1.,0.));
#390 = ORIENTED_EDGE('',*,*,#391,.T.);
#391 = EDGE_CURVE('',#384,#392,#394,.T.);
#392 = VERTEX_POINT('',#393);
#393 = CARTESIAN_POINT('',(1.016,-1.27,0.));
#394 = LINE('',#395,#396);
#395 = CARTESIAN_POINT('',(1.27,-1.524,0.));
#396 = VECTOR('',#397,1.);
#397 = DIRECTION('',(-0.707106781187,0.707106781187,0.));
#398 = ORIENTED_EDGE('',*,*,#399,.T.);
#399 = EDGE_CURVE('',#392,#400,#402,.T.);
#400 = VERTEX_POINT('',#401);
#401 = CARTESIAN_POINT('',(1.27,-1.016,0.));
#402 = LINE('',#403,#404);
#403 = CARTESIAN_POINT('',(1.016,-1.27,0.));
#404 = VECTOR('',#405,1.);
#405 = DIRECTION('',(0.707106781187,0.707106781187,0.));
#406 = ORIENTED_EDGE('',*,*,#407,.T.);
#407 = EDGE_CURVE('',#400,#408,#410,.T.);
#408 = VERTEX_POINT('',#409);
#409 = CARTESIAN_POINT('',(1.27,1.016,0.));
#410 = LINE('',#411,#412);
#411 = CARTESIAN_POINT('',(1.27,-1.016,0.));
#412 = VECTOR('',#413,1.);
#413 = DIRECTION('',(0.,1.,0.));
#414 = ORIENTED_EDGE('',*,*,#415,.T.);
#415 = EDGE_CURVE('',#408,#224,#416,.T.);
#416 = LINE('',#417,#418);
#417 = CARTESIAN_POINT('',(1.27,1.016,0.));
#418 = VECTOR('',#419,1.);
#419 = DIRECTION('',(-0.707106781187,0.707106781187,0.));
#420 = ORIENTED_EDGE('',*,*,#240,.T.);
#421 = FACE_BOUND('',#422,.F.);
#422 = EDGE_LOOP('',(#423,#433,#441,#449));
#423 = ORIENTED_EDGE('',*,*,#424,.F.);
#424 = EDGE_CURVE('',#425,#427,#429,.T.);
#425 = VERTEX_POINT('',#426);
#426 = CARTESIAN_POINT('',(0.32,-0.32,0.));
#427 = VERTEX_POINT('',#428);
#428 = CARTESIAN_POINT('',(0.32,0.32,0.));
#429 = LINE('',#430,#431);
#430 = CARTESIAN_POINT('',(0.32,-1.43,0.));
#431 = VECTOR('',#432,1.);
#432 = DIRECTION('',(0.,1.,0.));
#433 = ORIENTED_EDGE('',*,*,#434,.T.);
#434 = EDGE_CURVE('',#425,#435,#437,.T.);
#435 = VERTEX_POINT('',#436);
#436 = CARTESIAN_POINT('',(-0.32,-0.32,0.));
#437 = LINE('',#438,#439);
#438 = CARTESIAN_POINT('',(-0.16,-0.32,0.));
#439 = VECTOR('',#440,1.);
#440 = DIRECTION('',(-1.,0.,0.));
#441 = ORIENTED_EDGE('',*,*,#442,.T.);
#442 = EDGE_CURVE('',#435,#443,#445,.T.);
#443 = VERTEX_POINT('',#444);
#444 = CARTESIAN_POINT('',(-0.32,0.32,0.));
#445 = LINE('',#446,#447);
#446 = CARTESIAN_POINT('',(-0.32,-1.43,0.));
#447 = VECTOR('',#448,1.);
#448 = DIRECTION('',(0.,1.,0.));
#449 = ORIENTED_EDGE('',*,*,#450,.F.);
#450 = EDGE_CURVE('',#427,#443,#451,.T.);
#451 = LINE('',#452,#453);
#452 = CARTESIAN_POINT('',(-0.16,0.32,0.));
#453 = VECTOR('',#454,1.);
#454 = DIRECTION('',(-1.,0.,0.));
#455 = FACE_BOUND('',#456,.F.);
#456 = EDGE_LOOP('',(#457,#467,#475,#483));
#457 = ORIENTED_EDGE('',*,*,#458,.T.);
#458 = EDGE_CURVE('',#459,#461,#463,.T.);
#459 = VERTEX_POINT('',#460);
#460 = CARTESIAN_POINT('',(0.32,-2.86,0.));
#461 = VERTEX_POINT('',#462);
#462 = CARTESIAN_POINT('',(-0.32,-2.86,0.));
#463 = LINE('',#464,#465);
#464 = CARTESIAN_POINT('',(-0.16,-2.86,0.));
#465 = VECTOR('',#466,1.);
#466 = DIRECTION('',(-1.,0.,0.));
#467 = ORIENTED_EDGE('',*,*,#468,.T.);
#468 = EDGE_CURVE('',#461,#469,#471,.T.);
#469 = VERTEX_POINT('',#470);
#470 = CARTESIAN_POINT('',(-0.32,-2.22,0.));
#471 = LINE('',#472,#473);
#472 = CARTESIAN_POINT('',(-0.32,-2.7,0.));
#473 = VECTOR('',#474,1.);
#474 = DIRECTION('',(0.,1.,0.));
#475 = ORIENTED_EDGE('',*,*,#476,.F.);
#476 = EDGE_CURVE('',#477,#469,#479,.T.);
#477 = VERTEX_POINT('',#478);
#478 = CARTESIAN_POINT('',(0.32,-2.22,0.));
#479 = LINE('',#480,#481);
#480 = CARTESIAN_POINT('',(-0.16,-2.22,0.));
#481 = VECTOR('',#482,1.);
#482 = DIRECTION('',(-1.,0.,0.));
#483 = ORIENTED_EDGE('',*,*,#484,.F.);
#484 = EDGE_CURVE('',#459,#477,#485,.T.);
#485 = LINE('',#486,#487);
#486 = CARTESIAN_POINT('',(0.32,-2.7,0.));
#487 = VECTOR('',#488,1.);
#488 = DIRECTION('',(0.,1.,0.));
#489 = FACE_BOUND('',#490,.F.);
#490 = EDGE_LOOP('',(#491,#501,#509,#517));
#491 = ORIENTED_EDGE('',*,*,#492,.F.);
#492 = EDGE_CURVE('',#493,#495,#497,.T.);
#493 = VERTEX_POINT('',#494);
#494 = CARTESIAN_POINT('',(0.32,-4.76,0.));
#495 = VERTEX_POINT('',#496);
#496 = CARTESIAN_POINT('',(-0.32,-4.76,0.));
#497 = LINE('',#498,#499);
#498 = CARTESIAN_POINT('',(-0.16,-4.76,0.));
#499 = VECTOR('',#500,1.);
#500 = DIRECTION('',(-1.,0.,0.));
#501 = ORIENTED_EDGE('',*,*,#502,.F.);
#502 = EDGE_CURVE('',#503,#493,#505,.T.);
#503 = VERTEX_POINT('',#504);
#504 = CARTESIAN_POINT('',(0.32,-5.4,0.));
#505 = LINE('',#506,#507);
#506 = CARTESIAN_POINT('',(0.32,-3.97,0.));
#507 = VECTOR('',#508,1.);
#508 = DIRECTION('',(0.,1.,0.));
#509 = ORIENTED_EDGE('',*,*,#510,.T.);
#510 = EDGE_CURVE('',#503,#511,#513,.T.);
#511 = VERTEX_POINT('',#512);
#512 = CARTESIAN_POINT('',(-0.32,-5.4,0.));
#513 = LINE('',#514,#515);
#514 = CARTESIAN_POINT('',(-0.16,-5.4,0.));
#515 = VECTOR('',#516,1.);
#516 = DIRECTION('',(-1.,0.,0.));
#517 = ORIENTED_EDGE('',*,*,#518,.T.);
#518 = EDGE_CURVE('',#511,#495,#519,.T.);
#519 = LINE('',#520,#521);
#520 = CARTESIAN_POINT('',(-0.32,-3.97,0.));
#521 = VECTOR('',#522,1.);
#522 = DIRECTION('',(0.,1.,0.));
#523 = PLANE('',#524);
#524 = AXIS2_PLACEMENT_3D('',#525,#526,#527);
#525 = CARTESIAN_POINT('',(5.398204781459E-17,-2.54,0.));
#526 = DIRECTION('',(0.,0.,1.));
#527 = DIRECTION('',(1.,0.,-0.));
#528 = ADVANCED_FACE('',(#529,#668,#702,#736),#770,.T.);
#529 = FACE_BOUND('',#530,.T.);
#530 = EDGE_LOOP('',(#531,#532,#533,#541,#549,#557,#565,#573,#581,#589,
    #597,#605,#613,#621,#629,#637,#645,#653,#661,#667));
#531 = ORIENTED_EDGE('',*,*,#193,.T.);
#532 = ORIENTED_EDGE('',*,*,#255,.T.);
#533 = ORIENTED_EDGE('',*,*,#534,.T.);
#534 = EDGE_CURVE('',#256,#535,#537,.T.);
#535 = VERTEX_POINT('',#536);
#536 = CARTESIAN_POINT('',(-1.016,-1.27,2.54));
#537 = LINE('',#538,#539);
#538 = CARTESIAN_POINT('',(-1.27,-1.016,2.54));
#539 = VECTOR('',#540,1.);
#540 = DIRECTION('',(0.707106781187,-0.707106781187,0.));
#541 = ORIENTED_EDGE('',*,*,#542,.T.);
#542 = EDGE_CURVE('',#535,#543,#545,.T.);
#543 = VERTEX_POINT('',#544);
#544 = CARTESIAN_POINT('',(-1.27,-1.524,2.54));
#545 = LINE('',#546,#547);
#546 = CARTESIAN_POINT('',(-1.016,-1.27,2.54));
#547 = VECTOR('',#548,1.);
#548 = DIRECTION('',(-0.707106781187,-0.707106781187,0.));
#549 = ORIENTED_EDGE('',*,*,#550,.T.);
#550 = EDGE_CURVE('',#543,#551,#553,.T.);
#551 = VERTEX_POINT('',#552);
#552 = CARTESIAN_POINT('',(-1.27,-3.556,2.54));
#553 = LINE('',#554,#555);
#554 = CARTESIAN_POINT('',(-1.27,-1.524,2.54));
#555 = VECTOR('',#556,1.);
#556 = DIRECTION('',(0.,-1.,0.));
#557 = ORIENTED_EDGE('',*,*,#558,.T.);
#558 = EDGE_CURVE('',#551,#559,#561,.T.);
#559 = VERTEX_POINT('',#560);
#560 = CARTESIAN_POINT('',(-1.016,-3.81,2.54));
#561 = LINE('',#562,#563);
#562 = CARTESIAN_POINT('',(-1.27,-3.556,2.54));
#563 = VECTOR('',#564,1.);
#564 = DIRECTION('',(0.707106781187,-0.707106781187,0.));
#565 = ORIENTED_EDGE('',*,*,#566,.T.);
#566 = EDGE_CURVE('',#559,#567,#569,.T.);
#567 = VERTEX_POINT('',#568);
#568 = CARTESIAN_POINT('',(-1.27,-4.064,2.54));
#569 = LINE('',#570,#571);
#570 = CARTESIAN_POINT('',(-1.016,-3.81,2.54));
#571 = VECTOR('',#572,1.);
#572 = DIRECTION('',(-0.707106781187,-0.707106781187,0.));
#573 = ORIENTED_EDGE('',*,*,#574,.T.);
#574 = EDGE_CURVE('',#567,#575,#577,.T.);
#575 = VERTEX_POINT('',#576);
#576 = CARTESIAN_POINT('',(-1.27,-6.096,2.54));
#577 = LINE('',#578,#579);
#578 = CARTESIAN_POINT('',(-1.27,-4.064,2.54));
#579 = VECTOR('',#580,1.);
#580 = DIRECTION('',(0.,-1.,0.));
#581 = ORIENTED_EDGE('',*,*,#582,.T.);
#582 = EDGE_CURVE('',#575,#583,#585,.T.);
#583 = VERTEX_POINT('',#584);
#584 = CARTESIAN_POINT('',(-1.016,-6.35,2.54));
#585 = LINE('',#586,#587);
#586 = CARTESIAN_POINT('',(-1.27,-6.096,2.54));
#587 = VECTOR('',#588,1.);
#588 = DIRECTION('',(0.707106781187,-0.707106781187,0.));
#589 = ORIENTED_EDGE('',*,*,#590,.T.);
#590 = EDGE_CURVE('',#583,#591,#593,.T.);
#591 = VERTEX_POINT('',#592);
#592 = CARTESIAN_POINT('',(1.016,-6.35,2.54));
#593 = LINE('',#594,#595);
#594 = CARTESIAN_POINT('',(-1.016,-6.35,2.54));
#595 = VECTOR('',#596,1.);
#596 = DIRECTION('',(1.,0.,0.));
#597 = ORIENTED_EDGE('',*,*,#598,.T.);
#598 = EDGE_CURVE('',#591,#599,#601,.T.);
#599 = VERTEX_POINT('',#600);
#600 = CARTESIAN_POINT('',(1.27,-6.096,2.54));
#601 = LINE('',#602,#603);
#602 = CARTESIAN_POINT('',(1.016,-6.35,2.54));
#603 = VECTOR('',#604,1.);
#604 = DIRECTION('',(0.707106781187,0.707106781187,0.));
#605 = ORIENTED_EDGE('',*,*,#606,.T.);
#606 = EDGE_CURVE('',#599,#607,#609,.T.);
#607 = VERTEX_POINT('',#608);
#608 = CARTESIAN_POINT('',(1.27,-4.064,2.54));
#609 = LINE('',#610,#611);
#610 = CARTESIAN_POINT('',(1.27,-6.096,2.54));
#611 = VECTOR('',#612,1.);
#612 = DIRECTION('',(0.,1.,0.));
#613 = ORIENTED_EDGE('',*,*,#614,.T.);
#614 = EDGE_CURVE('',#607,#615,#617,.T.);
#615 = VERTEX_POINT('',#616);
#616 = CARTESIAN_POINT('',(1.016,-3.81,2.54));
#617 = LINE('',#618,#619);
#618 = CARTESIAN_POINT('',(1.27,-4.064,2.54));
#619 = VECTOR('',#620,1.);
#620 = DIRECTION('',(-0.707106781187,0.707106781187,0.));
#621 = ORIENTED_EDGE('',*,*,#622,.T.);
#622 = EDGE_CURVE('',#615,#623,#625,.T.);
#623 = VERTEX_POINT('',#624);
#624 = CARTESIAN_POINT('',(1.27,-3.556,2.54));
#625 = LINE('',#626,#627);
#626 = CARTESIAN_POINT('',(1.016,-3.81,2.54));
#627 = VECTOR('',#628,1.);
#628 = DIRECTION('',(0.707106781187,0.707106781187,0.));
#629 = ORIENTED_EDGE('',*,*,#630,.T.);
#630 = EDGE_CURVE('',#623,#631,#633,.T.);
#631 = VERTEX_POINT('',#632);
#632 = CARTESIAN_POINT('',(1.27,-1.524,2.54));
#633 = LINE('',#634,#635);
#634 = CARTESIAN_POINT('',(1.27,-3.556,2.54));
#635 = VECTOR('',#636,1.);
#636 = DIRECTION('',(0.,1.,0.));
#637 = ORIENTED_EDGE('',*,*,#638,.T.);
#638 = EDGE_CURVE('',#631,#639,#641,.T.);
#639 = VERTEX_POINT('',#640);
#640 = CARTESIAN_POINT('',(1.016,-1.27,2.54));
#641 = LINE('',#642,#643);
#642 = CARTESIAN_POINT('',(1.27,-1.524,2.54));
#643 = VECTOR('',#644,1.);
#644 = DIRECTION('',(-0.707106781187,0.707106781187,0.));
#645 = ORIENTED_EDGE('',*,*,#646,.T.);
#646 = EDGE_CURVE('',#639,#647,#649,.T.);
#647 = VERTEX_POINT('',#648);
#648 = CARTESIAN_POINT('',(1.27,-1.016,2.54));
#649 = LINE('',#650,#651);
#650 = CARTESIAN_POINT('',(1.016,-1.27,2.54));
#651 = VECTOR('',#652,1.);
#652 = DIRECTION('',(0.707106781187,0.707106781187,0.));
#653 = ORIENTED_EDGE('',*,*,#654,.T.);
#654 = EDGE_CURVE('',#647,#655,#657,.T.);
#655 = VERTEX_POINT('',#656);
#656 = CARTESIAN_POINT('',(1.27,1.016,2.54));
#657 = LINE('',#658,#659);
#658 = CARTESIAN_POINT('',(1.27,-1.016,2.54));
#659 = VECTOR('',#660,1.);
#660 = DIRECTION('',(0.,1.,0.));
#661 = ORIENTED_EDGE('',*,*,#662,.T.);
#662 = EDGE_CURVE('',#655,#226,#663,.T.);
#663 = LINE('',#664,#665);
#664 = CARTESIAN_POINT('',(1.27,1.016,2.54));
#665 = VECTOR('',#666,1.);
#666 = DIRECTION('',(-0.707106781187,0.707106781187,0.));
#667 = ORIENTED_EDGE('',*,*,#233,.T.);
#668 = FACE_BOUND('',#669,.T.);
#669 = EDGE_LOOP('',(#670,#680,#688,#696));
#670 = ORIENTED_EDGE('',*,*,#671,.F.);
#671 = EDGE_CURVE('',#672,#674,#676,.T.);
#672 = VERTEX_POINT('',#673);
#673 = CARTESIAN_POINT('',(0.32,-0.32,2.54));
#674 = VERTEX_POINT('',#675);
#675 = CARTESIAN_POINT('',(0.32,0.32,2.54));
#676 = LINE('',#677,#678);
#677 = CARTESIAN_POINT('',(0.32,-1.43,2.54));
#678 = VECTOR('',#679,1.);
#679 = DIRECTION('',(0.,1.,0.));
#680 = ORIENTED_EDGE('',*,*,#681,.T.);
#681 = EDGE_CURVE('',#672,#682,#684,.T.);
#682 = VERTEX_POINT('',#683);
#683 = CARTESIAN_POINT('',(-0.32,-0.32,2.54));
#684 = LINE('',#685,#686);
#685 = CARTESIAN_POINT('',(-0.16,-0.32,2.54));
#686 = VECTOR('',#687,1.);
#687 = DIRECTION('',(-1.,0.,0.));
#688 = ORIENTED_EDGE('',*,*,#689,.T.);
#689 = EDGE_CURVE('',#682,#690,#692,.T.);
#690 = VERTEX_POINT('',#691);
#691 = CARTESIAN_POINT('',(-0.32,0.32,2.54));
#692 = LINE('',#693,#694);
#693 = CARTESIAN_POINT('',(-0.32,-1.43,2.54));
#694 = VECTOR('',#695,1.);
#695 = DIRECTION('',(0.,1.,0.));
#696 = ORIENTED_EDGE('',*,*,#697,.F.);
#697 = EDGE_CURVE('',#674,#690,#698,.T.);
#698 = LINE('',#699,#700);
#699 = CARTESIAN_POINT('',(-0.16,0.32,2.54));
#700 = VECTOR('',#701,1.);
#701 = DIRECTION('',(-1.,0.,0.));
#702 = FACE_BOUND('',#703,.T.);
#703 = EDGE_LOOP('',(#704,#714,#722,#730));
#704 = ORIENTED_EDGE('',*,*,#705,.T.);
#705 = EDGE_CURVE('',#706,#708,#710,.T.);
#706 = VERTEX_POINT('',#707);
#707 = CARTESIAN_POINT('',(0.32,-2.86,2.54));
#708 = VERTEX_POINT('',#709);
#709 = CARTESIAN_POINT('',(-0.32,-2.86,2.54));
#710 = LINE('',#711,#712);
#711 = CARTESIAN_POINT('',(-0.16,-2.86,2.54));
#712 = VECTOR('',#713,1.);
#713 = DIRECTION('',(-1.,0.,0.));
#714 = ORIENTED_EDGE('',*,*,#715,.T.);
#715 = EDGE_CURVE('',#708,#716,#718,.T.);
#716 = VERTEX_POINT('',#717);
#717 = CARTESIAN_POINT('',(-0.32,-2.22,2.54));
#718 = LINE('',#719,#720);
#719 = CARTESIAN_POINT('',(-0.32,-2.7,2.54));
#720 = VECTOR('',#721,1.);
#721 = DIRECTION('',(0.,1.,0.));
#722 = ORIENTED_EDGE('',*,*,#723,.F.);
#723 = EDGE_CURVE('',#724,#716,#726,.T.);
#724 = VERTEX_POINT('',#725);
#725 = CARTESIAN_POINT('',(0.32,-2.22,2.54));
#726 = LINE('',#727,#728);
#727 = CARTESIAN_POINT('',(-0.16,-2.22,2.54));
#728 = VECTOR('',#729,1.);
#729 = DIRECTION('',(-1.,0.,0.));
#730 = ORIENTED_EDGE('',*,*,#731,.F.);
#731 = EDGE_CURVE('',#706,#724,#732,.T.);
#732 = LINE('',#733,#734);
#733 = CARTESIAN_POINT('',(0.32,-2.7,2.54));
#734 = VECTOR('',#735,1.);
#735 = DIRECTION('',(0.,1.,0.));
#736 = FACE_BOUND('',#737,.T.);
#737 = EDGE_LOOP('',(#738,#748,#756,#764));
#738 = ORIENTED_EDGE('',*,*,#739,.F.);
#739 = EDGE_CURVE('',#740,#742,#744,.T.);
#740 = VERTEX_POINT('',#741);
#741 = CARTESIAN_POINT('',(0.32,-4.76,2.54));
#742 = VERTEX_POINT('',#743);
#743 = CARTESIAN_POINT('',(-0.32,-4.76,2.54));
#744 = LINE('',#745,#746);
#745 = CARTESIAN_POINT('',(-0.16,-4.76,2.54));
#746 = VECTOR('',#747,1.);
#747 = DIRECTION('',(-1.,0.,0.));
#748 = ORIENTED_EDGE('',*,*,#749,.F.);
#749 = EDGE_CURVE('',#750,#740,#752,.T.);
#750 = VERTEX_POINT('',#751);
#751 = CARTESIAN_POINT('',(0.32,-5.4,2.54));
#752 = LINE('',#753,#754);
#753 = CARTESIAN_POINT('',(0.32,-3.97,2.54));
#754 = VECTOR('',#755,1.);
#755 = DIRECTION('',(0.,1.,0.));
#756 = ORIENTED_EDGE('',*,*,#757,.T.);
#757 = EDGE_CURVE('',#750,#758,#760,.T.);
#758 = VERTEX_POINT('',#759);
#759 = CARTESIAN_POINT('',(-0.32,-5.4,2.54));
#760 = LINE('',#761,#762);
#761 = CARTESIAN_POINT('',(-0.16,-5.4,2.54));
#762 = VECTOR('',#763,1.);
#763 = DIRECTION('',(-1.,0.,0.));
#764 = ORIENTED_EDGE('',*,*,#765,.T.);
#765 = EDGE_CURVE('',#758,#742,#766,.T.);
#766 = LINE('',#767,#768);
#767 = CARTESIAN_POINT('',(-0.32,-3.97,2.54));
#768 = VECTOR('',#769,1.);
#769 = DIRECTION('',(0.,1.,0.));
#770 = PLANE('',#771);
#771 = AXIS2_PLACEMENT_3D('',#772,#773,#774);
#772 = CARTESIAN_POINT('',(5.398204781459E-17,-2.54,2.54));
#773 = DIRECTION('',(0.,0.,1.));
#774 = DIRECTION('',(1.,0.,-0.));
#775 = ADVANCED_FACE('',(#776),#787,.F.);
#776 = FACE_BOUND('',#777,.F.);
#777 = EDGE_LOOP('',(#778,#784,#785,#786));
#778 = ORIENTED_EDGE('',*,*,#779,.T.);
#779 = EDGE_CURVE('',#408,#655,#780,.T.);
#780 = LINE('',#781,#782);
#781 = CARTESIAN_POINT('',(1.27,1.016,0.));
#782 = VECTOR('',#783,1.);
#783 = DIRECTION('',(0.,0.,1.));
#784 = ORIENTED_EDGE('',*,*,#662,.T.);
#785 = ORIENTED_EDGE('',*,*,#223,.F.);
#786 = ORIENTED_EDGE('',*,*,#415,.F.);
#787 = PLANE('',#788);
#788 = AXIS2_PLACEMENT_3D('',#789,#790,#791);
#789 = CARTESIAN_POINT('',(1.27,1.016,0.));
#790 = DIRECTION('',(-0.707106781187,-0.707106781187,0.));
#791 = DIRECTION('',(-0.707106781187,0.707106781187,0.));
#792 = ADVANCED_FACE('',(#793),#804,.F.);
#793 = FACE_BOUND('',#794,.F.);
#794 = EDGE_LOOP('',(#795,#796,#797,#803));
#795 = ORIENTED_EDGE('',*,*,#263,.T.);
#796 = ORIENTED_EDGE('',*,*,#534,.T.);
#797 = ORIENTED_EDGE('',*,*,#798,.F.);
#798 = EDGE_CURVE('',#288,#535,#799,.T.);
#799 = LINE('',#800,#801);
#800 = CARTESIAN_POINT('',(-1.016,-1.27,0.));
#801 = VECTOR('',#802,1.);
#802 = DIRECTION('',(0.,0.,1.));
#803 = ORIENTED_EDGE('',*,*,#287,.F.);
#804 = PLANE('',#805);
#805 = AXIS2_PLACEMENT_3D('',#806,#807,#808);
#806 = CARTESIAN_POINT('',(-1.27,-1.016,0.));
#807 = DIRECTION('',(0.707106781187,0.707106781187,0.));
#808 = DIRECTION('',(0.707106781187,-0.707106781187,0.));
#809 = ADVANCED_FACE('',(#810),#821,.F.);
#810 = FACE_BOUND('',#811,.F.);
#811 = EDGE_LOOP('',(#812,#818,#819,#820));
#812 = ORIENTED_EDGE('',*,*,#813,.T.);
#813 = EDGE_CURVE('',#400,#647,#814,.T.);
#814 = LINE('',#815,#816);
#815 = CARTESIAN_POINT('',(1.27,-1.016,0.));
#816 = VECTOR('',#817,1.);
#817 = DIRECTION('',(0.,0.,1.));
#818 = ORIENTED_EDGE('',*,*,#654,.T.);
#819 = ORIENTED_EDGE('',*,*,#779,.F.);
#820 = ORIENTED_EDGE('',*,*,#407,.F.);
#821 = PLANE('',#822);
#822 = AXIS2_PLACEMENT_3D('',#823,#824,#825);
#823 = CARTESIAN_POINT('',(1.27,-1.016,0.));
#824 = DIRECTION('',(-1.,0.,0.));
#825 = DIRECTION('',(0.,1.,0.));
#826 = ADVANCED_FACE('',(#827),#838,.F.);
#827 = FACE_BOUND('',#828,.F.);
#828 = EDGE_LOOP('',(#829,#830,#831,#837));
#829 = ORIENTED_EDGE('',*,*,#798,.T.);
#830 = ORIENTED_EDGE('',*,*,#542,.T.);
#831 = ORIENTED_EDGE('',*,*,#832,.F.);
#832 = EDGE_CURVE('',#296,#543,#833,.T.);
#833 = LINE('',#834,#835);
#834 = CARTESIAN_POINT('',(-1.27,-1.524,0.));
#835 = VECTOR('',#836,1.);
#836 = DIRECTION('',(0.,0.,1.));
#837 = ORIENTED_EDGE('',*,*,#295,.F.);
#838 = PLANE('',#839);
#839 = AXIS2_PLACEMENT_3D('',#840,#841,#842);
#840 = CARTESIAN_POINT('',(-1.016,-1.27,0.));
#841 = DIRECTION('',(0.707106781187,-0.707106781187,0.));
#842 = DIRECTION('',(-0.707106781187,-0.707106781187,0.));
#843 = ADVANCED_FACE('',(#844),#855,.F.);
#844 = FACE_BOUND('',#845,.F.);
#845 = EDGE_LOOP('',(#846,#852,#853,#854));
#846 = ORIENTED_EDGE('',*,*,#847,.T.);
#847 = EDGE_CURVE('',#392,#639,#848,.T.);
#848 = LINE('',#849,#850);
#849 = CARTESIAN_POINT('',(1.016,-1.27,0.));
#850 = VECTOR('',#851,1.);
#851 = DIRECTION('',(0.,0.,1.));
#852 = ORIENTED_EDGE('',*,*,#646,.T.);
#853 = ORIENTED_EDGE('',*,*,#813,.F.);
#854 = ORIENTED_EDGE('',*,*,#399,.F.);
#855 = PLANE('',#856);
#856 = AXIS2_PLACEMENT_3D('',#857,#858,#859);
#857 = CARTESIAN_POINT('',(1.016,-1.27,0.));
#858 = DIRECTION('',(-0.707106781187,0.707106781187,0.));
#859 = DIRECTION('',(0.707106781187,0.707106781187,0.));
#860 = ADVANCED_FACE('',(#861),#872,.F.);
#861 = FACE_BOUND('',#862,.F.);
#862 = EDGE_LOOP('',(#863,#864,#865,#871));
#863 = ORIENTED_EDGE('',*,*,#832,.T.);
#864 = ORIENTED_EDGE('',*,*,#550,.T.);
#865 = ORIENTED_EDGE('',*,*,#866,.F.);
#866 = EDGE_CURVE('',#304,#551,#867,.T.);
#867 = LINE('',#868,#869);
#868 = CARTESIAN_POINT('',(-1.27,-3.556,0.));
#869 = VECTOR('',#870,1.);
#870 = DIRECTION('',(0.,0.,1.));
#871 = ORIENTED_EDGE('',*,*,#303,.F.);
#872 = PLANE('',#873);
#873 = AXIS2_PLACEMENT_3D('',#874,#875,#876);
#874 = CARTESIAN_POINT('',(-1.27,-1.524,0.));
#875 = DIRECTION('',(1.,0.,0.));
#876 = DIRECTION('',(0.,-1.,0.));
#877 = ADVANCED_FACE('',(#878),#889,.F.);
#878 = FACE_BOUND('',#879,.F.);
#879 = EDGE_LOOP('',(#880,#886,#887,#888));
#880 = ORIENTED_EDGE('',*,*,#881,.T.);
#881 = EDGE_CURVE('',#384,#631,#882,.T.);
#882 = LINE('',#883,#884);
#883 = CARTESIAN_POINT('',(1.27,-1.524,0.));
#884 = VECTOR('',#885,1.);
#885 = DIRECTION('',(0.,0.,1.));
#886 = ORIENTED_EDGE('',*,*,#638,.T.);
#887 = ORIENTED_EDGE('',*,*,#847,.F.);
#888 = ORIENTED_EDGE('',*,*,#391,.F.);
#889 = PLANE('',#890);
#890 = AXIS2_PLACEMENT_3D('',#891,#892,#893);
#891 = CARTESIAN_POINT('',(1.27,-1.524,0.));
#892 = DIRECTION('',(-0.707106781187,-0.707106781187,0.));
#893 = DIRECTION('',(-0.707106781187,0.707106781187,0.));
#894 = ADVANCED_FACE('',(#895),#906,.F.);
#895 = FACE_BOUND('',#896,.F.);
#896 = EDGE_LOOP('',(#897,#898,#899,#905));
#897 = ORIENTED_EDGE('',*,*,#866,.T.);
#898 = ORIENTED_EDGE('',*,*,#558,.T.);
#899 = ORIENTED_EDGE('',*,*,#900,.F.);
#900 = EDGE_CURVE('',#312,#559,#901,.T.);
#901 = LINE('',#902,#903);
#902 = CARTESIAN_POINT('',(-1.016,-3.81,0.));
#903 = VECTOR('',#904,1.);
#904 = DIRECTION('',(0.,0.,1.));
#905 = ORIENTED_EDGE('',*,*,#311,.F.);
#906 = PLANE('',#907);
#907 = AXIS2_PLACEMENT_3D('',#908,#909,#910);
#908 = CARTESIAN_POINT('',(-1.27,-3.556,0.));
#909 = DIRECTION('',(0.707106781187,0.707106781187,0.));
#910 = DIRECTION('',(0.707106781187,-0.707106781187,0.));
#911 = ADVANCED_FACE('',(#912),#923,.F.);
#912 = FACE_BOUND('',#913,.F.);
#913 = EDGE_LOOP('',(#914,#920,#921,#922));
#914 = ORIENTED_EDGE('',*,*,#915,.T.);
#915 = EDGE_CURVE('',#376,#623,#916,.T.);
#916 = LINE('',#917,#918);
#917 = CARTESIAN_POINT('',(1.27,-3.556,0.));
#918 = VECTOR('',#919,1.);
#919 = DIRECTION('',(0.,0.,1.));
#920 = ORIENTED_EDGE('',*,*,#630,.T.);
#921 = ORIENTED_EDGE('',*,*,#881,.F.);
#922 = ORIENTED_EDGE('',*,*,#383,.F.);
#923 = PLANE('',#924);
#924 = AXIS2_PLACEMENT_3D('',#925,#926,#927);
#925 = CARTESIAN_POINT('',(1.27,-3.556,0.));
#926 = DIRECTION('',(-1.,0.,0.));
#927 = DIRECTION('',(0.,1.,0.));
#928 = ADVANCED_FACE('',(#929),#940,.F.);
#929 = FACE_BOUND('',#930,.F.);
#930 = EDGE_LOOP('',(#931,#932,#933,#939));
#931 = ORIENTED_EDGE('',*,*,#900,.T.);
#932 = ORIENTED_EDGE('',*,*,#566,.T.);
#933 = ORIENTED_EDGE('',*,*,#934,.F.);
#934 = EDGE_CURVE('',#320,#567,#935,.T.);
#935 = LINE('',#936,#937);
#936 = CARTESIAN_POINT('',(-1.27,-4.064,0.));
#937 = VECTOR('',#938,1.);
#938 = DIRECTION('',(0.,0.,1.));
#939 = ORIENTED_EDGE('',*,*,#319,.F.);
#940 = PLANE('',#941);
#941 = AXIS2_PLACEMENT_3D('',#942,#943,#944);
#942 = CARTESIAN_POINT('',(-1.016,-3.81,0.));
#943 = DIRECTION('',(0.707106781187,-0.707106781187,0.));
#944 = DIRECTION('',(-0.707106781187,-0.707106781187,0.));
#945 = ADVANCED_FACE('',(#946),#957,.F.);
#946 = FACE_BOUND('',#947,.F.);
#947 = EDGE_LOOP('',(#948,#954,#955,#956));
#948 = ORIENTED_EDGE('',*,*,#949,.T.);
#949 = EDGE_CURVE('',#368,#615,#950,.T.);
#950 = LINE('',#951,#952);
#951 = CARTESIAN_POINT('',(1.016,-3.81,0.));
#952 = VECTOR('',#953,1.);
#953 = DIRECTION('',(0.,0.,1.));
#954 = ORIENTED_EDGE('',*,*,#622,.T.);
#955 = ORIENTED_EDGE('',*,*,#915,.F.);
#956 = ORIENTED_EDGE('',*,*,#375,.F.);
#957 = PLANE('',#958);
#958 = AXIS2_PLACEMENT_3D('',#959,#960,#961);
#959 = CARTESIAN_POINT('',(1.016,-3.81,0.));
#960 = DIRECTION('',(-0.707106781187,0.707106781187,0.));
#961 = DIRECTION('',(0.707106781187,0.707106781187,0.));
#962 = ADVANCED_FACE('',(#963),#974,.F.);
#963 = FACE_BOUND('',#964,.F.);
#964 = EDGE_LOOP('',(#965,#966,#967,#973));
#965 = ORIENTED_EDGE('',*,*,#934,.T.);
#966 = ORIENTED_EDGE('',*,*,#574,.T.);
#967 = ORIENTED_EDGE('',*,*,#968,.F.);
#968 = EDGE_CURVE('',#328,#575,#969,.T.);
#969 = LINE('',#970,#971);
#970 = CARTESIAN_POINT('',(-1.27,-6.096,0.));
#971 = VECTOR('',#972,1.);
#972 = DIRECTION('',(0.,0.,1.));
#973 = ORIENTED_EDGE('',*,*,#327,.F.);
#974 = PLANE('',#975);
#975 = AXIS2_PLACEMENT_3D('',#976,#977,#978);
#976 = CARTESIAN_POINT('',(-1.27,-4.064,0.));
#977 = DIRECTION('',(1.,0.,0.));
#978 = DIRECTION('',(0.,-1.,0.));
#979 = ADVANCED_FACE('',(#980),#991,.F.);
#980 = FACE_BOUND('',#981,.F.);
#981 = EDGE_LOOP('',(#982,#988,#989,#990));
#982 = ORIENTED_EDGE('',*,*,#983,.T.);
#983 = EDGE_CURVE('',#360,#607,#984,.T.);
#984 = LINE('',#985,#986);
#985 = CARTESIAN_POINT('',(1.27,-4.064,0.));
#986 = VECTOR('',#987,1.);
#987 = DIRECTION('',(0.,0.,1.));
#988 = ORIENTED_EDGE('',*,*,#614,.T.);
#989 = ORIENTED_EDGE('',*,*,#949,.F.);
#990 = ORIENTED_EDGE('',*,*,#367,.F.);
#991 = PLANE('',#992);
#992 = AXIS2_PLACEMENT_3D('',#993,#994,#995);
#993 = CARTESIAN_POINT('',(1.27,-4.064,0.));
#994 = DIRECTION('',(-0.707106781187,-0.707106781187,0.));
#995 = DIRECTION('',(-0.707106781187,0.707106781187,0.));
#996 = ADVANCED_FACE('',(#997),#1008,.F.);
#997 = FACE_BOUND('',#998,.F.);
#998 = EDGE_LOOP('',(#999,#1000,#1001,#1007));
#999 = ORIENTED_EDGE('',*,*,#968,.T.);
#1000 = ORIENTED_EDGE('',*,*,#582,.T.);
#1001 = ORIENTED_EDGE('',*,*,#1002,.F.);
#1002 = EDGE_CURVE('',#336,#583,#1003,.T.);
#1003 = LINE('',#1004,#1005);
#1004 = CARTESIAN_POINT('',(-1.016,-6.35,0.));
#1005 = VECTOR('',#1006,1.);
#1006 = DIRECTION('',(0.,0.,1.));
#1007 = ORIENTED_EDGE('',*,*,#335,.F.);
#1008 = PLANE('',#1009);
#1009 = AXIS2_PLACEMENT_3D('',#1010,#1011,#1012);
#1010 = CARTESIAN_POINT('',(-1.27,-6.096,0.));
#1011 = DIRECTION('',(0.707106781187,0.707106781187,0.));
#1012 = DIRECTION('',(0.707106781187,-0.707106781187,0.));
#1013 = ADVANCED_FACE('',(#1014),#1025,.F.);
#1014 = FACE_BOUND('',#1015,.F.);
#1015 = EDGE_LOOP('',(#1016,#1022,#1023,#1024));
#1016 = ORIENTED_EDGE('',*,*,#1017,.T.);
#1017 = EDGE_CURVE('',#352,#599,#1018,.T.);
#1018 = LINE('',#1019,#1020);
#1019 = CARTESIAN_POINT('',(1.27,-6.096,0.));
#1020 = VECTOR('',#1021,1.);
#1021 = DIRECTION('',(0.,0.,1.));
#1022 = ORIENTED_EDGE('',*,*,#606,.T.);
#1023 = ORIENTED_EDGE('',*,*,#983,.F.);
#1024 = ORIENTED_EDGE('',*,*,#359,.F.);
#1025 = PLANE('',#1026);
#1026 = AXIS2_PLACEMENT_3D('',#1027,#1028,#1029);
#1027 = CARTESIAN_POINT('',(1.27,-6.096,0.));
#1028 = DIRECTION('',(-1.,0.,0.));
#1029 = DIRECTION('',(0.,1.,0.));
#1030 = ADVANCED_FACE('',(#1031),#1042,.F.);
#1031 = FACE_BOUND('',#1032,.F.);
#1032 = EDGE_LOOP('',(#1033,#1034,#1035,#1041));
#1033 = ORIENTED_EDGE('',*,*,#1002,.T.);
#1034 = ORIENTED_EDGE('',*,*,#590,.T.);
#1035 = ORIENTED_EDGE('',*,*,#1036,.F.);
#1036 = EDGE_CURVE('',#344,#591,#1037,.T.);
#1037 = LINE('',#1038,#1039);
#1038 = CARTESIAN_POINT('',(1.016,-6.35,0.));
#1039 = VECTOR('',#1040,1.);
#1040 = DIRECTION('',(0.,0.,1.));
#1041 = ORIENTED_EDGE('',*,*,#343,.F.);
#1042 = PLANE('',#1043);
#1043 = AXIS2_PLACEMENT_3D('',#1044,#1045,#1046);
#1044 = CARTESIAN_POINT('',(-1.016,-6.35,0.));
#1045 = DIRECTION('',(0.,1.,0.));
#1046 = DIRECTION('',(1.,0.,0.));
#1047 = ADVANCED_FACE('',(#1048),#1054,.F.);
#1048 = FACE_BOUND('',#1049,.F.);
#1049 = EDGE_LOOP('',(#1050,#1051,#1052,#1053));
#1050 = ORIENTED_EDGE('',*,*,#1036,.T.);
#1051 = ORIENTED_EDGE('',*,*,#598,.T.);
#1052 = ORIENTED_EDGE('',*,*,#1017,.F.);
#1053 = ORIENTED_EDGE('',*,*,#351,.F.);
#1054 = PLANE('',#1055);
#1055 = AXIS2_PLACEMENT_3D('',#1056,#1057,#1058);
#1056 = CARTESIAN_POINT('',(1.016,-6.35,0.));
#1057 = DIRECTION('',(-0.707106781187,0.707106781187,0.));
#1058 = DIRECTION('',(0.707106781187,0.707106781187,0.));
#1059 = ADVANCED_FACE('',(#1060),#1085,.T.);
#1060 = FACE_BOUND('',#1061,.T.);
#1061 = EDGE_LOOP('',(#1062,#1070,#1078,#1084));
#1062 = ORIENTED_EDGE('',*,*,#1063,.F.);
#1063 = EDGE_CURVE('',#1064,#425,#1066,.T.);
#1064 = VERTEX_POINT('',#1065);
#1065 = CARTESIAN_POINT('',(0.32,-0.32,-2.84));
#1066 = LINE('',#1067,#1068);
#1067 = CARTESIAN_POINT('',(0.32,-0.32,-3.));
#1068 = VECTOR('',#1069,1.);
#1069 = DIRECTION('',(0.,0.,1.));
#1070 = ORIENTED_EDGE('',*,*,#1071,.T.);
#1071 = EDGE_CURVE('',#1064,#1072,#1074,.T.);
#1072 = VERTEX_POINT('',#1073);
#1073 = CARTESIAN_POINT('',(0.32,0.32,-2.84));
#1074 = LINE('',#1075,#1076);
#1075 = CARTESIAN_POINT('',(0.32,-0.32,-2.84));
#1076 = VECTOR('',#1077,1.);
#1077 = DIRECTION('',(0.,1.,0.));
#1078 = ORIENTED_EDGE('',*,*,#1079,.T.);
#1079 = EDGE_CURVE('',#1072,#427,#1080,.T.);
#1080 = LINE('',#1081,#1082);
#1081 = CARTESIAN_POINT('',(0.32,0.32,-3.));
#1082 = VECTOR('',#1083,1.);
#1083 = DIRECTION('',(0.,0.,1.));
#1084 = ORIENTED_EDGE('',*,*,#424,.F.);
#1085 = PLANE('',#1086);
#1086 = AXIS2_PLACEMENT_3D('',#1087,#1088,#1089);
#1087 = CARTESIAN_POINT('',(0.32,-0.32,-3.));
#1088 = DIRECTION('',(1.,0.,0.));
#1089 = DIRECTION('',(0.,0.,1.));
#1090 = ADVANCED_FACE('',(#1091),#1109,.T.);
#1091 = FACE_BOUND('',#1092,.T.);
#1092 = EDGE_LOOP('',(#1093,#1094,#1102,#1108));
#1093 = ORIENTED_EDGE('',*,*,#1079,.F.);
#1094 = ORIENTED_EDGE('',*,*,#1095,.F.);
#1095 = EDGE_CURVE('',#1096,#1072,#1098,.T.);
#1096 = VERTEX_POINT('',#1097);
#1097 = CARTESIAN_POINT('',(-0.32,0.32,-2.84));
#1098 = LINE('',#1099,#1100);
#1099 = CARTESIAN_POINT('',(-0.32,0.32,-2.84));
#1100 = VECTOR('',#1101,1.);
#1101 = DIRECTION('',(1.,0.,0.));
#1102 = ORIENTED_EDGE('',*,*,#1103,.T.);
#1103 = EDGE_CURVE('',#1096,#443,#1104,.T.);
#1104 = LINE('',#1105,#1106);
#1105 = CARTESIAN_POINT('',(-0.32,0.32,-3.));
#1106 = VECTOR('',#1107,1.);
#1107 = DIRECTION('',(0.,0.,1.));
#1108 = ORIENTED_EDGE('',*,*,#450,.F.);
#1109 = PLANE('',#1110);
#1110 = AXIS2_PLACEMENT_3D('',#1111,#1112,#1113);
#1111 = CARTESIAN_POINT('',(-0.32,0.32,-3.));
#1112 = DIRECTION('',(0.,1.,0.));
#1113 = DIRECTION('',(0.,-0.,1.));
#1114 = ADVANCED_FACE('',(#1115),#1133,.F.);
#1115 = FACE_BOUND('',#1116,.F.);
#1116 = EDGE_LOOP('',(#1117,#1125,#1131,#1132));
#1117 = ORIENTED_EDGE('',*,*,#1118,.F.);
#1118 = EDGE_CURVE('',#1119,#435,#1121,.T.);
#1119 = VERTEX_POINT('',#1120);
#1120 = CARTESIAN_POINT('',(-0.32,-0.32,-2.84));
#1121 = LINE('',#1122,#1123);
#1122 = CARTESIAN_POINT('',(-0.32,-0.32,-3.));
#1123 = VECTOR('',#1124,1.);
#1124 = DIRECTION('',(0.,0.,1.));
#1125 = ORIENTED_EDGE('',*,*,#1126,.T.);
#1126 = EDGE_CURVE('',#1119,#1096,#1127,.T.);
#1127 = LINE('',#1128,#1129);
#1128 = CARTESIAN_POINT('',(-0.32,-0.32,-2.84));
#1129 = VECTOR('',#1130,1.);
#1130 = DIRECTION('',(0.,1.,0.));
#1131 = ORIENTED_EDGE('',*,*,#1103,.T.);
#1132 = ORIENTED_EDGE('',*,*,#442,.F.);
#1133 = PLANE('',#1134);
#1134 = AXIS2_PLACEMENT_3D('',#1135,#1136,#1137);
#1135 = CARTESIAN_POINT('',(-0.32,-0.32,-3.));
#1136 = DIRECTION('',(1.,0.,0.));
#1137 = DIRECTION('',(0.,0.,1.));
#1138 = ADVANCED_FACE('',(#1139),#1150,.F.);
#1139 = FACE_BOUND('',#1140,.F.);
#1140 = EDGE_LOOP('',(#1141,#1142,#1148,#1149));
#1141 = ORIENTED_EDGE('',*,*,#1063,.F.);
#1142 = ORIENTED_EDGE('',*,*,#1143,.F.);
#1143 = EDGE_CURVE('',#1119,#1064,#1144,.T.);
#1144 = LINE('',#1145,#1146);
#1145 = CARTESIAN_POINT('',(-0.32,-0.32,-2.84));
#1146 = VECTOR('',#1147,1.);
#1147 = DIRECTION('',(1.,0.,0.));
#1148 = ORIENTED_EDGE('',*,*,#1118,.T.);
#1149 = ORIENTED_EDGE('',*,*,#434,.F.);
#1150 = PLANE('',#1151);
#1151 = AXIS2_PLACEMENT_3D('',#1152,#1153,#1154);
#1152 = CARTESIAN_POINT('',(-0.32,-0.32,-3.));
#1153 = DIRECTION('',(0.,1.,0.));
#1154 = DIRECTION('',(0.,-0.,1.));
#1155 = ADVANCED_FACE('',(#1156),#1181,.F.);
#1156 = FACE_BOUND('',#1157,.F.);
#1157 = EDGE_LOOP('',(#1158,#1166,#1174,#1180));
#1158 = ORIENTED_EDGE('',*,*,#1159,.F.);
#1159 = EDGE_CURVE('',#1160,#459,#1162,.T.);
#1160 = VERTEX_POINT('',#1161);
#1161 = CARTESIAN_POINT('',(0.32,-2.86,-2.84));
#1162 = LINE('',#1163,#1164);
#1163 = CARTESIAN_POINT('',(0.32,-2.86,-3.));
#1164 = VECTOR('',#1165,1.);
#1165 = DIRECTION('',(0.,0.,1.));
#1166 = ORIENTED_EDGE('',*,*,#1167,.F.);
#1167 = EDGE_CURVE('',#1168,#1160,#1170,.T.);
#1168 = VERTEX_POINT('',#1169);
#1169 = CARTESIAN_POINT('',(-0.32,-2.86,-2.84));
#1170 = LINE('',#1171,#1172);
#1171 = CARTESIAN_POINT('',(-0.32,-2.86,-2.84));
#1172 = VECTOR('',#1173,1.);
#1173 = DIRECTION('',(1.,0.,0.));
#1174 = ORIENTED_EDGE('',*,*,#1175,.T.);
#1175 = EDGE_CURVE('',#1168,#461,#1176,.T.);
#1176 = LINE('',#1177,#1178);
#1177 = CARTESIAN_POINT('',(-0.32,-2.86,-3.));
#1178 = VECTOR('',#1179,1.);
#1179 = DIRECTION('',(0.,0.,1.));
#1180 = ORIENTED_EDGE('',*,*,#458,.F.);
#1181 = PLANE('',#1182);
#1182 = AXIS2_PLACEMENT_3D('',#1183,#1184,#1185);
#1183 = CARTESIAN_POINT('',(-0.32,-2.86,-3.));
#1184 = DIRECTION('',(0.,1.,0.));
#1185 = DIRECTION('',(0.,-0.,1.));
#1186 = ADVANCED_FACE('',(#1187),#1205,.T.);
#1187 = FACE_BOUND('',#1188,.T.);
#1188 = EDGE_LOOP('',(#1189,#1190,#1198,#1204));
#1189 = ORIENTED_EDGE('',*,*,#1159,.F.);
#1190 = ORIENTED_EDGE('',*,*,#1191,.T.);
#1191 = EDGE_CURVE('',#1160,#1192,#1194,.T.);
#1192 = VERTEX_POINT('',#1193);
#1193 = CARTESIAN_POINT('',(0.32,-2.22,-2.84));
#1194 = LINE('',#1195,#1196);
#1195 = CARTESIAN_POINT('',(0.32,-2.86,-2.84));
#1196 = VECTOR('',#1197,1.);
#1197 = DIRECTION('',(0.,1.,0.));
#1198 = ORIENTED_EDGE('',*,*,#1199,.T.);
#1199 = EDGE_CURVE('',#1192,#477,#1200,.T.);
#1200 = LINE('',#1201,#1202);
#1201 = CARTESIAN_POINT('',(0.32,-2.22,-3.));
#1202 = VECTOR('',#1203,1.);
#1203 = DIRECTION('',(0.,0.,1.));
#1204 = ORIENTED_EDGE('',*,*,#484,.F.);
#1205 = PLANE('',#1206);
#1206 = AXIS2_PLACEMENT_3D('',#1207,#1208,#1209);
#1207 = CARTESIAN_POINT('',(0.32,-2.86,-3.));
#1208 = DIRECTION('',(1.,0.,0.));
#1209 = DIRECTION('',(0.,0.,1.));
#1210 = ADVANCED_FACE('',(#1211),#1229,.T.);
#1211 = FACE_BOUND('',#1212,.T.);
#1212 = EDGE_LOOP('',(#1213,#1214,#1222,#1228));
#1213 = ORIENTED_EDGE('',*,*,#1199,.F.);
#1214 = ORIENTED_EDGE('',*,*,#1215,.F.);
#1215 = EDGE_CURVE('',#1216,#1192,#1218,.T.);
#1216 = VERTEX_POINT('',#1217);
#1217 = CARTESIAN_POINT('',(-0.32,-2.22,-2.84));
#1218 = LINE('',#1219,#1220);
#1219 = CARTESIAN_POINT('',(-0.32,-2.22,-2.84));
#1220 = VECTOR('',#1221,1.);
#1221 = DIRECTION('',(1.,0.,0.));
#1222 = ORIENTED_EDGE('',*,*,#1223,.T.);
#1223 = EDGE_CURVE('',#1216,#469,#1224,.T.);
#1224 = LINE('',#1225,#1226);
#1225 = CARTESIAN_POINT('',(-0.32,-2.22,-3.));
#1226 = VECTOR('',#1227,1.);
#1227 = DIRECTION('',(0.,0.,1.));
#1228 = ORIENTED_EDGE('',*,*,#476,.F.);
#1229 = PLANE('',#1230);
#1230 = AXIS2_PLACEMENT_3D('',#1231,#1232,#1233);
#1231 = CARTESIAN_POINT('',(-0.32,-2.22,-3.));
#1232 = DIRECTION('',(0.,1.,0.));
#1233 = DIRECTION('',(0.,-0.,1.));
#1234 = ADVANCED_FACE('',(#1235),#1246,.F.);
#1235 = FACE_BOUND('',#1236,.F.);
#1236 = EDGE_LOOP('',(#1237,#1238,#1244,#1245));
#1237 = ORIENTED_EDGE('',*,*,#1175,.F.);
#1238 = ORIENTED_EDGE('',*,*,#1239,.T.);
#1239 = EDGE_CURVE('',#1168,#1216,#1240,.T.);
#1240 = LINE('',#1241,#1242);
#1241 = CARTESIAN_POINT('',(-0.32,-2.86,-2.84));
#1242 = VECTOR('',#1243,1.);
#1243 = DIRECTION('',(0.,1.,0.));
#1244 = ORIENTED_EDGE('',*,*,#1223,.T.);
#1245 = ORIENTED_EDGE('',*,*,#468,.F.);
#1246 = PLANE('',#1247);
#1247 = AXIS2_PLACEMENT_3D('',#1248,#1249,#1250);
#1248 = CARTESIAN_POINT('',(-0.32,-2.86,-3.));
#1249 = DIRECTION('',(1.,0.,0.));
#1250 = DIRECTION('',(0.,0.,1.));
#1251 = ADVANCED_FACE('',(#1252),#1277,.T.);
#1252 = FACE_BOUND('',#1253,.T.);
#1253 = EDGE_LOOP('',(#1254,#1262,#1270,#1276));
#1254 = ORIENTED_EDGE('',*,*,#1255,.F.);
#1255 = EDGE_CURVE('',#1256,#493,#1258,.T.);
#1256 = VERTEX_POINT('',#1257);
#1257 = CARTESIAN_POINT('',(0.32,-4.76,-2.84));
#1258 = LINE('',#1259,#1260);
#1259 = CARTESIAN_POINT('',(0.32,-4.76,-3.));
#1260 = VECTOR('',#1261,1.);
#1261 = DIRECTION('',(0.,0.,1.));
#1262 = ORIENTED_EDGE('',*,*,#1263,.F.);
#1263 = EDGE_CURVE('',#1264,#1256,#1266,.T.);
#1264 = VERTEX_POINT('',#1265);
#1265 = CARTESIAN_POINT('',(-0.32,-4.76,-2.84));
#1266 = LINE('',#1267,#1268);
#1267 = CARTESIAN_POINT('',(-0.32,-4.76,-2.84));
#1268 = VECTOR('',#1269,1.);
#1269 = DIRECTION('',(1.,0.,0.));
#1270 = ORIENTED_EDGE('',*,*,#1271,.T.);
#1271 = EDGE_CURVE('',#1264,#495,#1272,.T.);
#1272 = LINE('',#1273,#1274);
#1273 = CARTESIAN_POINT('',(-0.32,-4.76,-3.));
#1274 = VECTOR('',#1275,1.);
#1275 = DIRECTION('',(0.,0.,1.));
#1276 = ORIENTED_EDGE('',*,*,#492,.F.);
#1277 = PLANE('',#1278);
#1278 = AXIS2_PLACEMENT_3D('',#1279,#1280,#1281);
#1279 = CARTESIAN_POINT('',(-0.32,-4.76,-3.));
#1280 = DIRECTION('',(0.,1.,0.));
#1281 = DIRECTION('',(0.,-0.,1.));
#1282 = ADVANCED_FACE('',(#1283),#1301,.F.);
#1283 = FACE_BOUND('',#1284,.F.);
#1284 = EDGE_LOOP('',(#1285,#1293,#1299,#1300));
#1285 = ORIENTED_EDGE('',*,*,#1286,.F.);
#1286 = EDGE_CURVE('',#1287,#511,#1289,.T.);
#1287 = VERTEX_POINT('',#1288);
#1288 = CARTESIAN_POINT('',(-0.32,-5.4,-2.84));
#1289 = LINE('',#1290,#1291);
#1290 = CARTESIAN_POINT('',(-0.32,-5.4,-3.));
#1291 = VECTOR('',#1292,1.);
#1292 = DIRECTION('',(0.,0.,1.));
#1293 = ORIENTED_EDGE('',*,*,#1294,.T.);
#1294 = EDGE_CURVE('',#1287,#1264,#1295,.T.);
#1295 = LINE('',#1296,#1297);
#1296 = CARTESIAN_POINT('',(-0.32,-5.4,-2.84));
#1297 = VECTOR('',#1298,1.);
#1298 = DIRECTION('',(0.,1.,0.));
#1299 = ORIENTED_EDGE('',*,*,#1271,.T.);
#1300 = ORIENTED_EDGE('',*,*,#518,.F.);
#1301 = PLANE('',#1302);
#1302 = AXIS2_PLACEMENT_3D('',#1303,#1304,#1305);
#1303 = CARTESIAN_POINT('',(-0.32,-5.4,-3.));
#1304 = DIRECTION('',(1.,0.,0.));
#1305 = DIRECTION('',(0.,0.,1.));
#1306 = ADVANCED_FACE('',(#1307),#1325,.F.);
#1307 = FACE_BOUND('',#1308,.F.);
#1308 = EDGE_LOOP('',(#1309,#1317,#1323,#1324));
#1309 = ORIENTED_EDGE('',*,*,#1310,.F.);
#1310 = EDGE_CURVE('',#1311,#503,#1313,.T.);
#1311 = VERTEX_POINT('',#1312);
#1312 = CARTESIAN_POINT('',(0.32,-5.4,-2.84));
#1313 = LINE('',#1314,#1315);
#1314 = CARTESIAN_POINT('',(0.32,-5.4,-3.));
#1315 = VECTOR('',#1316,1.);
#1316 = DIRECTION('',(0.,0.,1.));
#1317 = ORIENTED_EDGE('',*,*,#1318,.F.);
#1318 = EDGE_CURVE('',#1287,#1311,#1319,.T.);
#1319 = LINE('',#1320,#1321);
#1320 = CARTESIAN_POINT('',(-0.32,-5.4,-2.84));
#1321 = VECTOR('',#1322,1.);
#1322 = DIRECTION('',(1.,0.,0.));
#1323 = ORIENTED_EDGE('',*,*,#1286,.T.);
#1324 = ORIENTED_EDGE('',*,*,#510,.F.);
#1325 = PLANE('',#1326);
#1326 = AXIS2_PLACEMENT_3D('',#1327,#1328,#1329);
#1327 = CARTESIAN_POINT('',(-0.32,-5.4,-3.));
#1328 = DIRECTION('',(0.,1.,0.));
#1329 = DIRECTION('',(0.,-0.,1.));
#1330 = ADVANCED_FACE('',(#1331),#1342,.T.);
#1331 = FACE_BOUND('',#1332,.T.);
#1332 = EDGE_LOOP('',(#1333,#1334,#1340,#1341));
#1333 = ORIENTED_EDGE('',*,*,#1310,.F.);
#1334 = ORIENTED_EDGE('',*,*,#1335,.T.);
#1335 = EDGE_CURVE('',#1311,#1256,#1336,.T.);
#1336 = LINE('',#1337,#1338);
#1337 = CARTESIAN_POINT('',(0.32,-5.4,-2.84));
#1338 = VECTOR('',#1339,1.);
#1339 = DIRECTION('',(0.,1.,0.));
#1340 = ORIENTED_EDGE('',*,*,#1255,.T.);
#1341 = ORIENTED_EDGE('',*,*,#502,.F.);
#1342 = PLANE('',#1343);
#1343 = AXIS2_PLACEMENT_3D('',#1344,#1345,#1346);
#1344 = CARTESIAN_POINT('',(0.32,-5.4,-3.));
#1345 = DIRECTION('',(1.,0.,0.));
#1346 = DIRECTION('',(0.,0.,1.));
#1347 = ADVANCED_FACE('',(#1348),#1373,.T.);
#1348 = FACE_BOUND('',#1349,.T.);
#1349 = EDGE_LOOP('',(#1350,#1358,#1359,#1367));
#1350 = ORIENTED_EDGE('',*,*,#1351,.F.);
#1351 = EDGE_CURVE('',#672,#1352,#1354,.T.);
#1352 = VERTEX_POINT('',#1353);
#1353 = CARTESIAN_POINT('',(0.32,-0.32,8.38));
#1354 = LINE('',#1355,#1356);
#1355 = CARTESIAN_POINT('',(0.32,-0.32,-3.));
#1356 = VECTOR('',#1357,1.);
#1357 = DIRECTION('',(0.,0.,1.));
#1358 = ORIENTED_EDGE('',*,*,#671,.T.);
#1359 = ORIENTED_EDGE('',*,*,#1360,.T.);
#1360 = EDGE_CURVE('',#674,#1361,#1363,.T.);
#1361 = VERTEX_POINT('',#1362);
#1362 = CARTESIAN_POINT('',(0.32,0.32,8.38));
#1363 = LINE('',#1364,#1365);
#1364 = CARTESIAN_POINT('',(0.32,0.32,-3.));
#1365 = VECTOR('',#1366,1.);
#1366 = DIRECTION('',(0.,0.,1.));
#1367 = ORIENTED_EDGE('',*,*,#1368,.F.);
#1368 = EDGE_CURVE('',#1352,#1361,#1369,.T.);
#1369 = LINE('',#1370,#1371);
#1370 = CARTESIAN_POINT('',(0.32,-0.32,8.38));
#1371 = VECTOR('',#1372,1.);
#1372 = DIRECTION('',(0.,1.,0.));
#1373 = PLANE('',#1374);
#1374 = AXIS2_PLACEMENT_3D('',#1375,#1376,#1377);
#1375 = CARTESIAN_POINT('',(0.32,-0.32,-3.));
#1376 = DIRECTION('',(1.,0.,0.));
#1377 = DIRECTION('',(0.,0.,1.));
#1378 = ADVANCED_FACE('',(#1379),#1397,.T.);
#1379 = FACE_BOUND('',#1380,.T.);
#1380 = EDGE_LOOP('',(#1381,#1382,#1383,#1391));
#1381 = ORIENTED_EDGE('',*,*,#1360,.F.);
#1382 = ORIENTED_EDGE('',*,*,#697,.T.);
#1383 = ORIENTED_EDGE('',*,*,#1384,.T.);
#1384 = EDGE_CURVE('',#690,#1385,#1387,.T.);
#1385 = VERTEX_POINT('',#1386);
#1386 = CARTESIAN_POINT('',(-0.32,0.32,8.38));
#1387 = LINE('',#1388,#1389);
#1388 = CARTESIAN_POINT('',(-0.32,0.32,-3.));
#1389 = VECTOR('',#1390,1.);
#1390 = DIRECTION('',(0.,0.,1.));
#1391 = ORIENTED_EDGE('',*,*,#1392,.T.);
#1392 = EDGE_CURVE('',#1385,#1361,#1393,.T.);
#1393 = LINE('',#1394,#1395);
#1394 = CARTESIAN_POINT('',(-0.32,0.32,8.38));
#1395 = VECTOR('',#1396,1.);
#1396 = DIRECTION('',(1.,0.,0.));
#1397 = PLANE('',#1398);
#1398 = AXIS2_PLACEMENT_3D('',#1399,#1400,#1401);
#1399 = CARTESIAN_POINT('',(-0.32,0.32,-3.));
#1400 = DIRECTION('',(0.,1.,0.));
#1401 = DIRECTION('',(0.,-0.,1.));
#1402 = ADVANCED_FACE('',(#1403),#1421,.F.);
#1403 = FACE_BOUND('',#1404,.F.);
#1404 = EDGE_LOOP('',(#1405,#1413,#1414,#1415));
#1405 = ORIENTED_EDGE('',*,*,#1406,.F.);
#1406 = EDGE_CURVE('',#682,#1407,#1409,.T.);
#1407 = VERTEX_POINT('',#1408);
#1408 = CARTESIAN_POINT('',(-0.32,-0.32,8.38));
#1409 = LINE('',#1410,#1411);
#1410 = CARTESIAN_POINT('',(-0.32,-0.32,-3.));
#1411 = VECTOR('',#1412,1.);
#1412 = DIRECTION('',(0.,0.,1.));
#1413 = ORIENTED_EDGE('',*,*,#689,.T.);
#1414 = ORIENTED_EDGE('',*,*,#1384,.T.);
#1415 = ORIENTED_EDGE('',*,*,#1416,.F.);
#1416 = EDGE_CURVE('',#1407,#1385,#1417,.T.);
#1417 = LINE('',#1418,#1419);
#1418 = CARTESIAN_POINT('',(-0.32,-0.32,8.38));
#1419 = VECTOR('',#1420,1.);
#1420 = DIRECTION('',(0.,1.,0.));
#1421 = PLANE('',#1422);
#1422 = AXIS2_PLACEMENT_3D('',#1423,#1424,#1425);
#1423 = CARTESIAN_POINT('',(-0.32,-0.32,-3.));
#1424 = DIRECTION('',(1.,0.,0.));
#1425 = DIRECTION('',(0.,0.,1.));
#1426 = ADVANCED_FACE('',(#1427),#1438,.F.);
#1427 = FACE_BOUND('',#1428,.F.);
#1428 = EDGE_LOOP('',(#1429,#1430,#1431,#1432));
#1429 = ORIENTED_EDGE('',*,*,#1351,.F.);
#1430 = ORIENTED_EDGE('',*,*,#681,.T.);
#1431 = ORIENTED_EDGE('',*,*,#1406,.T.);
#1432 = ORIENTED_EDGE('',*,*,#1433,.T.);
#1433 = EDGE_CURVE('',#1407,#1352,#1434,.T.);
#1434 = LINE('',#1435,#1436);
#1435 = CARTESIAN_POINT('',(-0.32,-0.32,8.38));
#1436 = VECTOR('',#1437,1.);
#1437 = DIRECTION('',(1.,0.,0.));
#1438 = PLANE('',#1439);
#1439 = AXIS2_PLACEMENT_3D('',#1440,#1441,#1442);
#1440 = CARTESIAN_POINT('',(-0.32,-0.32,-3.));
#1441 = DIRECTION('',(0.,1.,0.));
#1442 = DIRECTION('',(0.,-0.,1.));
#1443 = ADVANCED_FACE('',(#1444),#1469,.F.);
#1444 = FACE_BOUND('',#1445,.F.);
#1445 = EDGE_LOOP('',(#1446,#1454,#1455,#1463));
#1446 = ORIENTED_EDGE('',*,*,#1447,.F.);
#1447 = EDGE_CURVE('',#706,#1448,#1450,.T.);
#1448 = VERTEX_POINT('',#1449);
#1449 = CARTESIAN_POINT('',(0.32,-2.86,8.38));
#1450 = LINE('',#1451,#1452);
#1451 = CARTESIAN_POINT('',(0.32,-2.86,-3.));
#1452 = VECTOR('',#1453,1.);
#1453 = DIRECTION('',(0.,0.,1.));
#1454 = ORIENTED_EDGE('',*,*,#705,.T.);
#1455 = ORIENTED_EDGE('',*,*,#1456,.T.);
#1456 = EDGE_CURVE('',#708,#1457,#1459,.T.);
#1457 = VERTEX_POINT('',#1458);
#1458 = CARTESIAN_POINT('',(-0.32,-2.86,8.38));
#1459 = LINE('',#1460,#1461);
#1460 = CARTESIAN_POINT('',(-0.32,-2.86,-3.));
#1461 = VECTOR('',#1462,1.);
#1462 = DIRECTION('',(0.,0.,1.));
#1463 = ORIENTED_EDGE('',*,*,#1464,.T.);
#1464 = EDGE_CURVE('',#1457,#1448,#1465,.T.);
#1465 = LINE('',#1466,#1467);
#1466 = CARTESIAN_POINT('',(-0.32,-2.86,8.38));
#1467 = VECTOR('',#1468,1.);
#1468 = DIRECTION('',(1.,0.,0.));
#1469 = PLANE('',#1470);
#1470 = AXIS2_PLACEMENT_3D('',#1471,#1472,#1473);
#1471 = CARTESIAN_POINT('',(-0.32,-2.86,-3.));
#1472 = DIRECTION('',(0.,1.,0.));
#1473 = DIRECTION('',(0.,-0.,1.));
#1474 = ADVANCED_FACE('',(#1475),#1493,.T.);
#1475 = FACE_BOUND('',#1476,.T.);
#1476 = EDGE_LOOP('',(#1477,#1478,#1479,#1487));
#1477 = ORIENTED_EDGE('',*,*,#1447,.F.);
#1478 = ORIENTED_EDGE('',*,*,#731,.T.);
#1479 = ORIENTED_EDGE('',*,*,#1480,.T.);
#1480 = EDGE_CURVE('',#724,#1481,#1483,.T.);
#1481 = VERTEX_POINT('',#1482);
#1482 = CARTESIAN_POINT('',(0.32,-2.22,8.38));
#1483 = LINE('',#1484,#1485);
#1484 = CARTESIAN_POINT('',(0.32,-2.22,-3.));
#1485 = VECTOR('',#1486,1.);
#1486 = DIRECTION('',(0.,0.,1.));
#1487 = ORIENTED_EDGE('',*,*,#1488,.F.);
#1488 = EDGE_CURVE('',#1448,#1481,#1489,.T.);
#1489 = LINE('',#1490,#1491);
#1490 = CARTESIAN_POINT('',(0.32,-2.86,8.38));
#1491 = VECTOR('',#1492,1.);
#1492 = DIRECTION('',(0.,1.,0.));
#1493 = PLANE('',#1494);
#1494 = AXIS2_PLACEMENT_3D('',#1495,#1496,#1497);
#1495 = CARTESIAN_POINT('',(0.32,-2.86,-3.));
#1496 = DIRECTION('',(1.,0.,0.));
#1497 = DIRECTION('',(0.,0.,1.));
#1498 = ADVANCED_FACE('',(#1499),#1517,.T.);
#1499 = FACE_BOUND('',#1500,.T.);
#1500 = EDGE_LOOP('',(#1501,#1502,#1503,#1511));
#1501 = ORIENTED_EDGE('',*,*,#1480,.F.);
#1502 = ORIENTED_EDGE('',*,*,#723,.T.);
#1503 = ORIENTED_EDGE('',*,*,#1504,.T.);
#1504 = EDGE_CURVE('',#716,#1505,#1507,.T.);
#1505 = VERTEX_POINT('',#1506);
#1506 = CARTESIAN_POINT('',(-0.32,-2.22,8.38));
#1507 = LINE('',#1508,#1509);
#1508 = CARTESIAN_POINT('',(-0.32,-2.22,-3.));
#1509 = VECTOR('',#1510,1.);
#1510 = DIRECTION('',(0.,0.,1.));
#1511 = ORIENTED_EDGE('',*,*,#1512,.T.);
#1512 = EDGE_CURVE('',#1505,#1481,#1513,.T.);
#1513 = LINE('',#1514,#1515);
#1514 = CARTESIAN_POINT('',(-0.32,-2.22,8.38));
#1515 = VECTOR('',#1516,1.);
#1516 = DIRECTION('',(1.,0.,0.));
#1517 = PLANE('',#1518);
#1518 = AXIS2_PLACEMENT_3D('',#1519,#1520,#1521);
#1519 = CARTESIAN_POINT('',(-0.32,-2.22,-3.));
#1520 = DIRECTION('',(0.,1.,0.));
#1521 = DIRECTION('',(0.,-0.,1.));
#1522 = ADVANCED_FACE('',(#1523),#1534,.F.);
#1523 = FACE_BOUND('',#1524,.F.);
#1524 = EDGE_LOOP('',(#1525,#1526,#1527,#1528));
#1525 = ORIENTED_EDGE('',*,*,#1456,.F.);
#1526 = ORIENTED_EDGE('',*,*,#715,.T.);
#1527 = ORIENTED_EDGE('',*,*,#1504,.T.);
#1528 = ORIENTED_EDGE('',*,*,#1529,.F.);
#1529 = EDGE_CURVE('',#1457,#1505,#1530,.T.);
#1530 = LINE('',#1531,#1532);
#1531 = CARTESIAN_POINT('',(-0.32,-2.86,8.38));
#1532 = VECTOR('',#1533,1.);
#1533 = DIRECTION('',(0.,1.,0.));
#1534 = PLANE('',#1535);
#1535 = AXIS2_PLACEMENT_3D('',#1536,#1537,#1538);
#1536 = CARTESIAN_POINT('',(-0.32,-2.86,-3.));
#1537 = DIRECTION('',(1.,0.,0.));
#1538 = DIRECTION('',(0.,0.,1.));
#1539 = ADVANCED_FACE('',(#1540),#1565,.T.);
#1540 = FACE_BOUND('',#1541,.T.);
#1541 = EDGE_LOOP('',(#1542,#1550,#1551,#1559));
#1542 = ORIENTED_EDGE('',*,*,#1543,.F.);
#1543 = EDGE_CURVE('',#740,#1544,#1546,.T.);
#1544 = VERTEX_POINT('',#1545);
#1545 = CARTESIAN_POINT('',(0.32,-4.76,8.38));
#1546 = LINE('',#1547,#1548);
#1547 = CARTESIAN_POINT('',(0.32,-4.76,-3.));
#1548 = VECTOR('',#1549,1.);
#1549 = DIRECTION('',(0.,0.,1.));
#1550 = ORIENTED_EDGE('',*,*,#739,.T.);
#1551 = ORIENTED_EDGE('',*,*,#1552,.T.);
#1552 = EDGE_CURVE('',#742,#1553,#1555,.T.);
#1553 = VERTEX_POINT('',#1554);
#1554 = CARTESIAN_POINT('',(-0.32,-4.76,8.38));
#1555 = LINE('',#1556,#1557);
#1556 = CARTESIAN_POINT('',(-0.32,-4.76,-3.));
#1557 = VECTOR('',#1558,1.);
#1558 = DIRECTION('',(0.,0.,1.));
#1559 = ORIENTED_EDGE('',*,*,#1560,.T.);
#1560 = EDGE_CURVE('',#1553,#1544,#1561,.T.);
#1561 = LINE('',#1562,#1563);
#1562 = CARTESIAN_POINT('',(-0.32,-4.76,8.38));
#1563 = VECTOR('',#1564,1.);
#1564 = DIRECTION('',(1.,0.,0.));
#1565 = PLANE('',#1566);
#1566 = AXIS2_PLACEMENT_3D('',#1567,#1568,#1569);
#1567 = CARTESIAN_POINT('',(-0.32,-4.76,-3.));
#1568 = DIRECTION('',(0.,1.,0.));
#1569 = DIRECTION('',(0.,-0.,1.));
#1570 = ADVANCED_FACE('',(#1571),#1589,.F.);
#1571 = FACE_BOUND('',#1572,.F.);
#1572 = EDGE_LOOP('',(#1573,#1581,#1582,#1583));
#1573 = ORIENTED_EDGE('',*,*,#1574,.F.);
#1574 = EDGE_CURVE('',#758,#1575,#1577,.T.);
#1575 = VERTEX_POINT('',#1576);
#1576 = CARTESIAN_POINT('',(-0.32,-5.4,8.38));
#1577 = LINE('',#1578,#1579);
#1578 = CARTESIAN_POINT('',(-0.32,-5.4,-3.));
#1579 = VECTOR('',#1580,1.);
#1580 = DIRECTION('',(0.,0.,1.));
#1581 = ORIENTED_EDGE('',*,*,#765,.T.);
#1582 = ORIENTED_EDGE('',*,*,#1552,.T.);
#1583 = ORIENTED_EDGE('',*,*,#1584,.F.);
#1584 = EDGE_CURVE('',#1575,#1553,#1585,.T.);
#1585 = LINE('',#1586,#1587);
#1586 = CARTESIAN_POINT('',(-0.32,-5.4,8.38));
#1587 = VECTOR('',#1588,1.);
#1588 = DIRECTION('',(0.,1.,0.));
#1589 = PLANE('',#1590);
#1590 = AXIS2_PLACEMENT_3D('',#1591,#1592,#1593);
#1591 = CARTESIAN_POINT('',(-0.32,-5.4,-3.));
#1592 = DIRECTION('',(1.,0.,0.));
#1593 = DIRECTION('',(0.,0.,1.));
#1594 = ADVANCED_FACE('',(#1595),#1613,.F.);
#1595 = FACE_BOUND('',#1596,.F.);
#1596 = EDGE_LOOP('',(#1597,#1605,#1606,#1607));
#1597 = ORIENTED_EDGE('',*,*,#1598,.F.);
#1598 = EDGE_CURVE('',#750,#1599,#1601,.T.);
#1599 = VERTEX_POINT('',#1600);
#1600 = CARTESIAN_POINT('',(0.32,-5.4,8.38));
#1601 = LINE('',#1602,#1603);
#1602 = CARTESIAN_POINT('',(0.32,-5.4,-3.));
#1603 = VECTOR('',#1604,1.);
#1604 = DIRECTION('',(0.,0.,1.));
#1605 = ORIENTED_EDGE('',*,*,#757,.T.);
#1606 = ORIENTED_EDGE('',*,*,#1574,.T.);
#1607 = ORIENTED_EDGE('',*,*,#1608,.T.);
#1608 = EDGE_CURVE('',#1575,#1599,#1609,.T.);
#1609 = LINE('',#1610,#1611);
#1610 = CARTESIAN_POINT('',(-0.32,-5.4,8.38));
#1611 = VECTOR('',#1612,1.);
#1612 = DIRECTION('',(1.,0.,0.));
#1613 = PLANE('',#1614);
#1614 = AXIS2_PLACEMENT_3D('',#1615,#1616,#1617);
#1615 = CARTESIAN_POINT('',(-0.32,-5.4,-3.));
#1616 = DIRECTION('',(0.,1.,0.));
#1617 = DIRECTION('',(0.,-0.,1.));
#1618 = ADVANCED_FACE('',(#1619),#1630,.T.);
#1619 = FACE_BOUND('',#1620,.T.);
#1620 = EDGE_LOOP('',(#1621,#1622,#1623,#1624));
#1621 = ORIENTED_EDGE('',*,*,#1598,.F.);
#1622 = ORIENTED_EDGE('',*,*,#749,.T.);
#1623 = ORIENTED_EDGE('',*,*,#1543,.T.);
#1624 = ORIENTED_EDGE('',*,*,#1625,.F.);
#1625 = EDGE_CURVE('',#1599,#1544,#1626,.T.);
#1626 = LINE('',#1627,#1628);
#1627 = CARTESIAN_POINT('',(0.32,-5.4,8.38));
#1628 = VECTOR('',#1629,1.);
#1629 = DIRECTION('',(0.,1.,0.));
#1630 = PLANE('',#1631);
#1631 = AXIS2_PLACEMENT_3D('',#1632,#1633,#1634);
#1632 = CARTESIAN_POINT('',(0.32,-5.4,-3.));
#1633 = DIRECTION('',(1.,0.,0.));
#1634 = DIRECTION('',(0.,0.,1.));
#1635 = ADVANCED_FACE('',(#1636),#1661,.F.);
#1636 = FACE_BOUND('',#1637,.F.);
#1637 = EDGE_LOOP('',(#1638,#1646,#1647,#1655));
#1638 = ORIENTED_EDGE('',*,*,#1639,.F.);
#1639 = EDGE_CURVE('',#1064,#1640,#1642,.T.);
#1640 = VERTEX_POINT('',#1641);
#1641 = CARTESIAN_POINT('',(0.16,-0.16,-3.));
#1642 = LINE('',#1643,#1644);
#1643 = CARTESIAN_POINT('',(0.16,-0.16,-3.));
#1644 = VECTOR('',#1645,1.);
#1645 = DIRECTION('',(-0.57735026919,0.57735026919,-0.57735026919));
#1646 = ORIENTED_EDGE('',*,*,#1071,.T.);
#1647 = ORIENTED_EDGE('',*,*,#1648,.T.);
#1648 = EDGE_CURVE('',#1072,#1649,#1651,.T.);
#1649 = VERTEX_POINT('',#1650);
#1650 = CARTESIAN_POINT('',(0.16,0.16,-3.));
#1651 = LINE('',#1652,#1653);
#1652 = CARTESIAN_POINT('',(5.333333333333E-02,5.333333333333E-02,
    -3.106666666667));
#1653 = VECTOR('',#1654,1.);
#1654 = DIRECTION('',(-0.57735026919,-0.57735026919,-0.57735026919));
#1655 = ORIENTED_EDGE('',*,*,#1656,.F.);
#1656 = EDGE_CURVE('',#1640,#1649,#1657,.T.);
#1657 = LINE('',#1658,#1659);
#1658 = CARTESIAN_POINT('',(0.16,-0.32,-3.));
#1659 = VECTOR('',#1660,1.);
#1660 = DIRECTION('',(0.,1.,0.));
#1661 = PLANE('',#1662);
#1662 = AXIS2_PLACEMENT_3D('',#1663,#1664,#1665);
#1663 = CARTESIAN_POINT('',(0.24,-0.32,-2.92));
#1664 = DIRECTION('',(-0.707106781187,1.735167508357E-18,0.707106781187)
  );
#1665 = DIRECTION('',(1.226948711654E-18,1.,-1.226948711654E-18));
#1666 = ADVANCED_FACE('',(#1667),#1685,.F.);
#1667 = FACE_BOUND('',#1668,.T.);
#1668 = EDGE_LOOP('',(#1669,#1677,#1678,#1679));
#1669 = ORIENTED_EDGE('',*,*,#1670,.F.);
#1670 = EDGE_CURVE('',#1096,#1671,#1673,.T.);
#1671 = VERTEX_POINT('',#1672);
#1672 = CARTESIAN_POINT('',(-0.16,0.16,-3.));
#1673 = LINE('',#1674,#1675);
#1674 = CARTESIAN_POINT('',(-0.16,0.16,-3.));
#1675 = VECTOR('',#1676,1.);
#1676 = DIRECTION('',(0.57735026919,-0.57735026919,-0.57735026919));
#1677 = ORIENTED_EDGE('',*,*,#1095,.T.);
#1678 = ORIENTED_EDGE('',*,*,#1648,.T.);
#1679 = ORIENTED_EDGE('',*,*,#1680,.F.);
#1680 = EDGE_CURVE('',#1671,#1649,#1681,.T.);
#1681 = LINE('',#1682,#1683);
#1682 = CARTESIAN_POINT('',(-0.32,0.16,-3.));
#1683 = VECTOR('',#1684,1.);
#1684 = DIRECTION('',(1.,0.,0.));
#1685 = PLANE('',#1686);
#1686 = AXIS2_PLACEMENT_3D('',#1687,#1688,#1689);
#1687 = CARTESIAN_POINT('',(-0.32,0.24,-2.92));
#1688 = DIRECTION('',(-1.735167508357E-18,-0.707106781187,0.707106781187
    ));
#1689 = DIRECTION('',(-1.,1.226948711654E-18,-1.226948711654E-18));
#1690 = ADVANCED_FACE('',(#1691),#1709,.T.);
#1691 = FACE_BOUND('',#1692,.T.);
#1692 = EDGE_LOOP('',(#1693,#1701,#1702,#1703));
#1693 = ORIENTED_EDGE('',*,*,#1694,.F.);
#1694 = EDGE_CURVE('',#1119,#1695,#1697,.T.);
#1695 = VERTEX_POINT('',#1696);
#1696 = CARTESIAN_POINT('',(-0.16,-0.16,-3.));
#1697 = LINE('',#1698,#1699);
#1698 = CARTESIAN_POINT('',(-0.266666666667,-0.266666666667,
    -2.893333333333));
#1699 = VECTOR('',#1700,1.);
#1700 = DIRECTION('',(0.57735026919,0.57735026919,-0.57735026919));
#1701 = ORIENTED_EDGE('',*,*,#1126,.T.);
#1702 = ORIENTED_EDGE('',*,*,#1670,.T.);
#1703 = ORIENTED_EDGE('',*,*,#1704,.F.);
#1704 = EDGE_CURVE('',#1695,#1671,#1705,.T.);
#1705 = LINE('',#1706,#1707);
#1706 = CARTESIAN_POINT('',(-0.16,-0.32,-3.));
#1707 = VECTOR('',#1708,1.);
#1708 = DIRECTION('',(0.,1.,0.));
#1709 = PLANE('',#1710);
#1710 = AXIS2_PLACEMENT_3D('',#1711,#1712,#1713);
#1711 = CARTESIAN_POINT('',(-0.24,-0.32,-2.92));
#1712 = DIRECTION('',(-0.707106781187,-1.735167508357E-18,
    -0.707106781187));
#1713 = DIRECTION('',(-1.226948711654E-18,1.,-1.226948711654E-18));
#1714 = ADVANCED_FACE('',(#1715),#1726,.T.);
#1715 = FACE_BOUND('',#1716,.F.);
#1716 = EDGE_LOOP('',(#1717,#1718,#1719,#1720));
#1717 = ORIENTED_EDGE('',*,*,#1694,.F.);
#1718 = ORIENTED_EDGE('',*,*,#1143,.T.);
#1719 = ORIENTED_EDGE('',*,*,#1639,.T.);
#1720 = ORIENTED_EDGE('',*,*,#1721,.F.);
#1721 = EDGE_CURVE('',#1695,#1640,#1722,.T.);
#1722 = LINE('',#1723,#1724);
#1723 = CARTESIAN_POINT('',(-0.32,-0.16,-3.));
#1724 = VECTOR('',#1725,1.);
#1725 = DIRECTION('',(1.,0.,0.));
#1726 = PLANE('',#1727);
#1727 = AXIS2_PLACEMENT_3D('',#1728,#1729,#1730);
#1728 = CARTESIAN_POINT('',(-0.32,-0.24,-2.92));
#1729 = DIRECTION('',(1.735167508357E-18,-0.707106781187,-0.707106781187
    ));
#1730 = DIRECTION('',(-1.,-1.226948711654E-18,-1.226948711654E-18));
#1731 = ADVANCED_FACE('',(#1732),#1757,.T.);
#1732 = FACE_BOUND('',#1733,.F.);
#1733 = EDGE_LOOP('',(#1734,#1742,#1743,#1751));
#1734 = ORIENTED_EDGE('',*,*,#1735,.F.);
#1735 = EDGE_CURVE('',#1168,#1736,#1738,.T.);
#1736 = VERTEX_POINT('',#1737);
#1737 = CARTESIAN_POINT('',(-0.16,-2.7,-3.));
#1738 = LINE('',#1739,#1740);
#1739 = CARTESIAN_POINT('',(-0.266666666667,-2.806666666667,
    -2.893333333333));
#1740 = VECTOR('',#1741,1.);
#1741 = DIRECTION('',(0.57735026919,0.57735026919,-0.57735026919));
#1742 = ORIENTED_EDGE('',*,*,#1167,.T.);
#1743 = ORIENTED_EDGE('',*,*,#1744,.T.);
#1744 = EDGE_CURVE('',#1160,#1745,#1747,.T.);
#1745 = VERTEX_POINT('',#1746);
#1746 = CARTESIAN_POINT('',(0.16,-2.7,-3.));
#1747 = LINE('',#1748,#1749);
#1748 = CARTESIAN_POINT('',(0.16,-2.7,-3.));
#1749 = VECTOR('',#1750,1.);
#1750 = DIRECTION('',(-0.57735026919,0.57735026919,-0.57735026919));
#1751 = ORIENTED_EDGE('',*,*,#1752,.F.);
#1752 = EDGE_CURVE('',#1736,#1745,#1753,.T.);
#1753 = LINE('',#1754,#1755);
#1754 = CARTESIAN_POINT('',(-0.32,-2.7,-3.));
#1755 = VECTOR('',#1756,1.);
#1756 = DIRECTION('',(1.,0.,0.));
#1757 = PLANE('',#1758);
#1758 = AXIS2_PLACEMENT_3D('',#1759,#1760,#1761);
#1759 = CARTESIAN_POINT('',(-0.32,-2.78,-2.92));
#1760 = DIRECTION('',(1.735167508357E-18,-0.707106781187,-0.707106781187
    ));
#1761 = DIRECTION('',(-1.,-1.226948711654E-18,-1.226948711654E-18));
#1762 = ADVANCED_FACE('',(#1763),#1781,.F.);
#1763 = FACE_BOUND('',#1764,.F.);
#1764 = EDGE_LOOP('',(#1765,#1766,#1767,#1775));
#1765 = ORIENTED_EDGE('',*,*,#1744,.F.);
#1766 = ORIENTED_EDGE('',*,*,#1191,.T.);
#1767 = ORIENTED_EDGE('',*,*,#1768,.T.);
#1768 = EDGE_CURVE('',#1192,#1769,#1771,.T.);
#1769 = VERTEX_POINT('',#1770);
#1770 = CARTESIAN_POINT('',(0.16,-2.38,-3.));
#1771 = LINE('',#1772,#1773);
#1772 = CARTESIAN_POINT('',(5.333333333333E-02,-2.486666666667,
    -3.106666666667));
#1773 = VECTOR('',#1774,1.);
#1774 = DIRECTION('',(-0.57735026919,-0.57735026919,-0.57735026919));
#1775 = ORIENTED_EDGE('',*,*,#1776,.F.);
#1776 = EDGE_CURVE('',#1745,#1769,#1777,.T.);
#1777 = LINE('',#1778,#1779);
#1778 = CARTESIAN_POINT('',(0.16,-2.86,-3.));
#1779 = VECTOR('',#1780,1.);
#1780 = DIRECTION('',(0.,1.,0.));
#1781 = PLANE('',#1782);
#1782 = AXIS2_PLACEMENT_3D('',#1783,#1784,#1785);
#1783 = CARTESIAN_POINT('',(0.24,-2.86,-2.92));
#1784 = DIRECTION('',(-0.707106781187,1.735167508357E-18,0.707106781187)
  );
#1785 = DIRECTION('',(1.226948711654E-18,1.,-1.226948711654E-18));
#1786 = ADVANCED_FACE('',(#1787),#1805,.F.);
#1787 = FACE_BOUND('',#1788,.T.);
#1788 = EDGE_LOOP('',(#1789,#1797,#1798,#1799));
#1789 = ORIENTED_EDGE('',*,*,#1790,.F.);
#1790 = EDGE_CURVE('',#1216,#1791,#1793,.T.);
#1791 = VERTEX_POINT('',#1792);
#1792 = CARTESIAN_POINT('',(-0.16,-2.38,-3.));
#1793 = LINE('',#1794,#1795);
#1794 = CARTESIAN_POINT('',(-0.16,-2.38,-3.));
#1795 = VECTOR('',#1796,1.);
#1796 = DIRECTION('',(0.57735026919,-0.57735026919,-0.57735026919));
#1797 = ORIENTED_EDGE('',*,*,#1215,.T.);
#1798 = ORIENTED_EDGE('',*,*,#1768,.T.);
#1799 = ORIENTED_EDGE('',*,*,#1800,.F.);
#1800 = EDGE_CURVE('',#1791,#1769,#1801,.T.);
#1801 = LINE('',#1802,#1803);
#1802 = CARTESIAN_POINT('',(-0.32,-2.38,-3.));
#1803 = VECTOR('',#1804,1.);
#1804 = DIRECTION('',(1.,0.,0.));
#1805 = PLANE('',#1806);
#1806 = AXIS2_PLACEMENT_3D('',#1807,#1808,#1809);
#1807 = CARTESIAN_POINT('',(-0.32,-2.3,-2.92));
#1808 = DIRECTION('',(-1.735167508357E-18,-0.707106781187,0.707106781187
    ));
#1809 = DIRECTION('',(-1.,1.226948711654E-18,-1.226948711654E-18));
#1810 = ADVANCED_FACE('',(#1811),#1822,.T.);
#1811 = FACE_BOUND('',#1812,.T.);
#1812 = EDGE_LOOP('',(#1813,#1814,#1815,#1816));
#1813 = ORIENTED_EDGE('',*,*,#1735,.F.);
#1814 = ORIENTED_EDGE('',*,*,#1239,.T.);
#1815 = ORIENTED_EDGE('',*,*,#1790,.T.);
#1816 = ORIENTED_EDGE('',*,*,#1817,.F.);
#1817 = EDGE_CURVE('',#1736,#1791,#1818,.T.);
#1818 = LINE('',#1819,#1820);
#1819 = CARTESIAN_POINT('',(-0.16,-2.86,-3.));
#1820 = VECTOR('',#1821,1.);
#1821 = DIRECTION('',(0.,1.,0.));
#1822 = PLANE('',#1823);
#1823 = AXIS2_PLACEMENT_3D('',#1824,#1825,#1826);
#1824 = CARTESIAN_POINT('',(-0.24,-2.86,-2.92));
#1825 = DIRECTION('',(-0.707106781187,-1.735167508357E-18,
    -0.707106781187));
#1826 = DIRECTION('',(-1.226948711654E-18,1.,-1.226948711654E-18));
#1827 = ADVANCED_FACE('',(#1828),#1853,.F.);
#1828 = FACE_BOUND('',#1829,.T.);
#1829 = EDGE_LOOP('',(#1830,#1838,#1839,#1847));
#1830 = ORIENTED_EDGE('',*,*,#1831,.F.);
#1831 = EDGE_CURVE('',#1264,#1832,#1834,.T.);
#1832 = VERTEX_POINT('',#1833);
#1833 = CARTESIAN_POINT('',(-0.16,-4.92,-3.));
#1834 = LINE('',#1835,#1836);
#1835 = CARTESIAN_POINT('',(-0.16,-4.92,-3.));
#1836 = VECTOR('',#1837,1.);
#1837 = DIRECTION('',(0.57735026919,-0.57735026919,-0.57735026919));
#1838 = ORIENTED_EDGE('',*,*,#1263,.T.);
#1839 = ORIENTED_EDGE('',*,*,#1840,.T.);
#1840 = EDGE_CURVE('',#1256,#1841,#1843,.T.);
#1841 = VERTEX_POINT('',#1842);
#1842 = CARTESIAN_POINT('',(0.16,-4.92,-3.));
#1843 = LINE('',#1844,#1845);
#1844 = CARTESIAN_POINT('',(5.333333333333E-02,-5.026666666667,
    -3.106666666667));
#1845 = VECTOR('',#1846,1.);
#1846 = DIRECTION('',(-0.57735026919,-0.57735026919,-0.57735026919));
#1847 = ORIENTED_EDGE('',*,*,#1848,.F.);
#1848 = EDGE_CURVE('',#1832,#1841,#1849,.T.);
#1849 = LINE('',#1850,#1851);
#1850 = CARTESIAN_POINT('',(-0.32,-4.92,-3.));
#1851 = VECTOR('',#1852,1.);
#1852 = DIRECTION('',(1.,0.,0.));
#1853 = PLANE('',#1854);
#1854 = AXIS2_PLACEMENT_3D('',#1855,#1856,#1857);
#1855 = CARTESIAN_POINT('',(-0.32,-4.84,-2.92));
#1856 = DIRECTION('',(-1.735167508357E-18,-0.707106781187,0.707106781187
    ));
#1857 = DIRECTION('',(-1.,1.226948711654E-18,-1.226948711654E-18));
#1858 = ADVANCED_FACE('',(#1859),#1877,.T.);
#1859 = FACE_BOUND('',#1860,.T.);
#1860 = EDGE_LOOP('',(#1861,#1869,#1870,#1871));
#1861 = ORIENTED_EDGE('',*,*,#1862,.F.);
#1862 = EDGE_CURVE('',#1287,#1863,#1865,.T.);
#1863 = VERTEX_POINT('',#1864);
#1864 = CARTESIAN_POINT('',(-0.16,-5.24,-3.));
#1865 = LINE('',#1866,#1867);
#1866 = CARTESIAN_POINT('',(-0.266666666667,-5.346666666667,
    -2.893333333333));
#1867 = VECTOR('',#1868,1.);
#1868 = DIRECTION('',(0.57735026919,0.57735026919,-0.57735026919));
#1869 = ORIENTED_EDGE('',*,*,#1294,.T.);
#1870 = ORIENTED_EDGE('',*,*,#1831,.T.);
#1871 = ORIENTED_EDGE('',*,*,#1872,.F.);
#1872 = EDGE_CURVE('',#1863,#1832,#1873,.T.);
#1873 = LINE('',#1874,#1875);
#1874 = CARTESIAN_POINT('',(-0.16,-5.4,-3.));
#1875 = VECTOR('',#1876,1.);
#1876 = DIRECTION('',(0.,1.,0.));
#1877 = PLANE('',#1878);
#1878 = AXIS2_PLACEMENT_3D('',#1879,#1880,#1881);
#1879 = CARTESIAN_POINT('',(-0.24,-5.4,-2.92));
#1880 = DIRECTION('',(-0.707106781187,-1.735167508357E-18,
    -0.707106781187));
#1881 = DIRECTION('',(-1.226948711654E-18,1.,-1.226948711654E-18));
#1882 = ADVANCED_FACE('',(#1883),#1901,.T.);
#1883 = FACE_BOUND('',#1884,.F.);
#1884 = EDGE_LOOP('',(#1885,#1886,#1887,#1895));
#1885 = ORIENTED_EDGE('',*,*,#1862,.F.);
#1886 = ORIENTED_EDGE('',*,*,#1318,.T.);
#1887 = ORIENTED_EDGE('',*,*,#1888,.T.);
#1888 = EDGE_CURVE('',#1311,#1889,#1891,.T.);
#1889 = VERTEX_POINT('',#1890);
#1890 = CARTESIAN_POINT('',(0.16,-5.24,-3.));
#1891 = LINE('',#1892,#1893);
#1892 = CARTESIAN_POINT('',(0.16,-5.24,-3.));
#1893 = VECTOR('',#1894,1.);
#1894 = DIRECTION('',(-0.57735026919,0.57735026919,-0.57735026919));
#1895 = ORIENTED_EDGE('',*,*,#1896,.F.);
#1896 = EDGE_CURVE('',#1863,#1889,#1897,.T.);
#1897 = LINE('',#1898,#1899);
#1898 = CARTESIAN_POINT('',(-0.32,-5.24,-3.));
#1899 = VECTOR('',#1900,1.);
#1900 = DIRECTION('',(1.,0.,0.));
#1901 = PLANE('',#1902);
#1902 = AXIS2_PLACEMENT_3D('',#1903,#1904,#1905);
#1903 = CARTESIAN_POINT('',(-0.32,-5.32,-2.92));
#1904 = DIRECTION('',(1.735167508357E-18,-0.707106781187,-0.707106781187
    ));
#1905 = DIRECTION('',(-1.,-1.226948711654E-18,-1.226948711654E-18));
#1906 = ADVANCED_FACE('',(#1907),#1918,.F.);
#1907 = FACE_BOUND('',#1908,.F.);
#1908 = EDGE_LOOP('',(#1909,#1910,#1911,#1912));
#1909 = ORIENTED_EDGE('',*,*,#1888,.F.);
#1910 = ORIENTED_EDGE('',*,*,#1335,.T.);
#1911 = ORIENTED_EDGE('',*,*,#1840,.T.);
#1912 = ORIENTED_EDGE('',*,*,#1913,.F.);
#1913 = EDGE_CURVE('',#1889,#1841,#1914,.T.);
#1914 = LINE('',#1915,#1916);
#1915 = CARTESIAN_POINT('',(0.16,-5.4,-3.));
#1916 = VECTOR('',#1917,1.);
#1917 = DIRECTION('',(0.,1.,0.));
#1918 = PLANE('',#1919);
#1919 = AXIS2_PLACEMENT_3D('',#1920,#1921,#1922);
#1920 = CARTESIAN_POINT('',(0.24,-5.4,-2.92));
#1921 = DIRECTION('',(-0.707106781187,1.735167508357E-18,0.707106781187)
  );
#1922 = DIRECTION('',(1.226948711654E-18,1.,-1.226948711654E-18));
#1923 = ADVANCED_FACE('',(#1924),#1949,.T.);
#1924 = FACE_BOUND('',#1925,.T.);
#1925 = EDGE_LOOP('',(#1926,#1934,#1935,#1943));
#1926 = ORIENTED_EDGE('',*,*,#1927,.F.);
#1927 = EDGE_CURVE('',#1352,#1928,#1930,.T.);
#1928 = VERTEX_POINT('',#1929);
#1929 = CARTESIAN_POINT('',(0.16,-0.16,8.54));
#1930 = LINE('',#1931,#1932);
#1931 = CARTESIAN_POINT('',(0.16,-0.16,8.54));
#1932 = VECTOR('',#1933,1.);
#1933 = DIRECTION('',(-0.57735026919,0.57735026919,0.57735026919));
#1934 = ORIENTED_EDGE('',*,*,#1368,.T.);
#1935 = ORIENTED_EDGE('',*,*,#1936,.T.);
#1936 = EDGE_CURVE('',#1361,#1937,#1939,.T.);
#1937 = VERTEX_POINT('',#1938);
#1938 = CARTESIAN_POINT('',(0.16,0.16,8.54));
#1939 = LINE('',#1940,#1941);
#1940 = CARTESIAN_POINT('',(5.333333333333E-02,5.333333333333E-02,
    8.646666666667));
#1941 = VECTOR('',#1942,1.);
#1942 = DIRECTION('',(-0.57735026919,-0.57735026919,0.57735026919));
#1943 = ORIENTED_EDGE('',*,*,#1944,.F.);
#1944 = EDGE_CURVE('',#1928,#1937,#1945,.T.);
#1945 = LINE('',#1946,#1947);
#1946 = CARTESIAN_POINT('',(0.16,-0.32,8.54));
#1947 = VECTOR('',#1948,1.);
#1948 = DIRECTION('',(0.,1.,0.));
#1949 = PLANE('',#1950);
#1950 = AXIS2_PLACEMENT_3D('',#1951,#1952,#1953);
#1951 = CARTESIAN_POINT('',(0.24,-0.32,8.46));
#1952 = DIRECTION('',(0.707106781187,-1.735167508357E-18,0.707106781187)
  );
#1953 = DIRECTION('',(1.226948711654E-18,1.,1.226948711654E-18));
#1954 = ADVANCED_FACE('',(#1955),#1973,.T.);
#1955 = FACE_BOUND('',#1956,.F.);
#1956 = EDGE_LOOP('',(#1957,#1965,#1966,#1967));
#1957 = ORIENTED_EDGE('',*,*,#1958,.F.);
#1958 = EDGE_CURVE('',#1385,#1959,#1961,.T.);
#1959 = VERTEX_POINT('',#1960);
#1960 = CARTESIAN_POINT('',(-0.16,0.16,8.54));
#1961 = LINE('',#1962,#1963);
#1962 = CARTESIAN_POINT('',(-0.16,0.16,8.54));
#1963 = VECTOR('',#1964,1.);
#1964 = DIRECTION('',(0.57735026919,-0.57735026919,0.57735026919));
#1965 = ORIENTED_EDGE('',*,*,#1392,.T.);
#1966 = ORIENTED_EDGE('',*,*,#1936,.T.);
#1967 = ORIENTED_EDGE('',*,*,#1968,.F.);
#1968 = EDGE_CURVE('',#1959,#1937,#1969,.T.);
#1969 = LINE('',#1970,#1971);
#1970 = CARTESIAN_POINT('',(-0.32,0.16,8.54));
#1971 = VECTOR('',#1972,1.);
#1972 = DIRECTION('',(1.,0.,0.));
#1973 = PLANE('',#1974);
#1974 = AXIS2_PLACEMENT_3D('',#1975,#1976,#1977);
#1975 = CARTESIAN_POINT('',(-0.32,0.24,8.46));
#1976 = DIRECTION('',(1.735167508357E-18,0.707106781187,0.707106781187)
  );
#1977 = DIRECTION('',(-1.,1.226948711654E-18,1.226948711654E-18));
#1978 = ADVANCED_FACE('',(#1979),#1997,.F.);
#1979 = FACE_BOUND('',#1980,.F.);
#1980 = EDGE_LOOP('',(#1981,#1989,#1990,#1991));
#1981 = ORIENTED_EDGE('',*,*,#1982,.F.);
#1982 = EDGE_CURVE('',#1407,#1983,#1985,.T.);
#1983 = VERTEX_POINT('',#1984);
#1984 = CARTESIAN_POINT('',(-0.16,-0.16,8.54));
#1985 = LINE('',#1986,#1987);
#1986 = CARTESIAN_POINT('',(-0.266666666667,-0.266666666667,
    8.433333333333));
#1987 = VECTOR('',#1988,1.);
#1988 = DIRECTION('',(0.57735026919,0.57735026919,0.57735026919));
#1989 = ORIENTED_EDGE('',*,*,#1416,.T.);
#1990 = ORIENTED_EDGE('',*,*,#1958,.T.);
#1991 = ORIENTED_EDGE('',*,*,#1992,.F.);
#1992 = EDGE_CURVE('',#1983,#1959,#1993,.T.);
#1993 = LINE('',#1994,#1995);
#1994 = CARTESIAN_POINT('',(-0.16,-0.32,8.54));
#1995 = VECTOR('',#1996,1.);
#1996 = DIRECTION('',(0.,1.,0.));
#1997 = PLANE('',#1998);
#1998 = AXIS2_PLACEMENT_3D('',#1999,#2000,#2001);
#1999 = CARTESIAN_POINT('',(-0.24,-0.32,8.46));
#2000 = DIRECTION('',(0.707106781187,1.735167508357E-18,-0.707106781187)
  );
#2001 = DIRECTION('',(-1.226948711654E-18,1.,1.226948711654E-18));
#2002 = ADVANCED_FACE('',(#2003),#2014,.F.);
#2003 = FACE_BOUND('',#2004,.T.);
#2004 = EDGE_LOOP('',(#2005,#2006,#2007,#2008));
#2005 = ORIENTED_EDGE('',*,*,#1982,.F.);
#2006 = ORIENTED_EDGE('',*,*,#1433,.T.);
#2007 = ORIENTED_EDGE('',*,*,#1927,.T.);
#2008 = ORIENTED_EDGE('',*,*,#2009,.F.);
#2009 = EDGE_CURVE('',#1983,#1928,#2010,.T.);
#2010 = LINE('',#2011,#2012);
#2011 = CARTESIAN_POINT('',(-0.32,-0.16,8.54));
#2012 = VECTOR('',#2013,1.);
#2013 = DIRECTION('',(1.,0.,0.));
#2014 = PLANE('',#2015);
#2015 = AXIS2_PLACEMENT_3D('',#2016,#2017,#2018);
#2016 = CARTESIAN_POINT('',(-0.32,-0.24,8.46));
#2017 = DIRECTION('',(-1.735167508357E-18,0.707106781187,-0.707106781187
    ));
#2018 = DIRECTION('',(-1.,-1.226948711654E-18,1.226948711654E-18));
#2019 = ADVANCED_FACE('',(#2020),#2045,.F.);
#2020 = FACE_BOUND('',#2021,.T.);
#2021 = EDGE_LOOP('',(#2022,#2030,#2031,#2039));
#2022 = ORIENTED_EDGE('',*,*,#2023,.F.);
#2023 = EDGE_CURVE('',#1457,#2024,#2026,.T.);
#2024 = VERTEX_POINT('',#2025);
#2025 = CARTESIAN_POINT('',(-0.16,-2.7,8.54));
#2026 = LINE('',#2027,#2028);
#2027 = CARTESIAN_POINT('',(-0.266666666667,-2.806666666667,
    8.433333333333));
#2028 = VECTOR('',#2029,1.);
#2029 = DIRECTION('',(0.57735026919,0.57735026919,0.57735026919));
#2030 = ORIENTED_EDGE('',*,*,#1464,.T.);
#2031 = ORIENTED_EDGE('',*,*,#2032,.T.);
#2032 = EDGE_CURVE('',#1448,#2033,#2035,.T.);
#2033 = VERTEX_POINT('',#2034);
#2034 = CARTESIAN_POINT('',(0.16,-2.7,8.54));
#2035 = LINE('',#2036,#2037);
#2036 = CARTESIAN_POINT('',(0.16,-2.7,8.54));
#2037 = VECTOR('',#2038,1.);
#2038 = DIRECTION('',(-0.57735026919,0.57735026919,0.57735026919));
#2039 = ORIENTED_EDGE('',*,*,#2040,.F.);
#2040 = EDGE_CURVE('',#2024,#2033,#2041,.T.);
#2041 = LINE('',#2042,#2043);
#2042 = CARTESIAN_POINT('',(-0.32,-2.7,8.54));
#2043 = VECTOR('',#2044,1.);
#2044 = DIRECTION('',(1.,0.,0.));
#2045 = PLANE('',#2046);
#2046 = AXIS2_PLACEMENT_3D('',#2047,#2048,#2049);
#2047 = CARTESIAN_POINT('',(-0.32,-2.78,8.46));
#2048 = DIRECTION('',(-1.735167508357E-18,0.707106781187,-0.707106781187
    ));
#2049 = DIRECTION('',(-1.,-1.226948711654E-18,1.226948711654E-18));
#2050 = ADVANCED_FACE('',(#2051),#2069,.T.);
#2051 = FACE_BOUND('',#2052,.T.);
#2052 = EDGE_LOOP('',(#2053,#2054,#2055,#2063));
#2053 = ORIENTED_EDGE('',*,*,#2032,.F.);
#2054 = ORIENTED_EDGE('',*,*,#1488,.T.);
#2055 = ORIENTED_EDGE('',*,*,#2056,.T.);
#2056 = EDGE_CURVE('',#1481,#2057,#2059,.T.);
#2057 = VERTEX_POINT('',#2058);
#2058 = CARTESIAN_POINT('',(0.16,-2.38,8.54));
#2059 = LINE('',#2060,#2061);
#2060 = CARTESIAN_POINT('',(5.333333333333E-02,-2.486666666667,
    8.646666666667));
#2061 = VECTOR('',#2062,1.);
#2062 = DIRECTION('',(-0.57735026919,-0.57735026919,0.57735026919));
#2063 = ORIENTED_EDGE('',*,*,#2064,.F.);
#2064 = EDGE_CURVE('',#2033,#2057,#2065,.T.);
#2065 = LINE('',#2066,#2067);
#2066 = CARTESIAN_POINT('',(0.16,-2.86,8.54));
#2067 = VECTOR('',#2068,1.);
#2068 = DIRECTION('',(0.,1.,0.));
#2069 = PLANE('',#2070);
#2070 = AXIS2_PLACEMENT_3D('',#2071,#2072,#2073);
#2071 = CARTESIAN_POINT('',(0.24,-2.86,8.46));
#2072 = DIRECTION('',(0.707106781187,-1.735167508357E-18,0.707106781187)
  );
#2073 = DIRECTION('',(1.226948711654E-18,1.,1.226948711654E-18));
#2074 = ADVANCED_FACE('',(#2075),#2093,.T.);
#2075 = FACE_BOUND('',#2076,.F.);
#2076 = EDGE_LOOP('',(#2077,#2085,#2086,#2087));
#2077 = ORIENTED_EDGE('',*,*,#2078,.F.);
#2078 = EDGE_CURVE('',#1505,#2079,#2081,.T.);
#2079 = VERTEX_POINT('',#2080);
#2080 = CARTESIAN_POINT('',(-0.16,-2.38,8.54));
#2081 = LINE('',#2082,#2083);
#2082 = CARTESIAN_POINT('',(-0.16,-2.38,8.54));
#2083 = VECTOR('',#2084,1.);
#2084 = DIRECTION('',(0.57735026919,-0.57735026919,0.57735026919));
#2085 = ORIENTED_EDGE('',*,*,#1512,.T.);
#2086 = ORIENTED_EDGE('',*,*,#2056,.T.);
#2087 = ORIENTED_EDGE('',*,*,#2088,.F.);
#2088 = EDGE_CURVE('',#2079,#2057,#2089,.T.);
#2089 = LINE('',#2090,#2091);
#2090 = CARTESIAN_POINT('',(-0.32,-2.38,8.54));
#2091 = VECTOR('',#2092,1.);
#2092 = DIRECTION('',(1.,0.,0.));
#2093 = PLANE('',#2094);
#2094 = AXIS2_PLACEMENT_3D('',#2095,#2096,#2097);
#2095 = CARTESIAN_POINT('',(-0.32,-2.3,8.46));
#2096 = DIRECTION('',(1.735167508357E-18,0.707106781187,0.707106781187)
  );
#2097 = DIRECTION('',(-1.,1.226948711654E-18,1.226948711654E-18));
#2098 = ADVANCED_FACE('',(#2099),#2110,.F.);
#2099 = FACE_BOUND('',#2100,.F.);
#2100 = EDGE_LOOP('',(#2101,#2102,#2103,#2104));
#2101 = ORIENTED_EDGE('',*,*,#2023,.F.);
#2102 = ORIENTED_EDGE('',*,*,#1529,.T.);
#2103 = ORIENTED_EDGE('',*,*,#2078,.T.);
#2104 = ORIENTED_EDGE('',*,*,#2105,.F.);
#2105 = EDGE_CURVE('',#2024,#2079,#2106,.T.);
#2106 = LINE('',#2107,#2108);
#2107 = CARTESIAN_POINT('',(-0.16,-2.86,8.54));
#2108 = VECTOR('',#2109,1.);
#2109 = DIRECTION('',(0.,1.,0.));
#2110 = PLANE('',#2111);
#2111 = AXIS2_PLACEMENT_3D('',#2112,#2113,#2114);
#2112 = CARTESIAN_POINT('',(-0.24,-2.86,8.46));
#2113 = DIRECTION('',(0.707106781187,1.735167508357E-18,-0.707106781187)
  );
#2114 = DIRECTION('',(-1.226948711654E-18,1.,1.226948711654E-18));
#2115 = ADVANCED_FACE('',(#2116),#2141,.T.);
#2116 = FACE_BOUND('',#2117,.F.);
#2117 = EDGE_LOOP('',(#2118,#2126,#2127,#2135));
#2118 = ORIENTED_EDGE('',*,*,#2119,.F.);
#2119 = EDGE_CURVE('',#1553,#2120,#2122,.T.);
#2120 = VERTEX_POINT('',#2121);
#2121 = CARTESIAN_POINT('',(-0.16,-4.92,8.54));
#2122 = LINE('',#2123,#2124);
#2123 = CARTESIAN_POINT('',(-0.16,-4.92,8.54));
#2124 = VECTOR('',#2125,1.);
#2125 = DIRECTION('',(0.57735026919,-0.57735026919,0.57735026919));
#2126 = ORIENTED_EDGE('',*,*,#1560,.T.);
#2127 = ORIENTED_EDGE('',*,*,#2128,.T.);
#2128 = EDGE_CURVE('',#1544,#2129,#2131,.T.);
#2129 = VERTEX_POINT('',#2130);
#2130 = CARTESIAN_POINT('',(0.16,-4.92,8.54));
#2131 = LINE('',#2132,#2133);
#2132 = CARTESIAN_POINT('',(5.333333333333E-02,-5.026666666667,
    8.646666666667));
#2133 = VECTOR('',#2134,1.);
#2134 = DIRECTION('',(-0.57735026919,-0.57735026919,0.57735026919));
#2135 = ORIENTED_EDGE('',*,*,#2136,.F.);
#2136 = EDGE_CURVE('',#2120,#2129,#2137,.T.);
#2137 = LINE('',#2138,#2139);
#2138 = CARTESIAN_POINT('',(-0.32,-4.92,8.54));
#2139 = VECTOR('',#2140,1.);
#2140 = DIRECTION('',(1.,0.,0.));
#2141 = PLANE('',#2142);
#2142 = AXIS2_PLACEMENT_3D('',#2143,#2144,#2145);
#2143 = CARTESIAN_POINT('',(-0.32,-4.84,8.46));
#2144 = DIRECTION('',(1.735167508357E-18,0.707106781187,0.707106781187)
  );
#2145 = DIRECTION('',(-1.,1.226948711654E-18,1.226948711654E-18));
#2146 = ADVANCED_FACE('',(#2147),#2165,.F.);
#2147 = FACE_BOUND('',#2148,.F.);
#2148 = EDGE_LOOP('',(#2149,#2157,#2158,#2159));
#2149 = ORIENTED_EDGE('',*,*,#2150,.F.);
#2150 = EDGE_CURVE('',#1575,#2151,#2153,.T.);
#2151 = VERTEX_POINT('',#2152);
#2152 = CARTESIAN_POINT('',(-0.16,-5.24,8.54));
#2153 = LINE('',#2154,#2155);
#2154 = CARTESIAN_POINT('',(-0.266666666667,-5.346666666667,
    8.433333333333));
#2155 = VECTOR('',#2156,1.);
#2156 = DIRECTION('',(0.57735026919,0.57735026919,0.57735026919));
#2157 = ORIENTED_EDGE('',*,*,#1584,.T.);
#2158 = ORIENTED_EDGE('',*,*,#2119,.T.);
#2159 = ORIENTED_EDGE('',*,*,#2160,.F.);
#2160 = EDGE_CURVE('',#2151,#2120,#2161,.T.);
#2161 = LINE('',#2162,#2163);
#2162 = CARTESIAN_POINT('',(-0.16,-5.4,8.54));
#2163 = VECTOR('',#2164,1.);
#2164 = DIRECTION('',(0.,1.,0.));
#2165 = PLANE('',#2166);
#2166 = AXIS2_PLACEMENT_3D('',#2167,#2168,#2169);
#2167 = CARTESIAN_POINT('',(-0.24,-5.4,8.46));
#2168 = DIRECTION('',(0.707106781187,1.735167508357E-18,-0.707106781187)
  );
#2169 = DIRECTION('',(-1.226948711654E-18,1.,1.226948711654E-18));
#2170 = ADVANCED_FACE('',(#2171),#2189,.F.);
#2171 = FACE_BOUND('',#2172,.T.);
#2172 = EDGE_LOOP('',(#2173,#2174,#2175,#2183));
#2173 = ORIENTED_EDGE('',*,*,#2150,.F.);
#2174 = ORIENTED_EDGE('',*,*,#1608,.T.);
#2175 = ORIENTED_EDGE('',*,*,#2176,.T.);
#2176 = EDGE_CURVE('',#1599,#2177,#2179,.T.);
#2177 = VERTEX_POINT('',#2178);
#2178 = CARTESIAN_POINT('',(0.16,-5.24,8.54));
#2179 = LINE('',#2180,#2181);
#2180 = CARTESIAN_POINT('',(0.16,-5.24,8.54));
#2181 = VECTOR('',#2182,1.);
#2182 = DIRECTION('',(-0.57735026919,0.57735026919,0.57735026919));
#2183 = ORIENTED_EDGE('',*,*,#2184,.F.);
#2184 = EDGE_CURVE('',#2151,#2177,#2185,.T.);
#2185 = LINE('',#2186,#2187);
#2186 = CARTESIAN_POINT('',(-0.32,-5.24,8.54));
#2187 = VECTOR('',#2188,1.);
#2188 = DIRECTION('',(1.,0.,0.));
#2189 = PLANE('',#2190);
#2190 = AXIS2_PLACEMENT_3D('',#2191,#2192,#2193);
#2191 = CARTESIAN_POINT('',(-0.32,-5.32,8.46));
#2192 = DIRECTION('',(-1.735167508357E-18,0.707106781187,-0.707106781187
    ));
#2193 = DIRECTION('',(-1.,-1.226948711654E-18,1.226948711654E-18));
#2194 = ADVANCED_FACE('',(#2195),#2206,.T.);
#2195 = FACE_BOUND('',#2196,.T.);
#2196 = EDGE_LOOP('',(#2197,#2198,#2199,#2200));
#2197 = ORIENTED_EDGE('',*,*,#2176,.F.);
#2198 = ORIENTED_EDGE('',*,*,#1625,.T.);
#2199 = ORIENTED_EDGE('',*,*,#2128,.T.);
#2200 = ORIENTED_EDGE('',*,*,#2201,.F.);
#2201 = EDGE_CURVE('',#2177,#2129,#2202,.T.);
#2202 = LINE('',#2203,#2204);
#2203 = CARTESIAN_POINT('',(0.16,-5.4,8.54));
#2204 = VECTOR('',#2205,1.);
#2205 = DIRECTION('',(0.,1.,0.));
#2206 = PLANE('',#2207);
#2207 = AXIS2_PLACEMENT_3D('',#2208,#2209,#2210);
#2208 = CARTESIAN_POINT('',(0.24,-5.4,8.46));
#2209 = DIRECTION('',(0.707106781187,-1.735167508357E-18,0.707106781187)
  );
#2210 = DIRECTION('',(1.226948711654E-18,1.,1.226948711654E-18));
#2211 = ADVANCED_FACE('',(#2212),#2218,.F.);
#2212 = FACE_BOUND('',#2213,.F.);
#2213 = EDGE_LOOP('',(#2214,#2215,#2216,#2217));
#2214 = ORIENTED_EDGE('',*,*,#1680,.F.);
#2215 = ORIENTED_EDGE('',*,*,#1704,.F.);
#2216 = ORIENTED_EDGE('',*,*,#1721,.T.);
#2217 = ORIENTED_EDGE('',*,*,#1656,.T.);
#2218 = PLANE('',#2219);
#2219 = AXIS2_PLACEMENT_3D('',#2220,#2221,#2222);
#2220 = CARTESIAN_POINT('',(-0.32,-0.32,-3.));
#2221 = DIRECTION('',(0.,0.,1.));
#2222 = DIRECTION('',(1.,0.,-0.));
#2223 = ADVANCED_FACE('',(#2224),#2230,.F.);
#2224 = FACE_BOUND('',#2225,.F.);
#2225 = EDGE_LOOP('',(#2226,#2227,#2228,#2229));
#2226 = ORIENTED_EDGE('',*,*,#1800,.F.);
#2227 = ORIENTED_EDGE('',*,*,#1817,.F.);
#2228 = ORIENTED_EDGE('',*,*,#1752,.T.);
#2229 = ORIENTED_EDGE('',*,*,#1776,.T.);
#2230 = PLANE('',#2231);
#2231 = AXIS2_PLACEMENT_3D('',#2232,#2233,#2234);
#2232 = CARTESIAN_POINT('',(-0.32,-2.86,-3.));
#2233 = DIRECTION('',(0.,0.,1.));
#2234 = DIRECTION('',(1.,0.,-0.));
#2235 = ADVANCED_FACE('',(#2236),#2242,.F.);
#2236 = FACE_BOUND('',#2237,.F.);
#2237 = EDGE_LOOP('',(#2238,#2239,#2240,#2241));
#2238 = ORIENTED_EDGE('',*,*,#1848,.F.);
#2239 = ORIENTED_EDGE('',*,*,#1872,.F.);
#2240 = ORIENTED_EDGE('',*,*,#1896,.T.);
#2241 = ORIENTED_EDGE('',*,*,#1913,.T.);
#2242 = PLANE('',#2243);
#2243 = AXIS2_PLACEMENT_3D('',#2244,#2245,#2246);
#2244 = CARTESIAN_POINT('',(-0.32,-5.4,-3.));
#2245 = DIRECTION('',(0.,0.,1.));
#2246 = DIRECTION('',(1.,0.,-0.));
#2247 = ADVANCED_FACE('',(#2248),#2254,.T.);
#2248 = FACE_BOUND('',#2249,.T.);
#2249 = EDGE_LOOP('',(#2250,#2251,#2252,#2253));
#2250 = ORIENTED_EDGE('',*,*,#2009,.T.);
#2251 = ORIENTED_EDGE('',*,*,#1944,.T.);
#2252 = ORIENTED_EDGE('',*,*,#1968,.F.);
#2253 = ORIENTED_EDGE('',*,*,#1992,.F.);
#2254 = PLANE('',#2255);
#2255 = AXIS2_PLACEMENT_3D('',#2256,#2257,#2258);
#2256 = CARTESIAN_POINT('',(-0.32,-0.32,8.54));
#2257 = DIRECTION('',(0.,0.,1.));
#2258 = DIRECTION('',(1.,0.,-0.));
#2259 = ADVANCED_FACE('',(#2260),#2266,.T.);
#2260 = FACE_BOUND('',#2261,.T.);
#2261 = EDGE_LOOP('',(#2262,#2263,#2264,#2265));
#2262 = ORIENTED_EDGE('',*,*,#2040,.T.);
#2263 = ORIENTED_EDGE('',*,*,#2064,.T.);
#2264 = ORIENTED_EDGE('',*,*,#2088,.F.);
#2265 = ORIENTED_EDGE('',*,*,#2105,.F.);
#2266 = PLANE('',#2267);
#2267 = AXIS2_PLACEMENT_3D('',#2268,#2269,#2270);
#2268 = CARTESIAN_POINT('',(-0.32,-2.86,8.54));
#2269 = DIRECTION('',(0.,0.,1.));
#2270 = DIRECTION('',(1.,0.,-0.));
#2271 = ADVANCED_FACE('',(#2272),#2278,.T.);
#2272 = FACE_BOUND('',#2273,.T.);
#2273 = EDGE_LOOP('',(#2274,#2275,#2276,#2277));
#2274 = ORIENTED_EDGE('',*,*,#2184,.T.);
#2275 = ORIENTED_EDGE('',*,*,#2201,.T.);
#2276 = ORIENTED_EDGE('',*,*,#2136,.F.);
#2277 = ORIENTED_EDGE('',*,*,#2160,.F.);
#2278 = PLANE('',#2279);
#2279 = AXIS2_PLACEMENT_3D('',#2280,#2281,#2282);
#2280 = CARTESIAN_POINT('',(-0.32,-5.4,8.54));
#2281 = DIRECTION('',(0.,0.,1.));
#2282 = DIRECTION('',(1.,0.,-0.));
#2283 = ( GEOMETRIC_REPRESENTATION_CONTEXT(3) 
GLOBAL_UNCERTAINTY_ASSIGNED_CONTEXT((#2287)) 
GLOBAL_UNIT_ASSIGNED_CONTEXT((#2284,#2285,#2286)) REPRESENTATION_CONTEXT
('Context #1','3D Context with UNIT and UNCERTAINTY') );
#2284 = ( LENGTH_UNIT() NAMED_UNIT(*) SI_UNIT(.MILLI.,.METRE.) );
#2285 = ( NAMED_UNIT(*) PLANE_ANGLE_UNIT() SI_UNIT($,.RADIAN.) );
#2286 = ( NAMED_UNIT(*) SI_UNIT($,.STERADIAN.) SOLID_ANGLE_UNIT() );
#2287 = UNCERTAINTY_MEASURE_WITH_UNIT(LENGTH_MEASURE(1.E-07),#2284,
  'distance_accuracy_value','confusion accuracy');
#2288 = CONTEXT_DEPENDENT_SHAPE_REPRESENTATION(#2289,#2291);
#2289 = ( REPRESENTATION_RELATIONSHIP('','',#176,#10) 
REPRESENTATION_RELATIONSHIP_WITH_TRANSFORMATION(#2290) 
SHAPE_REPRESENTATION_RELATIONSHIP() );
#2290 = ITEM_DEFINED_TRANSFORMATION('','',#11,#15);
#2291 = PRODUCT_DEFINITION_SHAPE('Placement','Placement of an item',
  #2292);
#2292 = NEXT_ASSEMBLY_USAGE_OCCURRENCE('1','J8','',#5,#171,$);
#2293 = PRODUCT_RELATED_PRODUCT_CATEGORY('part',$,(#173));
#2294 = SHAPE_DEFINITION_REPRESENTATION(#2295,#2301);
#2295 = PRODUCT_DEFINITION_SHAPE('','',#2296);
#2296 = PRODUCT_DEFINITION('design','',#2297,#2300);
#2297 = PRODUCT_DEFINITION_FORMATION('','',#2298);
#2298 = PRODUCT('D_0805_2012Metric','D_0805_2012Metric','',(#2299));
#2299 = PRODUCT_CONTEXT('',#2,'mechanical');
#2300 = PRODUCT_DEFINITION_CONTEXT('part definition',#2,'design');
#2301 = ADVANCED_BREP_SHAPE_REPRESENTATION('',(#11,#2302),#3578);
#2302 = MANIFOLD_SOLID_BREP('',#2303);
#2303 = CLOSED_SHELL('',(#2304,#2361,#2444,#2473,#2545,#2570,#2645,#2662
    ,#2748,#2772,#2880,#2897,#2914,#2938,#2950,#2967,#2979,#2996,#3013,
    #3030,#3099,#3124,#3141,#3207,#3219,#3236,#3267,#3291,#3315,#3332,
    #3366,#3395,#3419,#3448,#3475,#3504,#3528,#3550,#3562));
#2304 = ADVANCED_FACE('',(#2305),#2356,.T.);
#2305 = FACE_BOUND('',#2306,.T.);
#2306 = EDGE_LOOP('',(#2307,#2317,#2325,#2333,#2341,#2350));
#2307 = ORIENTED_EDGE('',*,*,#2308,.F.);
#2308 = EDGE_CURVE('',#2309,#2311,#2313,.T.);
#2309 = VERTEX_POINT('',#2310);
#2310 = CARTESIAN_POINT('',(0.58,0.5,0.8));
#2311 = VERTEX_POINT('',#2312);
#2312 = CARTESIAN_POINT('',(0.97,0.5,0.8));
#2313 = LINE('',#2314,#2315);
#2314 = CARTESIAN_POINT('',(0.55,0.5,0.8));
#2315 = VECTOR('',#2316,1.);
#2316 = DIRECTION('',(1.,-2.22044604925E-16,0.));
#2317 = ORIENTED_EDGE('',*,*,#2318,.T.);
#2318 = EDGE_CURVE('',#2309,#2319,#2321,.T.);
#2319 = VERTEX_POINT('',#2320);
#2320 = CARTESIAN_POINT('',(0.58,-0.5,0.8));
#2321 = LINE('',#2322,#2323);
#2322 = CARTESIAN_POINT('',(0.58,0.5,0.8));
#2323 = VECTOR('',#2324,1.);
#2324 = DIRECTION('',(-2.22044604925E-16,-1.,0.));
#2325 = ORIENTED_EDGE('',*,*,#2326,.T.);
#2326 = EDGE_CURVE('',#2319,#2327,#2329,.T.);
#2327 = VERTEX_POINT('',#2328);
#2328 = CARTESIAN_POINT('',(0.97,-0.5,0.8));
#2329 = LINE('',#2330,#2331);
#2330 = CARTESIAN_POINT('',(0.55,-0.5,0.8));
#2331 = VECTOR('',#2332,1.);
#2332 = DIRECTION('',(1.,-2.22044604925E-16,0.));
#2333 = ORIENTED_EDGE('',*,*,#2334,.F.);
#2334 = EDGE_CURVE('',#2335,#2327,#2337,.T.);
#2335 = VERTEX_POINT('',#2336);
#2336 = CARTESIAN_POINT('',(0.97,-0.3,0.8));
#2337 = LINE('',#2338,#2339);
#2338 = CARTESIAN_POINT('',(0.97,0.5,0.8));
#2339 = VECTOR('',#2340,1.);
#2340 = DIRECTION('',(-2.22044604925E-16,-1.,0.));
#2341 = ORIENTED_EDGE('',*,*,#2342,.F.);
#2342 = EDGE_CURVE('',#2343,#2335,#2345,.T.);
#2343 = VERTEX_POINT('',#2344);
#2344 = CARTESIAN_POINT('',(0.97,0.3,0.8));
#2345 = CIRCLE('',#2346,0.3);
#2346 = AXIS2_PLACEMENT_3D('',#2347,#2348,#2349);
#2347 = CARTESIAN_POINT('',(0.97,-2.153832667773E-16,0.8));
#2348 = DIRECTION('',(0.,0.,1.));
#2349 = DIRECTION('',(-2.22044604925E-16,-1.,0.));
#2350 = ORIENTED_EDGE('',*,*,#2351,.F.);
#2351 = EDGE_CURVE('',#2311,#2343,#2352,.T.);
#2352 = LINE('',#2353,#2354);
#2353 = CARTESIAN_POINT('',(0.97,0.5,0.8));
#2354 = VECTOR('',#2355,1.);
#2355 = DIRECTION('',(-2.22044604925E-16,-1.,0.));
#2356 = PLANE('',#2357);
#2357 = AXIS2_PLACEMENT_3D('',#2358,#2359,#2360);
#2358 = CARTESIAN_POINT('',(0.55,0.5,0.8));
#2359 = DIRECTION('',(0.,0.,1.));
#2360 = DIRECTION('',(-2.22044604925E-16,-1.,0.));
#2361 = ADVANCED_FACE('',(#2362),#2439,.F.);
#2362 = FACE_BOUND('',#2363,.F.);
#2363 = EDGE_LOOP('',(#2364,#2374,#2383,#2391,#2400,#2408,#2415,#2416,
    #2425,#2433));
#2364 = ORIENTED_EDGE('',*,*,#2365,.F.);
#2365 = EDGE_CURVE('',#2366,#2368,#2370,.T.);
#2366 = VERTEX_POINT('',#2367);
#2367 = CARTESIAN_POINT('',(0.55,0.5,3.E-02));
#2368 = VERTEX_POINT('',#2369);
#2369 = CARTESIAN_POINT('',(0.985,0.5,3.E-02));
#2370 = LINE('',#2371,#2372);
#2371 = CARTESIAN_POINT('',(-0.2175,0.5,3.E-02));
#2372 = VECTOR('',#2373,1.);
#2373 = DIRECTION('',(1.,-2.22044604925E-16,0.));
#2374 = ORIENTED_EDGE('',*,*,#2375,.T.);
#2375 = EDGE_CURVE('',#2366,#2376,#2378,.T.);
#2376 = VERTEX_POINT('',#2377);
#2377 = CARTESIAN_POINT('',(0.58,0.5,-3.469446951954E-18));
#2378 = CIRCLE('',#2379,3.E-02);
#2379 = AXIS2_PLACEMENT_3D('',#2380,#2381,#2382);
#2380 = CARTESIAN_POINT('',(0.58,0.5,3.E-02));
#2381 = DIRECTION('',(-2.22044604925E-16,-1.,0.));
#2382 = DIRECTION('',(0.,0.,1.));
#2383 = ORIENTED_EDGE('',*,*,#2384,.T.);
#2384 = EDGE_CURVE('',#2376,#2385,#2387,.T.);
#2385 = VERTEX_POINT('',#2386);
#2386 = CARTESIAN_POINT('',(0.97,0.5,-3.469446951954E-18));
#2387 = LINE('',#2388,#2389);
#2388 = CARTESIAN_POINT('',(0.55,0.5,0.));
#2389 = VECTOR('',#2390,1.);
#2390 = DIRECTION('',(1.,-2.22044604925E-16,0.));
#2391 = ORIENTED_EDGE('',*,*,#2392,.F.);
#2392 = EDGE_CURVE('',#2393,#2385,#2395,.T.);
#2393 = VERTEX_POINT('',#2394);
#2394 = CARTESIAN_POINT('',(1.,0.5,3.E-02));
#2395 = CIRCLE('',#2396,3.E-02);
#2396 = AXIS2_PLACEMENT_3D('',#2397,#2398,#2399);
#2397 = CARTESIAN_POINT('',(0.97,0.5,3.E-02));
#2398 = DIRECTION('',(2.22044604925E-16,1.,-0.));
#2399 = DIRECTION('',(0.,0.,1.));
#2400 = ORIENTED_EDGE('',*,*,#2401,.T.);
#2401 = EDGE_CURVE('',#2393,#2402,#2404,.T.);
#2402 = VERTEX_POINT('',#2403);
#2403 = CARTESIAN_POINT('',(1.,0.5,0.77));
#2404 = LINE('',#2405,#2406);
#2405 = CARTESIAN_POINT('',(1.,0.5,0.));
#2406 = VECTOR('',#2407,1.);
#2407 = DIRECTION('',(0.,0.,1.));
#2408 = ORIENTED_EDGE('',*,*,#2409,.T.);
#2409 = EDGE_CURVE('',#2402,#2311,#2410,.T.);
#2410 = CIRCLE('',#2411,3.E-02);
#2411 = AXIS2_PLACEMENT_3D('',#2412,#2413,#2414);
#2412 = CARTESIAN_POINT('',(0.97,0.5,0.77));
#2413 = DIRECTION('',(-2.22044604925E-16,-1.,0.));
#2414 = DIRECTION('',(0.,0.,1.));
#2415 = ORIENTED_EDGE('',*,*,#2308,.F.);
#2416 = ORIENTED_EDGE('',*,*,#2417,.F.);
#2417 = EDGE_CURVE('',#2418,#2309,#2420,.T.);
#2418 = VERTEX_POINT('',#2419);
#2419 = CARTESIAN_POINT('',(0.55,0.5,0.77));
#2420 = CIRCLE('',#2421,3.E-02);
#2421 = AXIS2_PLACEMENT_3D('',#2422,#2423,#2424);
#2422 = CARTESIAN_POINT('',(0.58,0.5,0.77));
#2423 = DIRECTION('',(2.22044604925E-16,1.,-0.));
#2424 = DIRECTION('',(0.,0.,1.));
#2425 = ORIENTED_EDGE('',*,*,#2426,.T.);
#2426 = EDGE_CURVE('',#2418,#2427,#2429,.T.);
#2427 = VERTEX_POINT('',#2428);
#2428 = CARTESIAN_POINT('',(0.985,0.5,0.77));
#2429 = LINE('',#2430,#2431);
#2430 = CARTESIAN_POINT('',(-0.2175,0.5,0.77));
#2431 = VECTOR('',#2432,1.);
#2432 = DIRECTION('',(1.,-2.22044604925E-16,0.));
#2433 = ORIENTED_EDGE('',*,*,#2434,.T.);
#2434 = EDGE_CURVE('',#2427,#2368,#2435,.T.);
#2435 = LINE('',#2436,#2437);
#2436 = CARTESIAN_POINT('',(0.985,0.5,1.5E-02));
#2437 = VECTOR('',#2438,1.);
#2438 = DIRECTION('',(0.,0.,-1.));
#2439 = PLANE('',#2440);
#2440 = AXIS2_PLACEMENT_3D('',#2441,#2442,#2443);
#2441 = CARTESIAN_POINT('',(0.55,0.5,0.));
#2442 = DIRECTION('',(-2.22044604925E-16,-1.,0.));
#2443 = DIRECTION('',(0.,0.,1.));
#2444 = ADVANCED_FACE('',(#2445),#2468,.T.);
#2445 = FACE_BOUND('',#2446,.T.);
#2446 = EDGE_LOOP('',(#2447,#2455,#2456,#2457));
#2447 = ORIENTED_EDGE('',*,*,#2448,.F.);
#2448 = EDGE_CURVE('',#2402,#2449,#2451,.T.);
#2449 = VERTEX_POINT('',#2450);
#2450 = CARTESIAN_POINT('',(1.,0.298496231132,0.77));
#2451 = LINE('',#2452,#2453);
#2452 = CARTESIAN_POINT('',(1.,0.5,0.77));
#2453 = VECTOR('',#2454,1.);
#2454 = DIRECTION('',(-2.22044604925E-16,-1.,0.));
#2455 = ORIENTED_EDGE('',*,*,#2409,.T.);
#2456 = ORIENTED_EDGE('',*,*,#2351,.T.);
#2457 = ORIENTED_EDGE('',*,*,#2458,.F.);
#2458 = EDGE_CURVE('',#2449,#2343,#2459,.T.);
#2459 = B_SPLINE_CURVE_WITH_KNOTS('',7,(#2460,#2461,#2462,#2463,#2464,
    #2465,#2466,#2467),.UNSPECIFIED.,.F.,.F.,(8,8),(0.,1.),
  .PIECEWISE_BEZIER_KNOTS.);
#2460 = CARTESIAN_POINT('',(1.,0.298496231132,0.77));
#2461 = CARTESIAN_POINT('',(1.,0.298496231132,0.777078545453));
#2462 = CARTESIAN_POINT('',(0.998051511412,0.298692111009,0.783950991788
    ));
#2463 = CARTESIAN_POINT('',(0.994358226798,0.299063046355,0.79006090216)
  );
#2464 = CARTESIAN_POINT('',(0.989239725864,0.299497180638,0.79497497463)
  );
#2465 = CARTESIAN_POINT('',(0.983106381509,0.299835743265,0.798356731994
    ));
#2466 = CARTESIAN_POINT('',(0.976500022629,0.3,0.8));
#2467 = CARTESIAN_POINT('',(0.97,0.3,0.8));
#2468 = CYLINDRICAL_SURFACE('',#2469,3.E-02);
#2469 = AXIS2_PLACEMENT_3D('',#2470,#2471,#2472);
#2470 = CARTESIAN_POINT('',(0.97,0.5,0.77));
#2471 = DIRECTION('',(-2.22044604925E-16,-1.,0.));
#2472 = DIRECTION('',(1.,-2.22044604925E-16,0.));
#2473 = ADVANCED_FACE('',(#2474),#2540,.F.);
#2474 = FACE_BOUND('',#2475,.F.);
#2475 = EDGE_LOOP('',(#2476,#2486,#2497,#2498,#2499,#2507,#2520,#2529));
#2476 = ORIENTED_EDGE('',*,*,#2477,.T.);
#2477 = EDGE_CURVE('',#2478,#2480,#2482,.T.);
#2478 = VERTEX_POINT('',#2479);
#2479 = CARTESIAN_POINT('',(1.,-0.298496231132,3.E-02));
#2480 = VERTEX_POINT('',#2481);
#2481 = CARTESIAN_POINT('',(1.,-0.298496231132,0.77));
#2482 = LINE('',#2483,#2484);
#2483 = CARTESIAN_POINT('',(1.,-0.298496231132,0.8));
#2484 = VECTOR('',#2485,1.);
#2485 = DIRECTION('',(0.,0.,1.));
#2486 = ORIENTED_EDGE('',*,*,#2487,.T.);
#2487 = EDGE_CURVE('',#2480,#2335,#2488,.T.);
#2488 = B_SPLINE_CURVE_WITH_KNOTS('',7,(#2489,#2490,#2491,#2492,#2493,
    #2494,#2495,#2496),.UNSPECIFIED.,.F.,.F.,(8,8),(0.,1.),
  .PIECEWISE_BEZIER_KNOTS.);
#2489 = CARTESIAN_POINT('',(1.,-0.298496231132,0.77));
#2490 = CARTESIAN_POINT('',(1.,-0.298496231132,0.777078545461));
#2491 = CARTESIAN_POINT('',(0.998051511934,-0.298692110584,
    0.783950989081));
#2492 = CARTESIAN_POINT('',(0.994358225228,-0.299063047752,
    0.790060909904));
#2493 = CARTESIAN_POINT('',(0.989239728548,-0.299497178561,
    0.794974964065));
#2494 = CARTESIAN_POINT('',(0.983106378111,-0.299835744948,
    0.798356740361));
#2495 = CARTESIAN_POINT('',(0.976500024714,-0.29999999935,0.79999999675)
  );
#2496 = CARTESIAN_POINT('',(0.97,-0.3,0.8));
#2497 = ORIENTED_EDGE('',*,*,#2342,.F.);
#2498 = ORIENTED_EDGE('',*,*,#2458,.F.);
#2499 = ORIENTED_EDGE('',*,*,#2500,.F.);
#2500 = EDGE_CURVE('',#2501,#2449,#2503,.T.);
#2501 = VERTEX_POINT('',#2502);
#2502 = CARTESIAN_POINT('',(1.,0.298496231132,3.E-02));
#2503 = LINE('',#2504,#2505);
#2504 = CARTESIAN_POINT('',(1.,0.298496231132,0.8));
#2505 = VECTOR('',#2506,1.);
#2506 = DIRECTION('',(0.,0.,1.));
#2507 = ORIENTED_EDGE('',*,*,#2508,.T.);
#2508 = EDGE_CURVE('',#2501,#2509,#2511,.T.);
#2509 = VERTEX_POINT('',#2510);
#2510 = CARTESIAN_POINT('',(0.97,0.3,-3.469446951954E-18));
#2511 = B_SPLINE_CURVE_WITH_KNOTS('',7,(#2512,#2513,#2514,#2515,#2516,
    #2517,#2518,#2519),.UNSPECIFIED.,.F.,.F.,(8,8),(0.,1.),
  .PIECEWISE_BEZIER_KNOTS.);
#2512 = CARTESIAN_POINT('',(1.,0.298496231132,3.E-02));
#2513 = CARTESIAN_POINT('',(1.,0.298496231132,2.292145454723E-02));
#2514 = CARTESIAN_POINT('',(0.998051511412,0.298692111009,
    1.604900821222E-02));
#2515 = CARTESIAN_POINT('',(0.994358226798,0.299063046355,
    9.939097839943E-03));
#2516 = CARTESIAN_POINT('',(0.989239725864,0.299497180638,
    5.025025369892E-03));
#2517 = CARTESIAN_POINT('',(0.98310638151,0.299835743265,
    1.64326800583E-03));
#2518 = CARTESIAN_POINT('',(0.976500022628,0.3,-1.734723475977E-18));
#2519 = CARTESIAN_POINT('',(0.97,0.3,-1.734723475977E-18));
#2520 = ORIENTED_EDGE('',*,*,#2521,.T.);
#2521 = EDGE_CURVE('',#2509,#2522,#2524,.T.);
#2522 = VERTEX_POINT('',#2523);
#2523 = CARTESIAN_POINT('',(0.97,-0.3,-1.734723475977E-18));
#2524 = CIRCLE('',#2525,0.3);
#2525 = AXIS2_PLACEMENT_3D('',#2526,#2527,#2528);
#2526 = CARTESIAN_POINT('',(0.97,-2.153832667773E-16,0.));
#2527 = DIRECTION('',(0.,0.,1.));
#2528 = DIRECTION('',(-2.22044604925E-16,-1.,0.));
#2529 = ORIENTED_EDGE('',*,*,#2530,.F.);
#2530 = EDGE_CURVE('',#2478,#2522,#2531,.T.);
#2531 = B_SPLINE_CURVE_WITH_KNOTS('',7,(#2532,#2533,#2534,#2535,#2536,
    #2537,#2538,#2539),.UNSPECIFIED.,.F.,.F.,(8,8),(0.,1.),
  .PIECEWISE_BEZIER_KNOTS.);
#2532 = CARTESIAN_POINT('',(1.,-0.298496231132,3.E-02));
#2533 = CARTESIAN_POINT('',(1.,-0.298496231132,2.292145453898E-02));
#2534 = CARTESIAN_POINT('',(0.998051511934,-0.298692110584,
    1.604901091858E-02));
#2535 = CARTESIAN_POINT('',(0.994358225228,-0.299063047752,
    9.939090096346E-03));
#2536 = CARTESIAN_POINT('',(0.989239728548,-0.299497178561,
    5.025035935187E-03));
#2537 = CARTESIAN_POINT('',(0.983106378111,-0.299835744948,
    1.643259638904E-03));
#2538 = CARTESIAN_POINT('',(0.976500024714,-0.29999999935,
    3.25001235963E-09));
#2539 = CARTESIAN_POINT('',(0.97,-0.3,-1.734723475977E-18));
#2540 = CYLINDRICAL_SURFACE('',#2541,0.3);
#2541 = AXIS2_PLACEMENT_3D('',#2542,#2543,#2544);
#2542 = CARTESIAN_POINT('',(0.97,-2.153832667773E-16,0.8));
#2543 = DIRECTION('',(0.,0.,1.));
#2544 = DIRECTION('',(-2.22044604925E-16,-1.,0.));
#2545 = ADVANCED_FACE('',(#2546),#2565,.T.);
#2546 = FACE_BOUND('',#2547,.T.);
#2547 = EDGE_LOOP('',(#2548,#2556,#2557,#2558));
#2548 = ORIENTED_EDGE('',*,*,#2549,.F.);
#2549 = EDGE_CURVE('',#2480,#2550,#2552,.T.);
#2550 = VERTEX_POINT('',#2551);
#2551 = CARTESIAN_POINT('',(1.,-0.5,0.77));
#2552 = LINE('',#2553,#2554);
#2553 = CARTESIAN_POINT('',(1.,0.5,0.77));
#2554 = VECTOR('',#2555,1.);
#2555 = DIRECTION('',(-2.22044604925E-16,-1.,0.));
#2556 = ORIENTED_EDGE('',*,*,#2487,.T.);
#2557 = ORIENTED_EDGE('',*,*,#2334,.T.);
#2558 = ORIENTED_EDGE('',*,*,#2559,.F.);
#2559 = EDGE_CURVE('',#2550,#2327,#2560,.T.);
#2560 = CIRCLE('',#2561,3.E-02);
#2561 = AXIS2_PLACEMENT_3D('',#2562,#2563,#2564);
#2562 = CARTESIAN_POINT('',(0.97,-0.5,0.77));
#2563 = DIRECTION('',(-2.22044604925E-16,-1.,0.));
#2564 = DIRECTION('',(0.,0.,1.));
#2565 = CYLINDRICAL_SURFACE('',#2566,3.E-02);
#2566 = AXIS2_PLACEMENT_3D('',#2567,#2568,#2569);
#2567 = CARTESIAN_POINT('',(0.97,0.5,0.77));
#2568 = DIRECTION('',(-2.22044604925E-16,-1.,0.));
#2569 = DIRECTION('',(1.,-2.22044604925E-16,0.));
#2570 = ADVANCED_FACE('',(#2571),#2640,.T.);
#2571 = FACE_BOUND('',#2572,.T.);
#2572 = EDGE_LOOP('',(#2573,#2583,#2592,#2600,#2609,#2615,#2616,#2617,
    #2626,#2634));
#2573 = ORIENTED_EDGE('',*,*,#2574,.F.);
#2574 = EDGE_CURVE('',#2575,#2577,#2579,.T.);
#2575 = VERTEX_POINT('',#2576);
#2576 = CARTESIAN_POINT('',(0.55,-0.5,3.E-02));
#2577 = VERTEX_POINT('',#2578);
#2578 = CARTESIAN_POINT('',(0.985,-0.5,3.E-02));
#2579 = LINE('',#2580,#2581);
#2580 = CARTESIAN_POINT('',(-0.2175,-0.5,3.E-02));
#2581 = VECTOR('',#2582,1.);
#2582 = DIRECTION('',(1.,-2.22044604925E-16,0.));
#2583 = ORIENTED_EDGE('',*,*,#2584,.T.);
#2584 = EDGE_CURVE('',#2575,#2585,#2587,.T.);
#2585 = VERTEX_POINT('',#2586);
#2586 = CARTESIAN_POINT('',(0.58,-0.5,-3.469446951954E-18));
#2587 = CIRCLE('',#2588,3.E-02);
#2588 = AXIS2_PLACEMENT_3D('',#2589,#2590,#2591);
#2589 = CARTESIAN_POINT('',(0.58,-0.5,3.E-02));
#2590 = DIRECTION('',(-2.22044604925E-16,-1.,0.));
#2591 = DIRECTION('',(0.,0.,1.));
#2592 = ORIENTED_EDGE('',*,*,#2593,.T.);
#2593 = EDGE_CURVE('',#2585,#2594,#2596,.T.);
#2594 = VERTEX_POINT('',#2595);
#2595 = CARTESIAN_POINT('',(0.97,-0.5,-3.469446951954E-18));
#2596 = LINE('',#2597,#2598);
#2597 = CARTESIAN_POINT('',(0.55,-0.5,0.));
#2598 = VECTOR('',#2599,1.);
#2599 = DIRECTION('',(1.,-2.22044604925E-16,0.));
#2600 = ORIENTED_EDGE('',*,*,#2601,.F.);
#2601 = EDGE_CURVE('',#2602,#2594,#2604,.T.);
#2602 = VERTEX_POINT('',#2603);
#2603 = CARTESIAN_POINT('',(1.,-0.5,3.E-02));
#2604 = CIRCLE('',#2605,3.E-02);
#2605 = AXIS2_PLACEMENT_3D('',#2606,#2607,#2608);
#2606 = CARTESIAN_POINT('',(0.97,-0.5,3.E-02));
#2607 = DIRECTION('',(2.22044604925E-16,1.,-0.));
#2608 = DIRECTION('',(0.,0.,1.));
#2609 = ORIENTED_EDGE('',*,*,#2610,.T.);
#2610 = EDGE_CURVE('',#2602,#2550,#2611,.T.);
#2611 = LINE('',#2612,#2613);
#2612 = CARTESIAN_POINT('',(1.,-0.5,0.));
#2613 = VECTOR('',#2614,1.);
#2614 = DIRECTION('',(0.,0.,1.));
#2615 = ORIENTED_EDGE('',*,*,#2559,.T.);
#2616 = ORIENTED_EDGE('',*,*,#2326,.F.);
#2617 = ORIENTED_EDGE('',*,*,#2618,.F.);
#2618 = EDGE_CURVE('',#2619,#2319,#2621,.T.);
#2619 = VERTEX_POINT('',#2620);
#2620 = CARTESIAN_POINT('',(0.55,-0.5,0.77));
#2621 = CIRCLE('',#2622,3.E-02);
#2622 = AXIS2_PLACEMENT_3D('',#2623,#2624,#2625);
#2623 = CARTESIAN_POINT('',(0.58,-0.5,0.77));
#2624 = DIRECTION('',(2.22044604925E-16,1.,-0.));
#2625 = DIRECTION('',(0.,0.,1.));
#2626 = ORIENTED_EDGE('',*,*,#2627,.T.);
#2627 = EDGE_CURVE('',#2619,#2628,#2630,.T.);
#2628 = VERTEX_POINT('',#2629);
#2629 = CARTESIAN_POINT('',(0.985,-0.5,0.77));
#2630 = LINE('',#2631,#2632);
#2631 = CARTESIAN_POINT('',(-0.2175,-0.5,0.77));
#2632 = VECTOR('',#2633,1.);
#2633 = DIRECTION('',(1.,-2.22044604925E-16,0.));
#2634 = ORIENTED_EDGE('',*,*,#2635,.T.);
#2635 = EDGE_CURVE('',#2628,#2577,#2636,.T.);
#2636 = LINE('',#2637,#2638);
#2637 = CARTESIAN_POINT('',(0.985,-0.5,1.5E-02));
#2638 = VECTOR('',#2639,1.);
#2639 = DIRECTION('',(0.,0.,-1.));
#2640 = PLANE('',#2641);
#2641 = AXIS2_PLACEMENT_3D('',#2642,#2643,#2644);
#2642 = CARTESIAN_POINT('',(0.55,-0.5,0.));
#2643 = DIRECTION('',(-2.22044604925E-16,-1.,0.));
#2644 = DIRECTION('',(0.,0.,1.));
#2645 = ADVANCED_FACE('',(#2646),#2657,.T.);
#2646 = FACE_BOUND('',#2647,.T.);
#2647 = EDGE_LOOP('',(#2648,#2654,#2655,#2656));
#2648 = ORIENTED_EDGE('',*,*,#2649,.F.);
#2649 = EDGE_CURVE('',#2619,#2418,#2650,.T.);
#2650 = LINE('',#2651,#2652);
#2651 = CARTESIAN_POINT('',(0.55,-6.75E-02,0.77));
#2652 = VECTOR('',#2653,1.);
#2653 = DIRECTION('',(2.22044604925E-16,1.,0.));
#2654 = ORIENTED_EDGE('',*,*,#2618,.T.);
#2655 = ORIENTED_EDGE('',*,*,#2318,.F.);
#2656 = ORIENTED_EDGE('',*,*,#2417,.F.);
#2657 = CYLINDRICAL_SURFACE('',#2658,3.E-02);
#2658 = AXIS2_PLACEMENT_3D('',#2659,#2660,#2661);
#2659 = CARTESIAN_POINT('',(0.58,0.5,0.77));
#2660 = DIRECTION('',(-2.22044604925E-16,-1.,0.));
#2661 = DIRECTION('',(-1.,2.22044604925E-16,0.));
#2662 = ADVANCED_FACE('',(#2663),#2743,.F.);
#2663 = FACE_BOUND('',#2664,.F.);
#2664 = EDGE_LOOP('',(#2665,#2673,#2681,#2689,#2697,#2705,#2713,#2721,
    #2729,#2735,#2736,#2742));
#2665 = ORIENTED_EDGE('',*,*,#2666,.T.);
#2666 = EDGE_CURVE('',#2368,#2667,#2669,.T.);
#2667 = VERTEX_POINT('',#2668);
#2668 = CARTESIAN_POINT('',(0.985,0.635,3.E-02));
#2669 = LINE('',#2670,#2671);
#2670 = CARTESIAN_POINT('',(0.985,-0.635,3.E-02));
#2671 = VECTOR('',#2672,1.);
#2672 = DIRECTION('',(0.,1.,0.));
#2673 = ORIENTED_EDGE('',*,*,#2674,.F.);
#2674 = EDGE_CURVE('',#2675,#2667,#2677,.T.);
#2675 = VERTEX_POINT('',#2676);
#2676 = CARTESIAN_POINT('',(-0.985,0.635,3.E-02));
#2677 = LINE('',#2678,#2679);
#2678 = CARTESIAN_POINT('',(-0.985,0.635,3.E-02));
#2679 = VECTOR('',#2680,1.);
#2680 = DIRECTION('',(1.,0.,0.));
#2681 = ORIENTED_EDGE('',*,*,#2682,.F.);
#2682 = EDGE_CURVE('',#2683,#2675,#2685,.T.);
#2683 = VERTEX_POINT('',#2684);
#2684 = CARTESIAN_POINT('',(-0.985,0.5,3.E-02));
#2685 = LINE('',#2686,#2687);
#2686 = CARTESIAN_POINT('',(-0.985,-0.635,3.E-02));
#2687 = VECTOR('',#2688,1.);
#2688 = DIRECTION('',(0.,1.,0.));
#2689 = ORIENTED_EDGE('',*,*,#2690,.F.);
#2690 = EDGE_CURVE('',#2691,#2683,#2693,.T.);
#2691 = VERTEX_POINT('',#2692);
#2692 = CARTESIAN_POINT('',(-0.55,0.5,3.E-02));
#2693 = LINE('',#2694,#2695);
#2694 = CARTESIAN_POINT('',(-0.7675,0.5,3.E-02));
#2695 = VECTOR('',#2696,1.);
#2696 = DIRECTION('',(-1.,1.110223024625E-16,0.));
#2697 = ORIENTED_EDGE('',*,*,#2698,.T.);
#2698 = EDGE_CURVE('',#2691,#2699,#2701,.T.);
#2699 = VERTEX_POINT('',#2700);
#2700 = CARTESIAN_POINT('',(-0.55,-0.5,3.E-02));
#2701 = LINE('',#2702,#2703);
#2702 = CARTESIAN_POINT('',(-0.55,-0.5675,3.E-02));
#2703 = VECTOR('',#2704,1.);
#2704 = DIRECTION('',(-1.110223024625E-16,-1.,0.));
#2705 = ORIENTED_EDGE('',*,*,#2706,.T.);
#2706 = EDGE_CURVE('',#2699,#2707,#2709,.T.);
#2707 = VERTEX_POINT('',#2708);
#2708 = CARTESIAN_POINT('',(-0.985,-0.5,3.E-02));
#2709 = LINE('',#2710,#2711);
#2710 = CARTESIAN_POINT('',(-0.7675,-0.5,3.E-02));
#2711 = VECTOR('',#2712,1.);
#2712 = DIRECTION('',(-1.,1.110223024625E-16,0.));
#2713 = ORIENTED_EDGE('',*,*,#2714,.F.);
#2714 = EDGE_CURVE('',#2715,#2707,#2717,.T.);
#2715 = VERTEX_POINT('',#2716);
#2716 = CARTESIAN_POINT('',(-0.985,-0.635,3.E-02));
#2717 = LINE('',#2718,#2719);
#2718 = CARTESIAN_POINT('',(-0.985,-0.635,3.E-02));
#2719 = VECTOR('',#2720,1.);
#2720 = DIRECTION('',(0.,1.,0.));
#2721 = ORIENTED_EDGE('',*,*,#2722,.T.);
#2722 = EDGE_CURVE('',#2715,#2723,#2725,.T.);
#2723 = VERTEX_POINT('',#2724);
#2724 = CARTESIAN_POINT('',(0.985,-0.635,3.E-02));
#2725 = LINE('',#2726,#2727);
#2726 = CARTESIAN_POINT('',(-0.985,-0.635,3.E-02));
#2727 = VECTOR('',#2728,1.);
#2728 = DIRECTION('',(1.,0.,0.));
#2729 = ORIENTED_EDGE('',*,*,#2730,.T.);
#2730 = EDGE_CURVE('',#2723,#2577,#2731,.T.);
#2731 = LINE('',#2732,#2733);
#2732 = CARTESIAN_POINT('',(0.985,-0.635,3.E-02));
#2733 = VECTOR('',#2734,1.);
#2734 = DIRECTION('',(0.,1.,0.));
#2735 = ORIENTED_EDGE('',*,*,#2574,.F.);
#2736 = ORIENTED_EDGE('',*,*,#2737,.T.);
#2737 = EDGE_CURVE('',#2575,#2366,#2738,.T.);
#2738 = LINE('',#2739,#2740);
#2739 = CARTESIAN_POINT('',(0.55,-6.75E-02,3.E-02));
#2740 = VECTOR('',#2741,1.);
#2741 = DIRECTION('',(2.22044604925E-16,1.,0.));
#2742 = ORIENTED_EDGE('',*,*,#2365,.T.);
#2743 = PLANE('',#2744);
#2744 = AXIS2_PLACEMENT_3D('',#2745,#2746,#2747);
#2745 = CARTESIAN_POINT('',(-0.985,-0.635,3.E-02));
#2746 = DIRECTION('',(0.,0.,1.));
#2747 = DIRECTION('',(1.,0.,-0.));
#2748 = ADVANCED_FACE('',(#2749),#2767,.T.);
#2749 = FACE_BOUND('',#2750,.T.);
#2750 = EDGE_LOOP('',(#2751,#2759,#2760,#2761));
#2751 = ORIENTED_EDGE('',*,*,#2752,.F.);
#2752 = EDGE_CURVE('',#2427,#2753,#2755,.T.);
#2753 = VERTEX_POINT('',#2754);
#2754 = CARTESIAN_POINT('',(0.985,0.635,0.77));
#2755 = LINE('',#2756,#2757);
#2756 = CARTESIAN_POINT('',(0.985,-0.635,0.77));
#2757 = VECTOR('',#2758,1.);
#2758 = DIRECTION('',(0.,1.,0.));
#2759 = ORIENTED_EDGE('',*,*,#2434,.T.);
#2760 = ORIENTED_EDGE('',*,*,#2666,.T.);
#2761 = ORIENTED_EDGE('',*,*,#2762,.T.);
#2762 = EDGE_CURVE('',#2667,#2753,#2763,.T.);
#2763 = LINE('',#2764,#2765);
#2764 = CARTESIAN_POINT('',(0.985,0.635,3.E-02));
#2765 = VECTOR('',#2766,1.);
#2766 = DIRECTION('',(0.,0.,1.));
#2767 = PLANE('',#2768);
#2768 = AXIS2_PLACEMENT_3D('',#2769,#2770,#2771);
#2769 = CARTESIAN_POINT('',(0.985,-0.635,3.E-02));
#2770 = DIRECTION('',(1.,0.,0.));
#2771 = DIRECTION('',(0.,0.,1.));
#2772 = ADVANCED_FACE('',(#2773,#2841),#2875,.T.);
#2773 = FACE_BOUND('',#2774,.T.);
#2774 = EDGE_LOOP('',(#2775,#2776,#2784,#2792,#2800,#2808,#2816,#2824,
    #2832,#2838,#2839,#2840));
#2775 = ORIENTED_EDGE('',*,*,#2752,.T.);
#2776 = ORIENTED_EDGE('',*,*,#2777,.F.);
#2777 = EDGE_CURVE('',#2778,#2753,#2780,.T.);
#2778 = VERTEX_POINT('',#2779);
#2779 = CARTESIAN_POINT('',(-0.985,0.635,0.77));
#2780 = LINE('',#2781,#2782);
#2781 = CARTESIAN_POINT('',(-0.985,0.635,0.77));
#2782 = VECTOR('',#2783,1.);
#2783 = DIRECTION('',(1.,0.,0.));
#2784 = ORIENTED_EDGE('',*,*,#2785,.F.);
#2785 = EDGE_CURVE('',#2786,#2778,#2788,.T.);
#2786 = VERTEX_POINT('',#2787);
#2787 = CARTESIAN_POINT('',(-0.985,0.5,0.77));
#2788 = LINE('',#2789,#2790);
#2789 = CARTESIAN_POINT('',(-0.985,-0.635,0.77));
#2790 = VECTOR('',#2791,1.);
#2791 = DIRECTION('',(0.,1.,0.));
#2792 = ORIENTED_EDGE('',*,*,#2793,.F.);
#2793 = EDGE_CURVE('',#2794,#2786,#2796,.T.);
#2794 = VERTEX_POINT('',#2795);
#2795 = CARTESIAN_POINT('',(-0.55,0.5,0.77));
#2796 = LINE('',#2797,#2798);
#2797 = CARTESIAN_POINT('',(-0.7675,0.5,0.77));
#2798 = VECTOR('',#2799,1.);
#2799 = DIRECTION('',(-1.,1.110223024625E-16,0.));
#2800 = ORIENTED_EDGE('',*,*,#2801,.T.);
#2801 = EDGE_CURVE('',#2794,#2802,#2804,.T.);
#2802 = VERTEX_POINT('',#2803);
#2803 = CARTESIAN_POINT('',(-0.55,-0.5,0.77));
#2804 = LINE('',#2805,#2806);
#2805 = CARTESIAN_POINT('',(-0.55,-0.5675,0.77));
#2806 = VECTOR('',#2807,1.);
#2807 = DIRECTION('',(-1.110223024625E-16,-1.,0.));
#2808 = ORIENTED_EDGE('',*,*,#2809,.T.);
#2809 = EDGE_CURVE('',#2802,#2810,#2812,.T.);
#2810 = VERTEX_POINT('',#2811);
#2811 = CARTESIAN_POINT('',(-0.985,-0.5,0.77));
#2812 = LINE('',#2813,#2814);
#2813 = CARTESIAN_POINT('',(-0.7675,-0.5,0.77));
#2814 = VECTOR('',#2815,1.);
#2815 = DIRECTION('',(-1.,1.110223024625E-16,0.));
#2816 = ORIENTED_EDGE('',*,*,#2817,.F.);
#2817 = EDGE_CURVE('',#2818,#2810,#2820,.T.);
#2818 = VERTEX_POINT('',#2819);
#2819 = CARTESIAN_POINT('',(-0.985,-0.635,0.77));
#2820 = LINE('',#2821,#2822);
#2821 = CARTESIAN_POINT('',(-0.985,-0.635,0.77));
#2822 = VECTOR('',#2823,1.);
#2823 = DIRECTION('',(0.,1.,0.));
#2824 = ORIENTED_EDGE('',*,*,#2825,.T.);
#2825 = EDGE_CURVE('',#2818,#2826,#2828,.T.);
#2826 = VERTEX_POINT('',#2827);
#2827 = CARTESIAN_POINT('',(0.985,-0.635,0.77));
#2828 = LINE('',#2829,#2830);
#2829 = CARTESIAN_POINT('',(-0.985,-0.635,0.77));
#2830 = VECTOR('',#2831,1.);
#2831 = DIRECTION('',(1.,0.,0.));
#2832 = ORIENTED_EDGE('',*,*,#2833,.T.);
#2833 = EDGE_CURVE('',#2826,#2628,#2834,.T.);
#2834 = LINE('',#2835,#2836);
#2835 = CARTESIAN_POINT('',(0.985,-0.635,0.77));
#2836 = VECTOR('',#2837,1.);
#2837 = DIRECTION('',(0.,1.,0.));
#2838 = ORIENTED_EDGE('',*,*,#2627,.F.);
#2839 = ORIENTED_EDGE('',*,*,#2649,.T.);
#2840 = ORIENTED_EDGE('',*,*,#2426,.T.);
#2841 = FACE_BOUND('',#2842,.T.);
#2842 = EDGE_LOOP('',(#2843,#2853,#2861,#2869));
#2843 = ORIENTED_EDGE('',*,*,#2844,.F.);
#2844 = EDGE_CURVE('',#2845,#2847,#2849,.T.);
#2845 = VERTEX_POINT('',#2846);
#2846 = CARTESIAN_POINT('',(-0.355,-0.59,0.77));
#2847 = VERTEX_POINT('',#2848);
#2848 = CARTESIAN_POINT('',(-0.355,0.59,0.77));
#2849 = LINE('',#2850,#2851);
#2850 = CARTESIAN_POINT('',(-0.355,-0.6125,0.77));
#2851 = VECTOR('',#2852,1.);
#2852 = DIRECTION('',(0.,1.,0.));
#2853 = ORIENTED_EDGE('',*,*,#2854,.T.);
#2854 = EDGE_CURVE('',#2845,#2855,#2857,.T.);
#2855 = VERTEX_POINT('',#2856);
#2856 = CARTESIAN_POINT('',(-0.505,-0.59,0.77));
#2857 = LINE('',#2858,#2859);
#2858 = CARTESIAN_POINT('',(-0.745,-0.59,0.77));
#2859 = VECTOR('',#2860,1.);
#2860 = DIRECTION('',(-1.,0.,0.));
#2861 = ORIENTED_EDGE('',*,*,#2862,.T.);
#2862 = EDGE_CURVE('',#2855,#2863,#2865,.T.);
#2863 = VERTEX_POINT('',#2864);
#2864 = CARTESIAN_POINT('',(-0.505,0.59,0.77));
#2865 = LINE('',#2866,#2867);
#2866 = CARTESIAN_POINT('',(-0.505,-0.6125,0.77));
#2867 = VECTOR('',#2868,1.);
#2868 = DIRECTION('',(0.,1.,0.));
#2869 = ORIENTED_EDGE('',*,*,#2870,.F.);
#2870 = EDGE_CURVE('',#2847,#2863,#2871,.T.);
#2871 = LINE('',#2872,#2873);
#2872 = CARTESIAN_POINT('',(-0.745,0.59,0.77));
#2873 = VECTOR('',#2874,1.);
#2874 = DIRECTION('',(-1.,0.,0.));
#2875 = PLANE('',#2876);
#2876 = AXIS2_PLACEMENT_3D('',#2877,#2878,#2879);
#2877 = CARTESIAN_POINT('',(-0.985,-0.635,0.77));
#2878 = DIRECTION('',(0.,0.,1.));
#2879 = DIRECTION('',(1.,0.,-0.));
#2880 = ADVANCED_FACE('',(#2881),#2892,.T.);
#2881 = FACE_BOUND('',#2882,.T.);
#2882 = EDGE_LOOP('',(#2883,#2884,#2890,#2891));
#2883 = ORIENTED_EDGE('',*,*,#2500,.F.);
#2884 = ORIENTED_EDGE('',*,*,#2885,.F.);
#2885 = EDGE_CURVE('',#2393,#2501,#2886,.T.);
#2886 = LINE('',#2887,#2888);
#2887 = CARTESIAN_POINT('',(1.,0.5,3.E-02));
#2888 = VECTOR('',#2889,1.);
#2889 = DIRECTION('',(-2.22044604925E-16,-1.,0.));
#2890 = ORIENTED_EDGE('',*,*,#2401,.T.);
#2891 = ORIENTED_EDGE('',*,*,#2448,.T.);
#2892 = PLANE('',#2893);
#2893 = AXIS2_PLACEMENT_3D('',#2894,#2895,#2896);
#2894 = CARTESIAN_POINT('',(1.,0.5,0.));
#2895 = DIRECTION('',(1.,-2.22044604925E-16,0.));
#2896 = DIRECTION('',(0.,0.,1.));
#2897 = ADVANCED_FACE('',(#2898),#2909,.T.);
#2898 = FACE_BOUND('',#2899,.T.);
#2899 = EDGE_LOOP('',(#2900,#2901,#2907,#2908));
#2900 = ORIENTED_EDGE('',*,*,#2508,.T.);
#2901 = ORIENTED_EDGE('',*,*,#2902,.F.);
#2902 = EDGE_CURVE('',#2385,#2509,#2903,.T.);
#2903 = LINE('',#2904,#2905);
#2904 = CARTESIAN_POINT('',(0.97,0.5,-3.469446951954E-18));
#2905 = VECTOR('',#2906,1.);
#2906 = DIRECTION('',(-2.22044604925E-16,-1.,0.));
#2907 = ORIENTED_EDGE('',*,*,#2392,.F.);
#2908 = ORIENTED_EDGE('',*,*,#2885,.T.);
#2909 = CYLINDRICAL_SURFACE('',#2910,3.E-02);
#2910 = AXIS2_PLACEMENT_3D('',#2911,#2912,#2913);
#2911 = CARTESIAN_POINT('',(0.97,0.5,3.E-02));
#2912 = DIRECTION('',(-2.22044604925E-16,-1.,0.));
#2913 = DIRECTION('',(1.,-2.22044604925E-16,0.));
#2914 = ADVANCED_FACE('',(#2915),#2933,.F.);
#2915 = FACE_BOUND('',#2916,.F.);
#2916 = EDGE_LOOP('',(#2917,#2918,#2924,#2925,#2931,#2932));
#2917 = ORIENTED_EDGE('',*,*,#2384,.F.);
#2918 = ORIENTED_EDGE('',*,*,#2919,.T.);
#2919 = EDGE_CURVE('',#2376,#2585,#2920,.T.);
#2920 = LINE('',#2921,#2922);
#2921 = CARTESIAN_POINT('',(0.58,0.5,-3.469446951954E-18));
#2922 = VECTOR('',#2923,1.);
#2923 = DIRECTION('',(-2.22044604925E-16,-1.,0.));
#2924 = ORIENTED_EDGE('',*,*,#2593,.T.);
#2925 = ORIENTED_EDGE('',*,*,#2926,.F.);
#2926 = EDGE_CURVE('',#2522,#2594,#2927,.T.);
#2927 = LINE('',#2928,#2929);
#2928 = CARTESIAN_POINT('',(0.97,0.5,-3.469446951954E-18));
#2929 = VECTOR('',#2930,1.);
#2930 = DIRECTION('',(-2.22044604925E-16,-1.,0.));
#2931 = ORIENTED_EDGE('',*,*,#2521,.F.);
#2932 = ORIENTED_EDGE('',*,*,#2902,.F.);
#2933 = PLANE('',#2934);
#2934 = AXIS2_PLACEMENT_3D('',#2935,#2936,#2937);
#2935 = CARTESIAN_POINT('',(0.55,0.5,0.));
#2936 = DIRECTION('',(0.,0.,1.));
#2937 = DIRECTION('',(-2.22044604925E-16,-1.,0.));
#2938 = ADVANCED_FACE('',(#2939),#2945,.T.);
#2939 = FACE_BOUND('',#2940,.T.);
#2940 = EDGE_LOOP('',(#2941,#2942,#2943,#2944));
#2941 = ORIENTED_EDGE('',*,*,#2375,.T.);
#2942 = ORIENTED_EDGE('',*,*,#2919,.T.);
#2943 = ORIENTED_EDGE('',*,*,#2584,.F.);
#2944 = ORIENTED_EDGE('',*,*,#2737,.T.);
#2945 = CYLINDRICAL_SURFACE('',#2946,3.E-02);
#2946 = AXIS2_PLACEMENT_3D('',#2947,#2948,#2949);
#2947 = CARTESIAN_POINT('',(0.58,0.5,3.E-02));
#2948 = DIRECTION('',(-2.22044604925E-16,-1.,0.));
#2949 = DIRECTION('',(-1.,2.22044604925E-16,0.));
#2950 = ADVANCED_FACE('',(#2951),#2962,.T.);
#2951 = FACE_BOUND('',#2952,.T.);
#2952 = EDGE_LOOP('',(#2953,#2954,#2960,#2961));
#2953 = ORIENTED_EDGE('',*,*,#2610,.F.);
#2954 = ORIENTED_EDGE('',*,*,#2955,.F.);
#2955 = EDGE_CURVE('',#2478,#2602,#2956,.T.);
#2956 = LINE('',#2957,#2958);
#2957 = CARTESIAN_POINT('',(1.,0.5,3.E-02));
#2958 = VECTOR('',#2959,1.);
#2959 = DIRECTION('',(-2.22044604925E-16,-1.,0.));
#2960 = ORIENTED_EDGE('',*,*,#2477,.T.);
#2961 = ORIENTED_EDGE('',*,*,#2549,.T.);
#2962 = PLANE('',#2963);
#2963 = AXIS2_PLACEMENT_3D('',#2964,#2965,#2966);
#2964 = CARTESIAN_POINT('',(1.,0.5,0.));
#2965 = DIRECTION('',(1.,-2.22044604925E-16,0.));
#2966 = DIRECTION('',(0.,0.,1.));
#2967 = ADVANCED_FACE('',(#2968),#2974,.T.);
#2968 = FACE_BOUND('',#2969,.T.);
#2969 = EDGE_LOOP('',(#2970,#2971,#2972,#2973));
#2970 = ORIENTED_EDGE('',*,*,#2601,.T.);
#2971 = ORIENTED_EDGE('',*,*,#2926,.F.);
#2972 = ORIENTED_EDGE('',*,*,#2530,.F.);
#2973 = ORIENTED_EDGE('',*,*,#2955,.T.);
#2974 = CYLINDRICAL_SURFACE('',#2975,3.E-02);
#2975 = AXIS2_PLACEMENT_3D('',#2976,#2977,#2978);
#2976 = CARTESIAN_POINT('',(0.97,0.5,3.E-02));
#2977 = DIRECTION('',(-2.22044604925E-16,-1.,0.));
#2978 = DIRECTION('',(1.,-2.22044604925E-16,0.));
#2979 = ADVANCED_FACE('',(#2980),#2991,.T.);
#2980 = FACE_BOUND('',#2981,.T.);
#2981 = EDGE_LOOP('',(#2982,#2983,#2989,#2990));
#2982 = ORIENTED_EDGE('',*,*,#2833,.F.);
#2983 = ORIENTED_EDGE('',*,*,#2984,.F.);
#2984 = EDGE_CURVE('',#2723,#2826,#2985,.T.);
#2985 = LINE('',#2986,#2987);
#2986 = CARTESIAN_POINT('',(0.985,-0.635,3.E-02));
#2987 = VECTOR('',#2988,1.);
#2988 = DIRECTION('',(0.,0.,1.));
#2989 = ORIENTED_EDGE('',*,*,#2730,.T.);
#2990 = ORIENTED_EDGE('',*,*,#2635,.F.);
#2991 = PLANE('',#2992);
#2992 = AXIS2_PLACEMENT_3D('',#2993,#2994,#2995);
#2993 = CARTESIAN_POINT('',(0.985,-0.635,3.E-02));
#2994 = DIRECTION('',(1.,0.,0.));
#2995 = DIRECTION('',(0.,0.,1.));
#2996 = ADVANCED_FACE('',(#2997),#3008,.T.);
#2997 = FACE_BOUND('',#2998,.T.);
#2998 = EDGE_LOOP('',(#2999,#3000,#3006,#3007));
#2999 = ORIENTED_EDGE('',*,*,#2674,.F.);
#3000 = ORIENTED_EDGE('',*,*,#3001,.T.);
#3001 = EDGE_CURVE('',#2675,#2778,#3002,.T.);
#3002 = LINE('',#3003,#3004);
#3003 = CARTESIAN_POINT('',(-0.985,0.635,3.E-02));
#3004 = VECTOR('',#3005,1.);
#3005 = DIRECTION('',(0.,0.,1.));
#3006 = ORIENTED_EDGE('',*,*,#2777,.T.);
#3007 = ORIENTED_EDGE('',*,*,#2762,.F.);
#3008 = PLANE('',#3009);
#3009 = AXIS2_PLACEMENT_3D('',#3010,#3011,#3012);
#3010 = CARTESIAN_POINT('',(-0.985,0.635,3.E-02));
#3011 = DIRECTION('',(0.,1.,0.));
#3012 = DIRECTION('',(0.,-0.,1.));
#3013 = ADVANCED_FACE('',(#3014),#3025,.F.);
#3014 = FACE_BOUND('',#3015,.F.);
#3015 = EDGE_LOOP('',(#3016,#3017,#3023,#3024));
#3016 = ORIENTED_EDGE('',*,*,#2785,.F.);
#3017 = ORIENTED_EDGE('',*,*,#3018,.F.);
#3018 = EDGE_CURVE('',#2683,#2786,#3019,.T.);
#3019 = LINE('',#3020,#3021);
#3020 = CARTESIAN_POINT('',(-0.985,0.5,1.5E-02));
#3021 = VECTOR('',#3022,1.);
#3022 = DIRECTION('',(0.,0.,1.));
#3023 = ORIENTED_EDGE('',*,*,#2682,.T.);
#3024 = ORIENTED_EDGE('',*,*,#3001,.T.);
#3025 = PLANE('',#3026);
#3026 = AXIS2_PLACEMENT_3D('',#3027,#3028,#3029);
#3027 = CARTESIAN_POINT('',(-0.985,-0.635,3.E-02));
#3028 = DIRECTION('',(1.,0.,0.));
#3029 = DIRECTION('',(0.,0.,1.));
#3030 = ADVANCED_FACE('',(#3031),#3094,.T.);
#3031 = FACE_BOUND('',#3032,.T.);
#3032 = EDGE_LOOP('',(#3033,#3034,#3043,#3051,#3060,#3068,#3077,#3085,
    #3092,#3093));
#3033 = ORIENTED_EDGE('',*,*,#2690,.F.);
#3034 = ORIENTED_EDGE('',*,*,#3035,.T.);
#3035 = EDGE_CURVE('',#2691,#3036,#3038,.T.);
#3036 = VERTEX_POINT('',#3037);
#3037 = CARTESIAN_POINT('',(-0.58,0.5,-3.469446951954E-18));
#3038 = CIRCLE('',#3039,3.E-02);
#3039 = AXIS2_PLACEMENT_3D('',#3040,#3041,#3042);
#3040 = CARTESIAN_POINT('',(-0.58,0.5,3.E-02));
#3041 = DIRECTION('',(1.110223024625E-16,1.,-0.));
#3042 = DIRECTION('',(0.,0.,1.));
#3043 = ORIENTED_EDGE('',*,*,#3044,.T.);
#3044 = EDGE_CURVE('',#3036,#3045,#3047,.T.);
#3045 = VERTEX_POINT('',#3046);
#3046 = CARTESIAN_POINT('',(-0.97,0.5,-3.469446951954E-18));
#3047 = LINE('',#3048,#3049);
#3048 = CARTESIAN_POINT('',(-0.55,0.5,0.));
#3049 = VECTOR('',#3050,1.);
#3050 = DIRECTION('',(-1.,1.110223024625E-16,0.));
#3051 = ORIENTED_EDGE('',*,*,#3052,.F.);
#3052 = EDGE_CURVE('',#3053,#3045,#3055,.T.);
#3053 = VERTEX_POINT('',#3054);
#3054 = CARTESIAN_POINT('',(-1.,0.5,3.E-02));
#3055 = CIRCLE('',#3056,3.E-02);
#3056 = AXIS2_PLACEMENT_3D('',#3057,#3058,#3059);
#3057 = CARTESIAN_POINT('',(-0.97,0.5,3.E-02));
#3058 = DIRECTION('',(-1.110223024625E-16,-1.,0.));
#3059 = DIRECTION('',(0.,0.,1.));
#3060 = ORIENTED_EDGE('',*,*,#3061,.T.);
#3061 = EDGE_CURVE('',#3053,#3062,#3064,.T.);
#3062 = VERTEX_POINT('',#3063);
#3063 = CARTESIAN_POINT('',(-1.,0.5,0.77));
#3064 = LINE('',#3065,#3066);
#3065 = CARTESIAN_POINT('',(-1.,0.5,0.));
#3066 = VECTOR('',#3067,1.);
#3067 = DIRECTION('',(0.,0.,1.));
#3068 = ORIENTED_EDGE('',*,*,#3069,.T.);
#3069 = EDGE_CURVE('',#3062,#3070,#3072,.T.);
#3070 = VERTEX_POINT('',#3071);
#3071 = CARTESIAN_POINT('',(-0.97,0.5,0.8));
#3072 = CIRCLE('',#3073,3.E-02);
#3073 = AXIS2_PLACEMENT_3D('',#3074,#3075,#3076);
#3074 = CARTESIAN_POINT('',(-0.97,0.5,0.77));
#3075 = DIRECTION('',(1.110223024625E-16,1.,-0.));
#3076 = DIRECTION('',(0.,0.,1.));
#3077 = ORIENTED_EDGE('',*,*,#3078,.F.);
#3078 = EDGE_CURVE('',#3079,#3070,#3081,.T.);
#3079 = VERTEX_POINT('',#3080);
#3080 = CARTESIAN_POINT('',(-0.58,0.5,0.8));
#3081 = LINE('',#3082,#3083);
#3082 = CARTESIAN_POINT('',(-0.55,0.5,0.8));
#3083 = VECTOR('',#3084,1.);
#3084 = DIRECTION('',(-1.,1.110223024625E-16,0.));
#3085 = ORIENTED_EDGE('',*,*,#3086,.F.);
#3086 = EDGE_CURVE('',#2794,#3079,#3087,.T.);
#3087 = CIRCLE('',#3088,3.E-02);
#3088 = AXIS2_PLACEMENT_3D('',#3089,#3090,#3091);
#3089 = CARTESIAN_POINT('',(-0.58,0.5,0.77));
#3090 = DIRECTION('',(-1.110223024625E-16,-1.,0.));
#3091 = DIRECTION('',(0.,0.,1.));
#3092 = ORIENTED_EDGE('',*,*,#2793,.T.);
#3093 = ORIENTED_EDGE('',*,*,#3018,.F.);
#3094 = PLANE('',#3095);
#3095 = AXIS2_PLACEMENT_3D('',#3096,#3097,#3098);
#3096 = CARTESIAN_POINT('',(-0.55,0.5,0.));
#3097 = DIRECTION('',(1.110223024625E-16,1.,0.));
#3098 = DIRECTION('',(0.,-0.,1.));
#3099 = ADVANCED_FACE('',(#3100),#3119,.T.);
#3100 = FACE_BOUND('',#3101,.T.);
#3101 = EDGE_LOOP('',(#3102,#3111,#3117,#3118));
#3102 = ORIENTED_EDGE('',*,*,#3103,.T.);
#3103 = EDGE_CURVE('',#2699,#3104,#3106,.T.);
#3104 = VERTEX_POINT('',#3105);
#3105 = CARTESIAN_POINT('',(-0.58,-0.5,-3.469446951954E-18));
#3106 = CIRCLE('',#3107,3.E-02);
#3107 = AXIS2_PLACEMENT_3D('',#3108,#3109,#3110);
#3108 = CARTESIAN_POINT('',(-0.58,-0.5,3.E-02));
#3109 = DIRECTION('',(1.110223024625E-16,1.,-0.));
#3110 = DIRECTION('',(0.,0.,1.));
#3111 = ORIENTED_EDGE('',*,*,#3112,.T.);
#3112 = EDGE_CURVE('',#3104,#3036,#3113,.T.);
#3113 = LINE('',#3114,#3115);
#3114 = CARTESIAN_POINT('',(-0.58,-0.5,-3.469446951954E-18));
#3115 = VECTOR('',#3116,1.);
#3116 = DIRECTION('',(1.110223024625E-16,1.,0.));
#3117 = ORIENTED_EDGE('',*,*,#3035,.F.);
#3118 = ORIENTED_EDGE('',*,*,#2698,.T.);
#3119 = CYLINDRICAL_SURFACE('',#3120,3.E-02);
#3120 = AXIS2_PLACEMENT_3D('',#3121,#3122,#3123);
#3121 = CARTESIAN_POINT('',(-0.58,-0.5,3.E-02));
#3122 = DIRECTION('',(1.110223024625E-16,1.,0.));
#3123 = DIRECTION('',(1.,-1.110223024625E-16,0.));
#3124 = ADVANCED_FACE('',(#3125),#3136,.F.);
#3125 = FACE_BOUND('',#3126,.F.);
#3126 = EDGE_LOOP('',(#3127,#3128,#3134,#3135));
#3127 = ORIENTED_EDGE('',*,*,#2722,.F.);
#3128 = ORIENTED_EDGE('',*,*,#3129,.T.);
#3129 = EDGE_CURVE('',#2715,#2818,#3130,.T.);
#3130 = LINE('',#3131,#3132);
#3131 = CARTESIAN_POINT('',(-0.985,-0.635,3.E-02));
#3132 = VECTOR('',#3133,1.);
#3133 = DIRECTION('',(0.,0.,1.));
#3134 = ORIENTED_EDGE('',*,*,#2825,.T.);
#3135 = ORIENTED_EDGE('',*,*,#2984,.F.);
#3136 = PLANE('',#3137);
#3137 = AXIS2_PLACEMENT_3D('',#3138,#3139,#3140);
#3138 = CARTESIAN_POINT('',(-0.985,-0.635,3.E-02));
#3139 = DIRECTION('',(0.,1.,0.));
#3140 = DIRECTION('',(0.,-0.,1.));
#3141 = ADVANCED_FACE('',(#3142),#3202,.F.);
#3142 = FACE_BOUND('',#3143,.F.);
#3143 = EDGE_LOOP('',(#3144,#3145,#3146,#3154,#3163,#3171,#3180,#3188,
    #3195,#3196));
#3144 = ORIENTED_EDGE('',*,*,#2706,.F.);
#3145 = ORIENTED_EDGE('',*,*,#3103,.T.);
#3146 = ORIENTED_EDGE('',*,*,#3147,.T.);
#3147 = EDGE_CURVE('',#3104,#3148,#3150,.T.);
#3148 = VERTEX_POINT('',#3149);
#3149 = CARTESIAN_POINT('',(-0.97,-0.5,-3.469446951954E-18));
#3150 = LINE('',#3151,#3152);
#3151 = CARTESIAN_POINT('',(-0.55,-0.5,0.));
#3152 = VECTOR('',#3153,1.);
#3153 = DIRECTION('',(-1.,1.110223024625E-16,0.));
#3154 = ORIENTED_EDGE('',*,*,#3155,.F.);
#3155 = EDGE_CURVE('',#3156,#3148,#3158,.T.);
#3156 = VERTEX_POINT('',#3157);
#3157 = CARTESIAN_POINT('',(-1.,-0.5,3.E-02));
#3158 = CIRCLE('',#3159,3.E-02);
#3159 = AXIS2_PLACEMENT_3D('',#3160,#3161,#3162);
#3160 = CARTESIAN_POINT('',(-0.97,-0.5,3.E-02));
#3161 = DIRECTION('',(-1.110223024625E-16,-1.,0.));
#3162 = DIRECTION('',(0.,0.,1.));
#3163 = ORIENTED_EDGE('',*,*,#3164,.T.);
#3164 = EDGE_CURVE('',#3156,#3165,#3167,.T.);
#3165 = VERTEX_POINT('',#3166);
#3166 = CARTESIAN_POINT('',(-1.,-0.5,0.77));
#3167 = LINE('',#3168,#3169);
#3168 = CARTESIAN_POINT('',(-1.,-0.5,0.));
#3169 = VECTOR('',#3170,1.);
#3170 = DIRECTION('',(0.,0.,1.));
#3171 = ORIENTED_EDGE('',*,*,#3172,.T.);
#3172 = EDGE_CURVE('',#3165,#3173,#3175,.T.);
#3173 = VERTEX_POINT('',#3174);
#3174 = CARTESIAN_POINT('',(-0.97,-0.5,0.8));
#3175 = CIRCLE('',#3176,3.E-02);
#3176 = AXIS2_PLACEMENT_3D('',#3177,#3178,#3179);
#3177 = CARTESIAN_POINT('',(-0.97,-0.5,0.77));
#3178 = DIRECTION('',(1.110223024625E-16,1.,-0.));
#3179 = DIRECTION('',(0.,0.,1.));
#3180 = ORIENTED_EDGE('',*,*,#3181,.F.);
#3181 = EDGE_CURVE('',#3182,#3173,#3184,.T.);
#3182 = VERTEX_POINT('',#3183);
#3183 = CARTESIAN_POINT('',(-0.58,-0.5,0.8));
#3184 = LINE('',#3185,#3186);
#3185 = CARTESIAN_POINT('',(-0.55,-0.5,0.8));
#3186 = VECTOR('',#3187,1.);
#3187 = DIRECTION('',(-1.,1.110223024625E-16,0.));
#3188 = ORIENTED_EDGE('',*,*,#3189,.F.);
#3189 = EDGE_CURVE('',#2802,#3182,#3190,.T.);
#3190 = CIRCLE('',#3191,3.E-02);
#3191 = AXIS2_PLACEMENT_3D('',#3192,#3193,#3194);
#3192 = CARTESIAN_POINT('',(-0.58,-0.5,0.77));
#3193 = DIRECTION('',(-1.110223024625E-16,-1.,0.));
#3194 = DIRECTION('',(0.,0.,1.));
#3195 = ORIENTED_EDGE('',*,*,#2809,.T.);
#3196 = ORIENTED_EDGE('',*,*,#3197,.F.);
#3197 = EDGE_CURVE('',#2707,#2810,#3198,.T.);
#3198 = LINE('',#3199,#3200);
#3199 = CARTESIAN_POINT('',(-0.985,-0.5,1.5E-02));
#3200 = VECTOR('',#3201,1.);
#3201 = DIRECTION('',(0.,0.,1.));
#3202 = PLANE('',#3203);
#3203 = AXIS2_PLACEMENT_3D('',#3204,#3205,#3206);
#3204 = CARTESIAN_POINT('',(-0.55,-0.5,0.));
#3205 = DIRECTION('',(1.110223024625E-16,1.,0.));
#3206 = DIRECTION('',(0.,-0.,1.));
#3207 = ADVANCED_FACE('',(#3208),#3214,.F.);
#3208 = FACE_BOUND('',#3209,.F.);
#3209 = EDGE_LOOP('',(#3210,#3211,#3212,#3213));
#3210 = ORIENTED_EDGE('',*,*,#2817,.F.);
#3211 = ORIENTED_EDGE('',*,*,#3129,.F.);
#3212 = ORIENTED_EDGE('',*,*,#2714,.T.);
#3213 = ORIENTED_EDGE('',*,*,#3197,.T.);
#3214 = PLANE('',#3215);
#3215 = AXIS2_PLACEMENT_3D('',#3216,#3217,#3218);
#3216 = CARTESIAN_POINT('',(-0.985,-0.635,3.E-02));
#3217 = DIRECTION('',(1.,0.,0.));
#3218 = DIRECTION('',(0.,0.,1.));
#3219 = ADVANCED_FACE('',(#3220),#3231,.T.);
#3220 = FACE_BOUND('',#3221,.T.);
#3221 = EDGE_LOOP('',(#3222,#3223,#3224,#3230));
#3222 = ORIENTED_EDGE('',*,*,#2801,.F.);
#3223 = ORIENTED_EDGE('',*,*,#3086,.T.);
#3224 = ORIENTED_EDGE('',*,*,#3225,.F.);
#3225 = EDGE_CURVE('',#3182,#3079,#3226,.T.);
#3226 = LINE('',#3227,#3228);
#3227 = CARTESIAN_POINT('',(-0.58,-0.5,0.8));
#3228 = VECTOR('',#3229,1.);
#3229 = DIRECTION('',(1.110223024625E-16,1.,0.));
#3230 = ORIENTED_EDGE('',*,*,#3189,.F.);
#3231 = CYLINDRICAL_SURFACE('',#3232,3.E-02);
#3232 = AXIS2_PLACEMENT_3D('',#3233,#3234,#3235);
#3233 = CARTESIAN_POINT('',(-0.58,-0.5,0.77));
#3234 = DIRECTION('',(1.110223024625E-16,1.,0.));
#3235 = DIRECTION('',(1.,-1.110223024625E-16,0.));
#3236 = ADVANCED_FACE('',(#3237),#3262,.F.);
#3237 = FACE_BOUND('',#3238,.F.);
#3238 = EDGE_LOOP('',(#3239,#3247,#3255,#3261));
#3239 = ORIENTED_EDGE('',*,*,#3240,.F.);
#3240 = EDGE_CURVE('',#3241,#2845,#3243,.T.);
#3241 = VERTEX_POINT('',#3242);
#3242 = CARTESIAN_POINT('',(-0.355,-0.59,0.76));
#3243 = LINE('',#3244,#3245);
#3244 = CARTESIAN_POINT('',(-0.355,-0.59,0.76));
#3245 = VECTOR('',#3246,1.);
#3246 = DIRECTION('',(0.,0.,1.));
#3247 = ORIENTED_EDGE('',*,*,#3248,.T.);
#3248 = EDGE_CURVE('',#3241,#3249,#3251,.T.);
#3249 = VERTEX_POINT('',#3250);
#3250 = CARTESIAN_POINT('',(-0.355,0.59,0.76));
#3251 = LINE('',#3252,#3253);
#3252 = CARTESIAN_POINT('',(-0.355,-0.59,0.76));
#3253 = VECTOR('',#3254,1.);
#3254 = DIRECTION('',(0.,1.,0.));
#3255 = ORIENTED_EDGE('',*,*,#3256,.T.);
#3256 = EDGE_CURVE('',#3249,#2847,#3257,.T.);
#3257 = LINE('',#3258,#3259);
#3258 = CARTESIAN_POINT('',(-0.355,0.59,0.76));
#3259 = VECTOR('',#3260,1.);
#3260 = DIRECTION('',(0.,0.,1.));
#3261 = ORIENTED_EDGE('',*,*,#2844,.F.);
#3262 = PLANE('',#3263);
#3263 = AXIS2_PLACEMENT_3D('',#3264,#3265,#3266);
#3264 = CARTESIAN_POINT('',(-0.355,-0.59,0.76));
#3265 = DIRECTION('',(1.,0.,0.));
#3266 = DIRECTION('',(0.,0.,1.));
#3267 = ADVANCED_FACE('',(#3268),#3286,.T.);
#3268 = FACE_BOUND('',#3269,.T.);
#3269 = EDGE_LOOP('',(#3270,#3271,#3279,#3285));
#3270 = ORIENTED_EDGE('',*,*,#3240,.F.);
#3271 = ORIENTED_EDGE('',*,*,#3272,.F.);
#3272 = EDGE_CURVE('',#3273,#3241,#3275,.T.);
#3273 = VERTEX_POINT('',#3274);
#3274 = CARTESIAN_POINT('',(-0.505,-0.59,0.76));
#3275 = LINE('',#3276,#3277);
#3276 = CARTESIAN_POINT('',(-0.505,-0.59,0.76));
#3277 = VECTOR('',#3278,1.);
#3278 = DIRECTION('',(1.,0.,0.));
#3279 = ORIENTED_EDGE('',*,*,#3280,.T.);
#3280 = EDGE_CURVE('',#3273,#2855,#3281,.T.);
#3281 = LINE('',#3282,#3283);
#3282 = CARTESIAN_POINT('',(-0.505,-0.59,0.76));
#3283 = VECTOR('',#3284,1.);
#3284 = DIRECTION('',(0.,0.,1.));
#3285 = ORIENTED_EDGE('',*,*,#2854,.F.);
#3286 = PLANE('',#3287);
#3287 = AXIS2_PLACEMENT_3D('',#3288,#3289,#3290);
#3288 = CARTESIAN_POINT('',(-0.505,-0.59,0.76));
#3289 = DIRECTION('',(0.,1.,0.));
#3290 = DIRECTION('',(0.,-0.,1.));
#3291 = ADVANCED_FACE('',(#3292),#3310,.F.);
#3292 = FACE_BOUND('',#3293,.F.);
#3293 = EDGE_LOOP('',(#3294,#3295,#3303,#3309));
#3294 = ORIENTED_EDGE('',*,*,#3256,.F.);
#3295 = ORIENTED_EDGE('',*,*,#3296,.F.);
#3296 = EDGE_CURVE('',#3297,#3249,#3299,.T.);
#3297 = VERTEX_POINT('',#3298);
#3298 = CARTESIAN_POINT('',(-0.505,0.59,0.76));
#3299 = LINE('',#3300,#3301);
#3300 = CARTESIAN_POINT('',(-0.505,0.59,0.76));
#3301 = VECTOR('',#3302,1.);
#3302 = DIRECTION('',(1.,0.,0.));
#3303 = ORIENTED_EDGE('',*,*,#3304,.T.);
#3304 = EDGE_CURVE('',#3297,#2863,#3305,.T.);
#3305 = LINE('',#3306,#3307);
#3306 = CARTESIAN_POINT('',(-0.505,0.59,0.76));
#3307 = VECTOR('',#3308,1.);
#3308 = DIRECTION('',(0.,0.,1.));
#3309 = ORIENTED_EDGE('',*,*,#2870,.F.);
#3310 = PLANE('',#3311);
#3311 = AXIS2_PLACEMENT_3D('',#3312,#3313,#3314);
#3312 = CARTESIAN_POINT('',(-0.505,0.59,0.76));
#3313 = DIRECTION('',(0.,1.,0.));
#3314 = DIRECTION('',(0.,-0.,1.));
#3315 = ADVANCED_FACE('',(#3316),#3327,.T.);
#3316 = FACE_BOUND('',#3317,.T.);
#3317 = EDGE_LOOP('',(#3318,#3319,#3325,#3326));
#3318 = ORIENTED_EDGE('',*,*,#3280,.F.);
#3319 = ORIENTED_EDGE('',*,*,#3320,.T.);
#3320 = EDGE_CURVE('',#3273,#3297,#3321,.T.);
#3321 = LINE('',#3322,#3323);
#3322 = CARTESIAN_POINT('',(-0.505,-0.59,0.76));
#3323 = VECTOR('',#3324,1.);
#3324 = DIRECTION('',(0.,1.,0.));
#3325 = ORIENTED_EDGE('',*,*,#3304,.T.);
#3326 = ORIENTED_EDGE('',*,*,#2862,.F.);
#3327 = PLANE('',#3328);
#3328 = AXIS2_PLACEMENT_3D('',#3329,#3330,#3331);
#3329 = CARTESIAN_POINT('',(-0.505,-0.59,0.76));
#3330 = DIRECTION('',(1.,0.,0.));
#3331 = DIRECTION('',(0.,0.,1.));
#3332 = ADVANCED_FACE('',(#3333),#3361,.T.);
#3333 = FACE_BOUND('',#3334,.T.);
#3334 = EDGE_LOOP('',(#3335,#3336,#3337,#3338,#3346,#3355));
#3335 = ORIENTED_EDGE('',*,*,#3181,.F.);
#3336 = ORIENTED_EDGE('',*,*,#3225,.T.);
#3337 = ORIENTED_EDGE('',*,*,#3078,.T.);
#3338 = ORIENTED_EDGE('',*,*,#3339,.F.);
#3339 = EDGE_CURVE('',#3340,#3070,#3342,.T.);
#3340 = VERTEX_POINT('',#3341);
#3341 = CARTESIAN_POINT('',(-0.97,0.3,0.8));
#3342 = LINE('',#3343,#3344);
#3343 = CARTESIAN_POINT('',(-0.97,-0.5,0.8));
#3344 = VECTOR('',#3345,1.);
#3345 = DIRECTION('',(1.110223024625E-16,1.,0.));
#3346 = ORIENTED_EDGE('',*,*,#3347,.F.);
#3347 = EDGE_CURVE('',#3348,#3340,#3350,.T.);
#3348 = VERTEX_POINT('',#3349);
#3349 = CARTESIAN_POINT('',(-0.97,-0.3,0.8));
#3350 = CIRCLE('',#3351,0.3);
#3351 = AXIS2_PLACEMENT_3D('',#3352,#3353,#3354);
#3352 = CARTESIAN_POINT('',(-0.97,1.076916333886E-16,0.8));
#3353 = DIRECTION('',(0.,-0.,1.));
#3354 = DIRECTION('',(1.110223024625E-16,1.,0.));
#3355 = ORIENTED_EDGE('',*,*,#3356,.F.);
#3356 = EDGE_CURVE('',#3173,#3348,#3357,.T.);
#3357 = LINE('',#3358,#3359);
#3358 = CARTESIAN_POINT('',(-0.97,-0.5,0.8));
#3359 = VECTOR('',#3360,1.);
#3360 = DIRECTION('',(1.110223024625E-16,1.,0.));
#3361 = PLANE('',#3362);
#3362 = AXIS2_PLACEMENT_3D('',#3363,#3364,#3365);
#3363 = CARTESIAN_POINT('',(-0.55,-0.5,0.8));
#3364 = DIRECTION('',(0.,0.,1.));
#3365 = DIRECTION('',(1.110223024625E-16,1.,-0.));
#3366 = ADVANCED_FACE('',(#3367),#3390,.T.);
#3367 = FACE_BOUND('',#3368,.T.);
#3368 = EDGE_LOOP('',(#3369,#3377,#3388,#3389));
#3369 = ORIENTED_EDGE('',*,*,#3370,.F.);
#3370 = EDGE_CURVE('',#3371,#3062,#3373,.T.);
#3371 = VERTEX_POINT('',#3372);
#3372 = CARTESIAN_POINT('',(-1.,0.298496231132,0.77));
#3373 = LINE('',#3374,#3375);
#3374 = CARTESIAN_POINT('',(-1.,-0.5,0.77));
#3375 = VECTOR('',#3376,1.);
#3376 = DIRECTION('',(1.110223024625E-16,1.,0.));
#3377 = ORIENTED_EDGE('',*,*,#3378,.T.);
#3378 = EDGE_CURVE('',#3371,#3340,#3379,.T.);
#3379 = B_SPLINE_CURVE_WITH_KNOTS('',7,(#3380,#3381,#3382,#3383,#3384,
    #3385,#3386,#3387),.UNSPECIFIED.,.F.,.F.,(8,8),(0.,1.),
  .PIECEWISE_BEZIER_KNOTS.);
#3380 = CARTESIAN_POINT('',(-1.,0.298496231132,0.77));
#3381 = CARTESIAN_POINT('',(-1.,0.298496231132,0.777078545461));
#3382 = CARTESIAN_POINT('',(-0.998051511934,0.298692110584,
    0.783950989081));
#3383 = CARTESIAN_POINT('',(-0.994358225228,0.299063047752,
    0.790060909904));
#3384 = CARTESIAN_POINT('',(-0.989239728548,0.299497178561,
    0.794974964065));
#3385 = CARTESIAN_POINT('',(-0.983106378111,0.299835744948,
    0.798356740361));
#3386 = CARTESIAN_POINT('',(-0.976500024714,0.29999999935,0.79999999675)
  );
#3387 = CARTESIAN_POINT('',(-0.97,0.3,0.8));
#3388 = ORIENTED_EDGE('',*,*,#3339,.T.);
#3389 = ORIENTED_EDGE('',*,*,#3069,.F.);
#3390 = CYLINDRICAL_SURFACE('',#3391,3.E-02);
#3391 = AXIS2_PLACEMENT_3D('',#3392,#3393,#3394);
#3392 = CARTESIAN_POINT('',(-0.97,-0.5,0.77));
#3393 = DIRECTION('',(1.110223024625E-16,1.,0.));
#3394 = DIRECTION('',(-1.,1.110223024625E-16,0.));
#3395 = ADVANCED_FACE('',(#3396),#3414,.T.);
#3396 = FACE_BOUND('',#3397,.T.);
#3397 = EDGE_LOOP('',(#3398,#3399,#3407,#3413));
#3398 = ORIENTED_EDGE('',*,*,#3061,.F.);
#3399 = ORIENTED_EDGE('',*,*,#3400,.F.);
#3400 = EDGE_CURVE('',#3401,#3053,#3403,.T.);
#3401 = VERTEX_POINT('',#3402);
#3402 = CARTESIAN_POINT('',(-1.,0.298496231132,3.E-02));
#3403 = LINE('',#3404,#3405);
#3404 = CARTESIAN_POINT('',(-1.,-0.5,3.E-02));
#3405 = VECTOR('',#3406,1.);
#3406 = DIRECTION('',(1.110223024625E-16,1.,0.));
#3407 = ORIENTED_EDGE('',*,*,#3408,.T.);
#3408 = EDGE_CURVE('',#3401,#3371,#3409,.T.);
#3409 = LINE('',#3410,#3411);
#3410 = CARTESIAN_POINT('',(-1.,0.298496231132,0.8));
#3411 = VECTOR('',#3412,1.);
#3412 = DIRECTION('',(0.,0.,1.));
#3413 = ORIENTED_EDGE('',*,*,#3370,.T.);
#3414 = PLANE('',#3415);
#3415 = AXIS2_PLACEMENT_3D('',#3416,#3417,#3418);
#3416 = CARTESIAN_POINT('',(-1.,-0.5,0.));
#3417 = DIRECTION('',(-1.,1.110223024625E-16,0.));
#3418 = DIRECTION('',(0.,0.,1.));
#3419 = ADVANCED_FACE('',(#3420),#3443,.T.);
#3420 = FACE_BOUND('',#3421,.T.);
#3421 = EDGE_LOOP('',(#3422,#3423,#3431,#3442));
#3422 = ORIENTED_EDGE('',*,*,#3052,.T.);
#3423 = ORIENTED_EDGE('',*,*,#3424,.F.);
#3424 = EDGE_CURVE('',#3425,#3045,#3427,.T.);
#3425 = VERTEX_POINT('',#3426);
#3426 = CARTESIAN_POINT('',(-0.97,0.3,-1.734723475977E-18));
#3427 = LINE('',#3428,#3429);
#3428 = CARTESIAN_POINT('',(-0.97,-0.5,-3.469446951954E-18));
#3429 = VECTOR('',#3430,1.);
#3430 = DIRECTION('',(1.110223024625E-16,1.,0.));
#3431 = ORIENTED_EDGE('',*,*,#3432,.F.);
#3432 = EDGE_CURVE('',#3401,#3425,#3433,.T.);
#3433 = B_SPLINE_CURVE_WITH_KNOTS('',7,(#3434,#3435,#3436,#3437,#3438,
    #3439,#3440,#3441),.UNSPECIFIED.,.F.,.F.,(8,8),(0.,1.),
  .PIECEWISE_BEZIER_KNOTS.);
#3434 = CARTESIAN_POINT('',(-1.,0.298496231132,3.E-02));
#3435 = CARTESIAN_POINT('',(-1.,0.298496231132,2.292145453898E-02));
#3436 = CARTESIAN_POINT('',(-0.998051511934,0.298692110584,
    1.604901091858E-02));
#3437 = CARTESIAN_POINT('',(-0.994358225228,0.299063047752,
    9.939090096346E-03));
#3438 = CARTESIAN_POINT('',(-0.989239728548,0.299497178561,
    5.025035935187E-03));
#3439 = CARTESIAN_POINT('',(-0.983106378111,0.299835744948,
    1.643259638904E-03));
#3440 = CARTESIAN_POINT('',(-0.976500024714,0.29999999935,
    3.25001235963E-09));
#3441 = CARTESIAN_POINT('',(-0.97,0.3,-1.734723475977E-18));
#3442 = ORIENTED_EDGE('',*,*,#3400,.T.);
#3443 = CYLINDRICAL_SURFACE('',#3444,3.E-02);
#3444 = AXIS2_PLACEMENT_3D('',#3445,#3446,#3447);
#3445 = CARTESIAN_POINT('',(-0.97,-0.5,3.E-02));
#3446 = DIRECTION('',(1.110223024625E-16,1.,0.));
#3447 = DIRECTION('',(-1.,1.110223024625E-16,0.));
#3448 = ADVANCED_FACE('',(#3449),#3470,.F.);
#3449 = FACE_BOUND('',#3450,.F.);
#3450 = EDGE_LOOP('',(#3451,#3452,#3453,#3454,#3455,#3464));
#3451 = ORIENTED_EDGE('',*,*,#3147,.F.);
#3452 = ORIENTED_EDGE('',*,*,#3112,.T.);
#3453 = ORIENTED_EDGE('',*,*,#3044,.T.);
#3454 = ORIENTED_EDGE('',*,*,#3424,.F.);
#3455 = ORIENTED_EDGE('',*,*,#3456,.F.);
#3456 = EDGE_CURVE('',#3457,#3425,#3459,.T.);
#3457 = VERTEX_POINT('',#3458);
#3458 = CARTESIAN_POINT('',(-0.97,-0.3,-3.469446951954E-18));
#3459 = CIRCLE('',#3460,0.3);
#3460 = AXIS2_PLACEMENT_3D('',#3461,#3462,#3463);
#3461 = CARTESIAN_POINT('',(-0.97,1.076916333886E-16,0.));
#3462 = DIRECTION('',(0.,-0.,1.));
#3463 = DIRECTION('',(1.110223024625E-16,1.,0.));
#3464 = ORIENTED_EDGE('',*,*,#3465,.F.);
#3465 = EDGE_CURVE('',#3148,#3457,#3466,.T.);
#3466 = LINE('',#3467,#3468);
#3467 = CARTESIAN_POINT('',(-0.97,-0.5,-3.469446951954E-18));
#3468 = VECTOR('',#3469,1.);
#3469 = DIRECTION('',(1.110223024625E-16,1.,0.));
#3470 = PLANE('',#3471);
#3471 = AXIS2_PLACEMENT_3D('',#3472,#3473,#3474);
#3472 = CARTESIAN_POINT('',(-0.55,-0.5,0.));
#3473 = DIRECTION('',(0.,0.,1.));
#3474 = DIRECTION('',(1.110223024625E-16,1.,-0.));
#3475 = ADVANCED_FACE('',(#3476),#3499,.T.);
#3476 = FACE_BOUND('',#3477,.T.);
#3477 = EDGE_LOOP('',(#3478,#3486,#3487,#3488));
#3478 = ORIENTED_EDGE('',*,*,#3479,.F.);
#3479 = EDGE_CURVE('',#3165,#3480,#3482,.T.);
#3480 = VERTEX_POINT('',#3481);
#3481 = CARTESIAN_POINT('',(-1.,-0.298496231132,0.77));
#3482 = LINE('',#3483,#3484);
#3483 = CARTESIAN_POINT('',(-1.,-0.5,0.77));
#3484 = VECTOR('',#3485,1.);
#3485 = DIRECTION('',(1.110223024625E-16,1.,0.));
#3486 = ORIENTED_EDGE('',*,*,#3172,.T.);
#3487 = ORIENTED_EDGE('',*,*,#3356,.T.);
#3488 = ORIENTED_EDGE('',*,*,#3489,.F.);
#3489 = EDGE_CURVE('',#3480,#3348,#3490,.T.);
#3490 = B_SPLINE_CURVE_WITH_KNOTS('',7,(#3491,#3492,#3493,#3494,#3495,
    #3496,#3497,#3498),.UNSPECIFIED.,.F.,.F.,(8,8),(0.,1.),
  .PIECEWISE_BEZIER_KNOTS.);
#3491 = CARTESIAN_POINT('',(-1.,-0.298496231132,0.77));
#3492 = CARTESIAN_POINT('',(-1.,-0.298496231132,0.777078545453));
#3493 = CARTESIAN_POINT('',(-0.998051511412,-0.298692111009,
    0.783950991788));
#3494 = CARTESIAN_POINT('',(-0.994358226798,-0.299063046355,
    0.79006090216));
#3495 = CARTESIAN_POINT('',(-0.989239725864,-0.299497180638,
    0.79497497463));
#3496 = CARTESIAN_POINT('',(-0.983106381509,-0.299835743265,
    0.798356731994));
#3497 = CARTESIAN_POINT('',(-0.976500022629,-0.3,0.8));
#3498 = CARTESIAN_POINT('',(-0.97,-0.3,0.8));
#3499 = CYLINDRICAL_SURFACE('',#3500,3.E-02);
#3500 = AXIS2_PLACEMENT_3D('',#3501,#3502,#3503);
#3501 = CARTESIAN_POINT('',(-0.97,-0.5,0.77));
#3502 = DIRECTION('',(1.110223024625E-16,1.,0.));
#3503 = DIRECTION('',(-1.,1.110223024625E-16,0.));
#3504 = ADVANCED_FACE('',(#3505),#3523,.T.);
#3505 = FACE_BOUND('',#3506,.T.);
#3506 = EDGE_LOOP('',(#3507,#3515,#3521,#3522));
#3507 = ORIENTED_EDGE('',*,*,#3508,.F.);
#3508 = EDGE_CURVE('',#3509,#3480,#3511,.T.);
#3509 = VERTEX_POINT('',#3510);
#3510 = CARTESIAN_POINT('',(-1.,-0.298496231132,3.E-02));
#3511 = LINE('',#3512,#3513);
#3512 = CARTESIAN_POINT('',(-1.,-0.298496231132,0.8));
#3513 = VECTOR('',#3514,1.);
#3514 = DIRECTION('',(0.,0.,1.));
#3515 = ORIENTED_EDGE('',*,*,#3516,.F.);
#3516 = EDGE_CURVE('',#3156,#3509,#3517,.T.);
#3517 = LINE('',#3518,#3519);
#3518 = CARTESIAN_POINT('',(-1.,-0.5,3.E-02));
#3519 = VECTOR('',#3520,1.);
#3520 = DIRECTION('',(1.110223024625E-16,1.,0.));
#3521 = ORIENTED_EDGE('',*,*,#3164,.T.);
#3522 = ORIENTED_EDGE('',*,*,#3479,.T.);
#3523 = PLANE('',#3524);
#3524 = AXIS2_PLACEMENT_3D('',#3525,#3526,#3527);
#3525 = CARTESIAN_POINT('',(-1.,-0.5,0.));
#3526 = DIRECTION('',(-1.,1.110223024625E-16,0.));
#3527 = DIRECTION('',(0.,0.,1.));
#3528 = ADVANCED_FACE('',(#3529),#3545,.T.);
#3529 = FACE_BOUND('',#3530,.T.);
#3530 = EDGE_LOOP('',(#3531,#3542,#3543,#3544));
#3531 = ORIENTED_EDGE('',*,*,#3532,.T.);
#3532 = EDGE_CURVE('',#3509,#3457,#3533,.T.);
#3533 = B_SPLINE_CURVE_WITH_KNOTS('',7,(#3534,#3535,#3536,#3537,#3538,
    #3539,#3540,#3541),.UNSPECIFIED.,.F.,.F.,(8,8),(0.,1.),
  .PIECEWISE_BEZIER_KNOTS.);
#3534 = CARTESIAN_POINT('',(-1.,-0.298496231132,3.E-02));
#3535 = CARTESIAN_POINT('',(-1.,-0.298496231132,2.292145454723E-02));
#3536 = CARTESIAN_POINT('',(-0.998051511412,-0.298692111009,
    1.604900821222E-02));
#3537 = CARTESIAN_POINT('',(-0.994358226798,-0.299063046355,
    9.939097839943E-03));
#3538 = CARTESIAN_POINT('',(-0.989239725864,-0.299497180638,
    5.025025369892E-03));
#3539 = CARTESIAN_POINT('',(-0.98310638151,-0.299835743265,
    1.64326800583E-03));
#3540 = CARTESIAN_POINT('',(-0.976500022628,-0.3,-1.734723475977E-18));
#3541 = CARTESIAN_POINT('',(-0.97,-0.3,-1.734723475977E-18));
#3542 = ORIENTED_EDGE('',*,*,#3465,.F.);
#3543 = ORIENTED_EDGE('',*,*,#3155,.F.);
#3544 = ORIENTED_EDGE('',*,*,#3516,.T.);
#3545 = CYLINDRICAL_SURFACE('',#3546,3.E-02);
#3546 = AXIS2_PLACEMENT_3D('',#3547,#3548,#3549);
#3547 = CARTESIAN_POINT('',(-0.97,-0.5,3.E-02));
#3548 = DIRECTION('',(1.110223024625E-16,1.,0.));
#3549 = DIRECTION('',(-1.,1.110223024625E-16,0.));
#3550 = ADVANCED_FACE('',(#3551),#3557,.T.);
#3551 = FACE_BOUND('',#3552,.T.);
#3552 = EDGE_LOOP('',(#3553,#3554,#3555,#3556));
#3553 = ORIENTED_EDGE('',*,*,#3320,.F.);
#3554 = ORIENTED_EDGE('',*,*,#3272,.T.);
#3555 = ORIENTED_EDGE('',*,*,#3248,.T.);
#3556 = ORIENTED_EDGE('',*,*,#3296,.F.);
#3557 = PLANE('',#3558);
#3558 = AXIS2_PLACEMENT_3D('',#3559,#3560,#3561);
#3559 = CARTESIAN_POINT('',(-0.505,-0.59,0.76));
#3560 = DIRECTION('',(0.,0.,1.));
#3561 = DIRECTION('',(1.,0.,-0.));
#3562 = ADVANCED_FACE('',(#3563),#3573,.F.);
#3563 = FACE_BOUND('',#3564,.F.);
#3564 = EDGE_LOOP('',(#3565,#3566,#3567,#3568,#3569,#3570,#3571,#3572));
#3565 = ORIENTED_EDGE('',*,*,#3408,.T.);
#3566 = ORIENTED_EDGE('',*,*,#3378,.T.);
#3567 = ORIENTED_EDGE('',*,*,#3347,.F.);
#3568 = ORIENTED_EDGE('',*,*,#3489,.F.);
#3569 = ORIENTED_EDGE('',*,*,#3508,.F.);
#3570 = ORIENTED_EDGE('',*,*,#3532,.T.);
#3571 = ORIENTED_EDGE('',*,*,#3456,.T.);
#3572 = ORIENTED_EDGE('',*,*,#3432,.F.);
#3573 = CYLINDRICAL_SURFACE('',#3574,0.3);
#3574 = AXIS2_PLACEMENT_3D('',#3575,#3576,#3577);
#3575 = CARTESIAN_POINT('',(-0.97,1.076916333886E-16,0.8));
#3576 = DIRECTION('',(0.,0.,1.));
#3577 = DIRECTION('',(1.110223024625E-16,1.,-0.));
#3578 = ( GEOMETRIC_REPRESENTATION_CONTEXT(3) 
GLOBAL_UNCERTAINTY_ASSIGNED_CONTEXT((#3582)) 
GLOBAL_UNIT_ASSIGNED_CONTEXT((#3579,#3580,#3581)) REPRESENTATION_CONTEXT
('Context #1','3D Context with UNIT and UNCERTAINTY') );
#3579 = ( LENGTH_UNIT() NAMED_UNIT(*) SI_UNIT(.MILLI.,.METRE.) );
#3580 = ( NAMED_UNIT(*) PLANE_ANGLE_UNIT() SI_UNIT($,.RADIAN.) );
#3581 = ( NAMED_UNIT(*) SI_UNIT($,.STERADIAN.) SOLID_ANGLE_UNIT() );
#3582 = UNCERTAINTY_MEASURE_WITH_UNIT(LENGTH_MEASURE(1.E-07),#3579,
  'distance_accuracy_value','confusion accuracy');
#3583 = CONTEXT_DEPENDENT_SHAPE_REPRESENTATION(#3584,#3586);
#3584 = ( REPRESENTATION_RELATIONSHIP('','',#2301,#10) 
REPRESENTATION_RELATIONSHIP_WITH_TRANSFORMATION(#3585) 
SHAPE_REPRESENTATION_RELATIONSHIP() );
#3585 = ITEM_DEFINED_TRANSFORMATION('','',#11,#19);
#3586 = PRODUCT_DEFINITION_SHAPE('Placement','Placement of an item',
  #3587);
#3587 = NEXT_ASSEMBLY_USAGE_OCCURRENCE('2','D4','',#5,#2296,$);
#3588 = PRODUCT_RELATED_PRODUCT_CATEGORY('part',$,(#2298));
#3589 = SHAPE_DEFINITION_REPRESENTATION(#3590,#3596);
#3590 = PRODUCT_DEFINITION_SHAPE('','',#3591);
#3591 = PRODUCT_DEFINITION('design','',#3592,#3595);
#3592 = PRODUCT_DEFINITION_FORMATION('','',#3593);
#3593 = PRODUCT('C_0805_2012Metric','C_0805_2012Metric','',(#3594));
#3594 = PRODUCT_CONTEXT('',#2,'mechanical');
#3595 = PRODUCT_DEFINITION_CONTEXT('part definition',#2,'design');
#3596 = ADVANCED_BREP_SHAPE_REPRESENTATION('',(#11,#3597),#4451);
#3597 = MANIFOLD_SOLID_BREP('',#3598);
#3598 = CLOSED_SHELL('',(#3599,#3675,#3706,#3731,#3756,#3780,#3804,#3829
    ,#3854,#3871,#3957,#3989,#4013,#4038,#4062,#4087,#4111,#4136,#4153,
    #4239,#4270,#4295,#4320,#4344,#4368,#4393,#4418,#4435));
#3599 = ADVANCED_FACE('',(#3600),#3670,.F.);
#3600 = FACE_BOUND('',#3601,.F.);
#3601 = EDGE_LOOP('',(#3602,#3612,#3621,#3629,#3638,#3646,#3655,#3663));
#3602 = ORIENTED_EDGE('',*,*,#3603,.F.);
#3603 = EDGE_CURVE('',#3604,#3606,#3608,.T.);
#3604 = VERTEX_POINT('',#3605);
#3605 = CARTESIAN_POINT('',(-1.,-0.625,4.E-02));
#3606 = VERTEX_POINT('',#3607);
#3607 = CARTESIAN_POINT('',(-1.,-0.625,1.21));
#3608 = LINE('',#3609,#3610);
#3609 = CARTESIAN_POINT('',(-1.,-0.625,0.));
#3610 = VECTOR('',#3611,1.);
#3611 = DIRECTION('',(0.,0.,1.));
#3612 = ORIENTED_EDGE('',*,*,#3613,.T.);
#3613 = EDGE_CURVE('',#3604,#3614,#3616,.T.);
#3614 = VERTEX_POINT('',#3615);
#3615 = CARTESIAN_POINT('',(-1.,-0.585,0.));
#3616 = CIRCLE('',#3617,4.E-02);
#3617 = AXIS2_PLACEMENT_3D('',#3618,#3619,#3620);
#3618 = CARTESIAN_POINT('',(-1.,-0.585,4.E-02));
#3619 = DIRECTION('',(1.,0.,-0.));
#3620 = DIRECTION('',(0.,0.,1.));
#3621 = ORIENTED_EDGE('',*,*,#3622,.T.);
#3622 = EDGE_CURVE('',#3614,#3623,#3625,.T.);
#3623 = VERTEX_POINT('',#3624);
#3624 = CARTESIAN_POINT('',(-1.,0.585,0.));
#3625 = LINE('',#3626,#3627);
#3626 = CARTESIAN_POINT('',(-1.,-0.625,0.));
#3627 = VECTOR('',#3628,1.);
#3628 = DIRECTION('',(0.,1.,0.));
#3629 = ORIENTED_EDGE('',*,*,#3630,.F.);
#3630 = EDGE_CURVE('',#3631,#3623,#3633,.T.);
#3631 = VERTEX_POINT('',#3632);
#3632 = CARTESIAN_POINT('',(-1.,0.625,4.E-02));
#3633 = CIRCLE('',#3634,4.E-02);
#3634 = AXIS2_PLACEMENT_3D('',#3635,#3636,#3637);
#3635 = CARTESIAN_POINT('',(-1.,0.585,4.E-02));
#3636 = DIRECTION('',(-1.,0.,0.));
#3637 = DIRECTION('',(0.,0.,1.));
#3638 = ORIENTED_EDGE('',*,*,#3639,.T.);
#3639 = EDGE_CURVE('',#3631,#3640,#3642,.T.);
#3640 = VERTEX_POINT('',#3641);
#3641 = CARTESIAN_POINT('',(-1.,0.625,1.21));
#3642 = LINE('',#3643,#3644);
#3643 = CARTESIAN_POINT('',(-1.,0.625,0.));
#3644 = VECTOR('',#3645,1.);
#3645 = DIRECTION('',(0.,0.,1.));
#3646 = ORIENTED_EDGE('',*,*,#3647,.T.);
#3647 = EDGE_CURVE('',#3640,#3648,#3650,.T.);
#3648 = VERTEX_POINT('',#3649);
#3649 = CARTESIAN_POINT('',(-1.,0.585,1.25));
#3650 = CIRCLE('',#3651,4.E-02);
#3651 = AXIS2_PLACEMENT_3D('',#3652,#3653,#3654);
#3652 = CARTESIAN_POINT('',(-1.,0.585,1.21));
#3653 = DIRECTION('',(1.,0.,-0.));
#3654 = DIRECTION('',(0.,0.,1.));
#3655 = ORIENTED_EDGE('',*,*,#3656,.F.);
#3656 = EDGE_CURVE('',#3657,#3648,#3659,.T.);
#3657 = VERTEX_POINT('',#3658);
#3658 = CARTESIAN_POINT('',(-1.,-0.585,1.25));
#3659 = LINE('',#3660,#3661);
#3660 = CARTESIAN_POINT('',(-1.,-0.625,1.25));
#3661 = VECTOR('',#3662,1.);
#3662 = DIRECTION('',(0.,1.,0.));
#3663 = ORIENTED_EDGE('',*,*,#3664,.F.);
#3664 = EDGE_CURVE('',#3606,#3657,#3665,.T.);
#3665 = CIRCLE('',#3666,4.E-02);
#3666 = AXIS2_PLACEMENT_3D('',#3667,#3668,#3669);
#3667 = CARTESIAN_POINT('',(-1.,-0.585,1.21));
#3668 = DIRECTION('',(-1.,0.,0.));
#3669 = DIRECTION('',(0.,0.,1.));
#3670 = PLANE('',#3671);
#3671 = AXIS2_PLACEMENT_3D('',#3672,#3673,#3674);
#3672 = CARTESIAN_POINT('',(-1.,-0.625,0.));
#3673 = DIRECTION('',(1.,0.,0.));
#3674 = DIRECTION('',(0.,0.,1.));
#3675 = ADVANCED_FACE('',(#3676),#3701,.F.);
#3676 = FACE_BOUND('',#3677,.F.);
#3677 = EDGE_LOOP('',(#3678,#3688,#3694,#3695));
#3678 = ORIENTED_EDGE('',*,*,#3679,.F.);
#3679 = EDGE_CURVE('',#3680,#3682,#3684,.T.);
#3680 = VERTEX_POINT('',#3681);
#3681 = CARTESIAN_POINT('',(-0.6,-0.625,4.E-02));
#3682 = VERTEX_POINT('',#3683);
#3683 = CARTESIAN_POINT('',(-0.6,-0.625,1.21));
#3684 = LINE('',#3685,#3686);
#3685 = CARTESIAN_POINT('',(-0.6,-0.625,0.));
#3686 = VECTOR('',#3687,1.);
#3687 = DIRECTION('',(0.,0.,1.));
#3688 = ORIENTED_EDGE('',*,*,#3689,.F.);
#3689 = EDGE_CURVE('',#3604,#3680,#3690,.T.);
#3690 = LINE('',#3691,#3692);
#3691 = CARTESIAN_POINT('',(-1.,-0.625,4.E-02));
#3692 = VECTOR('',#3693,1.);
#3693 = DIRECTION('',(1.,0.,0.));
#3694 = ORIENTED_EDGE('',*,*,#3603,.T.);
#3695 = ORIENTED_EDGE('',*,*,#3696,.T.);
#3696 = EDGE_CURVE('',#3606,#3682,#3697,.T.);
#3697 = LINE('',#3698,#3699);
#3698 = CARTESIAN_POINT('',(-1.,-0.625,1.21));
#3699 = VECTOR('',#3700,1.);
#3700 = DIRECTION('',(1.,0.,0.));
#3701 = PLANE('',#3702);
#3702 = AXIS2_PLACEMENT_3D('',#3703,#3704,#3705);
#3703 = CARTESIAN_POINT('',(-1.,-0.625,0.));
#3704 = DIRECTION('',(0.,1.,0.));
#3705 = DIRECTION('',(0.,-0.,1.));
#3706 = ADVANCED_FACE('',(#3707),#3726,.T.);
#3707 = FACE_BOUND('',#3708,.T.);
#3708 = EDGE_LOOP('',(#3709,#3710,#3718,#3725));
#3709 = ORIENTED_EDGE('',*,*,#3613,.T.);
#3710 = ORIENTED_EDGE('',*,*,#3711,.T.);
#3711 = EDGE_CURVE('',#3614,#3712,#3714,.T.);
#3712 = VERTEX_POINT('',#3713);
#3713 = CARTESIAN_POINT('',(-0.6,-0.585,0.));
#3714 = LINE('',#3715,#3716);
#3715 = CARTESIAN_POINT('',(-1.,-0.585,0.));
#3716 = VECTOR('',#3717,1.);
#3717 = DIRECTION('',(1.,0.,0.));
#3718 = ORIENTED_EDGE('',*,*,#3719,.F.);
#3719 = EDGE_CURVE('',#3680,#3712,#3720,.T.);
#3720 = CIRCLE('',#3721,4.E-02);
#3721 = AXIS2_PLACEMENT_3D('',#3722,#3723,#3724);
#3722 = CARTESIAN_POINT('',(-0.6,-0.585,4.E-02));
#3723 = DIRECTION('',(1.,0.,-0.));
#3724 = DIRECTION('',(0.,0.,1.));
#3725 = ORIENTED_EDGE('',*,*,#3689,.F.);
#3726 = CYLINDRICAL_SURFACE('',#3727,4.E-02);
#3727 = AXIS2_PLACEMENT_3D('',#3728,#3729,#3730);
#3728 = CARTESIAN_POINT('',(-1.,-0.585,4.E-02));
#3729 = DIRECTION('',(1.,0.,0.));
#3730 = DIRECTION('',(0.,-1.,0.));
#3731 = ADVANCED_FACE('',(#3732),#3751,.T.);
#3732 = FACE_BOUND('',#3733,.T.);
#3733 = EDGE_LOOP('',(#3734,#3735,#3744,#3750));
#3734 = ORIENTED_EDGE('',*,*,#3696,.T.);
#3735 = ORIENTED_EDGE('',*,*,#3736,.T.);
#3736 = EDGE_CURVE('',#3682,#3737,#3739,.T.);
#3737 = VERTEX_POINT('',#3738);
#3738 = CARTESIAN_POINT('',(-0.6,-0.585,1.25));
#3739 = CIRCLE('',#3740,4.E-02);
#3740 = AXIS2_PLACEMENT_3D('',#3741,#3742,#3743);
#3741 = CARTESIAN_POINT('',(-0.6,-0.585,1.21));
#3742 = DIRECTION('',(-1.,0.,0.));
#3743 = DIRECTION('',(0.,0.,1.));
#3744 = ORIENTED_EDGE('',*,*,#3745,.F.);
#3745 = EDGE_CURVE('',#3657,#3737,#3746,.T.);
#3746 = LINE('',#3747,#3748);
#3747 = CARTESIAN_POINT('',(-1.,-0.585,1.25));
#3748 = VECTOR('',#3749,1.);
#3749 = DIRECTION('',(1.,0.,0.));
#3750 = ORIENTED_EDGE('',*,*,#3664,.F.);
#3751 = CYLINDRICAL_SURFACE('',#3752,4.E-02);
#3752 = AXIS2_PLACEMENT_3D('',#3753,#3754,#3755);
#3753 = CARTESIAN_POINT('',(-1.,-0.585,1.21));
#3754 = DIRECTION('',(1.,0.,0.));
#3755 = DIRECTION('',(0.,-1.,0.));
#3756 = ADVANCED_FACE('',(#3757),#3775,.F.);
#3757 = FACE_BOUND('',#3758,.F.);
#3758 = EDGE_LOOP('',(#3759,#3760,#3761,#3769));
#3759 = ORIENTED_EDGE('',*,*,#3622,.F.);
#3760 = ORIENTED_EDGE('',*,*,#3711,.T.);
#3761 = ORIENTED_EDGE('',*,*,#3762,.T.);
#3762 = EDGE_CURVE('',#3712,#3763,#3765,.T.);
#3763 = VERTEX_POINT('',#3764);
#3764 = CARTESIAN_POINT('',(-0.6,0.585,0.));
#3765 = LINE('',#3766,#3767);
#3766 = CARTESIAN_POINT('',(-0.6,-0.625,0.));
#3767 = VECTOR('',#3768,1.);
#3768 = DIRECTION('',(0.,1.,0.));
#3769 = ORIENTED_EDGE('',*,*,#3770,.F.);
#3770 = EDGE_CURVE('',#3623,#3763,#3771,.T.);
#3771 = LINE('',#3772,#3773);
#3772 = CARTESIAN_POINT('',(-1.,0.585,0.));
#3773 = VECTOR('',#3774,1.);
#3774 = DIRECTION('',(1.,0.,0.));
#3775 = PLANE('',#3776);
#3776 = AXIS2_PLACEMENT_3D('',#3777,#3778,#3779);
#3777 = CARTESIAN_POINT('',(-1.,-0.625,0.));
#3778 = DIRECTION('',(0.,0.,1.));
#3779 = DIRECTION('',(1.,0.,-0.));
#3780 = ADVANCED_FACE('',(#3781),#3799,.T.);
#3781 = FACE_BOUND('',#3782,.T.);
#3782 = EDGE_LOOP('',(#3783,#3784,#3785,#3793));
#3783 = ORIENTED_EDGE('',*,*,#3656,.F.);
#3784 = ORIENTED_EDGE('',*,*,#3745,.T.);
#3785 = ORIENTED_EDGE('',*,*,#3786,.T.);
#3786 = EDGE_CURVE('',#3737,#3787,#3789,.T.);
#3787 = VERTEX_POINT('',#3788);
#3788 = CARTESIAN_POINT('',(-0.6,0.585,1.25));
#3789 = LINE('',#3790,#3791);
#3790 = CARTESIAN_POINT('',(-0.6,-0.625,1.25));
#3791 = VECTOR('',#3792,1.);
#3792 = DIRECTION('',(0.,1.,0.));
#3793 = ORIENTED_EDGE('',*,*,#3794,.F.);
#3794 = EDGE_CURVE('',#3648,#3787,#3795,.T.);
#3795 = LINE('',#3796,#3797);
#3796 = CARTESIAN_POINT('',(-1.,0.585,1.25));
#3797 = VECTOR('',#3798,1.);
#3798 = DIRECTION('',(1.,0.,0.));
#3799 = PLANE('',#3800);
#3800 = AXIS2_PLACEMENT_3D('',#3801,#3802,#3803);
#3801 = CARTESIAN_POINT('',(-1.,-0.625,1.25));
#3802 = DIRECTION('',(0.,0.,1.));
#3803 = DIRECTION('',(1.,0.,-0.));
#3804 = ADVANCED_FACE('',(#3805),#3824,.T.);
#3805 = FACE_BOUND('',#3806,.T.);
#3806 = EDGE_LOOP('',(#3807,#3815,#3822,#3823));
#3807 = ORIENTED_EDGE('',*,*,#3808,.T.);
#3808 = EDGE_CURVE('',#3631,#3809,#3811,.T.);
#3809 = VERTEX_POINT('',#3810);
#3810 = CARTESIAN_POINT('',(-0.6,0.625,4.E-02));
#3811 = LINE('',#3812,#3813);
#3812 = CARTESIAN_POINT('',(-1.,0.625,4.E-02));
#3813 = VECTOR('',#3814,1.);
#3814 = DIRECTION('',(1.,0.,0.));
#3815 = ORIENTED_EDGE('',*,*,#3816,.T.);
#3816 = EDGE_CURVE('',#3809,#3763,#3817,.T.);
#3817 = CIRCLE('',#3818,4.E-02);
#3818 = AXIS2_PLACEMENT_3D('',#3819,#3820,#3821);
#3819 = CARTESIAN_POINT('',(-0.6,0.585,4.E-02));
#3820 = DIRECTION('',(-1.,0.,0.));
#3821 = DIRECTION('',(0.,0.,1.));
#3822 = ORIENTED_EDGE('',*,*,#3770,.F.);
#3823 = ORIENTED_EDGE('',*,*,#3630,.F.);
#3824 = CYLINDRICAL_SURFACE('',#3825,4.E-02);
#3825 = AXIS2_PLACEMENT_3D('',#3826,#3827,#3828);
#3826 = CARTESIAN_POINT('',(-1.,0.585,4.E-02));
#3827 = DIRECTION('',(1.,0.,0.));
#3828 = DIRECTION('',(-0.,1.,0.));
#3829 = ADVANCED_FACE('',(#3830),#3849,.T.);
#3830 = FACE_BOUND('',#3831,.T.);
#3831 = EDGE_LOOP('',(#3832,#3833,#3834,#3843));
#3832 = ORIENTED_EDGE('',*,*,#3647,.T.);
#3833 = ORIENTED_EDGE('',*,*,#3794,.T.);
#3834 = ORIENTED_EDGE('',*,*,#3835,.F.);
#3835 = EDGE_CURVE('',#3836,#3787,#3838,.T.);
#3836 = VERTEX_POINT('',#3837);
#3837 = CARTESIAN_POINT('',(-0.6,0.625,1.21));
#3838 = CIRCLE('',#3839,4.E-02);
#3839 = AXIS2_PLACEMENT_3D('',#3840,#3841,#3842);
#3840 = CARTESIAN_POINT('',(-0.6,0.585,1.21));
#3841 = DIRECTION('',(1.,0.,-0.));
#3842 = DIRECTION('',(0.,0.,1.));
#3843 = ORIENTED_EDGE('',*,*,#3844,.F.);
#3844 = EDGE_CURVE('',#3640,#3836,#3845,.T.);
#3845 = LINE('',#3846,#3847);
#3846 = CARTESIAN_POINT('',(-1.,0.625,1.21));
#3847 = VECTOR('',#3848,1.);
#3848 = DIRECTION('',(1.,0.,0.));
#3849 = CYLINDRICAL_SURFACE('',#3850,4.E-02);
#3850 = AXIS2_PLACEMENT_3D('',#3851,#3852,#3853);
#3851 = CARTESIAN_POINT('',(-1.,0.585,1.21));
#3852 = DIRECTION('',(1.,0.,0.));
#3853 = DIRECTION('',(-0.,1.,0.));
#3854 = ADVANCED_FACE('',(#3855),#3866,.T.);
#3855 = FACE_BOUND('',#3856,.T.);
#3856 = EDGE_LOOP('',(#3857,#3863,#3864,#3865));
#3857 = ORIENTED_EDGE('',*,*,#3858,.F.);
#3858 = EDGE_CURVE('',#3809,#3836,#3859,.T.);
#3859 = LINE('',#3860,#3861);
#3860 = CARTESIAN_POINT('',(-0.6,0.625,0.));
#3861 = VECTOR('',#3862,1.);
#3862 = DIRECTION('',(0.,0.,1.));
#3863 = ORIENTED_EDGE('',*,*,#3808,.F.);
#3864 = ORIENTED_EDGE('',*,*,#3639,.T.);
#3865 = ORIENTED_EDGE('',*,*,#3844,.T.);
#3866 = PLANE('',#3867);
#3867 = AXIS2_PLACEMENT_3D('',#3868,#3869,#3870);
#3868 = CARTESIAN_POINT('',(-1.,0.625,0.));
#3869 = DIRECTION('',(0.,1.,0.));
#3870 = DIRECTION('',(0.,-0.,1.));
#3871 = ADVANCED_FACE('',(#3872,#3882),#3952,.T.);
#3872 = FACE_BOUND('',#3873,.T.);
#3873 = EDGE_LOOP('',(#3874,#3875,#3876,#3877,#3878,#3879,#3880,#3881));
#3874 = ORIENTED_EDGE('',*,*,#3679,.F.);
#3875 = ORIENTED_EDGE('',*,*,#3719,.T.);
#3876 = ORIENTED_EDGE('',*,*,#3762,.T.);
#3877 = ORIENTED_EDGE('',*,*,#3816,.F.);
#3878 = ORIENTED_EDGE('',*,*,#3858,.T.);
#3879 = ORIENTED_EDGE('',*,*,#3835,.T.);
#3880 = ORIENTED_EDGE('',*,*,#3786,.F.);
#3881 = ORIENTED_EDGE('',*,*,#3736,.F.);
#3882 = FACE_BOUND('',#3883,.T.);
#3883 = EDGE_LOOP('',(#3884,#3895,#3903,#3912,#3920,#3929,#3937,#3946));
#3884 = ORIENTED_EDGE('',*,*,#3885,.F.);
#3885 = EDGE_CURVE('',#3886,#3888,#3890,.T.);
#3886 = VERTEX_POINT('',#3887);
#3887 = CARTESIAN_POINT('',(-0.6,-0.585,8.E-02));
#3888 = VERTEX_POINT('',#3889);
#3889 = CARTESIAN_POINT('',(-0.6,-0.545,4.E-02));
#3890 = CIRCLE('',#3891,4.E-02);
#3891 = AXIS2_PLACEMENT_3D('',#3892,#3893,#3894);
#3892 = CARTESIAN_POINT('',(-0.6,-0.545,8.E-02));
#3893 = DIRECTION('',(1.,0.,-0.));
#3894 = DIRECTION('',(0.,0.,1.));
#3895 = ORIENTED_EDGE('',*,*,#3896,.T.);
#3896 = EDGE_CURVE('',#3886,#3897,#3899,.T.);
#3897 = VERTEX_POINT('',#3898);
#3898 = CARTESIAN_POINT('',(-0.6,-0.585,1.17));
#3899 = LINE('',#3900,#3901);
#3900 = CARTESIAN_POINT('',(-0.6,-0.585,4.E-02));
#3901 = VECTOR('',#3902,1.);
#3902 = DIRECTION('',(0.,0.,1.));
#3903 = ORIENTED_EDGE('',*,*,#3904,.T.);
#3904 = EDGE_CURVE('',#3897,#3905,#3907,.T.);
#3905 = VERTEX_POINT('',#3906);
#3906 = CARTESIAN_POINT('',(-0.6,-0.545,1.21));
#3907 = CIRCLE('',#3908,4.E-02);
#3908 = AXIS2_PLACEMENT_3D('',#3909,#3910,#3911);
#3909 = CARTESIAN_POINT('',(-0.6,-0.545,1.17));
#3910 = DIRECTION('',(-1.,0.,0.));
#3911 = DIRECTION('',(0.,0.,1.));
#3912 = ORIENTED_EDGE('',*,*,#3913,.T.);
#3913 = EDGE_CURVE('',#3905,#3914,#3916,.T.);
#3914 = VERTEX_POINT('',#3915);
#3915 = CARTESIAN_POINT('',(-0.6,0.545,1.21));
#3916 = LINE('',#3917,#3918);
#3917 = CARTESIAN_POINT('',(-0.6,-0.585,1.21));
#3918 = VECTOR('',#3919,1.);
#3919 = DIRECTION('',(0.,1.,0.));
#3920 = ORIENTED_EDGE('',*,*,#3921,.F.);
#3921 = EDGE_CURVE('',#3922,#3914,#3924,.T.);
#3922 = VERTEX_POINT('',#3923);
#3923 = CARTESIAN_POINT('',(-0.6,0.585,1.17));
#3924 = CIRCLE('',#3925,4.E-02);
#3925 = AXIS2_PLACEMENT_3D('',#3926,#3927,#3928);
#3926 = CARTESIAN_POINT('',(-0.6,0.545,1.17));
#3927 = DIRECTION('',(1.,0.,-0.));
#3928 = DIRECTION('',(0.,0.,1.));
#3929 = ORIENTED_EDGE('',*,*,#3930,.F.);
#3930 = EDGE_CURVE('',#3931,#3922,#3933,.T.);
#3931 = VERTEX_POINT('',#3932);
#3932 = CARTESIAN_POINT('',(-0.6,0.585,8.E-02));
#3933 = LINE('',#3934,#3935);
#3934 = CARTESIAN_POINT('',(-0.6,0.585,4.E-02));
#3935 = VECTOR('',#3936,1.);
#3936 = DIRECTION('',(0.,0.,1.));
#3937 = ORIENTED_EDGE('',*,*,#3938,.T.);
#3938 = EDGE_CURVE('',#3931,#3939,#3941,.T.);
#3939 = VERTEX_POINT('',#3940);
#3940 = CARTESIAN_POINT('',(-0.6,0.545,4.E-02));
#3941 = CIRCLE('',#3942,4.E-02);
#3942 = AXIS2_PLACEMENT_3D('',#3943,#3944,#3945);
#3943 = CARTESIAN_POINT('',(-0.6,0.545,8.E-02));
#3944 = DIRECTION('',(-1.,0.,0.));
#3945 = DIRECTION('',(0.,0.,1.));
#3946 = ORIENTED_EDGE('',*,*,#3947,.F.);
#3947 = EDGE_CURVE('',#3888,#3939,#3948,.T.);
#3948 = LINE('',#3949,#3950);
#3949 = CARTESIAN_POINT('',(-0.6,-0.585,4.E-02));
#3950 = VECTOR('',#3951,1.);
#3951 = DIRECTION('',(0.,1.,0.));
#3952 = PLANE('',#3953);
#3953 = AXIS2_PLACEMENT_3D('',#3954,#3955,#3956);
#3954 = CARTESIAN_POINT('',(-0.6,-0.625,0.));
#3955 = DIRECTION('',(1.,0.,0.));
#3956 = DIRECTION('',(0.,0.,1.));
#3957 = ADVANCED_FACE('',(#3958),#3984,.T.);
#3958 = FACE_BOUND('',#3959,.T.);
#3959 = EDGE_LOOP('',(#3960,#3961,#3969,#3978));
#3960 = ORIENTED_EDGE('',*,*,#3885,.T.);
#3961 = ORIENTED_EDGE('',*,*,#3962,.T.);
#3962 = EDGE_CURVE('',#3888,#3963,#3965,.T.);
#3963 = VERTEX_POINT('',#3964);
#3964 = CARTESIAN_POINT('',(0.6,-0.545,4.E-02));
#3965 = LINE('',#3966,#3967);
#3966 = CARTESIAN_POINT('',(-0.6,-0.545,4.E-02));
#3967 = VECTOR('',#3968,1.);
#3968 = DIRECTION('',(1.,0.,0.));
#3969 = ORIENTED_EDGE('',*,*,#3970,.F.);
#3970 = EDGE_CURVE('',#3971,#3963,#3973,.T.);
#3971 = VERTEX_POINT('',#3972);
#3972 = CARTESIAN_POINT('',(0.6,-0.585,8.E-02));
#3973 = CIRCLE('',#3974,4.E-02);
#3974 = AXIS2_PLACEMENT_3D('',#3975,#3976,#3977);
#3975 = CARTESIAN_POINT('',(0.6,-0.545,8.E-02));
#3976 = DIRECTION('',(1.,0.,-0.));
#3977 = DIRECTION('',(0.,0.,1.));
#3978 = ORIENTED_EDGE('',*,*,#3979,.F.);
#3979 = EDGE_CURVE('',#3886,#3971,#3980,.T.);
#3980 = LINE('',#3981,#3982);
#3981 = CARTESIAN_POINT('',(-0.6,-0.585,8.E-02));
#3982 = VECTOR('',#3983,1.);
#3983 = DIRECTION('',(1.,0.,0.));
#3984 = CYLINDRICAL_SURFACE('',#3985,4.E-02);
#3985 = AXIS2_PLACEMENT_3D('',#3986,#3987,#3988);
#3986 = CARTESIAN_POINT('',(-0.6,-0.545,8.E-02));
#3987 = DIRECTION('',(1.,0.,0.));
#3988 = DIRECTION('',(0.,-1.,0.));
#3989 = ADVANCED_FACE('',(#3990),#4008,.F.);
#3990 = FACE_BOUND('',#3991,.F.);
#3991 = EDGE_LOOP('',(#3992,#3993,#3994,#4002));
#3992 = ORIENTED_EDGE('',*,*,#3947,.F.);
#3993 = ORIENTED_EDGE('',*,*,#3962,.T.);
#3994 = ORIENTED_EDGE('',*,*,#3995,.T.);
#3995 = EDGE_CURVE('',#3963,#3996,#3998,.T.);
#3996 = VERTEX_POINT('',#3997);
#3997 = CARTESIAN_POINT('',(0.6,0.545,4.E-02));
#3998 = LINE('',#3999,#4000);
#3999 = CARTESIAN_POINT('',(0.6,-0.585,4.E-02));
#4000 = VECTOR('',#4001,1.);
#4001 = DIRECTION('',(0.,1.,0.));
#4002 = ORIENTED_EDGE('',*,*,#4003,.F.);
#4003 = EDGE_CURVE('',#3939,#3996,#4004,.T.);
#4004 = LINE('',#4005,#4006);
#4005 = CARTESIAN_POINT('',(-0.6,0.545,4.E-02));
#4006 = VECTOR('',#4007,1.);
#4007 = DIRECTION('',(1.,0.,0.));
#4008 = PLANE('',#4009);
#4009 = AXIS2_PLACEMENT_3D('',#4010,#4011,#4012);
#4010 = CARTESIAN_POINT('',(-0.6,-0.585,4.E-02));
#4011 = DIRECTION('',(0.,0.,1.));
#4012 = DIRECTION('',(1.,0.,-0.));
#4013 = ADVANCED_FACE('',(#4014),#4033,.T.);
#4014 = FACE_BOUND('',#4015,.T.);
#4015 = EDGE_LOOP('',(#4016,#4024,#4031,#4032));
#4016 = ORIENTED_EDGE('',*,*,#4017,.T.);
#4017 = EDGE_CURVE('',#3931,#4018,#4020,.T.);
#4018 = VERTEX_POINT('',#4019);
#4019 = CARTESIAN_POINT('',(0.6,0.585,8.E-02));
#4020 = LINE('',#4021,#4022);
#4021 = CARTESIAN_POINT('',(-0.6,0.585,8.E-02));
#4022 = VECTOR('',#4023,1.);
#4023 = DIRECTION('',(1.,0.,0.));
#4024 = ORIENTED_EDGE('',*,*,#4025,.T.);
#4025 = EDGE_CURVE('',#4018,#3996,#4026,.T.);
#4026 = CIRCLE('',#4027,4.E-02);
#4027 = AXIS2_PLACEMENT_3D('',#4028,#4029,#4030);
#4028 = CARTESIAN_POINT('',(0.6,0.545,8.E-02));
#4029 = DIRECTION('',(-1.,0.,0.));
#4030 = DIRECTION('',(0.,0.,1.));
#4031 = ORIENTED_EDGE('',*,*,#4003,.F.);
#4032 = ORIENTED_EDGE('',*,*,#3938,.F.);
#4033 = CYLINDRICAL_SURFACE('',#4034,4.E-02);
#4034 = AXIS2_PLACEMENT_3D('',#4035,#4036,#4037);
#4035 = CARTESIAN_POINT('',(-0.6,0.545,8.E-02));
#4036 = DIRECTION('',(1.,0.,0.));
#4037 = DIRECTION('',(-0.,1.,0.));
#4038 = ADVANCED_FACE('',(#4039),#4057,.T.);
#4039 = FACE_BOUND('',#4040,.T.);
#4040 = EDGE_LOOP('',(#4041,#4049,#4050,#4051));
#4041 = ORIENTED_EDGE('',*,*,#4042,.F.);
#4042 = EDGE_CURVE('',#4018,#4043,#4045,.T.);
#4043 = VERTEX_POINT('',#4044);
#4044 = CARTESIAN_POINT('',(0.6,0.585,1.17));
#4045 = LINE('',#4046,#4047);
#4046 = CARTESIAN_POINT('',(0.6,0.585,4.E-02));
#4047 = VECTOR('',#4048,1.);
#4048 = DIRECTION('',(0.,0.,1.));
#4049 = ORIENTED_EDGE('',*,*,#4017,.F.);
#4050 = ORIENTED_EDGE('',*,*,#3930,.T.);
#4051 = ORIENTED_EDGE('',*,*,#4052,.T.);
#4052 = EDGE_CURVE('',#3922,#4043,#4053,.T.);
#4053 = LINE('',#4054,#4055);
#4054 = CARTESIAN_POINT('',(-0.6,0.585,1.17));
#4055 = VECTOR('',#4056,1.);
#4056 = DIRECTION('',(1.,0.,0.));
#4057 = PLANE('',#4058);
#4058 = AXIS2_PLACEMENT_3D('',#4059,#4060,#4061);
#4059 = CARTESIAN_POINT('',(-0.6,0.585,4.E-02));
#4060 = DIRECTION('',(0.,1.,0.));
#4061 = DIRECTION('',(0.,-0.,1.));
#4062 = ADVANCED_FACE('',(#4063),#4082,.T.);
#4063 = FACE_BOUND('',#4064,.T.);
#4064 = EDGE_LOOP('',(#4065,#4066,#4074,#4081));
#4065 = ORIENTED_EDGE('',*,*,#3921,.T.);
#4066 = ORIENTED_EDGE('',*,*,#4067,.T.);
#4067 = EDGE_CURVE('',#3914,#4068,#4070,.T.);
#4068 = VERTEX_POINT('',#4069);
#4069 = CARTESIAN_POINT('',(0.6,0.545,1.21));
#4070 = LINE('',#4071,#4072);
#4071 = CARTESIAN_POINT('',(-0.6,0.545,1.21));
#4072 = VECTOR('',#4073,1.);
#4073 = DIRECTION('',(1.,0.,0.));
#4074 = ORIENTED_EDGE('',*,*,#4075,.F.);
#4075 = EDGE_CURVE('',#4043,#4068,#4076,.T.);
#4076 = CIRCLE('',#4077,4.E-02);
#4077 = AXIS2_PLACEMENT_3D('',#4078,#4079,#4080);
#4078 = CARTESIAN_POINT('',(0.6,0.545,1.17));
#4079 = DIRECTION('',(1.,0.,-0.));
#4080 = DIRECTION('',(0.,0.,1.));
#4081 = ORIENTED_EDGE('',*,*,#4052,.F.);
#4082 = CYLINDRICAL_SURFACE('',#4083,4.E-02);
#4083 = AXIS2_PLACEMENT_3D('',#4084,#4085,#4086);
#4084 = CARTESIAN_POINT('',(-0.6,0.545,1.17));
#4085 = DIRECTION('',(1.,0.,0.));
#4086 = DIRECTION('',(-0.,1.,0.));
#4087 = ADVANCED_FACE('',(#4088),#4106,.T.);
#4088 = FACE_BOUND('',#4089,.T.);
#4089 = EDGE_LOOP('',(#4090,#4091,#4099,#4105));
#4090 = ORIENTED_EDGE('',*,*,#3913,.F.);
#4091 = ORIENTED_EDGE('',*,*,#4092,.T.);
#4092 = EDGE_CURVE('',#3905,#4093,#4095,.T.);
#4093 = VERTEX_POINT('',#4094);
#4094 = CARTESIAN_POINT('',(0.6,-0.545,1.21));
#4095 = LINE('',#4096,#4097);
#4096 = CARTESIAN_POINT('',(-0.6,-0.545,1.21));
#4097 = VECTOR('',#4098,1.);
#4098 = DIRECTION('',(1.,0.,0.));
#4099 = ORIENTED_EDGE('',*,*,#4100,.T.);
#4100 = EDGE_CURVE('',#4093,#4068,#4101,.T.);
#4101 = LINE('',#4102,#4103);
#4102 = CARTESIAN_POINT('',(0.6,-0.585,1.21));
#4103 = VECTOR('',#4104,1.);
#4104 = DIRECTION('',(0.,1.,0.));
#4105 = ORIENTED_EDGE('',*,*,#4067,.F.);
#4106 = PLANE('',#4107);
#4107 = AXIS2_PLACEMENT_3D('',#4108,#4109,#4110);
#4108 = CARTESIAN_POINT('',(-0.6,-0.585,1.21));
#4109 = DIRECTION('',(0.,0.,1.));
#4110 = DIRECTION('',(1.,0.,-0.));
#4111 = ADVANCED_FACE('',(#4112),#4131,.T.);
#4112 = FACE_BOUND('',#4113,.T.);
#4113 = EDGE_LOOP('',(#4114,#4122,#4129,#4130));
#4114 = ORIENTED_EDGE('',*,*,#4115,.T.);
#4115 = EDGE_CURVE('',#3897,#4116,#4118,.T.);
#4116 = VERTEX_POINT('',#4117);
#4117 = CARTESIAN_POINT('',(0.6,-0.585,1.17));
#4118 = LINE('',#4119,#4120);
#4119 = CARTESIAN_POINT('',(-0.6,-0.585,1.17));
#4120 = VECTOR('',#4121,1.);
#4121 = DIRECTION('',(1.,0.,0.));
#4122 = ORIENTED_EDGE('',*,*,#4123,.T.);
#4123 = EDGE_CURVE('',#4116,#4093,#4124,.T.);
#4124 = CIRCLE('',#4125,4.E-02);
#4125 = AXIS2_PLACEMENT_3D('',#4126,#4127,#4128);
#4126 = CARTESIAN_POINT('',(0.6,-0.545,1.17));
#4127 = DIRECTION('',(-1.,0.,0.));
#4128 = DIRECTION('',(0.,0.,1.));
#4129 = ORIENTED_EDGE('',*,*,#4092,.F.);
#4130 = ORIENTED_EDGE('',*,*,#3904,.F.);
#4131 = CYLINDRICAL_SURFACE('',#4132,4.E-02);
#4132 = AXIS2_PLACEMENT_3D('',#4133,#4134,#4135);
#4133 = CARTESIAN_POINT('',(-0.6,-0.545,1.17));
#4134 = DIRECTION('',(1.,0.,0.));
#4135 = DIRECTION('',(0.,-1.,0.));
#4136 = ADVANCED_FACE('',(#4137),#4148,.F.);
#4137 = FACE_BOUND('',#4138,.F.);
#4138 = EDGE_LOOP('',(#4139,#4145,#4146,#4147));
#4139 = ORIENTED_EDGE('',*,*,#4140,.F.);
#4140 = EDGE_CURVE('',#3971,#4116,#4141,.T.);
#4141 = LINE('',#4142,#4143);
#4142 = CARTESIAN_POINT('',(0.6,-0.585,4.E-02));
#4143 = VECTOR('',#4144,1.);
#4144 = DIRECTION('',(0.,0.,1.));
#4145 = ORIENTED_EDGE('',*,*,#3979,.F.);
#4146 = ORIENTED_EDGE('',*,*,#3896,.T.);
#4147 = ORIENTED_EDGE('',*,*,#4115,.T.);
#4148 = PLANE('',#4149);
#4149 = AXIS2_PLACEMENT_3D('',#4150,#4151,#4152);
#4150 = CARTESIAN_POINT('',(-0.6,-0.585,4.E-02));
#4151 = DIRECTION('',(0.,1.,0.));
#4152 = DIRECTION('',(0.,-0.,1.));
#4153 = ADVANCED_FACE('',(#4154,#4224),#4234,.F.);
#4154 = FACE_BOUND('',#4155,.F.);
#4155 = EDGE_LOOP('',(#4156,#4166,#4175,#4183,#4192,#4200,#4209,#4217));
#4156 = ORIENTED_EDGE('',*,*,#4157,.F.);
#4157 = EDGE_CURVE('',#4158,#4160,#4162,.T.);
#4158 = VERTEX_POINT('',#4159);
#4159 = CARTESIAN_POINT('',(0.6,-0.625,4.E-02));
#4160 = VERTEX_POINT('',#4161);
#4161 = CARTESIAN_POINT('',(0.6,-0.625,1.21));
#4162 = LINE('',#4163,#4164);
#4163 = CARTESIAN_POINT('',(0.6,-0.625,0.));
#4164 = VECTOR('',#4165,1.);
#4165 = DIRECTION('',(0.,0.,1.));
#4166 = ORIENTED_EDGE('',*,*,#4167,.T.);
#4167 = EDGE_CURVE('',#4158,#4168,#4170,.T.);
#4168 = VERTEX_POINT('',#4169);
#4169 = CARTESIAN_POINT('',(0.6,-0.585,0.));
#4170 = CIRCLE('',#4171,4.E-02);
#4171 = AXIS2_PLACEMENT_3D('',#4172,#4173,#4174);
#4172 = CARTESIAN_POINT('',(0.6,-0.585,4.E-02));
#4173 = DIRECTION('',(1.,0.,-0.));
#4174 = DIRECTION('',(0.,0.,1.));
#4175 = ORIENTED_EDGE('',*,*,#4176,.T.);
#4176 = EDGE_CURVE('',#4168,#4177,#4179,.T.);
#4177 = VERTEX_POINT('',#4178);
#4178 = CARTESIAN_POINT('',(0.6,0.585,0.));
#4179 = LINE('',#4180,#4181);
#4180 = CARTESIAN_POINT('',(0.6,-0.625,0.));
#4181 = VECTOR('',#4182,1.);
#4182 = DIRECTION('',(0.,1.,0.));
#4183 = ORIENTED_EDGE('',*,*,#4184,.F.);
#4184 = EDGE_CURVE('',#4185,#4177,#4187,.T.);
#4185 = VERTEX_POINT('',#4186);
#4186 = CARTESIAN_POINT('',(0.6,0.625,4.E-02));
#4187 = CIRCLE('',#4188,4.E-02);
#4188 = AXIS2_PLACEMENT_3D('',#4189,#4190,#4191);
#4189 = CARTESIAN_POINT('',(0.6,0.585,4.E-02));
#4190 = DIRECTION('',(-1.,0.,0.));
#4191 = DIRECTION('',(0.,0.,1.));
#4192 = ORIENTED_EDGE('',*,*,#4193,.T.);
#4193 = EDGE_CURVE('',#4185,#4194,#4196,.T.);
#4194 = VERTEX_POINT('',#4195);
#4195 = CARTESIAN_POINT('',(0.6,0.625,1.21));
#4196 = LINE('',#4197,#4198);
#4197 = CARTESIAN_POINT('',(0.6,0.625,0.));
#4198 = VECTOR('',#4199,1.);
#4199 = DIRECTION('',(0.,0.,1.));
#4200 = ORIENTED_EDGE('',*,*,#4201,.T.);
#4201 = EDGE_CURVE('',#4194,#4202,#4204,.T.);
#4202 = VERTEX_POINT('',#4203);
#4203 = CARTESIAN_POINT('',(0.6,0.585,1.25));
#4204 = CIRCLE('',#4205,4.E-02);
#4205 = AXIS2_PLACEMENT_3D('',#4206,#4207,#4208);
#4206 = CARTESIAN_POINT('',(0.6,0.585,1.21));
#4207 = DIRECTION('',(1.,0.,-0.));
#4208 = DIRECTION('',(0.,0.,1.));
#4209 = ORIENTED_EDGE('',*,*,#4210,.F.);
#4210 = EDGE_CURVE('',#4211,#4202,#4213,.T.);
#4211 = VERTEX_POINT('',#4212);
#4212 = CARTESIAN_POINT('',(0.6,-0.585,1.25));
#4213 = LINE('',#4214,#4215);
#4214 = CARTESIAN_POINT('',(0.6,-0.625,1.25));
#4215 = VECTOR('',#4216,1.);
#4216 = DIRECTION('',(0.,1.,0.));
#4217 = ORIENTED_EDGE('',*,*,#4218,.F.);
#4218 = EDGE_CURVE('',#4160,#4211,#4219,.T.);
#4219 = CIRCLE('',#4220,4.E-02);
#4220 = AXIS2_PLACEMENT_3D('',#4221,#4222,#4223);
#4221 = CARTESIAN_POINT('',(0.6,-0.585,1.21));
#4222 = DIRECTION('',(-1.,0.,0.));
#4223 = DIRECTION('',(0.,0.,1.));
#4224 = FACE_BOUND('',#4225,.F.);
#4225 = EDGE_LOOP('',(#4226,#4227,#4228,#4229,#4230,#4231,#4232,#4233));
#4226 = ORIENTED_EDGE('',*,*,#3970,.F.);
#4227 = ORIENTED_EDGE('',*,*,#4140,.T.);
#4228 = ORIENTED_EDGE('',*,*,#4123,.T.);
#4229 = ORIENTED_EDGE('',*,*,#4100,.T.);
#4230 = ORIENTED_EDGE('',*,*,#4075,.F.);
#4231 = ORIENTED_EDGE('',*,*,#4042,.F.);
#4232 = ORIENTED_EDGE('',*,*,#4025,.T.);
#4233 = ORIENTED_EDGE('',*,*,#3995,.F.);
#4234 = PLANE('',#4235);
#4235 = AXIS2_PLACEMENT_3D('',#4236,#4237,#4238);
#4236 = CARTESIAN_POINT('',(0.6,-0.625,0.));
#4237 = DIRECTION('',(1.,0.,0.));
#4238 = DIRECTION('',(0.,0.,1.));
#4239 = ADVANCED_FACE('',(#4240),#4265,.F.);
#4240 = FACE_BOUND('',#4241,.F.);
#4241 = EDGE_LOOP('',(#4242,#4252,#4258,#4259));
#4242 = ORIENTED_EDGE('',*,*,#4243,.F.);
#4243 = EDGE_CURVE('',#4244,#4246,#4248,.T.);
#4244 = VERTEX_POINT('',#4245);
#4245 = CARTESIAN_POINT('',(1.,-0.625,4.E-02));
#4246 = VERTEX_POINT('',#4247);
#4247 = CARTESIAN_POINT('',(1.,-0.625,1.21));
#4248 = LINE('',#4249,#4250);
#4249 = CARTESIAN_POINT('',(1.,-0.625,0.));
#4250 = VECTOR('',#4251,1.);
#4251 = DIRECTION('',(0.,0.,1.));
#4252 = ORIENTED_EDGE('',*,*,#4253,.F.);
#4253 = EDGE_CURVE('',#4158,#4244,#4254,.T.);
#4254 = LINE('',#4255,#4256);
#4255 = CARTESIAN_POINT('',(0.6,-0.625,4.E-02));
#4256 = VECTOR('',#4257,1.);
#4257 = DIRECTION('',(1.,0.,0.));
#4258 = ORIENTED_EDGE('',*,*,#4157,.T.);
#4259 = ORIENTED_EDGE('',*,*,#4260,.T.);
#4260 = EDGE_CURVE('',#4160,#4246,#4261,.T.);
#4261 = LINE('',#4262,#4263);
#4262 = CARTESIAN_POINT('',(0.6,-0.625,1.21));
#4263 = VECTOR('',#4264,1.);
#4264 = DIRECTION('',(1.,0.,0.));
#4265 = PLANE('',#4266);
#4266 = AXIS2_PLACEMENT_3D('',#4267,#4268,#4269);
#4267 = CARTESIAN_POINT('',(0.6,-0.625,0.));
#4268 = DIRECTION('',(0.,1.,0.));
#4269 = DIRECTION('',(0.,-0.,1.));
#4270 = ADVANCED_FACE('',(#4271),#4290,.T.);
#4271 = FACE_BOUND('',#4272,.T.);
#4272 = EDGE_LOOP('',(#4273,#4274,#4282,#4289));
#4273 = ORIENTED_EDGE('',*,*,#4167,.T.);
#4274 = ORIENTED_EDGE('',*,*,#4275,.T.);
#4275 = EDGE_CURVE('',#4168,#4276,#4278,.T.);
#4276 = VERTEX_POINT('',#4277);
#4277 = CARTESIAN_POINT('',(1.,-0.585,0.));
#4278 = LINE('',#4279,#4280);
#4279 = CARTESIAN_POINT('',(0.6,-0.585,0.));
#4280 = VECTOR('',#4281,1.);
#4281 = DIRECTION('',(1.,0.,0.));
#4282 = ORIENTED_EDGE('',*,*,#4283,.F.);
#4283 = EDGE_CURVE('',#4244,#4276,#4284,.T.);
#4284 = CIRCLE('',#4285,4.E-02);
#4285 = AXIS2_PLACEMENT_3D('',#4286,#4287,#4288);
#4286 = CARTESIAN_POINT('',(1.,-0.585,4.E-02));
#4287 = DIRECTION('',(1.,0.,-0.));
#4288 = DIRECTION('',(0.,0.,1.));
#4289 = ORIENTED_EDGE('',*,*,#4253,.F.);
#4290 = CYLINDRICAL_SURFACE('',#4291,4.E-02);
#4291 = AXIS2_PLACEMENT_3D('',#4292,#4293,#4294);
#4292 = CARTESIAN_POINT('',(0.6,-0.585,4.E-02));
#4293 = DIRECTION('',(1.,0.,0.));
#4294 = DIRECTION('',(0.,-1.,0.));
#4295 = ADVANCED_FACE('',(#4296),#4315,.T.);
#4296 = FACE_BOUND('',#4297,.T.);
#4297 = EDGE_LOOP('',(#4298,#4299,#4308,#4314));
#4298 = ORIENTED_EDGE('',*,*,#4260,.T.);
#4299 = ORIENTED_EDGE('',*,*,#4300,.T.);
#4300 = EDGE_CURVE('',#4246,#4301,#4303,.T.);
#4301 = VERTEX_POINT('',#4302);
#4302 = CARTESIAN_POINT('',(1.,-0.585,1.25));
#4303 = CIRCLE('',#4304,4.E-02);
#4304 = AXIS2_PLACEMENT_3D('',#4305,#4306,#4307);
#4305 = CARTESIAN_POINT('',(1.,-0.585,1.21));
#4306 = DIRECTION('',(-1.,0.,0.));
#4307 = DIRECTION('',(0.,0.,1.));
#4308 = ORIENTED_EDGE('',*,*,#4309,.F.);
#4309 = EDGE_CURVE('',#4211,#4301,#4310,.T.);
#4310 = LINE('',#4311,#4312);
#4311 = CARTESIAN_POINT('',(0.6,-0.585,1.25));
#4312 = VECTOR('',#4313,1.);
#4313 = DIRECTION('',(1.,0.,0.));
#4314 = ORIENTED_EDGE('',*,*,#4218,.F.);
#4315 = CYLINDRICAL_SURFACE('',#4316,4.E-02);
#4316 = AXIS2_PLACEMENT_3D('',#4317,#4318,#4319);
#4317 = CARTESIAN_POINT('',(0.6,-0.585,1.21));
#4318 = DIRECTION('',(1.,0.,0.));
#4319 = DIRECTION('',(0.,-1.,0.));
#4320 = ADVANCED_FACE('',(#4321),#4339,.F.);
#4321 = FACE_BOUND('',#4322,.F.);
#4322 = EDGE_LOOP('',(#4323,#4324,#4325,#4333));
#4323 = ORIENTED_EDGE('',*,*,#4176,.F.);
#4324 = ORIENTED_EDGE('',*,*,#4275,.T.);
#4325 = ORIENTED_EDGE('',*,*,#4326,.T.);
#4326 = EDGE_CURVE('',#4276,#4327,#4329,.T.);
#4327 = VERTEX_POINT('',#4328);
#4328 = CARTESIAN_POINT('',(1.,0.585,0.));
#4329 = LINE('',#4330,#4331);
#4330 = CARTESIAN_POINT('',(1.,-0.625,0.));
#4331 = VECTOR('',#4332,1.);
#4332 = DIRECTION('',(0.,1.,0.));
#4333 = ORIENTED_EDGE('',*,*,#4334,.F.);
#4334 = EDGE_CURVE('',#4177,#4327,#4335,.T.);
#4335 = LINE('',#4336,#4337);
#4336 = CARTESIAN_POINT('',(0.6,0.585,0.));
#4337 = VECTOR('',#4338,1.);
#4338 = DIRECTION('',(1.,0.,0.));
#4339 = PLANE('',#4340);
#4340 = AXIS2_PLACEMENT_3D('',#4341,#4342,#4343);
#4341 = CARTESIAN_POINT('',(0.6,-0.625,0.));
#4342 = DIRECTION('',(0.,0.,1.));
#4343 = DIRECTION('',(1.,0.,-0.));
#4344 = ADVANCED_FACE('',(#4345),#4363,.T.);
#4345 = FACE_BOUND('',#4346,.T.);
#4346 = EDGE_LOOP('',(#4347,#4348,#4349,#4357));
#4347 = ORIENTED_EDGE('',*,*,#4210,.F.);
#4348 = ORIENTED_EDGE('',*,*,#4309,.T.);
#4349 = ORIENTED_EDGE('',*,*,#4350,.T.);
#4350 = EDGE_CURVE('',#4301,#4351,#4353,.T.);
#4351 = VERTEX_POINT('',#4352);
#4352 = CARTESIAN_POINT('',(1.,0.585,1.25));
#4353 = LINE('',#4354,#4355);
#4354 = CARTESIAN_POINT('',(1.,-0.625,1.25));
#4355 = VECTOR('',#4356,1.);
#4356 = DIRECTION('',(0.,1.,0.));
#4357 = ORIENTED_EDGE('',*,*,#4358,.F.);
#4358 = EDGE_CURVE('',#4202,#4351,#4359,.T.);
#4359 = LINE('',#4360,#4361);
#4360 = CARTESIAN_POINT('',(0.6,0.585,1.25));
#4361 = VECTOR('',#4362,1.);
#4362 = DIRECTION('',(1.,0.,0.));
#4363 = PLANE('',#4364);
#4364 = AXIS2_PLACEMENT_3D('',#4365,#4366,#4367);
#4365 = CARTESIAN_POINT('',(0.6,-0.625,1.25));
#4366 = DIRECTION('',(0.,0.,1.));
#4367 = DIRECTION('',(1.,0.,-0.));
#4368 = ADVANCED_FACE('',(#4369),#4388,.T.);
#4369 = FACE_BOUND('',#4370,.T.);
#4370 = EDGE_LOOP('',(#4371,#4379,#4386,#4387));
#4371 = ORIENTED_EDGE('',*,*,#4372,.T.);
#4372 = EDGE_CURVE('',#4185,#4373,#4375,.T.);
#4373 = VERTEX_POINT('',#4374);
#4374 = CARTESIAN_POINT('',(1.,0.625,4.E-02));
#4375 = LINE('',#4376,#4377);
#4376 = CARTESIAN_POINT('',(0.6,0.625,4.E-02));
#4377 = VECTOR('',#4378,1.);
#4378 = DIRECTION('',(1.,0.,0.));
#4379 = ORIENTED_EDGE('',*,*,#4380,.T.);
#4380 = EDGE_CURVE('',#4373,#4327,#4381,.T.);
#4381 = CIRCLE('',#4382,4.E-02);
#4382 = AXIS2_PLACEMENT_3D('',#4383,#4384,#4385);
#4383 = CARTESIAN_POINT('',(1.,0.585,4.E-02));
#4384 = DIRECTION('',(-1.,0.,0.));
#4385 = DIRECTION('',(0.,0.,1.));
#4386 = ORIENTED_EDGE('',*,*,#4334,.F.);
#4387 = ORIENTED_EDGE('',*,*,#4184,.F.);
#4388 = CYLINDRICAL_SURFACE('',#4389,4.E-02);
#4389 = AXIS2_PLACEMENT_3D('',#4390,#4391,#4392);
#4390 = CARTESIAN_POINT('',(0.6,0.585,4.E-02));
#4391 = DIRECTION('',(1.,0.,0.));
#4392 = DIRECTION('',(-0.,1.,0.));
#4393 = ADVANCED_FACE('',(#4394),#4413,.T.);
#4394 = FACE_BOUND('',#4395,.T.);
#4395 = EDGE_LOOP('',(#4396,#4397,#4398,#4407));
#4396 = ORIENTED_EDGE('',*,*,#4201,.T.);
#4397 = ORIENTED_EDGE('',*,*,#4358,.T.);
#4398 = ORIENTED_EDGE('',*,*,#4399,.F.);
#4399 = EDGE_CURVE('',#4400,#4351,#4402,.T.);
#4400 = VERTEX_POINT('',#4401);
#4401 = CARTESIAN_POINT('',(1.,0.625,1.21));
#4402 = CIRCLE('',#4403,4.E-02);
#4403 = AXIS2_PLACEMENT_3D('',#4404,#4405,#4406);
#4404 = CARTESIAN_POINT('',(1.,0.585,1.21));
#4405 = DIRECTION('',(1.,0.,-0.));
#4406 = DIRECTION('',(0.,0.,1.));
#4407 = ORIENTED_EDGE('',*,*,#4408,.F.);
#4408 = EDGE_CURVE('',#4194,#4400,#4409,.T.);
#4409 = LINE('',#4410,#4411);
#4410 = CARTESIAN_POINT('',(0.6,0.625,1.21));
#4411 = VECTOR('',#4412,1.);
#4412 = DIRECTION('',(1.,0.,0.));
#4413 = CYLINDRICAL_SURFACE('',#4414,4.E-02);
#4414 = AXIS2_PLACEMENT_3D('',#4415,#4416,#4417);
#4415 = CARTESIAN_POINT('',(0.6,0.585,1.21));
#4416 = DIRECTION('',(1.,0.,0.));
#4417 = DIRECTION('',(-0.,1.,0.));
#4418 = ADVANCED_FACE('',(#4419),#4430,.T.);
#4419 = FACE_BOUND('',#4420,.T.);
#4420 = EDGE_LOOP('',(#4421,#4427,#4428,#4429));
#4421 = ORIENTED_EDGE('',*,*,#4422,.F.);
#4422 = EDGE_CURVE('',#4373,#4400,#4423,.T.);
#4423 = LINE('',#4424,#4425);
#4424 = CARTESIAN_POINT('',(1.,0.625,0.));
#4425 = VECTOR('',#4426,1.);
#4426 = DIRECTION('',(0.,0.,1.));
#4427 = ORIENTED_EDGE('',*,*,#4372,.F.);
#4428 = ORIENTED_EDGE('',*,*,#4193,.T.);
#4429 = ORIENTED_EDGE('',*,*,#4408,.T.);
#4430 = PLANE('',#4431);
#4431 = AXIS2_PLACEMENT_3D('',#4432,#4433,#4434);
#4432 = CARTESIAN_POINT('',(0.6,0.625,0.));
#4433 = DIRECTION('',(0.,1.,0.));
#4434 = DIRECTION('',(0.,-0.,1.));
#4435 = ADVANCED_FACE('',(#4436),#4446,.T.);
#4436 = FACE_BOUND('',#4437,.T.);
#4437 = EDGE_LOOP('',(#4438,#4439,#4440,#4441,#4442,#4443,#4444,#4445));
#4438 = ORIENTED_EDGE('',*,*,#4243,.F.);
#4439 = ORIENTED_EDGE('',*,*,#4283,.T.);
#4440 = ORIENTED_EDGE('',*,*,#4326,.T.);
#4441 = ORIENTED_EDGE('',*,*,#4380,.F.);
#4442 = ORIENTED_EDGE('',*,*,#4422,.T.);
#4443 = ORIENTED_EDGE('',*,*,#4399,.T.);
#4444 = ORIENTED_EDGE('',*,*,#4350,.F.);
#4445 = ORIENTED_EDGE('',*,*,#4300,.F.);
#4446 = PLANE('',#4447);
#4447 = AXIS2_PLACEMENT_3D('',#4448,#4449,#4450);
#4448 = CARTESIAN_POINT('',(1.,-0.625,0.));
#4449 = DIRECTION('',(1.,0.,0.));
#4450 = DIRECTION('',(0.,0.,1.));
#4451 = ( GEOMETRIC_REPRESENTATION_CONTEXT(3) 
GLOBAL_UNCERTAINTY_ASSIGNED_CONTEXT((#4455)) 
GLOBAL_UNIT_ASSIGNED_CONTEXT((#4452,#4453,#4454)) REPRESENTATION_CONTEXT
('Context #1','3D Context with UNIT and UNCERTAINTY') );
#4452 = ( LENGTH_UNIT() NAMED_UNIT(*) SI_UNIT(.MILLI.,.METRE.) );
#4453 = ( NAMED_UNIT(*) PLANE_ANGLE_UNIT() SI_UNIT($,.RADIAN.) );
#4454 = ( NAMED_UNIT(*) SI_UNIT($,.STERADIAN.) SOLID_ANGLE_UNIT() );
#4455 = UNCERTAINTY_MEASURE_WITH_UNIT(LENGTH_MEASURE(1.E-07),#4452,
  'distance_accuracy_value','confusion accuracy');
#4456 = CONTEXT_DEPENDENT_SHAPE_REPRESENTATION(#4457,#4459);
#4457 = ( REPRESENTATION_RELATIONSHIP('','',#3596,#10) 
REPRESENTATION_RELATIONSHIP_WITH_TRANSFORMATION(#4458) 
SHAPE_REPRESENTATION_RELATIONSHIP() );
#4458 = ITEM_DEFINED_TRANSFORMATION('','',#11,#23);
#4459 = PRODUCT_DEFINITION_SHAPE('Placement','Placement of an item',
  #4460);
#4460 = NEXT_ASSEMBLY_USAGE_OCCURRENCE('3','C4','',#5,#3591,$);
#4461 = PRODUCT_RELATED_PRODUCT_CATEGORY('part',$,(#3593));
#4462 = CONTEXT_DEPENDENT_SHAPE_REPRESENTATION(#4463,#4465);
#4463 = ( REPRESENTATION_RELATIONSHIP('','',#3596,#10) 
REPRESENTATION_RELATIONSHIP_WITH_TRANSFORMATION(#4464) 
SHAPE_REPRESENTATION_RELATIONSHIP() );
#4464 = ITEM_DEFINED_TRANSFORMATION('','',#11,#27);
#4465 = PRODUCT_DEFINITION_SHAPE('Placement','Placement of an item',
  #4466);
#4466 = NEXT_ASSEMBLY_USAGE_OCCURRENCE('4','L2','',#5,#3591,$);
#4467 = CONTEXT_DEPENDENT_SHAPE_REPRESENTATION(#4468,#4470);
#4468 = ( REPRESENTATION_RELATIONSHIP('','',#3596,#10) 
REPRESENTATION_RELATIONSHIP_WITH_TRANSFORMATION(#4469) 
SHAPE_REPRESENTATION_RELATIONSHIP() );
#4469 = ITEM_DEFINED_TRANSFORMATION('','',#11,#31);
#4470 = PRODUCT_DEFINITION_SHAPE('Placement','Placement of an item',
  #4471);
#4471 = NEXT_ASSEMBLY_USAGE_OCCURRENCE('5','R4','',#5,#3591,$);
#4472 = SHAPE_DEFINITION_REPRESENTATION(#4473,#4479);
#4473 = PRODUCT_DEFINITION_SHAPE('','',#4474);
#4474 = PRODUCT_DEFINITION('design','',#4475,#4478);
#4475 = PRODUCT_DEFINITION_FORMATION('','',#4476);
#4476 = PRODUCT('PinHeader_1x04_P2.54mm_Vertical',
  'PinHeader_1x04_P2.54mm_Vertical','',(#4477));
#4477 = PRODUCT_CONTEXT('',#2,'mechanical');
#4478 = PRODUCT_DEFINITION_CONTEXT('part definition',#2,'design');
#4479 = ADVANCED_BREP_SHAPE_REPRESENTATION('',(#11,#4480),#7260);
#4480 = MANIFOLD_SOLID_BREP('',#4481);
#4481 = CLOSED_SHELL('',(#4482,#4522,#4553,#4584,#4913,#5242,#5259,#5276
    ,#5293,#5310,#5327,#5344,#5361,#5378,#5395,#5412,#5429,#5446,#5463,
    #5480,#5497,#5514,#5531,#5548,#5565,#5582,#5599,#5616,#5628,#5659,
    #5683,#5707,#5724,#5755,#5779,#5803,#5820,#5851,#5875,#5899,#5916,
    #5947,#5971,#5995,#6012,#6043,#6067,#6091,#6108,#6139,#6163,#6187,
    #6204,#6235,#6259,#6283,#6300,#6331,#6355,#6379,#6396,#6427,#6451,
    #6475,#6492,#6523,#6547,#6571,#6588,#6619,#6643,#6667,#6684,#6715,
    #6739,#6763,#6780,#6811,#6835,#6859,#6876,#6907,#6931,#6955,#6972,
    #7003,#7027,#7051,#7068,#7099,#7123,#7147,#7164,#7176,#7188,#7200,
    #7212,#7224,#7236,#7248));
#4482 = ADVANCED_FACE('',(#4483),#4517,.F.);
#4483 = FACE_BOUND('',#4484,.F.);
#4484 = EDGE_LOOP('',(#4485,#4495,#4503,#4511));
#4485 = ORIENTED_EDGE('',*,*,#4486,.T.);
#4486 = EDGE_CURVE('',#4487,#4489,#4491,.T.);
#4487 = VERTEX_POINT('',#4488);
#4488 = CARTESIAN_POINT('',(-1.016,1.27,0.));
#4489 = VERTEX_POINT('',#4490);
#4490 = CARTESIAN_POINT('',(-1.016,1.27,2.54));
#4491 = LINE('',#4492,#4493);
#4492 = CARTESIAN_POINT('',(-1.016,1.27,0.));
#4493 = VECTOR('',#4494,1.);
#4494 = DIRECTION('',(0.,0.,1.));
#4495 = ORIENTED_EDGE('',*,*,#4496,.T.);
#4496 = EDGE_CURVE('',#4489,#4497,#4499,.T.);
#4497 = VERTEX_POINT('',#4498);
#4498 = CARTESIAN_POINT('',(-1.27,1.016,2.54));
#4499 = LINE('',#4500,#4501);
#4500 = CARTESIAN_POINT('',(-1.016,1.27,2.54));
#4501 = VECTOR('',#4502,1.);
#4502 = DIRECTION('',(-0.707106781187,-0.707106781187,0.));
#4503 = ORIENTED_EDGE('',*,*,#4504,.F.);
#4504 = EDGE_CURVE('',#4505,#4497,#4507,.T.);
#4505 = VERTEX_POINT('',#4506);
#4506 = CARTESIAN_POINT('',(-1.27,1.016,0.));
#4507 = LINE('',#4508,#4509);
#4508 = CARTESIAN_POINT('',(-1.27,1.016,0.));
#4509 = VECTOR('',#4510,1.);
#4510 = DIRECTION('',(0.,0.,1.));
#4511 = ORIENTED_EDGE('',*,*,#4512,.F.);
#4512 = EDGE_CURVE('',#4487,#4505,#4513,.T.);
#4513 = LINE('',#4514,#4515);
#4514 = CARTESIAN_POINT('',(-1.016,1.27,0.));
#4515 = VECTOR('',#4516,1.);
#4516 = DIRECTION('',(-0.707106781187,-0.707106781187,0.));
#4517 = PLANE('',#4518);
#4518 = AXIS2_PLACEMENT_3D('',#4519,#4520,#4521);
#4519 = CARTESIAN_POINT('',(-1.016,1.27,0.));
#4520 = DIRECTION('',(0.707106781187,-0.707106781187,0.));
#4521 = DIRECTION('',(-0.707106781187,-0.707106781187,0.));
#4522 = ADVANCED_FACE('',(#4523),#4548,.F.);
#4523 = FACE_BOUND('',#4524,.F.);
#4524 = EDGE_LOOP('',(#4525,#4535,#4541,#4542));
#4525 = ORIENTED_EDGE('',*,*,#4526,.T.);
#4526 = EDGE_CURVE('',#4527,#4529,#4531,.T.);
#4527 = VERTEX_POINT('',#4528);
#4528 = CARTESIAN_POINT('',(1.016,1.27,0.));
#4529 = VERTEX_POINT('',#4530);
#4530 = CARTESIAN_POINT('',(1.016,1.27,2.54));
#4531 = LINE('',#4532,#4533);
#4532 = CARTESIAN_POINT('',(1.016,1.27,0.));
#4533 = VECTOR('',#4534,1.);
#4534 = DIRECTION('',(0.,0.,1.));
#4535 = ORIENTED_EDGE('',*,*,#4536,.T.);
#4536 = EDGE_CURVE('',#4529,#4489,#4537,.T.);
#4537 = LINE('',#4538,#4539);
#4538 = CARTESIAN_POINT('',(1.016,1.27,2.54));
#4539 = VECTOR('',#4540,1.);
#4540 = DIRECTION('',(-1.,0.,0.));
#4541 = ORIENTED_EDGE('',*,*,#4486,.F.);
#4542 = ORIENTED_EDGE('',*,*,#4543,.F.);
#4543 = EDGE_CURVE('',#4527,#4487,#4544,.T.);
#4544 = LINE('',#4545,#4546);
#4545 = CARTESIAN_POINT('',(1.016,1.27,0.));
#4546 = VECTOR('',#4547,1.);
#4547 = DIRECTION('',(-1.,0.,0.));
#4548 = PLANE('',#4549);
#4549 = AXIS2_PLACEMENT_3D('',#4550,#4551,#4552);
#4550 = CARTESIAN_POINT('',(1.016,1.27,0.));
#4551 = DIRECTION('',(0.,-1.,0.));
#4552 = DIRECTION('',(-1.,0.,0.));
#4553 = ADVANCED_FACE('',(#4554),#4579,.F.);
#4554 = FACE_BOUND('',#4555,.F.);
#4555 = EDGE_LOOP('',(#4556,#4557,#4565,#4573));
#4556 = ORIENTED_EDGE('',*,*,#4504,.T.);
#4557 = ORIENTED_EDGE('',*,*,#4558,.T.);
#4558 = EDGE_CURVE('',#4497,#4559,#4561,.T.);
#4559 = VERTEX_POINT('',#4560);
#4560 = CARTESIAN_POINT('',(-1.27,-1.016,2.54));
#4561 = LINE('',#4562,#4563);
#4562 = CARTESIAN_POINT('',(-1.27,1.016,2.54));
#4563 = VECTOR('',#4564,1.);
#4564 = DIRECTION('',(0.,-1.,0.));
#4565 = ORIENTED_EDGE('',*,*,#4566,.F.);
#4566 = EDGE_CURVE('',#4567,#4559,#4569,.T.);
#4567 = VERTEX_POINT('',#4568);
#4568 = CARTESIAN_POINT('',(-1.27,-1.016,0.));
#4569 = LINE('',#4570,#4571);
#4570 = CARTESIAN_POINT('',(-1.27,-1.016,0.));
#4571 = VECTOR('',#4572,1.);
#4572 = DIRECTION('',(0.,0.,1.));
#4573 = ORIENTED_EDGE('',*,*,#4574,.F.);
#4574 = EDGE_CURVE('',#4505,#4567,#4575,.T.);
#4575 = LINE('',#4576,#4577);
#4576 = CARTESIAN_POINT('',(-1.27,1.016,0.));
#4577 = VECTOR('',#4578,1.);
#4578 = DIRECTION('',(0.,-1.,0.));
#4579 = PLANE('',#4580);
#4580 = AXIS2_PLACEMENT_3D('',#4581,#4582,#4583);
#4581 = CARTESIAN_POINT('',(-1.27,1.016,0.));
#4582 = DIRECTION('',(1.,0.,0.));
#4583 = DIRECTION('',(0.,-1.,0.));
#4584 = ADVANCED_FACE('',(#4585,#4772,#4806,#4840,#4874),#4908,.F.);
#4585 = FACE_BOUND('',#4586,.F.);
#4586 = EDGE_LOOP('',(#4587,#4588,#4589,#4597,#4605,#4613,#4621,#4629,
    #4637,#4645,#4653,#4661,#4669,#4677,#4685,#4693,#4701,#4709,#4717,
    #4725,#4733,#4741,#4749,#4757,#4765,#4771));
#4587 = ORIENTED_EDGE('',*,*,#4512,.T.);
#4588 = ORIENTED_EDGE('',*,*,#4574,.T.);
#4589 = ORIENTED_EDGE('',*,*,#4590,.T.);
#4590 = EDGE_CURVE('',#4567,#4591,#4593,.T.);
#4591 = VERTEX_POINT('',#4592);
#4592 = CARTESIAN_POINT('',(-1.016,-1.27,0.));
#4593 = LINE('',#4594,#4595);
#4594 = CARTESIAN_POINT('',(-1.27,-1.016,0.));
#4595 = VECTOR('',#4596,1.);
#4596 = DIRECTION('',(0.707106781187,-0.707106781187,0.));
#4597 = ORIENTED_EDGE('',*,*,#4598,.T.);
#4598 = EDGE_CURVE('',#4591,#4599,#4601,.T.);
#4599 = VERTEX_POINT('',#4600);
#4600 = CARTESIAN_POINT('',(-1.27,-1.524,0.));
#4601 = LINE('',#4602,#4603);
#4602 = CARTESIAN_POINT('',(-1.016,-1.27,0.));
#4603 = VECTOR('',#4604,1.);
#4604 = DIRECTION('',(-0.707106781187,-0.707106781187,0.));
#4605 = ORIENTED_EDGE('',*,*,#4606,.T.);
#4606 = EDGE_CURVE('',#4599,#4607,#4609,.T.);
#4607 = VERTEX_POINT('',#4608);
#4608 = CARTESIAN_POINT('',(-1.27,-3.556,0.));
#4609 = LINE('',#4610,#4611);
#4610 = CARTESIAN_POINT('',(-1.27,-1.524,0.));
#4611 = VECTOR('',#4612,1.);
#4612 = DIRECTION('',(0.,-1.,0.));
#4613 = ORIENTED_EDGE('',*,*,#4614,.T.);
#4614 = EDGE_CURVE('',#4607,#4615,#4617,.T.);
#4615 = VERTEX_POINT('',#4616);
#4616 = CARTESIAN_POINT('',(-1.016,-3.81,0.));
#4617 = LINE('',#4618,#4619);
#4618 = CARTESIAN_POINT('',(-1.27,-3.556,0.));
#4619 = VECTOR('',#4620,1.);
#4620 = DIRECTION('',(0.707106781187,-0.707106781187,0.));
#4621 = ORIENTED_EDGE('',*,*,#4622,.T.);
#4622 = EDGE_CURVE('',#4615,#4623,#4625,.T.);
#4623 = VERTEX_POINT('',#4624);
#4624 = CARTESIAN_POINT('',(-1.27,-4.064,0.));
#4625 = LINE('',#4626,#4627);
#4626 = CARTESIAN_POINT('',(-1.016,-3.81,0.));
#4627 = VECTOR('',#4628,1.);
#4628 = DIRECTION('',(-0.707106781187,-0.707106781187,0.));
#4629 = ORIENTED_EDGE('',*,*,#4630,.T.);
#4630 = EDGE_CURVE('',#4623,#4631,#4633,.T.);
#4631 = VERTEX_POINT('',#4632);
#4632 = CARTESIAN_POINT('',(-1.27,-6.096,0.));
#4633 = LINE('',#4634,#4635);
#4634 = CARTESIAN_POINT('',(-1.27,-4.064,0.));
#4635 = VECTOR('',#4636,1.);
#4636 = DIRECTION('',(0.,-1.,0.));
#4637 = ORIENTED_EDGE('',*,*,#4638,.T.);
#4638 = EDGE_CURVE('',#4631,#4639,#4641,.T.);
#4639 = VERTEX_POINT('',#4640);
#4640 = CARTESIAN_POINT('',(-1.016,-6.35,0.));
#4641 = LINE('',#4642,#4643);
#4642 = CARTESIAN_POINT('',(-1.27,-6.096,0.));
#4643 = VECTOR('',#4644,1.);
#4644 = DIRECTION('',(0.707106781187,-0.707106781187,0.));
#4645 = ORIENTED_EDGE('',*,*,#4646,.T.);
#4646 = EDGE_CURVE('',#4639,#4647,#4649,.T.);
#4647 = VERTEX_POINT('',#4648);
#4648 = CARTESIAN_POINT('',(-1.27,-6.604,0.));
#4649 = LINE('',#4650,#4651);
#4650 = CARTESIAN_POINT('',(-1.016,-6.35,0.));
#4651 = VECTOR('',#4652,1.);
#4652 = DIRECTION('',(-0.707106781187,-0.707106781187,0.));
#4653 = ORIENTED_EDGE('',*,*,#4654,.T.);
#4654 = EDGE_CURVE('',#4647,#4655,#4657,.T.);
#4655 = VERTEX_POINT('',#4656);
#4656 = CARTESIAN_POINT('',(-1.27,-8.636,0.));
#4657 = LINE('',#4658,#4659);
#4658 = CARTESIAN_POINT('',(-1.27,-6.604,0.));
#4659 = VECTOR('',#4660,1.);
#4660 = DIRECTION('',(0.,-1.,0.));
#4661 = ORIENTED_EDGE('',*,*,#4662,.T.);
#4662 = EDGE_CURVE('',#4655,#4663,#4665,.T.);
#4663 = VERTEX_POINT('',#4664);
#4664 = CARTESIAN_POINT('',(-1.016,-8.89,0.));
#4665 = LINE('',#4666,#4667);
#4666 = CARTESIAN_POINT('',(-1.27,-8.636,0.));
#4667 = VECTOR('',#4668,1.);
#4668 = DIRECTION('',(0.707106781187,-0.707106781187,0.));
#4669 = ORIENTED_EDGE('',*,*,#4670,.T.);
#4670 = EDGE_CURVE('',#4663,#4671,#4673,.T.);
#4671 = VERTEX_POINT('',#4672);
#4672 = CARTESIAN_POINT('',(1.016,-8.89,0.));
#4673 = LINE('',#4674,#4675);
#4674 = CARTESIAN_POINT('',(-1.016,-8.89,0.));
#4675 = VECTOR('',#4676,1.);
#4676 = DIRECTION('',(1.,0.,0.));
#4677 = ORIENTED_EDGE('',*,*,#4678,.T.);
#4678 = EDGE_CURVE('',#4671,#4679,#4681,.T.);
#4679 = VERTEX_POINT('',#4680);
#4680 = CARTESIAN_POINT('',(1.27,-8.636,0.));
#4681 = LINE('',#4682,#4683);
#4682 = CARTESIAN_POINT('',(1.016,-8.89,0.));
#4683 = VECTOR('',#4684,1.);
#4684 = DIRECTION('',(0.707106781187,0.707106781187,0.));
#4685 = ORIENTED_EDGE('',*,*,#4686,.T.);
#4686 = EDGE_CURVE('',#4679,#4687,#4689,.T.);
#4687 = VERTEX_POINT('',#4688);
#4688 = CARTESIAN_POINT('',(1.27,-6.604,0.));
#4689 = LINE('',#4690,#4691);
#4690 = CARTESIAN_POINT('',(1.27,-8.636,0.));
#4691 = VECTOR('',#4692,1.);
#4692 = DIRECTION('',(0.,1.,0.));
#4693 = ORIENTED_EDGE('',*,*,#4694,.T.);
#4694 = EDGE_CURVE('',#4687,#4695,#4697,.T.);
#4695 = VERTEX_POINT('',#4696);
#4696 = CARTESIAN_POINT('',(1.016,-6.35,0.));
#4697 = LINE('',#4698,#4699);
#4698 = CARTESIAN_POINT('',(1.27,-6.604,0.));
#4699 = VECTOR('',#4700,1.);
#4700 = DIRECTION('',(-0.707106781187,0.707106781187,0.));
#4701 = ORIENTED_EDGE('',*,*,#4702,.T.);
#4702 = EDGE_CURVE('',#4695,#4703,#4705,.T.);
#4703 = VERTEX_POINT('',#4704);
#4704 = CARTESIAN_POINT('',(1.27,-6.096,0.));
#4705 = LINE('',#4706,#4707);
#4706 = CARTESIAN_POINT('',(1.016,-6.35,0.));
#4707 = VECTOR('',#4708,1.);
#4708 = DIRECTION('',(0.707106781187,0.707106781187,0.));
#4709 = ORIENTED_EDGE('',*,*,#4710,.T.);
#4710 = EDGE_CURVE('',#4703,#4711,#4713,.T.);
#4711 = VERTEX_POINT('',#4712);
#4712 = CARTESIAN_POINT('',(1.27,-4.064,0.));
#4713 = LINE('',#4714,#4715);
#4714 = CARTESIAN_POINT('',(1.27,-6.096,0.));
#4715 = VECTOR('',#4716,1.);
#4716 = DIRECTION('',(0.,1.,0.));
#4717 = ORIENTED_EDGE('',*,*,#4718,.T.);
#4718 = EDGE_CURVE('',#4711,#4719,#4721,.T.);
#4719 = VERTEX_POINT('',#4720);
#4720 = CARTESIAN_POINT('',(1.016,-3.81,0.));
#4721 = LINE('',#4722,#4723);
#4722 = CARTESIAN_POINT('',(1.27,-4.064,0.));
#4723 = VECTOR('',#4724,1.);
#4724 = DIRECTION('',(-0.707106781187,0.707106781187,0.));
#4725 = ORIENTED_EDGE('',*,*,#4726,.T.);
#4726 = EDGE_CURVE('',#4719,#4727,#4729,.T.);
#4727 = VERTEX_POINT('',#4728);
#4728 = CARTESIAN_POINT('',(1.27,-3.556,0.));
#4729 = LINE('',#4730,#4731);
#4730 = CARTESIAN_POINT('',(1.016,-3.81,0.));
#4731 = VECTOR('',#4732,1.);
#4732 = DIRECTION('',(0.707106781187,0.707106781187,0.));
#4733 = ORIENTED_EDGE('',*,*,#4734,.T.);
#4734 = EDGE_CURVE('',#4727,#4735,#4737,.T.);
#4735 = VERTEX_POINT('',#4736);
#4736 = CARTESIAN_POINT('',(1.27,-1.524,0.));
#4737 = LINE('',#4738,#4739);
#4738 = CARTESIAN_POINT('',(1.27,-3.556,0.));
#4739 = VECTOR('',#4740,1.);
#4740 = DIRECTION('',(0.,1.,0.));
#4741 = ORIENTED_EDGE('',*,*,#4742,.T.);
#4742 = EDGE_CURVE('',#4735,#4743,#4745,.T.);
#4743 = VERTEX_POINT('',#4744);
#4744 = CARTESIAN_POINT('',(1.016,-1.27,0.));
#4745 = LINE('',#4746,#4747);
#4746 = CARTESIAN_POINT('',(1.27,-1.524,0.));
#4747 = VECTOR('',#4748,1.);
#4748 = DIRECTION('',(-0.707106781187,0.707106781187,0.));
#4749 = ORIENTED_EDGE('',*,*,#4750,.T.);
#4750 = EDGE_CURVE('',#4743,#4751,#4753,.T.);
#4751 = VERTEX_POINT('',#4752);
#4752 = CARTESIAN_POINT('',(1.27,-1.016,0.));
#4753 = LINE('',#4754,#4755);
#4754 = CARTESIAN_POINT('',(1.016,-1.27,0.));
#4755 = VECTOR('',#4756,1.);
#4756 = DIRECTION('',(0.707106781187,0.707106781187,0.));
#4757 = ORIENTED_EDGE('',*,*,#4758,.T.);
#4758 = EDGE_CURVE('',#4751,#4759,#4761,.T.);
#4759 = VERTEX_POINT('',#4760);
#4760 = CARTESIAN_POINT('',(1.27,1.016,0.));
#4761 = LINE('',#4762,#4763);
#4762 = CARTESIAN_POINT('',(1.27,-1.016,0.));
#4763 = VECTOR('',#4764,1.);
#4764 = DIRECTION('',(0.,1.,0.));
#4765 = ORIENTED_EDGE('',*,*,#4766,.T.);
#4766 = EDGE_CURVE('',#4759,#4527,#4767,.T.);
#4767 = LINE('',#4768,#4769);
#4768 = CARTESIAN_POINT('',(1.27,1.016,0.));
#4769 = VECTOR('',#4770,1.);
#4770 = DIRECTION('',(-0.707106781187,0.707106781187,0.));
#4771 = ORIENTED_EDGE('',*,*,#4543,.T.);
#4772 = FACE_BOUND('',#4773,.F.);
#4773 = EDGE_LOOP('',(#4774,#4784,#4792,#4800));
#4774 = ORIENTED_EDGE('',*,*,#4775,.F.);
#4775 = EDGE_CURVE('',#4776,#4778,#4780,.T.);
#4776 = VERTEX_POINT('',#4777);
#4777 = CARTESIAN_POINT('',(0.32,-4.76,0.));
#4778 = VERTEX_POINT('',#4779);
#4779 = CARTESIAN_POINT('',(-0.32,-4.76,0.));
#4780 = LINE('',#4781,#4782);
#4781 = CARTESIAN_POINT('',(-0.16,-4.76,0.));
#4782 = VECTOR('',#4783,1.);
#4783 = DIRECTION('',(-1.,0.,0.));
#4784 = ORIENTED_EDGE('',*,*,#4785,.F.);
#4785 = EDGE_CURVE('',#4786,#4776,#4788,.T.);
#4786 = VERTEX_POINT('',#4787);
#4787 = CARTESIAN_POINT('',(0.32,-5.4,0.));
#4788 = LINE('',#4789,#4790);
#4789 = CARTESIAN_POINT('',(0.32,-4.605,0.));
#4790 = VECTOR('',#4791,1.);
#4791 = DIRECTION('',(0.,1.,0.));
#4792 = ORIENTED_EDGE('',*,*,#4793,.T.);
#4793 = EDGE_CURVE('',#4786,#4794,#4796,.T.);
#4794 = VERTEX_POINT('',#4795);
#4795 = CARTESIAN_POINT('',(-0.32,-5.4,0.));
#4796 = LINE('',#4797,#4798);
#4797 = CARTESIAN_POINT('',(-0.16,-5.4,0.));
#4798 = VECTOR('',#4799,1.);
#4799 = DIRECTION('',(-1.,0.,0.));
#4800 = ORIENTED_EDGE('',*,*,#4801,.T.);
#4801 = EDGE_CURVE('',#4794,#4778,#4802,.T.);
#4802 = LINE('',#4803,#4804);
#4803 = CARTESIAN_POINT('',(-0.32,-4.605,0.));
#4804 = VECTOR('',#4805,1.);
#4805 = DIRECTION('',(0.,1.,0.));
#4806 = FACE_BOUND('',#4807,.F.);
#4807 = EDGE_LOOP('',(#4808,#4818,#4826,#4834));
#4808 = ORIENTED_EDGE('',*,*,#4809,.F.);
#4809 = EDGE_CURVE('',#4810,#4812,#4814,.T.);
#4810 = VERTEX_POINT('',#4811);
#4811 = CARTESIAN_POINT('',(0.32,-7.94,0.));
#4812 = VERTEX_POINT('',#4813);
#4813 = CARTESIAN_POINT('',(0.32,-7.3,0.));
#4814 = LINE('',#4815,#4816);
#4815 = CARTESIAN_POINT('',(0.32,-5.875,0.));
#4816 = VECTOR('',#4817,1.);
#4817 = DIRECTION('',(0.,1.,0.));
#4818 = ORIENTED_EDGE('',*,*,#4819,.T.);
#4819 = EDGE_CURVE('',#4810,#4820,#4822,.T.);
#4820 = VERTEX_POINT('',#4821);
#4821 = CARTESIAN_POINT('',(-0.32,-7.94,0.));
#4822 = LINE('',#4823,#4824);
#4823 = CARTESIAN_POINT('',(-0.16,-7.94,0.));
#4824 = VECTOR('',#4825,1.);
#4825 = DIRECTION('',(-1.,0.,0.));
#4826 = ORIENTED_EDGE('',*,*,#4827,.T.);
#4827 = EDGE_CURVE('',#4820,#4828,#4830,.T.);
#4828 = VERTEX_POINT('',#4829);
#4829 = CARTESIAN_POINT('',(-0.32,-7.3,0.));
#4830 = LINE('',#4831,#4832);
#4831 = CARTESIAN_POINT('',(-0.32,-5.875,0.));
#4832 = VECTOR('',#4833,1.);
#4833 = DIRECTION('',(0.,1.,0.));
#4834 = ORIENTED_EDGE('',*,*,#4835,.F.);
#4835 = EDGE_CURVE('',#4812,#4828,#4836,.T.);
#4836 = LINE('',#4837,#4838);
#4837 = CARTESIAN_POINT('',(-0.16,-7.3,0.));
#4838 = VECTOR('',#4839,1.);
#4839 = DIRECTION('',(-1.,0.,0.));
#4840 = FACE_BOUND('',#4841,.F.);
#4841 = EDGE_LOOP('',(#4842,#4852,#4860,#4868));
#4842 = ORIENTED_EDGE('',*,*,#4843,.F.);
#4843 = EDGE_CURVE('',#4844,#4846,#4848,.T.);
#4844 = VERTEX_POINT('',#4845);
#4845 = CARTESIAN_POINT('',(0.32,-0.32,0.));
#4846 = VERTEX_POINT('',#4847);
#4847 = CARTESIAN_POINT('',(0.32,0.32,0.));
#4848 = LINE('',#4849,#4850);
#4849 = CARTESIAN_POINT('',(0.32,-2.065,0.));
#4850 = VECTOR('',#4851,1.);
#4851 = DIRECTION('',(0.,1.,0.));
#4852 = ORIENTED_EDGE('',*,*,#4853,.T.);
#4853 = EDGE_CURVE('',#4844,#4854,#4856,.T.);
#4854 = VERTEX_POINT('',#4855);
#4855 = CARTESIAN_POINT('',(-0.32,-0.32,0.));
#4856 = LINE('',#4857,#4858);
#4857 = CARTESIAN_POINT('',(-0.16,-0.32,0.));
#4858 = VECTOR('',#4859,1.);
#4859 = DIRECTION('',(-1.,0.,0.));
#4860 = ORIENTED_EDGE('',*,*,#4861,.T.);
#4861 = EDGE_CURVE('',#4854,#4862,#4864,.T.);
#4862 = VERTEX_POINT('',#4863);
#4863 = CARTESIAN_POINT('',(-0.32,0.32,0.));
#4864 = LINE('',#4865,#4866);
#4865 = CARTESIAN_POINT('',(-0.32,-2.065,0.));
#4866 = VECTOR('',#4867,1.);
#4867 = DIRECTION('',(0.,1.,0.));
#4868 = ORIENTED_EDGE('',*,*,#4869,.F.);
#4869 = EDGE_CURVE('',#4846,#4862,#4870,.T.);
#4870 = LINE('',#4871,#4872);
#4871 = CARTESIAN_POINT('',(-0.16,0.32,0.));
#4872 = VECTOR('',#4873,1.);
#4873 = DIRECTION('',(-1.,0.,0.));
#4874 = FACE_BOUND('',#4875,.F.);
#4875 = EDGE_LOOP('',(#4876,#4886,#4894,#4902));
#4876 = ORIENTED_EDGE('',*,*,#4877,.F.);
#4877 = EDGE_CURVE('',#4878,#4880,#4882,.T.);
#4878 = VERTEX_POINT('',#4879);
#4879 = CARTESIAN_POINT('',(0.32,-2.22,0.));
#4880 = VERTEX_POINT('',#4881);
#4881 = CARTESIAN_POINT('',(-0.32,-2.22,0.));
#4882 = LINE('',#4883,#4884);
#4883 = CARTESIAN_POINT('',(-0.16,-2.22,0.));
#4884 = VECTOR('',#4885,1.);
#4885 = DIRECTION('',(-1.,0.,0.));
#4886 = ORIENTED_EDGE('',*,*,#4887,.F.);
#4887 = EDGE_CURVE('',#4888,#4878,#4890,.T.);
#4888 = VERTEX_POINT('',#4889);
#4889 = CARTESIAN_POINT('',(0.32,-2.86,0.));
#4890 = LINE('',#4891,#4892);
#4891 = CARTESIAN_POINT('',(0.32,-3.335,0.));
#4892 = VECTOR('',#4893,1.);
#4893 = DIRECTION('',(0.,1.,0.));
#4894 = ORIENTED_EDGE('',*,*,#4895,.T.);
#4895 = EDGE_CURVE('',#4888,#4896,#4898,.T.);
#4896 = VERTEX_POINT('',#4897);
#4897 = CARTESIAN_POINT('',(-0.32,-2.86,0.));
#4898 = LINE('',#4899,#4900);
#4899 = CARTESIAN_POINT('',(-0.16,-2.86,0.));
#4900 = VECTOR('',#4901,1.);
#4901 = DIRECTION('',(-1.,0.,0.));
#4902 = ORIENTED_EDGE('',*,*,#4903,.T.);
#4903 = EDGE_CURVE('',#4896,#4880,#4904,.T.);
#4904 = LINE('',#4905,#4906);
#4905 = CARTESIAN_POINT('',(-0.32,-3.335,0.));
#4906 = VECTOR('',#4907,1.);
#4907 = DIRECTION('',(0.,1.,0.));
#4908 = PLANE('',#4909);
#4909 = AXIS2_PLACEMENT_3D('',#4910,#4911,#4912);
#4910 = CARTESIAN_POINT('',(4.259053689278E-17,-3.81,0.));
#4911 = DIRECTION('',(0.,0.,1.));
#4912 = DIRECTION('',(1.,0.,-0.));
#4913 = ADVANCED_FACE('',(#4914,#5101,#5135,#5169,#5203),#5237,.T.);
#4914 = FACE_BOUND('',#4915,.T.);
#4915 = EDGE_LOOP('',(#4916,#4917,#4918,#4926,#4934,#4942,#4950,#4958,
    #4966,#4974,#4982,#4990,#4998,#5006,#5014,#5022,#5030,#5038,#5046,
    #5054,#5062,#5070,#5078,#5086,#5094,#5100));
#4916 = ORIENTED_EDGE('',*,*,#4496,.T.);
#4917 = ORIENTED_EDGE('',*,*,#4558,.T.);
#4918 = ORIENTED_EDGE('',*,*,#4919,.T.);
#4919 = EDGE_CURVE('',#4559,#4920,#4922,.T.);
#4920 = VERTEX_POINT('',#4921);
#4921 = CARTESIAN_POINT('',(-1.016,-1.27,2.54));
#4922 = LINE('',#4923,#4924);
#4923 = CARTESIAN_POINT('',(-1.27,-1.016,2.54));
#4924 = VECTOR('',#4925,1.);
#4925 = DIRECTION('',(0.707106781187,-0.707106781187,0.));
#4926 = ORIENTED_EDGE('',*,*,#4927,.T.);
#4927 = EDGE_CURVE('',#4920,#4928,#4930,.T.);
#4928 = VERTEX_POINT('',#4929);
#4929 = CARTESIAN_POINT('',(-1.27,-1.524,2.54));
#4930 = LINE('',#4931,#4932);
#4931 = CARTESIAN_POINT('',(-1.016,-1.27,2.54));
#4932 = VECTOR('',#4933,1.);
#4933 = DIRECTION('',(-0.707106781187,-0.707106781187,0.));
#4934 = ORIENTED_EDGE('',*,*,#4935,.T.);
#4935 = EDGE_CURVE('',#4928,#4936,#4938,.T.);
#4936 = VERTEX_POINT('',#4937);
#4937 = CARTESIAN_POINT('',(-1.27,-3.556,2.54));
#4938 = LINE('',#4939,#4940);
#4939 = CARTESIAN_POINT('',(-1.27,-1.524,2.54));
#4940 = VECTOR('',#4941,1.);
#4941 = DIRECTION('',(0.,-1.,0.));
#4942 = ORIENTED_EDGE('',*,*,#4943,.T.);
#4943 = EDGE_CURVE('',#4936,#4944,#4946,.T.);
#4944 = VERTEX_POINT('',#4945);
#4945 = CARTESIAN_POINT('',(-1.016,-3.81,2.54));
#4946 = LINE('',#4947,#4948);
#4947 = CARTESIAN_POINT('',(-1.27,-3.556,2.54));
#4948 = VECTOR('',#4949,1.);
#4949 = DIRECTION('',(0.707106781187,-0.707106781187,0.));
#4950 = ORIENTED_EDGE('',*,*,#4951,.T.);
#4951 = EDGE_CURVE('',#4944,#4952,#4954,.T.);
#4952 = VERTEX_POINT('',#4953);
#4953 = CARTESIAN_POINT('',(-1.27,-4.064,2.54));
#4954 = LINE('',#4955,#4956);
#4955 = CARTESIAN_POINT('',(-1.016,-3.81,2.54));
#4956 = VECTOR('',#4957,1.);
#4957 = DIRECTION('',(-0.707106781187,-0.707106781187,0.));
#4958 = ORIENTED_EDGE('',*,*,#4959,.T.);
#4959 = EDGE_CURVE('',#4952,#4960,#4962,.T.);
#4960 = VERTEX_POINT('',#4961);
#4961 = CARTESIAN_POINT('',(-1.27,-6.096,2.54));
#4962 = LINE('',#4963,#4964);
#4963 = CARTESIAN_POINT('',(-1.27,-4.064,2.54));
#4964 = VECTOR('',#4965,1.);
#4965 = DIRECTION('',(0.,-1.,0.));
#4966 = ORIENTED_EDGE('',*,*,#4967,.T.);
#4967 = EDGE_CURVE('',#4960,#4968,#4970,.T.);
#4968 = VERTEX_POINT('',#4969);
#4969 = CARTESIAN_POINT('',(-1.016,-6.35,2.54));
#4970 = LINE('',#4971,#4972);
#4971 = CARTESIAN_POINT('',(-1.27,-6.096,2.54));
#4972 = VECTOR('',#4973,1.);
#4973 = DIRECTION('',(0.707106781187,-0.707106781187,0.));
#4974 = ORIENTED_EDGE('',*,*,#4975,.T.);
#4975 = EDGE_CURVE('',#4968,#4976,#4978,.T.);
#4976 = VERTEX_POINT('',#4977);
#4977 = CARTESIAN_POINT('',(-1.27,-6.604,2.54));
#4978 = LINE('',#4979,#4980);
#4979 = CARTESIAN_POINT('',(-1.016,-6.35,2.54));
#4980 = VECTOR('',#4981,1.);
#4981 = DIRECTION('',(-0.707106781187,-0.707106781187,0.));
#4982 = ORIENTED_EDGE('',*,*,#4983,.T.);
#4983 = EDGE_CURVE('',#4976,#4984,#4986,.T.);
#4984 = VERTEX_POINT('',#4985);
#4985 = CARTESIAN_POINT('',(-1.27,-8.636,2.54));
#4986 = LINE('',#4987,#4988);
#4987 = CARTESIAN_POINT('',(-1.27,-6.604,2.54));
#4988 = VECTOR('',#4989,1.);
#4989 = DIRECTION('',(0.,-1.,0.));
#4990 = ORIENTED_EDGE('',*,*,#4991,.T.);
#4991 = EDGE_CURVE('',#4984,#4992,#4994,.T.);
#4992 = VERTEX_POINT('',#4993);
#4993 = CARTESIAN_POINT('',(-1.016,-8.89,2.54));
#4994 = LINE('',#4995,#4996);
#4995 = CARTESIAN_POINT('',(-1.27,-8.636,2.54));
#4996 = VECTOR('',#4997,1.);
#4997 = DIRECTION('',(0.707106781187,-0.707106781187,0.));
#4998 = ORIENTED_EDGE('',*,*,#4999,.T.);
#4999 = EDGE_CURVE('',#4992,#5000,#5002,.T.);
#5000 = VERTEX_POINT('',#5001);
#5001 = CARTESIAN_POINT('',(1.016,-8.89,2.54));
#5002 = LINE('',#5003,#5004);
#5003 = CARTESIAN_POINT('',(-1.016,-8.89,2.54));
#5004 = VECTOR('',#5005,1.);
#5005 = DIRECTION('',(1.,0.,0.));
#5006 = ORIENTED_EDGE('',*,*,#5007,.T.);
#5007 = EDGE_CURVE('',#5000,#5008,#5010,.T.);
#5008 = VERTEX_POINT('',#5009);
#5009 = CARTESIAN_POINT('',(1.27,-8.636,2.54));
#5010 = LINE('',#5011,#5012);
#5011 = CARTESIAN_POINT('',(1.016,-8.89,2.54));
#5012 = VECTOR('',#5013,1.);
#5013 = DIRECTION('',(0.707106781187,0.707106781187,0.));
#5014 = ORIENTED_EDGE('',*,*,#5015,.T.);
#5015 = EDGE_CURVE('',#5008,#5016,#5018,.T.);
#5016 = VERTEX_POINT('',#5017);
#5017 = CARTESIAN_POINT('',(1.27,-6.604,2.54));
#5018 = LINE('',#5019,#5020);
#5019 = CARTESIAN_POINT('',(1.27,-8.636,2.54));
#5020 = VECTOR('',#5021,1.);
#5021 = DIRECTION('',(0.,1.,0.));
#5022 = ORIENTED_EDGE('',*,*,#5023,.T.);
#5023 = EDGE_CURVE('',#5016,#5024,#5026,.T.);
#5024 = VERTEX_POINT('',#5025);
#5025 = CARTESIAN_POINT('',(1.016,-6.35,2.54));
#5026 = LINE('',#5027,#5028);
#5027 = CARTESIAN_POINT('',(1.27,-6.604,2.54));
#5028 = VECTOR('',#5029,1.);
#5029 = DIRECTION('',(-0.707106781187,0.707106781187,0.));
#5030 = ORIENTED_EDGE('',*,*,#5031,.T.);
#5031 = EDGE_CURVE('',#5024,#5032,#5034,.T.);
#5032 = VERTEX_POINT('',#5033);
#5033 = CARTESIAN_POINT('',(1.27,-6.096,2.54));
#5034 = LINE('',#5035,#5036);
#5035 = CARTESIAN_POINT('',(1.016,-6.35,2.54));
#5036 = VECTOR('',#5037,1.);
#5037 = DIRECTION('',(0.707106781187,0.707106781187,0.));
#5038 = ORIENTED_EDGE('',*,*,#5039,.T.);
#5039 = EDGE_CURVE('',#5032,#5040,#5042,.T.);
#5040 = VERTEX_POINT('',#5041);
#5041 = CARTESIAN_POINT('',(1.27,-4.064,2.54));
#5042 = LINE('',#5043,#5044);
#5043 = CARTESIAN_POINT('',(1.27,-6.096,2.54));
#5044 = VECTOR('',#5045,1.);
#5045 = DIRECTION('',(0.,1.,0.));
#5046 = ORIENTED_EDGE('',*,*,#5047,.T.);
#5047 = EDGE_CURVE('',#5040,#5048,#5050,.T.);
#5048 = VERTEX_POINT('',#5049);
#5049 = CARTESIAN_POINT('',(1.016,-3.81,2.54));
#5050 = LINE('',#5051,#5052);
#5051 = CARTESIAN_POINT('',(1.27,-4.064,2.54));
#5052 = VECTOR('',#5053,1.);
#5053 = DIRECTION('',(-0.707106781187,0.707106781187,0.));
#5054 = ORIENTED_EDGE('',*,*,#5055,.T.);
#5055 = EDGE_CURVE('',#5048,#5056,#5058,.T.);
#5056 = VERTEX_POINT('',#5057);
#5057 = CARTESIAN_POINT('',(1.27,-3.556,2.54));
#5058 = LINE('',#5059,#5060);
#5059 = CARTESIAN_POINT('',(1.016,-3.81,2.54));
#5060 = VECTOR('',#5061,1.);
#5061 = DIRECTION('',(0.707106781187,0.707106781187,0.));
#5062 = ORIENTED_EDGE('',*,*,#5063,.T.);
#5063 = EDGE_CURVE('',#5056,#5064,#5066,.T.);
#5064 = VERTEX_POINT('',#5065);
#5065 = CARTESIAN_POINT('',(1.27,-1.524,2.54));
#5066 = LINE('',#5067,#5068);
#5067 = CARTESIAN_POINT('',(1.27,-3.556,2.54));
#5068 = VECTOR('',#5069,1.);
#5069 = DIRECTION('',(0.,1.,0.));
#5070 = ORIENTED_EDGE('',*,*,#5071,.T.);
#5071 = EDGE_CURVE('',#5064,#5072,#5074,.T.);
#5072 = VERTEX_POINT('',#5073);
#5073 = CARTESIAN_POINT('',(1.016,-1.27,2.54));
#5074 = LINE('',#5075,#5076);
#5075 = CARTESIAN_POINT('',(1.27,-1.524,2.54));
#5076 = VECTOR('',#5077,1.);
#5077 = DIRECTION('',(-0.707106781187,0.707106781187,0.));
#5078 = ORIENTED_EDGE('',*,*,#5079,.T.);
#5079 = EDGE_CURVE('',#5072,#5080,#5082,.T.);
#5080 = VERTEX_POINT('',#5081);
#5081 = CARTESIAN_POINT('',(1.27,-1.016,2.54));
#5082 = LINE('',#5083,#5084);
#5083 = CARTESIAN_POINT('',(1.016,-1.27,2.54));
#5084 = VECTOR('',#5085,1.);
#5085 = DIRECTION('',(0.707106781187,0.707106781187,0.));
#5086 = ORIENTED_EDGE('',*,*,#5087,.T.);
#5087 = EDGE_CURVE('',#5080,#5088,#5090,.T.);
#5088 = VERTEX_POINT('',#5089);
#5089 = CARTESIAN_POINT('',(1.27,1.016,2.54));
#5090 = LINE('',#5091,#5092);
#5091 = CARTESIAN_POINT('',(1.27,-1.016,2.54));
#5092 = VECTOR('',#5093,1.);
#5093 = DIRECTION('',(0.,1.,0.));
#5094 = ORIENTED_EDGE('',*,*,#5095,.T.);
#5095 = EDGE_CURVE('',#5088,#4529,#5096,.T.);
#5096 = LINE('',#5097,#5098);
#5097 = CARTESIAN_POINT('',(1.27,1.016,2.54));
#5098 = VECTOR('',#5099,1.);
#5099 = DIRECTION('',(-0.707106781187,0.707106781187,0.));
#5100 = ORIENTED_EDGE('',*,*,#4536,.T.);
#5101 = FACE_BOUND('',#5102,.T.);
#5102 = EDGE_LOOP('',(#5103,#5113,#5121,#5129));
#5103 = ORIENTED_EDGE('',*,*,#5104,.F.);
#5104 = EDGE_CURVE('',#5105,#5107,#5109,.T.);
#5105 = VERTEX_POINT('',#5106);
#5106 = CARTESIAN_POINT('',(0.32,-4.76,2.54));
#5107 = VERTEX_POINT('',#5108);
#5108 = CARTESIAN_POINT('',(-0.32,-4.76,2.54));
#5109 = LINE('',#5110,#5111);
#5110 = CARTESIAN_POINT('',(-0.16,-4.76,2.54));
#5111 = VECTOR('',#5112,1.);
#5112 = DIRECTION('',(-1.,0.,0.));
#5113 = ORIENTED_EDGE('',*,*,#5114,.F.);
#5114 = EDGE_CURVE('',#5115,#5105,#5117,.T.);
#5115 = VERTEX_POINT('',#5116);
#5116 = CARTESIAN_POINT('',(0.32,-5.4,2.54));
#5117 = LINE('',#5118,#5119);
#5118 = CARTESIAN_POINT('',(0.32,-4.605,2.54));
#5119 = VECTOR('',#5120,1.);
#5120 = DIRECTION('',(0.,1.,0.));
#5121 = ORIENTED_EDGE('',*,*,#5122,.T.);
#5122 = EDGE_CURVE('',#5115,#5123,#5125,.T.);
#5123 = VERTEX_POINT('',#5124);
#5124 = CARTESIAN_POINT('',(-0.32,-5.4,2.54));
#5125 = LINE('',#5126,#5127);
#5126 = CARTESIAN_POINT('',(-0.16,-5.4,2.54));
#5127 = VECTOR('',#5128,1.);
#5128 = DIRECTION('',(-1.,0.,0.));
#5129 = ORIENTED_EDGE('',*,*,#5130,.T.);
#5130 = EDGE_CURVE('',#5123,#5107,#5131,.T.);
#5131 = LINE('',#5132,#5133);
#5132 = CARTESIAN_POINT('',(-0.32,-4.605,2.54));
#5133 = VECTOR('',#5134,1.);
#5134 = DIRECTION('',(0.,1.,0.));
#5135 = FACE_BOUND('',#5136,.T.);
#5136 = EDGE_LOOP('',(#5137,#5147,#5155,#5163));
#5137 = ORIENTED_EDGE('',*,*,#5138,.F.);
#5138 = EDGE_CURVE('',#5139,#5141,#5143,.T.);
#5139 = VERTEX_POINT('',#5140);
#5140 = CARTESIAN_POINT('',(0.32,-7.94,2.54));
#5141 = VERTEX_POINT('',#5142);
#5142 = CARTESIAN_POINT('',(0.32,-7.3,2.54));
#5143 = LINE('',#5144,#5145);
#5144 = CARTESIAN_POINT('',(0.32,-5.875,2.54));
#5145 = VECTOR('',#5146,1.);
#5146 = DIRECTION('',(0.,1.,0.));
#5147 = ORIENTED_EDGE('',*,*,#5148,.T.);
#5148 = EDGE_CURVE('',#5139,#5149,#5151,.T.);
#5149 = VERTEX_POINT('',#5150);
#5150 = CARTESIAN_POINT('',(-0.32,-7.94,2.54));
#5151 = LINE('',#5152,#5153);
#5152 = CARTESIAN_POINT('',(-0.16,-7.94,2.54));
#5153 = VECTOR('',#5154,1.);
#5154 = DIRECTION('',(-1.,0.,0.));
#5155 = ORIENTED_EDGE('',*,*,#5156,.T.);
#5156 = EDGE_CURVE('',#5149,#5157,#5159,.T.);
#5157 = VERTEX_POINT('',#5158);
#5158 = CARTESIAN_POINT('',(-0.32,-7.3,2.54));
#5159 = LINE('',#5160,#5161);
#5160 = CARTESIAN_POINT('',(-0.32,-5.875,2.54));
#5161 = VECTOR('',#5162,1.);
#5162 = DIRECTION('',(0.,1.,0.));
#5163 = ORIENTED_EDGE('',*,*,#5164,.F.);
#5164 = EDGE_CURVE('',#5141,#5157,#5165,.T.);
#5165 = LINE('',#5166,#5167);
#5166 = CARTESIAN_POINT('',(-0.16,-7.3,2.54));
#5167 = VECTOR('',#5168,1.);
#5168 = DIRECTION('',(-1.,0.,0.));
#5169 = FACE_BOUND('',#5170,.T.);
#5170 = EDGE_LOOP('',(#5171,#5181,#5189,#5197));
#5171 = ORIENTED_EDGE('',*,*,#5172,.F.);
#5172 = EDGE_CURVE('',#5173,#5175,#5177,.T.);
#5173 = VERTEX_POINT('',#5174);
#5174 = CARTESIAN_POINT('',(0.32,-0.32,2.54));
#5175 = VERTEX_POINT('',#5176);
#5176 = CARTESIAN_POINT('',(0.32,0.32,2.54));
#5177 = LINE('',#5178,#5179);
#5178 = CARTESIAN_POINT('',(0.32,-2.065,2.54));
#5179 = VECTOR('',#5180,1.);
#5180 = DIRECTION('',(0.,1.,0.));
#5181 = ORIENTED_EDGE('',*,*,#5182,.T.);
#5182 = EDGE_CURVE('',#5173,#5183,#5185,.T.);
#5183 = VERTEX_POINT('',#5184);
#5184 = CARTESIAN_POINT('',(-0.32,-0.32,2.54));
#5185 = LINE('',#5186,#5187);
#5186 = CARTESIAN_POINT('',(-0.16,-0.32,2.54));
#5187 = VECTOR('',#5188,1.);
#5188 = DIRECTION('',(-1.,0.,0.));
#5189 = ORIENTED_EDGE('',*,*,#5190,.T.);
#5190 = EDGE_CURVE('',#5183,#5191,#5193,.T.);
#5191 = VERTEX_POINT('',#5192);
#5192 = CARTESIAN_POINT('',(-0.32,0.32,2.54));
#5193 = LINE('',#5194,#5195);
#5194 = CARTESIAN_POINT('',(-0.32,-2.065,2.54));
#5195 = VECTOR('',#5196,1.);
#5196 = DIRECTION('',(0.,1.,0.));
#5197 = ORIENTED_EDGE('',*,*,#5198,.F.);
#5198 = EDGE_CURVE('',#5175,#5191,#5199,.T.);
#5199 = LINE('',#5200,#5201);
#5200 = CARTESIAN_POINT('',(-0.16,0.32,2.54));
#5201 = VECTOR('',#5202,1.);
#5202 = DIRECTION('',(-1.,0.,0.));
#5203 = FACE_BOUND('',#5204,.T.);
#5204 = EDGE_LOOP('',(#5205,#5215,#5223,#5231));
#5205 = ORIENTED_EDGE('',*,*,#5206,.F.);
#5206 = EDGE_CURVE('',#5207,#5209,#5211,.T.);
#5207 = VERTEX_POINT('',#5208);
#5208 = CARTESIAN_POINT('',(0.32,-2.22,2.54));
#5209 = VERTEX_POINT('',#5210);
#5210 = CARTESIAN_POINT('',(-0.32,-2.22,2.54));
#5211 = LINE('',#5212,#5213);
#5212 = CARTESIAN_POINT('',(-0.16,-2.22,2.54));
#5213 = VECTOR('',#5214,1.);
#5214 = DIRECTION('',(-1.,0.,0.));
#5215 = ORIENTED_EDGE('',*,*,#5216,.F.);
#5216 = EDGE_CURVE('',#5217,#5207,#5219,.T.);
#5217 = VERTEX_POINT('',#5218);
#5218 = CARTESIAN_POINT('',(0.32,-2.86,2.54));
#5219 = LINE('',#5220,#5221);
#5220 = CARTESIAN_POINT('',(0.32,-3.335,2.54));
#5221 = VECTOR('',#5222,1.);
#5222 = DIRECTION('',(0.,1.,0.));
#5223 = ORIENTED_EDGE('',*,*,#5224,.T.);
#5224 = EDGE_CURVE('',#5217,#5225,#5227,.T.);
#5225 = VERTEX_POINT('',#5226);
#5226 = CARTESIAN_POINT('',(-0.32,-2.86,2.54));
#5227 = LINE('',#5228,#5229);
#5228 = CARTESIAN_POINT('',(-0.16,-2.86,2.54));
#5229 = VECTOR('',#5230,1.);
#5230 = DIRECTION('',(-1.,0.,0.));
#5231 = ORIENTED_EDGE('',*,*,#5232,.T.);
#5232 = EDGE_CURVE('',#5225,#5209,#5233,.T.);
#5233 = LINE('',#5234,#5235);
#5234 = CARTESIAN_POINT('',(-0.32,-3.335,2.54));
#5235 = VECTOR('',#5236,1.);
#5236 = DIRECTION('',(0.,1.,0.));
#5237 = PLANE('',#5238);
#5238 = AXIS2_PLACEMENT_3D('',#5239,#5240,#5241);
#5239 = CARTESIAN_POINT('',(4.259053689278E-17,-3.81,2.54));
#5240 = DIRECTION('',(0.,0.,1.));
#5241 = DIRECTION('',(1.,0.,-0.));
#5242 = ADVANCED_FACE('',(#5243),#5254,.F.);
#5243 = FACE_BOUND('',#5244,.F.);
#5244 = EDGE_LOOP('',(#5245,#5251,#5252,#5253));
#5245 = ORIENTED_EDGE('',*,*,#5246,.T.);
#5246 = EDGE_CURVE('',#4759,#5088,#5247,.T.);
#5247 = LINE('',#5248,#5249);
#5248 = CARTESIAN_POINT('',(1.27,1.016,0.));
#5249 = VECTOR('',#5250,1.);
#5250 = DIRECTION('',(0.,0.,1.));
#5251 = ORIENTED_EDGE('',*,*,#5095,.T.);
#5252 = ORIENTED_EDGE('',*,*,#4526,.F.);
#5253 = ORIENTED_EDGE('',*,*,#4766,.F.);
#5254 = PLANE('',#5255);
#5255 = AXIS2_PLACEMENT_3D('',#5256,#5257,#5258);
#5256 = CARTESIAN_POINT('',(1.27,1.016,0.));
#5257 = DIRECTION('',(-0.707106781187,-0.707106781187,0.));
#5258 = DIRECTION('',(-0.707106781187,0.707106781187,0.));
#5259 = ADVANCED_FACE('',(#5260),#5271,.F.);
#5260 = FACE_BOUND('',#5261,.F.);
#5261 = EDGE_LOOP('',(#5262,#5263,#5264,#5270));
#5262 = ORIENTED_EDGE('',*,*,#4566,.T.);
#5263 = ORIENTED_EDGE('',*,*,#4919,.T.);
#5264 = ORIENTED_EDGE('',*,*,#5265,.F.);
#5265 = EDGE_CURVE('',#4591,#4920,#5266,.T.);
#5266 = LINE('',#5267,#5268);
#5267 = CARTESIAN_POINT('',(-1.016,-1.27,0.));
#5268 = VECTOR('',#5269,1.);
#5269 = DIRECTION('',(0.,0.,1.));
#5270 = ORIENTED_EDGE('',*,*,#4590,.F.);
#5271 = PLANE('',#5272);
#5272 = AXIS2_PLACEMENT_3D('',#5273,#5274,#5275);
#5273 = CARTESIAN_POINT('',(-1.27,-1.016,0.));
#5274 = DIRECTION('',(0.707106781187,0.707106781187,0.));
#5275 = DIRECTION('',(0.707106781187,-0.707106781187,0.));
#5276 = ADVANCED_FACE('',(#5277),#5288,.F.);
#5277 = FACE_BOUND('',#5278,.F.);
#5278 = EDGE_LOOP('',(#5279,#5285,#5286,#5287));
#5279 = ORIENTED_EDGE('',*,*,#5280,.T.);
#5280 = EDGE_CURVE('',#4751,#5080,#5281,.T.);
#5281 = LINE('',#5282,#5283);
#5282 = CARTESIAN_POINT('',(1.27,-1.016,0.));
#5283 = VECTOR('',#5284,1.);
#5284 = DIRECTION('',(0.,0.,1.));
#5285 = ORIENTED_EDGE('',*,*,#5087,.T.);
#5286 = ORIENTED_EDGE('',*,*,#5246,.F.);
#5287 = ORIENTED_EDGE('',*,*,#4758,.F.);
#5288 = PLANE('',#5289);
#5289 = AXIS2_PLACEMENT_3D('',#5290,#5291,#5292);
#5290 = CARTESIAN_POINT('',(1.27,-1.016,0.));
#5291 = DIRECTION('',(-1.,0.,0.));
#5292 = DIRECTION('',(0.,1.,0.));
#5293 = ADVANCED_FACE('',(#5294),#5305,.F.);
#5294 = FACE_BOUND('',#5295,.F.);
#5295 = EDGE_LOOP('',(#5296,#5297,#5298,#5304));
#5296 = ORIENTED_EDGE('',*,*,#5265,.T.);
#5297 = ORIENTED_EDGE('',*,*,#4927,.T.);
#5298 = ORIENTED_EDGE('',*,*,#5299,.F.);
#5299 = EDGE_CURVE('',#4599,#4928,#5300,.T.);
#5300 = LINE('',#5301,#5302);
#5301 = CARTESIAN_POINT('',(-1.27,-1.524,0.));
#5302 = VECTOR('',#5303,1.);
#5303 = DIRECTION('',(0.,0.,1.));
#5304 = ORIENTED_EDGE('',*,*,#4598,.F.);
#5305 = PLANE('',#5306);
#5306 = AXIS2_PLACEMENT_3D('',#5307,#5308,#5309);
#5307 = CARTESIAN_POINT('',(-1.016,-1.27,0.));
#5308 = DIRECTION('',(0.707106781187,-0.707106781187,0.));
#5309 = DIRECTION('',(-0.707106781187,-0.707106781187,0.));
#5310 = ADVANCED_FACE('',(#5311),#5322,.F.);
#5311 = FACE_BOUND('',#5312,.F.);
#5312 = EDGE_LOOP('',(#5313,#5319,#5320,#5321));
#5313 = ORIENTED_EDGE('',*,*,#5314,.T.);
#5314 = EDGE_CURVE('',#4743,#5072,#5315,.T.);
#5315 = LINE('',#5316,#5317);
#5316 = CARTESIAN_POINT('',(1.016,-1.27,0.));
#5317 = VECTOR('',#5318,1.);
#5318 = DIRECTION('',(0.,0.,1.));
#5319 = ORIENTED_EDGE('',*,*,#5079,.T.);
#5320 = ORIENTED_EDGE('',*,*,#5280,.F.);
#5321 = ORIENTED_EDGE('',*,*,#4750,.F.);
#5322 = PLANE('',#5323);
#5323 = AXIS2_PLACEMENT_3D('',#5324,#5325,#5326);
#5324 = CARTESIAN_POINT('',(1.016,-1.27,0.));
#5325 = DIRECTION('',(-0.707106781187,0.707106781187,0.));
#5326 = DIRECTION('',(0.707106781187,0.707106781187,0.));
#5327 = ADVANCED_FACE('',(#5328),#5339,.F.);
#5328 = FACE_BOUND('',#5329,.F.);
#5329 = EDGE_LOOP('',(#5330,#5331,#5332,#5338));
#5330 = ORIENTED_EDGE('',*,*,#5299,.T.);
#5331 = ORIENTED_EDGE('',*,*,#4935,.T.);
#5332 = ORIENTED_EDGE('',*,*,#5333,.F.);
#5333 = EDGE_CURVE('',#4607,#4936,#5334,.T.);
#5334 = LINE('',#5335,#5336);
#5335 = CARTESIAN_POINT('',(-1.27,-3.556,0.));
#5336 = VECTOR('',#5337,1.);
#5337 = DIRECTION('',(0.,0.,1.));
#5338 = ORIENTED_EDGE('',*,*,#4606,.F.);
#5339 = PLANE('',#5340);
#5340 = AXIS2_PLACEMENT_3D('',#5341,#5342,#5343);
#5341 = CARTESIAN_POINT('',(-1.27,-1.524,0.));
#5342 = DIRECTION('',(1.,0.,0.));
#5343 = DIRECTION('',(0.,-1.,0.));
#5344 = ADVANCED_FACE('',(#5345),#5356,.F.);
#5345 = FACE_BOUND('',#5346,.F.);
#5346 = EDGE_LOOP('',(#5347,#5353,#5354,#5355));
#5347 = ORIENTED_EDGE('',*,*,#5348,.T.);
#5348 = EDGE_CURVE('',#4735,#5064,#5349,.T.);
#5349 = LINE('',#5350,#5351);
#5350 = CARTESIAN_POINT('',(1.27,-1.524,0.));
#5351 = VECTOR('',#5352,1.);
#5352 = DIRECTION('',(0.,0.,1.));
#5353 = ORIENTED_EDGE('',*,*,#5071,.T.);
#5354 = ORIENTED_EDGE('',*,*,#5314,.F.);
#5355 = ORIENTED_EDGE('',*,*,#4742,.F.);
#5356 = PLANE('',#5357);
#5357 = AXIS2_PLACEMENT_3D('',#5358,#5359,#5360);
#5358 = CARTESIAN_POINT('',(1.27,-1.524,0.));
#5359 = DIRECTION('',(-0.707106781187,-0.707106781187,0.));
#5360 = DIRECTION('',(-0.707106781187,0.707106781187,0.));
#5361 = ADVANCED_FACE('',(#5362),#5373,.F.);
#5362 = FACE_BOUND('',#5363,.F.);
#5363 = EDGE_LOOP('',(#5364,#5365,#5366,#5372));
#5364 = ORIENTED_EDGE('',*,*,#5333,.T.);
#5365 = ORIENTED_EDGE('',*,*,#4943,.T.);
#5366 = ORIENTED_EDGE('',*,*,#5367,.F.);
#5367 = EDGE_CURVE('',#4615,#4944,#5368,.T.);
#5368 = LINE('',#5369,#5370);
#5369 = CARTESIAN_POINT('',(-1.016,-3.81,0.));
#5370 = VECTOR('',#5371,1.);
#5371 = DIRECTION('',(0.,0.,1.));
#5372 = ORIENTED_EDGE('',*,*,#4614,.F.);
#5373 = PLANE('',#5374);
#5374 = AXIS2_PLACEMENT_3D('',#5375,#5376,#5377);
#5375 = CARTESIAN_POINT('',(-1.27,-3.556,0.));
#5376 = DIRECTION('',(0.707106781187,0.707106781187,0.));
#5377 = DIRECTION('',(0.707106781187,-0.707106781187,0.));
#5378 = ADVANCED_FACE('',(#5379),#5390,.F.);
#5379 = FACE_BOUND('',#5380,.F.);
#5380 = EDGE_LOOP('',(#5381,#5387,#5388,#5389));
#5381 = ORIENTED_EDGE('',*,*,#5382,.T.);
#5382 = EDGE_CURVE('',#4727,#5056,#5383,.T.);
#5383 = LINE('',#5384,#5385);
#5384 = CARTESIAN_POINT('',(1.27,-3.556,0.));
#5385 = VECTOR('',#5386,1.);
#5386 = DIRECTION('',(0.,0.,1.));
#5387 = ORIENTED_EDGE('',*,*,#5063,.T.);
#5388 = ORIENTED_EDGE('',*,*,#5348,.F.);
#5389 = ORIENTED_EDGE('',*,*,#4734,.F.);
#5390 = PLANE('',#5391);
#5391 = AXIS2_PLACEMENT_3D('',#5392,#5393,#5394);
#5392 = CARTESIAN_POINT('',(1.27,-3.556,0.));
#5393 = DIRECTION('',(-1.,0.,0.));
#5394 = DIRECTION('',(0.,1.,0.));
#5395 = ADVANCED_FACE('',(#5396),#5407,.F.);
#5396 = FACE_BOUND('',#5397,.F.);
#5397 = EDGE_LOOP('',(#5398,#5399,#5400,#5406));
#5398 = ORIENTED_EDGE('',*,*,#5367,.T.);
#5399 = ORIENTED_EDGE('',*,*,#4951,.T.);
#5400 = ORIENTED_EDGE('',*,*,#5401,.F.);
#5401 = EDGE_CURVE('',#4623,#4952,#5402,.T.);
#5402 = LINE('',#5403,#5404);
#5403 = CARTESIAN_POINT('',(-1.27,-4.064,0.));
#5404 = VECTOR('',#5405,1.);
#5405 = DIRECTION('',(0.,0.,1.));
#5406 = ORIENTED_EDGE('',*,*,#4622,.F.);
#5407 = PLANE('',#5408);
#5408 = AXIS2_PLACEMENT_3D('',#5409,#5410,#5411);
#5409 = CARTESIAN_POINT('',(-1.016,-3.81,0.));
#5410 = DIRECTION('',(0.707106781187,-0.707106781187,0.));
#5411 = DIRECTION('',(-0.707106781187,-0.707106781187,0.));
#5412 = ADVANCED_FACE('',(#5413),#5424,.F.);
#5413 = FACE_BOUND('',#5414,.F.);
#5414 = EDGE_LOOP('',(#5415,#5421,#5422,#5423));
#5415 = ORIENTED_EDGE('',*,*,#5416,.T.);
#5416 = EDGE_CURVE('',#4719,#5048,#5417,.T.);
#5417 = LINE('',#5418,#5419);
#5418 = CARTESIAN_POINT('',(1.016,-3.81,0.));
#5419 = VECTOR('',#5420,1.);
#5420 = DIRECTION('',(0.,0.,1.));
#5421 = ORIENTED_EDGE('',*,*,#5055,.T.);
#5422 = ORIENTED_EDGE('',*,*,#5382,.F.);
#5423 = ORIENTED_EDGE('',*,*,#4726,.F.);
#5424 = PLANE('',#5425);
#5425 = AXIS2_PLACEMENT_3D('',#5426,#5427,#5428);
#5426 = CARTESIAN_POINT('',(1.016,-3.81,0.));
#5427 = DIRECTION('',(-0.707106781187,0.707106781187,0.));
#5428 = DIRECTION('',(0.707106781187,0.707106781187,0.));
#5429 = ADVANCED_FACE('',(#5430),#5441,.F.);
#5430 = FACE_BOUND('',#5431,.F.);
#5431 = EDGE_LOOP('',(#5432,#5433,#5434,#5440));
#5432 = ORIENTED_EDGE('',*,*,#5401,.T.);
#5433 = ORIENTED_EDGE('',*,*,#4959,.T.);
#5434 = ORIENTED_EDGE('',*,*,#5435,.F.);
#5435 = EDGE_CURVE('',#4631,#4960,#5436,.T.);
#5436 = LINE('',#5437,#5438);
#5437 = CARTESIAN_POINT('',(-1.27,-6.096,0.));
#5438 = VECTOR('',#5439,1.);
#5439 = DIRECTION('',(0.,0.,1.));
#5440 = ORIENTED_EDGE('',*,*,#4630,.F.);
#5441 = PLANE('',#5442);
#5442 = AXIS2_PLACEMENT_3D('',#5443,#5444,#5445);
#5443 = CARTESIAN_POINT('',(-1.27,-4.064,0.));
#5444 = DIRECTION('',(1.,0.,0.));
#5445 = DIRECTION('',(0.,-1.,0.));
#5446 = ADVANCED_FACE('',(#5447),#5458,.F.);
#5447 = FACE_BOUND('',#5448,.F.);
#5448 = EDGE_LOOP('',(#5449,#5455,#5456,#5457));
#5449 = ORIENTED_EDGE('',*,*,#5450,.T.);
#5450 = EDGE_CURVE('',#4711,#5040,#5451,.T.);
#5451 = LINE('',#5452,#5453);
#5452 = CARTESIAN_POINT('',(1.27,-4.064,0.));
#5453 = VECTOR('',#5454,1.);
#5454 = DIRECTION('',(0.,0.,1.));
#5455 = ORIENTED_EDGE('',*,*,#5047,.T.);
#5456 = ORIENTED_EDGE('',*,*,#5416,.F.);
#5457 = ORIENTED_EDGE('',*,*,#4718,.F.);
#5458 = PLANE('',#5459);
#5459 = AXIS2_PLACEMENT_3D('',#5460,#5461,#5462);
#5460 = CARTESIAN_POINT('',(1.27,-4.064,0.));
#5461 = DIRECTION('',(-0.707106781187,-0.707106781187,0.));
#5462 = DIRECTION('',(-0.707106781187,0.707106781187,0.));
#5463 = ADVANCED_FACE('',(#5464),#5475,.F.);
#5464 = FACE_BOUND('',#5465,.F.);
#5465 = EDGE_LOOP('',(#5466,#5467,#5468,#5474));
#5466 = ORIENTED_EDGE('',*,*,#5435,.T.);
#5467 = ORIENTED_EDGE('',*,*,#4967,.T.);
#5468 = ORIENTED_EDGE('',*,*,#5469,.F.);
#5469 = EDGE_CURVE('',#4639,#4968,#5470,.T.);
#5470 = LINE('',#5471,#5472);
#5471 = CARTESIAN_POINT('',(-1.016,-6.35,0.));
#5472 = VECTOR('',#5473,1.);
#5473 = DIRECTION('',(0.,0.,1.));
#5474 = ORIENTED_EDGE('',*,*,#4638,.F.);
#5475 = PLANE('',#5476);
#5476 = AXIS2_PLACEMENT_3D('',#5477,#5478,#5479);
#5477 = CARTESIAN_POINT('',(-1.27,-6.096,0.));
#5478 = DIRECTION('',(0.707106781187,0.707106781187,0.));
#5479 = DIRECTION('',(0.707106781187,-0.707106781187,0.));
#5480 = ADVANCED_FACE('',(#5481),#5492,.F.);
#5481 = FACE_BOUND('',#5482,.F.);
#5482 = EDGE_LOOP('',(#5483,#5489,#5490,#5491));
#5483 = ORIENTED_EDGE('',*,*,#5484,.T.);
#5484 = EDGE_CURVE('',#4703,#5032,#5485,.T.);
#5485 = LINE('',#5486,#5487);
#5486 = CARTESIAN_POINT('',(1.27,-6.096,0.));
#5487 = VECTOR('',#5488,1.);
#5488 = DIRECTION('',(0.,0.,1.));
#5489 = ORIENTED_EDGE('',*,*,#5039,.T.);
#5490 = ORIENTED_EDGE('',*,*,#5450,.F.);
#5491 = ORIENTED_EDGE('',*,*,#4710,.F.);
#5492 = PLANE('',#5493);
#5493 = AXIS2_PLACEMENT_3D('',#5494,#5495,#5496);
#5494 = CARTESIAN_POINT('',(1.27,-6.096,0.));
#5495 = DIRECTION('',(-1.,0.,0.));
#5496 = DIRECTION('',(0.,1.,0.));
#5497 = ADVANCED_FACE('',(#5498),#5509,.F.);
#5498 = FACE_BOUND('',#5499,.F.);
#5499 = EDGE_LOOP('',(#5500,#5501,#5502,#5508));
#5500 = ORIENTED_EDGE('',*,*,#5469,.T.);
#5501 = ORIENTED_EDGE('',*,*,#4975,.T.);
#5502 = ORIENTED_EDGE('',*,*,#5503,.F.);
#5503 = EDGE_CURVE('',#4647,#4976,#5504,.T.);
#5504 = LINE('',#5505,#5506);
#5505 = CARTESIAN_POINT('',(-1.27,-6.604,0.));
#5506 = VECTOR('',#5507,1.);
#5507 = DIRECTION('',(0.,0.,1.));
#5508 = ORIENTED_EDGE('',*,*,#4646,.F.);
#5509 = PLANE('',#5510);
#5510 = AXIS2_PLACEMENT_3D('',#5511,#5512,#5513);
#5511 = CARTESIAN_POINT('',(-1.016,-6.35,0.));
#5512 = DIRECTION('',(0.707106781187,-0.707106781187,0.));
#5513 = DIRECTION('',(-0.707106781187,-0.707106781187,0.));
#5514 = ADVANCED_FACE('',(#5515),#5526,.F.);
#5515 = FACE_BOUND('',#5516,.F.);
#5516 = EDGE_LOOP('',(#5517,#5523,#5524,#5525));
#5517 = ORIENTED_EDGE('',*,*,#5518,.T.);
#5518 = EDGE_CURVE('',#4695,#5024,#5519,.T.);
#5519 = LINE('',#5520,#5521);
#5520 = CARTESIAN_POINT('',(1.016,-6.35,0.));
#5521 = VECTOR('',#5522,1.);
#5522 = DIRECTION('',(0.,0.,1.));
#5523 = ORIENTED_EDGE('',*,*,#5031,.T.);
#5524 = ORIENTED_EDGE('',*,*,#5484,.F.);
#5525 = ORIENTED_EDGE('',*,*,#4702,.F.);
#5526 = PLANE('',#5527);
#5527 = AXIS2_PLACEMENT_3D('',#5528,#5529,#5530);
#5528 = CARTESIAN_POINT('',(1.016,-6.35,0.));
#5529 = DIRECTION('',(-0.707106781187,0.707106781187,0.));
#5530 = DIRECTION('',(0.707106781187,0.707106781187,0.));
#5531 = ADVANCED_FACE('',(#5532),#5543,.F.);
#5532 = FACE_BOUND('',#5533,.F.);
#5533 = EDGE_LOOP('',(#5534,#5535,#5536,#5542));
#5534 = ORIENTED_EDGE('',*,*,#5503,.T.);
#5535 = ORIENTED_EDGE('',*,*,#4983,.T.);
#5536 = ORIENTED_EDGE('',*,*,#5537,.F.);
#5537 = EDGE_CURVE('',#4655,#4984,#5538,.T.);
#5538 = LINE('',#5539,#5540);
#5539 = CARTESIAN_POINT('',(-1.27,-8.636,0.));
#5540 = VECTOR('',#5541,1.);
#5541 = DIRECTION('',(0.,0.,1.));
#5542 = ORIENTED_EDGE('',*,*,#4654,.F.);
#5543 = PLANE('',#5544);
#5544 = AXIS2_PLACEMENT_3D('',#5545,#5546,#5547);
#5545 = CARTESIAN_POINT('',(-1.27,-6.604,0.));
#5546 = DIRECTION('',(1.,0.,0.));
#5547 = DIRECTION('',(0.,-1.,0.));
#5548 = ADVANCED_FACE('',(#5549),#5560,.F.);
#5549 = FACE_BOUND('',#5550,.F.);
#5550 = EDGE_LOOP('',(#5551,#5557,#5558,#5559));
#5551 = ORIENTED_EDGE('',*,*,#5552,.T.);
#5552 = EDGE_CURVE('',#4687,#5016,#5553,.T.);
#5553 = LINE('',#5554,#5555);
#5554 = CARTESIAN_POINT('',(1.27,-6.604,0.));
#5555 = VECTOR('',#5556,1.);
#5556 = DIRECTION('',(0.,0.,1.));
#5557 = ORIENTED_EDGE('',*,*,#5023,.T.);
#5558 = ORIENTED_EDGE('',*,*,#5518,.F.);
#5559 = ORIENTED_EDGE('',*,*,#4694,.F.);
#5560 = PLANE('',#5561);
#5561 = AXIS2_PLACEMENT_3D('',#5562,#5563,#5564);
#5562 = CARTESIAN_POINT('',(1.27,-6.604,0.));
#5563 = DIRECTION('',(-0.707106781187,-0.707106781187,0.));
#5564 = DIRECTION('',(-0.707106781187,0.707106781187,0.));
#5565 = ADVANCED_FACE('',(#5566),#5577,.F.);
#5566 = FACE_BOUND('',#5567,.F.);
#5567 = EDGE_LOOP('',(#5568,#5569,#5570,#5576));
#5568 = ORIENTED_EDGE('',*,*,#5537,.T.);
#5569 = ORIENTED_EDGE('',*,*,#4991,.T.);
#5570 = ORIENTED_EDGE('',*,*,#5571,.F.);
#5571 = EDGE_CURVE('',#4663,#4992,#5572,.T.);
#5572 = LINE('',#5573,#5574);
#5573 = CARTESIAN_POINT('',(-1.016,-8.89,0.));
#5574 = VECTOR('',#5575,1.);
#5575 = DIRECTION('',(0.,0.,1.));
#5576 = ORIENTED_EDGE('',*,*,#4662,.F.);
#5577 = PLANE('',#5578);
#5578 = AXIS2_PLACEMENT_3D('',#5579,#5580,#5581);
#5579 = CARTESIAN_POINT('',(-1.27,-8.636,0.));
#5580 = DIRECTION('',(0.707106781187,0.707106781187,0.));
#5581 = DIRECTION('',(0.707106781187,-0.707106781187,0.));
#5582 = ADVANCED_FACE('',(#5583),#5594,.F.);
#5583 = FACE_BOUND('',#5584,.F.);
#5584 = EDGE_LOOP('',(#5585,#5591,#5592,#5593));
#5585 = ORIENTED_EDGE('',*,*,#5586,.T.);
#5586 = EDGE_CURVE('',#4679,#5008,#5587,.T.);
#5587 = LINE('',#5588,#5589);
#5588 = CARTESIAN_POINT('',(1.27,-8.636,0.));
#5589 = VECTOR('',#5590,1.);
#5590 = DIRECTION('',(0.,0.,1.));
#5591 = ORIENTED_EDGE('',*,*,#5015,.T.);
#5592 = ORIENTED_EDGE('',*,*,#5552,.F.);
#5593 = ORIENTED_EDGE('',*,*,#4686,.F.);
#5594 = PLANE('',#5595);
#5595 = AXIS2_PLACEMENT_3D('',#5596,#5597,#5598);
#5596 = CARTESIAN_POINT('',(1.27,-8.636,0.));
#5597 = DIRECTION('',(-1.,0.,0.));
#5598 = DIRECTION('',(0.,1.,0.));
#5599 = ADVANCED_FACE('',(#5600),#5611,.F.);
#5600 = FACE_BOUND('',#5601,.F.);
#5601 = EDGE_LOOP('',(#5602,#5603,#5604,#5610));
#5602 = ORIENTED_EDGE('',*,*,#5571,.T.);
#5603 = ORIENTED_EDGE('',*,*,#4999,.T.);
#5604 = ORIENTED_EDGE('',*,*,#5605,.F.);
#5605 = EDGE_CURVE('',#4671,#5000,#5606,.T.);
#5606 = LINE('',#5607,#5608);
#5607 = CARTESIAN_POINT('',(1.016,-8.89,0.));
#5608 = VECTOR('',#5609,1.);
#5609 = DIRECTION('',(0.,0.,1.));
#5610 = ORIENTED_EDGE('',*,*,#4670,.F.);
#5611 = PLANE('',#5612);
#5612 = AXIS2_PLACEMENT_3D('',#5613,#5614,#5615);
#5613 = CARTESIAN_POINT('',(-1.016,-8.89,0.));
#5614 = DIRECTION('',(0.,1.,0.));
#5615 = DIRECTION('',(1.,0.,0.));
#5616 = ADVANCED_FACE('',(#5617),#5623,.F.);
#5617 = FACE_BOUND('',#5618,.F.);
#5618 = EDGE_LOOP('',(#5619,#5620,#5621,#5622));
#5619 = ORIENTED_EDGE('',*,*,#5605,.T.);
#5620 = ORIENTED_EDGE('',*,*,#5007,.T.);
#5621 = ORIENTED_EDGE('',*,*,#5586,.F.);
#5622 = ORIENTED_EDGE('',*,*,#4678,.F.);
#5623 = PLANE('',#5624);
#5624 = AXIS2_PLACEMENT_3D('',#5625,#5626,#5627);
#5625 = CARTESIAN_POINT('',(1.016,-8.89,0.));
#5626 = DIRECTION('',(-0.707106781187,0.707106781187,0.));
#5627 = DIRECTION('',(0.707106781187,0.707106781187,0.));
#5628 = ADVANCED_FACE('',(#5629),#5654,.T.);
#5629 = FACE_BOUND('',#5630,.T.);
#5630 = EDGE_LOOP('',(#5631,#5639,#5647,#5653));
#5631 = ORIENTED_EDGE('',*,*,#5632,.F.);
#5632 = EDGE_CURVE('',#5633,#4776,#5635,.T.);
#5633 = VERTEX_POINT('',#5634);
#5634 = CARTESIAN_POINT('',(0.32,-4.76,-2.84));
#5635 = LINE('',#5636,#5637);
#5636 = CARTESIAN_POINT('',(0.32,-4.76,-3.));
#5637 = VECTOR('',#5638,1.);
#5638 = DIRECTION('',(0.,0.,1.));
#5639 = ORIENTED_EDGE('',*,*,#5640,.F.);
#5640 = EDGE_CURVE('',#5641,#5633,#5643,.T.);
#5641 = VERTEX_POINT('',#5642);
#5642 = CARTESIAN_POINT('',(-0.32,-4.76,-2.84));
#5643 = LINE('',#5644,#5645);
#5644 = CARTESIAN_POINT('',(-0.32,-4.76,-2.84));
#5645 = VECTOR('',#5646,1.);
#5646 = DIRECTION('',(1.,0.,0.));
#5647 = ORIENTED_EDGE('',*,*,#5648,.T.);
#5648 = EDGE_CURVE('',#5641,#4778,#5649,.T.);
#5649 = LINE('',#5650,#5651);
#5650 = CARTESIAN_POINT('',(-0.32,-4.76,-3.));
#5651 = VECTOR('',#5652,1.);
#5652 = DIRECTION('',(0.,0.,1.));
#5653 = ORIENTED_EDGE('',*,*,#4775,.F.);
#5654 = PLANE('',#5655);
#5655 = AXIS2_PLACEMENT_3D('',#5656,#5657,#5658);
#5656 = CARTESIAN_POINT('',(-0.32,-4.76,-3.));
#5657 = DIRECTION('',(0.,1.,0.));
#5658 = DIRECTION('',(0.,-0.,1.));
#5659 = ADVANCED_FACE('',(#5660),#5678,.F.);
#5660 = FACE_BOUND('',#5661,.F.);
#5661 = EDGE_LOOP('',(#5662,#5670,#5676,#5677));
#5662 = ORIENTED_EDGE('',*,*,#5663,.F.);
#5663 = EDGE_CURVE('',#5664,#4794,#5666,.T.);
#5664 = VERTEX_POINT('',#5665);
#5665 = CARTESIAN_POINT('',(-0.32,-5.4,-2.84));
#5666 = LINE('',#5667,#5668);
#5667 = CARTESIAN_POINT('',(-0.32,-5.4,-3.));
#5668 = VECTOR('',#5669,1.);
#5669 = DIRECTION('',(0.,0.,1.));
#5670 = ORIENTED_EDGE('',*,*,#5671,.T.);
#5671 = EDGE_CURVE('',#5664,#5641,#5672,.T.);
#5672 = LINE('',#5673,#5674);
#5673 = CARTESIAN_POINT('',(-0.32,-5.4,-2.84));
#5674 = VECTOR('',#5675,1.);
#5675 = DIRECTION('',(0.,1.,0.));
#5676 = ORIENTED_EDGE('',*,*,#5648,.T.);
#5677 = ORIENTED_EDGE('',*,*,#4801,.F.);
#5678 = PLANE('',#5679);
#5679 = AXIS2_PLACEMENT_3D('',#5680,#5681,#5682);
#5680 = CARTESIAN_POINT('',(-0.32,-5.4,-3.));
#5681 = DIRECTION('',(1.,0.,0.));
#5682 = DIRECTION('',(0.,0.,1.));
#5683 = ADVANCED_FACE('',(#5684),#5702,.F.);
#5684 = FACE_BOUND('',#5685,.F.);
#5685 = EDGE_LOOP('',(#5686,#5694,#5700,#5701));
#5686 = ORIENTED_EDGE('',*,*,#5687,.F.);
#5687 = EDGE_CURVE('',#5688,#4786,#5690,.T.);
#5688 = VERTEX_POINT('',#5689);
#5689 = CARTESIAN_POINT('',(0.32,-5.4,-2.84));
#5690 = LINE('',#5691,#5692);
#5691 = CARTESIAN_POINT('',(0.32,-5.4,-3.));
#5692 = VECTOR('',#5693,1.);
#5693 = DIRECTION('',(0.,0.,1.));
#5694 = ORIENTED_EDGE('',*,*,#5695,.F.);
#5695 = EDGE_CURVE('',#5664,#5688,#5696,.T.);
#5696 = LINE('',#5697,#5698);
#5697 = CARTESIAN_POINT('',(-0.32,-5.4,-2.84));
#5698 = VECTOR('',#5699,1.);
#5699 = DIRECTION('',(1.,0.,0.));
#5700 = ORIENTED_EDGE('',*,*,#5663,.T.);
#5701 = ORIENTED_EDGE('',*,*,#4793,.F.);
#5702 = PLANE('',#5703);
#5703 = AXIS2_PLACEMENT_3D('',#5704,#5705,#5706);
#5704 = CARTESIAN_POINT('',(-0.32,-5.4,-3.));
#5705 = DIRECTION('',(0.,1.,0.));
#5706 = DIRECTION('',(0.,-0.,1.));
#5707 = ADVANCED_FACE('',(#5708),#5719,.T.);
#5708 = FACE_BOUND('',#5709,.T.);
#5709 = EDGE_LOOP('',(#5710,#5711,#5717,#5718));
#5710 = ORIENTED_EDGE('',*,*,#5687,.F.);
#5711 = ORIENTED_EDGE('',*,*,#5712,.T.);
#5712 = EDGE_CURVE('',#5688,#5633,#5713,.T.);
#5713 = LINE('',#5714,#5715);
#5714 = CARTESIAN_POINT('',(0.32,-5.4,-2.84));
#5715 = VECTOR('',#5716,1.);
#5716 = DIRECTION('',(0.,1.,0.));
#5717 = ORIENTED_EDGE('',*,*,#5632,.T.);
#5718 = ORIENTED_EDGE('',*,*,#4785,.F.);
#5719 = PLANE('',#5720);
#5720 = AXIS2_PLACEMENT_3D('',#5721,#5722,#5723);
#5721 = CARTESIAN_POINT('',(0.32,-5.4,-3.));
#5722 = DIRECTION('',(1.,0.,0.));
#5723 = DIRECTION('',(0.,0.,1.));
#5724 = ADVANCED_FACE('',(#5725),#5750,.T.);
#5725 = FACE_BOUND('',#5726,.T.);
#5726 = EDGE_LOOP('',(#5727,#5735,#5743,#5749));
#5727 = ORIENTED_EDGE('',*,*,#5728,.F.);
#5728 = EDGE_CURVE('',#5729,#4810,#5731,.T.);
#5729 = VERTEX_POINT('',#5730);
#5730 = CARTESIAN_POINT('',(0.32,-7.94,-2.84));
#5731 = LINE('',#5732,#5733);
#5732 = CARTESIAN_POINT('',(0.32,-7.94,-3.));
#5733 = VECTOR('',#5734,1.);
#5734 = DIRECTION('',(0.,0.,1.));
#5735 = ORIENTED_EDGE('',*,*,#5736,.T.);
#5736 = EDGE_CURVE('',#5729,#5737,#5739,.T.);
#5737 = VERTEX_POINT('',#5738);
#5738 = CARTESIAN_POINT('',(0.32,-7.3,-2.84));
#5739 = LINE('',#5740,#5741);
#5740 = CARTESIAN_POINT('',(0.32,-7.94,-2.84));
#5741 = VECTOR('',#5742,1.);
#5742 = DIRECTION('',(0.,1.,0.));
#5743 = ORIENTED_EDGE('',*,*,#5744,.T.);
#5744 = EDGE_CURVE('',#5737,#4812,#5745,.T.);
#5745 = LINE('',#5746,#5747);
#5746 = CARTESIAN_POINT('',(0.32,-7.3,-3.));
#5747 = VECTOR('',#5748,1.);
#5748 = DIRECTION('',(0.,0.,1.));
#5749 = ORIENTED_EDGE('',*,*,#4809,.F.);
#5750 = PLANE('',#5751);
#5751 = AXIS2_PLACEMENT_3D('',#5752,#5753,#5754);
#5752 = CARTESIAN_POINT('',(0.32,-7.94,-3.));
#5753 = DIRECTION('',(1.,0.,0.));
#5754 = DIRECTION('',(0.,0.,1.));
#5755 = ADVANCED_FACE('',(#5756),#5774,.T.);
#5756 = FACE_BOUND('',#5757,.T.);
#5757 = EDGE_LOOP('',(#5758,#5759,#5767,#5773));
#5758 = ORIENTED_EDGE('',*,*,#5744,.F.);
#5759 = ORIENTED_EDGE('',*,*,#5760,.F.);
#5760 = EDGE_CURVE('',#5761,#5737,#5763,.T.);
#5761 = VERTEX_POINT('',#5762);
#5762 = CARTESIAN_POINT('',(-0.32,-7.3,-2.84));
#5763 = LINE('',#5764,#5765);
#5764 = CARTESIAN_POINT('',(-0.32,-7.3,-2.84));
#5765 = VECTOR('',#5766,1.);
#5766 = DIRECTION('',(1.,0.,0.));
#5767 = ORIENTED_EDGE('',*,*,#5768,.T.);
#5768 = EDGE_CURVE('',#5761,#4828,#5769,.T.);
#5769 = LINE('',#5770,#5771);
#5770 = CARTESIAN_POINT('',(-0.32,-7.3,-3.));
#5771 = VECTOR('',#5772,1.);
#5772 = DIRECTION('',(0.,0.,1.));
#5773 = ORIENTED_EDGE('',*,*,#4835,.F.);
#5774 = PLANE('',#5775);
#5775 = AXIS2_PLACEMENT_3D('',#5776,#5777,#5778);
#5776 = CARTESIAN_POINT('',(-0.32,-7.3,-3.));
#5777 = DIRECTION('',(0.,1.,0.));
#5778 = DIRECTION('',(0.,-0.,1.));
#5779 = ADVANCED_FACE('',(#5780),#5798,.F.);
#5780 = FACE_BOUND('',#5781,.F.);
#5781 = EDGE_LOOP('',(#5782,#5790,#5796,#5797));
#5782 = ORIENTED_EDGE('',*,*,#5783,.F.);
#5783 = EDGE_CURVE('',#5784,#4820,#5786,.T.);
#5784 = VERTEX_POINT('',#5785);
#5785 = CARTESIAN_POINT('',(-0.32,-7.94,-2.84));
#5786 = LINE('',#5787,#5788);
#5787 = CARTESIAN_POINT('',(-0.32,-7.94,-3.));
#5788 = VECTOR('',#5789,1.);
#5789 = DIRECTION('',(0.,0.,1.));
#5790 = ORIENTED_EDGE('',*,*,#5791,.T.);
#5791 = EDGE_CURVE('',#5784,#5761,#5792,.T.);
#5792 = LINE('',#5793,#5794);
#5793 = CARTESIAN_POINT('',(-0.32,-7.94,-2.84));
#5794 = VECTOR('',#5795,1.);
#5795 = DIRECTION('',(0.,1.,0.));
#5796 = ORIENTED_EDGE('',*,*,#5768,.T.);
#5797 = ORIENTED_EDGE('',*,*,#4827,.F.);
#5798 = PLANE('',#5799);
#5799 = AXIS2_PLACEMENT_3D('',#5800,#5801,#5802);
#5800 = CARTESIAN_POINT('',(-0.32,-7.94,-3.));
#5801 = DIRECTION('',(1.,0.,0.));
#5802 = DIRECTION('',(0.,0.,1.));
#5803 = ADVANCED_FACE('',(#5804),#5815,.F.);
#5804 = FACE_BOUND('',#5805,.F.);
#5805 = EDGE_LOOP('',(#5806,#5807,#5813,#5814));
#5806 = ORIENTED_EDGE('',*,*,#5728,.F.);
#5807 = ORIENTED_EDGE('',*,*,#5808,.F.);
#5808 = EDGE_CURVE('',#5784,#5729,#5809,.T.);
#5809 = LINE('',#5810,#5811);
#5810 = CARTESIAN_POINT('',(-0.32,-7.94,-2.84));
#5811 = VECTOR('',#5812,1.);
#5812 = DIRECTION('',(1.,0.,0.));
#5813 = ORIENTED_EDGE('',*,*,#5783,.T.);
#5814 = ORIENTED_EDGE('',*,*,#4819,.F.);
#5815 = PLANE('',#5816);
#5816 = AXIS2_PLACEMENT_3D('',#5817,#5818,#5819);
#5817 = CARTESIAN_POINT('',(-0.32,-7.94,-3.));
#5818 = DIRECTION('',(0.,1.,0.));
#5819 = DIRECTION('',(0.,-0.,1.));
#5820 = ADVANCED_FACE('',(#5821),#5846,.T.);
#5821 = FACE_BOUND('',#5822,.T.);
#5822 = EDGE_LOOP('',(#5823,#5831,#5839,#5845));
#5823 = ORIENTED_EDGE('',*,*,#5824,.F.);
#5824 = EDGE_CURVE('',#5825,#4844,#5827,.T.);
#5825 = VERTEX_POINT('',#5826);
#5826 = CARTESIAN_POINT('',(0.32,-0.32,-2.84));
#5827 = LINE('',#5828,#5829);
#5828 = CARTESIAN_POINT('',(0.32,-0.32,-3.));
#5829 = VECTOR('',#5830,1.);
#5830 = DIRECTION('',(0.,0.,1.));
#5831 = ORIENTED_EDGE('',*,*,#5832,.T.);
#5832 = EDGE_CURVE('',#5825,#5833,#5835,.T.);
#5833 = VERTEX_POINT('',#5834);
#5834 = CARTESIAN_POINT('',(0.32,0.32,-2.84));
#5835 = LINE('',#5836,#5837);
#5836 = CARTESIAN_POINT('',(0.32,-0.32,-2.84));
#5837 = VECTOR('',#5838,1.);
#5838 = DIRECTION('',(0.,1.,0.));
#5839 = ORIENTED_EDGE('',*,*,#5840,.T.);
#5840 = EDGE_CURVE('',#5833,#4846,#5841,.T.);
#5841 = LINE('',#5842,#5843);
#5842 = CARTESIAN_POINT('',(0.32,0.32,-3.));
#5843 = VECTOR('',#5844,1.);
#5844 = DIRECTION('',(0.,0.,1.));
#5845 = ORIENTED_EDGE('',*,*,#4843,.F.);
#5846 = PLANE('',#5847);
#5847 = AXIS2_PLACEMENT_3D('',#5848,#5849,#5850);
#5848 = CARTESIAN_POINT('',(0.32,-0.32,-3.));
#5849 = DIRECTION('',(1.,0.,0.));
#5850 = DIRECTION('',(0.,0.,1.));
#5851 = ADVANCED_FACE('',(#5852),#5870,.T.);
#5852 = FACE_BOUND('',#5853,.T.);
#5853 = EDGE_LOOP('',(#5854,#5855,#5863,#5869));
#5854 = ORIENTED_EDGE('',*,*,#5840,.F.);
#5855 = ORIENTED_EDGE('',*,*,#5856,.F.);
#5856 = EDGE_CURVE('',#5857,#5833,#5859,.T.);
#5857 = VERTEX_POINT('',#5858);
#5858 = CARTESIAN_POINT('',(-0.32,0.32,-2.84));
#5859 = LINE('',#5860,#5861);
#5860 = CARTESIAN_POINT('',(-0.32,0.32,-2.84));
#5861 = VECTOR('',#5862,1.);
#5862 = DIRECTION('',(1.,0.,0.));
#5863 = ORIENTED_EDGE('',*,*,#5864,.T.);
#5864 = EDGE_CURVE('',#5857,#4862,#5865,.T.);
#5865 = LINE('',#5866,#5867);
#5866 = CARTESIAN_POINT('',(-0.32,0.32,-3.));
#5867 = VECTOR('',#5868,1.);
#5868 = DIRECTION('',(0.,0.,1.));
#5869 = ORIENTED_EDGE('',*,*,#4869,.F.);
#5870 = PLANE('',#5871);
#5871 = AXIS2_PLACEMENT_3D('',#5872,#5873,#5874);
#5872 = CARTESIAN_POINT('',(-0.32,0.32,-3.));
#5873 = DIRECTION('',(0.,1.,0.));
#5874 = DIRECTION('',(0.,-0.,1.));
#5875 = ADVANCED_FACE('',(#5876),#5894,.F.);
#5876 = FACE_BOUND('',#5877,.F.);
#5877 = EDGE_LOOP('',(#5878,#5886,#5892,#5893));
#5878 = ORIENTED_EDGE('',*,*,#5879,.F.);
#5879 = EDGE_CURVE('',#5880,#4854,#5882,.T.);
#5880 = VERTEX_POINT('',#5881);
#5881 = CARTESIAN_POINT('',(-0.32,-0.32,-2.84));
#5882 = LINE('',#5883,#5884);
#5883 = CARTESIAN_POINT('',(-0.32,-0.32,-3.));
#5884 = VECTOR('',#5885,1.);
#5885 = DIRECTION('',(0.,0.,1.));
#5886 = ORIENTED_EDGE('',*,*,#5887,.T.);
#5887 = EDGE_CURVE('',#5880,#5857,#5888,.T.);
#5888 = LINE('',#5889,#5890);
#5889 = CARTESIAN_POINT('',(-0.32,-0.32,-2.84));
#5890 = VECTOR('',#5891,1.);
#5891 = DIRECTION('',(0.,1.,0.));
#5892 = ORIENTED_EDGE('',*,*,#5864,.T.);
#5893 = ORIENTED_EDGE('',*,*,#4861,.F.);
#5894 = PLANE('',#5895);
#5895 = AXIS2_PLACEMENT_3D('',#5896,#5897,#5898);
#5896 = CARTESIAN_POINT('',(-0.32,-0.32,-3.));
#5897 = DIRECTION('',(1.,0.,0.));
#5898 = DIRECTION('',(0.,0.,1.));
#5899 = ADVANCED_FACE('',(#5900),#5911,.F.);
#5900 = FACE_BOUND('',#5901,.F.);
#5901 = EDGE_LOOP('',(#5902,#5903,#5909,#5910));
#5902 = ORIENTED_EDGE('',*,*,#5824,.F.);
#5903 = ORIENTED_EDGE('',*,*,#5904,.F.);
#5904 = EDGE_CURVE('',#5880,#5825,#5905,.T.);
#5905 = LINE('',#5906,#5907);
#5906 = CARTESIAN_POINT('',(-0.32,-0.32,-2.84));
#5907 = VECTOR('',#5908,1.);
#5908 = DIRECTION('',(1.,0.,0.));
#5909 = ORIENTED_EDGE('',*,*,#5879,.T.);
#5910 = ORIENTED_EDGE('',*,*,#4853,.F.);
#5911 = PLANE('',#5912);
#5912 = AXIS2_PLACEMENT_3D('',#5913,#5914,#5915);
#5913 = CARTESIAN_POINT('',(-0.32,-0.32,-3.));
#5914 = DIRECTION('',(0.,1.,0.));
#5915 = DIRECTION('',(0.,-0.,1.));
#5916 = ADVANCED_FACE('',(#5917),#5942,.T.);
#5917 = FACE_BOUND('',#5918,.T.);
#5918 = EDGE_LOOP('',(#5919,#5927,#5935,#5941));
#5919 = ORIENTED_EDGE('',*,*,#5920,.F.);
#5920 = EDGE_CURVE('',#5921,#4878,#5923,.T.);
#5921 = VERTEX_POINT('',#5922);
#5922 = CARTESIAN_POINT('',(0.32,-2.22,-2.84));
#5923 = LINE('',#5924,#5925);
#5924 = CARTESIAN_POINT('',(0.32,-2.22,-3.));
#5925 = VECTOR('',#5926,1.);
#5926 = DIRECTION('',(0.,0.,1.));
#5927 = ORIENTED_EDGE('',*,*,#5928,.F.);
#5928 = EDGE_CURVE('',#5929,#5921,#5931,.T.);
#5929 = VERTEX_POINT('',#5930);
#5930 = CARTESIAN_POINT('',(-0.32,-2.22,-2.84));
#5931 = LINE('',#5932,#5933);
#5932 = CARTESIAN_POINT('',(-0.32,-2.22,-2.84));
#5933 = VECTOR('',#5934,1.);
#5934 = DIRECTION('',(1.,0.,0.));
#5935 = ORIENTED_EDGE('',*,*,#5936,.T.);
#5936 = EDGE_CURVE('',#5929,#4880,#5937,.T.);
#5937 = LINE('',#5938,#5939);
#5938 = CARTESIAN_POINT('',(-0.32,-2.22,-3.));
#5939 = VECTOR('',#5940,1.);
#5940 = DIRECTION('',(0.,0.,1.));
#5941 = ORIENTED_EDGE('',*,*,#4877,.F.);
#5942 = PLANE('',#5943);
#5943 = AXIS2_PLACEMENT_3D('',#5944,#5945,#5946);
#5944 = CARTESIAN_POINT('',(-0.32,-2.22,-3.));
#5945 = DIRECTION('',(0.,1.,0.));
#5946 = DIRECTION('',(0.,-0.,1.));
#5947 = ADVANCED_FACE('',(#5948),#5966,.F.);
#5948 = FACE_BOUND('',#5949,.F.);
#5949 = EDGE_LOOP('',(#5950,#5958,#5964,#5965));
#5950 = ORIENTED_EDGE('',*,*,#5951,.F.);
#5951 = EDGE_CURVE('',#5952,#4896,#5954,.T.);
#5952 = VERTEX_POINT('',#5953);
#5953 = CARTESIAN_POINT('',(-0.32,-2.86,-2.84));
#5954 = LINE('',#5955,#5956);
#5955 = CARTESIAN_POINT('',(-0.32,-2.86,-3.));
#5956 = VECTOR('',#5957,1.);
#5957 = DIRECTION('',(0.,0.,1.));
#5958 = ORIENTED_EDGE('',*,*,#5959,.T.);
#5959 = EDGE_CURVE('',#5952,#5929,#5960,.T.);
#5960 = LINE('',#5961,#5962);
#5961 = CARTESIAN_POINT('',(-0.32,-2.86,-2.84));
#5962 = VECTOR('',#5963,1.);
#5963 = DIRECTION('',(0.,1.,0.));
#5964 = ORIENTED_EDGE('',*,*,#5936,.T.);
#5965 = ORIENTED_EDGE('',*,*,#4903,.F.);
#5966 = PLANE('',#5967);
#5967 = AXIS2_PLACEMENT_3D('',#5968,#5969,#5970);
#5968 = CARTESIAN_POINT('',(-0.32,-2.86,-3.));
#5969 = DIRECTION('',(1.,0.,0.));
#5970 = DIRECTION('',(0.,0.,1.));
#5971 = ADVANCED_FACE('',(#5972),#5990,.F.);
#5972 = FACE_BOUND('',#5973,.F.);
#5973 = EDGE_LOOP('',(#5974,#5982,#5988,#5989));
#5974 = ORIENTED_EDGE('',*,*,#5975,.F.);
#5975 = EDGE_CURVE('',#5976,#4888,#5978,.T.);
#5976 = VERTEX_POINT('',#5977);
#5977 = CARTESIAN_POINT('',(0.32,-2.86,-2.84));
#5978 = LINE('',#5979,#5980);
#5979 = CARTESIAN_POINT('',(0.32,-2.86,-3.));
#5980 = VECTOR('',#5981,1.);
#5981 = DIRECTION('',(0.,0.,1.));
#5982 = ORIENTED_EDGE('',*,*,#5983,.F.);
#5983 = EDGE_CURVE('',#5952,#5976,#5984,.T.);
#5984 = LINE('',#5985,#5986);
#5985 = CARTESIAN_POINT('',(-0.32,-2.86,-2.84));
#5986 = VECTOR('',#5987,1.);
#5987 = DIRECTION('',(1.,0.,0.));
#5988 = ORIENTED_EDGE('',*,*,#5951,.T.);
#5989 = ORIENTED_EDGE('',*,*,#4895,.F.);
#5990 = PLANE('',#5991);
#5991 = AXIS2_PLACEMENT_3D('',#5992,#5993,#5994);
#5992 = CARTESIAN_POINT('',(-0.32,-2.86,-3.));
#5993 = DIRECTION('',(0.,1.,0.));
#5994 = DIRECTION('',(0.,-0.,1.));
#5995 = ADVANCED_FACE('',(#5996),#6007,.T.);
#5996 = FACE_BOUND('',#5997,.T.);
#5997 = EDGE_LOOP('',(#5998,#5999,#6005,#6006));
#5998 = ORIENTED_EDGE('',*,*,#5975,.F.);
#5999 = ORIENTED_EDGE('',*,*,#6000,.T.);
#6000 = EDGE_CURVE('',#5976,#5921,#6001,.T.);
#6001 = LINE('',#6002,#6003);
#6002 = CARTESIAN_POINT('',(0.32,-2.86,-2.84));
#6003 = VECTOR('',#6004,1.);
#6004 = DIRECTION('',(0.,1.,0.));
#6005 = ORIENTED_EDGE('',*,*,#5920,.T.);
#6006 = ORIENTED_EDGE('',*,*,#4887,.F.);
#6007 = PLANE('',#6008);
#6008 = AXIS2_PLACEMENT_3D('',#6009,#6010,#6011);
#6009 = CARTESIAN_POINT('',(0.32,-2.86,-3.));
#6010 = DIRECTION('',(1.,0.,0.));
#6011 = DIRECTION('',(0.,0.,1.));
#6012 = ADVANCED_FACE('',(#6013),#6038,.T.);
#6013 = FACE_BOUND('',#6014,.T.);
#6014 = EDGE_LOOP('',(#6015,#6023,#6024,#6032));
#6015 = ORIENTED_EDGE('',*,*,#6016,.F.);
#6016 = EDGE_CURVE('',#5105,#6017,#6019,.T.);
#6017 = VERTEX_POINT('',#6018);
#6018 = CARTESIAN_POINT('',(0.32,-4.76,8.38));
#6019 = LINE('',#6020,#6021);
#6020 = CARTESIAN_POINT('',(0.32,-4.76,-3.));
#6021 = VECTOR('',#6022,1.);
#6022 = DIRECTION('',(0.,0.,1.));
#6023 = ORIENTED_EDGE('',*,*,#5104,.T.);
#6024 = ORIENTED_EDGE('',*,*,#6025,.T.);
#6025 = EDGE_CURVE('',#5107,#6026,#6028,.T.);
#6026 = VERTEX_POINT('',#6027);
#6027 = CARTESIAN_POINT('',(-0.32,-4.76,8.38));
#6028 = LINE('',#6029,#6030);
#6029 = CARTESIAN_POINT('',(-0.32,-4.76,-3.));
#6030 = VECTOR('',#6031,1.);
#6031 = DIRECTION('',(0.,0.,1.));
#6032 = ORIENTED_EDGE('',*,*,#6033,.T.);
#6033 = EDGE_CURVE('',#6026,#6017,#6034,.T.);
#6034 = LINE('',#6035,#6036);
#6035 = CARTESIAN_POINT('',(-0.32,-4.76,8.38));
#6036 = VECTOR('',#6037,1.);
#6037 = DIRECTION('',(1.,0.,0.));
#6038 = PLANE('',#6039);
#6039 = AXIS2_PLACEMENT_3D('',#6040,#6041,#6042);
#6040 = CARTESIAN_POINT('',(-0.32,-4.76,-3.));
#6041 = DIRECTION('',(0.,1.,0.));
#6042 = DIRECTION('',(0.,-0.,1.));
#6043 = ADVANCED_FACE('',(#6044),#6062,.F.);
#6044 = FACE_BOUND('',#6045,.F.);
#6045 = EDGE_LOOP('',(#6046,#6054,#6055,#6056));
#6046 = ORIENTED_EDGE('',*,*,#6047,.F.);
#6047 = EDGE_CURVE('',#5123,#6048,#6050,.T.);
#6048 = VERTEX_POINT('',#6049);
#6049 = CARTESIAN_POINT('',(-0.32,-5.4,8.38));
#6050 = LINE('',#6051,#6052);
#6051 = CARTESIAN_POINT('',(-0.32,-5.4,-3.));
#6052 = VECTOR('',#6053,1.);
#6053 = DIRECTION('',(0.,0.,1.));
#6054 = ORIENTED_EDGE('',*,*,#5130,.T.);
#6055 = ORIENTED_EDGE('',*,*,#6025,.T.);
#6056 = ORIENTED_EDGE('',*,*,#6057,.F.);
#6057 = EDGE_CURVE('',#6048,#6026,#6058,.T.);
#6058 = LINE('',#6059,#6060);
#6059 = CARTESIAN_POINT('',(-0.32,-5.4,8.38));
#6060 = VECTOR('',#6061,1.);
#6061 = DIRECTION('',(0.,1.,0.));
#6062 = PLANE('',#6063);
#6063 = AXIS2_PLACEMENT_3D('',#6064,#6065,#6066);
#6064 = CARTESIAN_POINT('',(-0.32,-5.4,-3.));
#6065 = DIRECTION('',(1.,0.,0.));
#6066 = DIRECTION('',(0.,0.,1.));
#6067 = ADVANCED_FACE('',(#6068),#6086,.F.);
#6068 = FACE_BOUND('',#6069,.F.);
#6069 = EDGE_LOOP('',(#6070,#6078,#6079,#6080));
#6070 = ORIENTED_EDGE('',*,*,#6071,.F.);
#6071 = EDGE_CURVE('',#5115,#6072,#6074,.T.);
#6072 = VERTEX_POINT('',#6073);
#6073 = CARTESIAN_POINT('',(0.32,-5.4,8.38));
#6074 = LINE('',#6075,#6076);
#6075 = CARTESIAN_POINT('',(0.32,-5.4,-3.));
#6076 = VECTOR('',#6077,1.);
#6077 = DIRECTION('',(0.,0.,1.));
#6078 = ORIENTED_EDGE('',*,*,#5122,.T.);
#6079 = ORIENTED_EDGE('',*,*,#6047,.T.);
#6080 = ORIENTED_EDGE('',*,*,#6081,.T.);
#6081 = EDGE_CURVE('',#6048,#6072,#6082,.T.);
#6082 = LINE('',#6083,#6084);
#6083 = CARTESIAN_POINT('',(-0.32,-5.4,8.38));
#6084 = VECTOR('',#6085,1.);
#6085 = DIRECTION('',(1.,0.,0.));
#6086 = PLANE('',#6087);
#6087 = AXIS2_PLACEMENT_3D('',#6088,#6089,#6090);
#6088 = CARTESIAN_POINT('',(-0.32,-5.4,-3.));
#6089 = DIRECTION('',(0.,1.,0.));
#6090 = DIRECTION('',(0.,-0.,1.));
#6091 = ADVANCED_FACE('',(#6092),#6103,.T.);
#6092 = FACE_BOUND('',#6093,.T.);
#6093 = EDGE_LOOP('',(#6094,#6095,#6096,#6097));
#6094 = ORIENTED_EDGE('',*,*,#6071,.F.);
#6095 = ORIENTED_EDGE('',*,*,#5114,.T.);
#6096 = ORIENTED_EDGE('',*,*,#6016,.T.);
#6097 = ORIENTED_EDGE('',*,*,#6098,.F.);
#6098 = EDGE_CURVE('',#6072,#6017,#6099,.T.);
#6099 = LINE('',#6100,#6101);
#6100 = CARTESIAN_POINT('',(0.32,-5.4,8.38));
#6101 = VECTOR('',#6102,1.);
#6102 = DIRECTION('',(0.,1.,0.));
#6103 = PLANE('',#6104);
#6104 = AXIS2_PLACEMENT_3D('',#6105,#6106,#6107);
#6105 = CARTESIAN_POINT('',(0.32,-5.4,-3.));
#6106 = DIRECTION('',(1.,0.,0.));
#6107 = DIRECTION('',(0.,0.,1.));
#6108 = ADVANCED_FACE('',(#6109),#6134,.T.);
#6109 = FACE_BOUND('',#6110,.T.);
#6110 = EDGE_LOOP('',(#6111,#6119,#6120,#6128));
#6111 = ORIENTED_EDGE('',*,*,#6112,.F.);
#6112 = EDGE_CURVE('',#5139,#6113,#6115,.T.);
#6113 = VERTEX_POINT('',#6114);
#6114 = CARTESIAN_POINT('',(0.32,-7.94,8.38));
#6115 = LINE('',#6116,#6117);
#6116 = CARTESIAN_POINT('',(0.32,-7.94,-3.));
#6117 = VECTOR('',#6118,1.);
#6118 = DIRECTION('',(0.,0.,1.));
#6119 = ORIENTED_EDGE('',*,*,#5138,.T.);
#6120 = ORIENTED_EDGE('',*,*,#6121,.T.);
#6121 = EDGE_CURVE('',#5141,#6122,#6124,.T.);
#6122 = VERTEX_POINT('',#6123);
#6123 = CARTESIAN_POINT('',(0.32,-7.3,8.38));
#6124 = LINE('',#6125,#6126);
#6125 = CARTESIAN_POINT('',(0.32,-7.3,-3.));
#6126 = VECTOR('',#6127,1.);
#6127 = DIRECTION('',(0.,0.,1.));
#6128 = ORIENTED_EDGE('',*,*,#6129,.F.);
#6129 = EDGE_CURVE('',#6113,#6122,#6130,.T.);
#6130 = LINE('',#6131,#6132);
#6131 = CARTESIAN_POINT('',(0.32,-7.94,8.38));
#6132 = VECTOR('',#6133,1.);
#6133 = DIRECTION('',(0.,1.,0.));
#6134 = PLANE('',#6135);
#6135 = AXIS2_PLACEMENT_3D('',#6136,#6137,#6138);
#6136 = CARTESIAN_POINT('',(0.32,-7.94,-3.));
#6137 = DIRECTION('',(1.,0.,0.));
#6138 = DIRECTION('',(0.,0.,1.));
#6139 = ADVANCED_FACE('',(#6140),#6158,.T.);
#6140 = FACE_BOUND('',#6141,.T.);
#6141 = EDGE_LOOP('',(#6142,#6143,#6144,#6152));
#6142 = ORIENTED_EDGE('',*,*,#6121,.F.);
#6143 = ORIENTED_EDGE('',*,*,#5164,.T.);
#6144 = ORIENTED_EDGE('',*,*,#6145,.T.);
#6145 = EDGE_CURVE('',#5157,#6146,#6148,.T.);
#6146 = VERTEX_POINT('',#6147);
#6147 = CARTESIAN_POINT('',(-0.32,-7.3,8.38));
#6148 = LINE('',#6149,#6150);
#6149 = CARTESIAN_POINT('',(-0.32,-7.3,-3.));
#6150 = VECTOR('',#6151,1.);
#6151 = DIRECTION('',(0.,0.,1.));
#6152 = ORIENTED_EDGE('',*,*,#6153,.T.);
#6153 = EDGE_CURVE('',#6146,#6122,#6154,.T.);
#6154 = LINE('',#6155,#6156);
#6155 = CARTESIAN_POINT('',(-0.32,-7.3,8.38));
#6156 = VECTOR('',#6157,1.);
#6157 = DIRECTION('',(1.,0.,0.));
#6158 = PLANE('',#6159);
#6159 = AXIS2_PLACEMENT_3D('',#6160,#6161,#6162);
#6160 = CARTESIAN_POINT('',(-0.32,-7.3,-3.));
#6161 = DIRECTION('',(0.,1.,0.));
#6162 = DIRECTION('',(0.,-0.,1.));
#6163 = ADVANCED_FACE('',(#6164),#6182,.F.);
#6164 = FACE_BOUND('',#6165,.F.);
#6165 = EDGE_LOOP('',(#6166,#6174,#6175,#6176));
#6166 = ORIENTED_EDGE('',*,*,#6167,.F.);
#6167 = EDGE_CURVE('',#5149,#6168,#6170,.T.);
#6168 = VERTEX_POINT('',#6169);
#6169 = CARTESIAN_POINT('',(-0.32,-7.94,8.38));
#6170 = LINE('',#6171,#6172);
#6171 = CARTESIAN_POINT('',(-0.32,-7.94,-3.));
#6172 = VECTOR('',#6173,1.);
#6173 = DIRECTION('',(0.,0.,1.));
#6174 = ORIENTED_EDGE('',*,*,#5156,.T.);
#6175 = ORIENTED_EDGE('',*,*,#6145,.T.);
#6176 = ORIENTED_EDGE('',*,*,#6177,.F.);
#6177 = EDGE_CURVE('',#6168,#6146,#6178,.T.);
#6178 = LINE('',#6179,#6180);
#6179 = CARTESIAN_POINT('',(-0.32,-7.94,8.38));
#6180 = VECTOR('',#6181,1.);
#6181 = DIRECTION('',(0.,1.,0.));
#6182 = PLANE('',#6183);
#6183 = AXIS2_PLACEMENT_3D('',#6184,#6185,#6186);
#6184 = CARTESIAN_POINT('',(-0.32,-7.94,-3.));
#6185 = DIRECTION('',(1.,0.,0.));
#6186 = DIRECTION('',(0.,0.,1.));
#6187 = ADVANCED_FACE('',(#6188),#6199,.F.);
#6188 = FACE_BOUND('',#6189,.F.);
#6189 = EDGE_LOOP('',(#6190,#6191,#6192,#6193));
#6190 = ORIENTED_EDGE('',*,*,#6112,.F.);
#6191 = ORIENTED_EDGE('',*,*,#5148,.T.);
#6192 = ORIENTED_EDGE('',*,*,#6167,.T.);
#6193 = ORIENTED_EDGE('',*,*,#6194,.T.);
#6194 = EDGE_CURVE('',#6168,#6113,#6195,.T.);
#6195 = LINE('',#6196,#6197);
#6196 = CARTESIAN_POINT('',(-0.32,-7.94,8.38));
#6197 = VECTOR('',#6198,1.);
#6198 = DIRECTION('',(1.,0.,0.));
#6199 = PLANE('',#6200);
#6200 = AXIS2_PLACEMENT_3D('',#6201,#6202,#6203);
#6201 = CARTESIAN_POINT('',(-0.32,-7.94,-3.));
#6202 = DIRECTION('',(0.,1.,0.));
#6203 = DIRECTION('',(0.,-0.,1.));
#6204 = ADVANCED_FACE('',(#6205),#6230,.T.);
#6205 = FACE_BOUND('',#6206,.T.);
#6206 = EDGE_LOOP('',(#6207,#6215,#6216,#6224));
#6207 = ORIENTED_EDGE('',*,*,#6208,.F.);
#6208 = EDGE_CURVE('',#5173,#6209,#6211,.T.);
#6209 = VERTEX_POINT('',#6210);
#6210 = CARTESIAN_POINT('',(0.32,-0.32,8.38));
#6211 = LINE('',#6212,#6213);
#6212 = CARTESIAN_POINT('',(0.32,-0.32,-3.));
#6213 = VECTOR('',#6214,1.);
#6214 = DIRECTION('',(0.,0.,1.));
#6215 = ORIENTED_EDGE('',*,*,#5172,.T.);
#6216 = ORIENTED_EDGE('',*,*,#6217,.T.);
#6217 = EDGE_CURVE('',#5175,#6218,#6220,.T.);
#6218 = VERTEX_POINT('',#6219);
#6219 = CARTESIAN_POINT('',(0.32,0.32,8.38));
#6220 = LINE('',#6221,#6222);
#6221 = CARTESIAN_POINT('',(0.32,0.32,-3.));
#6222 = VECTOR('',#6223,1.);
#6223 = DIRECTION('',(0.,0.,1.));
#6224 = ORIENTED_EDGE('',*,*,#6225,.F.);
#6225 = EDGE_CURVE('',#6209,#6218,#6226,.T.);
#6226 = LINE('',#6227,#6228);
#6227 = CARTESIAN_POINT('',(0.32,-0.32,8.38));
#6228 = VECTOR('',#6229,1.);
#6229 = DIRECTION('',(0.,1.,0.));
#6230 = PLANE('',#6231);
#6231 = AXIS2_PLACEMENT_3D('',#6232,#6233,#6234);
#6232 = CARTESIAN_POINT('',(0.32,-0.32,-3.));
#6233 = DIRECTION('',(1.,0.,0.));
#6234 = DIRECTION('',(0.,0.,1.));
#6235 = ADVANCED_FACE('',(#6236),#6254,.T.);
#6236 = FACE_BOUND('',#6237,.T.);
#6237 = EDGE_LOOP('',(#6238,#6239,#6240,#6248));
#6238 = ORIENTED_EDGE('',*,*,#6217,.F.);
#6239 = ORIENTED_EDGE('',*,*,#5198,.T.);
#6240 = ORIENTED_EDGE('',*,*,#6241,.T.);
#6241 = EDGE_CURVE('',#5191,#6242,#6244,.T.);
#6242 = VERTEX_POINT('',#6243);
#6243 = CARTESIAN_POINT('',(-0.32,0.32,8.38));
#6244 = LINE('',#6245,#6246);
#6245 = CARTESIAN_POINT('',(-0.32,0.32,-3.));
#6246 = VECTOR('',#6247,1.);
#6247 = DIRECTION('',(0.,0.,1.));
#6248 = ORIENTED_EDGE('',*,*,#6249,.T.);
#6249 = EDGE_CURVE('',#6242,#6218,#6250,.T.);
#6250 = LINE('',#6251,#6252);
#6251 = CARTESIAN_POINT('',(-0.32,0.32,8.38));
#6252 = VECTOR('',#6253,1.);
#6253 = DIRECTION('',(1.,0.,0.));
#6254 = PLANE('',#6255);
#6255 = AXIS2_PLACEMENT_3D('',#6256,#6257,#6258);
#6256 = CARTESIAN_POINT('',(-0.32,0.32,-3.));
#6257 = DIRECTION('',(0.,1.,0.));
#6258 = DIRECTION('',(0.,-0.,1.));
#6259 = ADVANCED_FACE('',(#6260),#6278,.F.);
#6260 = FACE_BOUND('',#6261,.F.);
#6261 = EDGE_LOOP('',(#6262,#6270,#6271,#6272));
#6262 = ORIENTED_EDGE('',*,*,#6263,.F.);
#6263 = EDGE_CURVE('',#5183,#6264,#6266,.T.);
#6264 = VERTEX_POINT('',#6265);
#6265 = CARTESIAN_POINT('',(-0.32,-0.32,8.38));
#6266 = LINE('',#6267,#6268);
#6267 = CARTESIAN_POINT('',(-0.32,-0.32,-3.));
#6268 = VECTOR('',#6269,1.);
#6269 = DIRECTION('',(0.,0.,1.));
#6270 = ORIENTED_EDGE('',*,*,#5190,.T.);
#6271 = ORIENTED_EDGE('',*,*,#6241,.T.);
#6272 = ORIENTED_EDGE('',*,*,#6273,.F.);
#6273 = EDGE_CURVE('',#6264,#6242,#6274,.T.);
#6274 = LINE('',#6275,#6276);
#6275 = CARTESIAN_POINT('',(-0.32,-0.32,8.38));
#6276 = VECTOR('',#6277,1.);
#6277 = DIRECTION('',(0.,1.,0.));
#6278 = PLANE('',#6279);
#6279 = AXIS2_PLACEMENT_3D('',#6280,#6281,#6282);
#6280 = CARTESIAN_POINT('',(-0.32,-0.32,-3.));
#6281 = DIRECTION('',(1.,0.,0.));
#6282 = DIRECTION('',(0.,0.,1.));
#6283 = ADVANCED_FACE('',(#6284),#6295,.F.);
#6284 = FACE_BOUND('',#6285,.F.);
#6285 = EDGE_LOOP('',(#6286,#6287,#6288,#6289));
#6286 = ORIENTED_EDGE('',*,*,#6208,.F.);
#6287 = ORIENTED_EDGE('',*,*,#5182,.T.);
#6288 = ORIENTED_EDGE('',*,*,#6263,.T.);
#6289 = ORIENTED_EDGE('',*,*,#6290,.T.);
#6290 = EDGE_CURVE('',#6264,#6209,#6291,.T.);
#6291 = LINE('',#6292,#6293);
#6292 = CARTESIAN_POINT('',(-0.32,-0.32,8.38));
#6293 = VECTOR('',#6294,1.);
#6294 = DIRECTION('',(1.,0.,0.));
#6295 = PLANE('',#6296);
#6296 = AXIS2_PLACEMENT_3D('',#6297,#6298,#6299);
#6297 = CARTESIAN_POINT('',(-0.32,-0.32,-3.));
#6298 = DIRECTION('',(0.,1.,0.));
#6299 = DIRECTION('',(0.,-0.,1.));
#6300 = ADVANCED_FACE('',(#6301),#6326,.T.);
#6301 = FACE_BOUND('',#6302,.T.);
#6302 = EDGE_LOOP('',(#6303,#6311,#6312,#6320));
#6303 = ORIENTED_EDGE('',*,*,#6304,.F.);
#6304 = EDGE_CURVE('',#5207,#6305,#6307,.T.);
#6305 = VERTEX_POINT('',#6306);
#6306 = CARTESIAN_POINT('',(0.32,-2.22,8.38));
#6307 = LINE('',#6308,#6309);
#6308 = CARTESIAN_POINT('',(0.32,-2.22,-3.));
#6309 = VECTOR('',#6310,1.);
#6310 = DIRECTION('',(0.,0.,1.));
#6311 = ORIENTED_EDGE('',*,*,#5206,.T.);
#6312 = ORIENTED_EDGE('',*,*,#6313,.T.);
#6313 = EDGE_CURVE('',#5209,#6314,#6316,.T.);
#6314 = VERTEX_POINT('',#6315);
#6315 = CARTESIAN_POINT('',(-0.32,-2.22,8.38));
#6316 = LINE('',#6317,#6318);
#6317 = CARTESIAN_POINT('',(-0.32,-2.22,-3.));
#6318 = VECTOR('',#6319,1.);
#6319 = DIRECTION('',(0.,0.,1.));
#6320 = ORIENTED_EDGE('',*,*,#6321,.T.);
#6321 = EDGE_CURVE('',#6314,#6305,#6322,.T.);
#6322 = LINE('',#6323,#6324);
#6323 = CARTESIAN_POINT('',(-0.32,-2.22,8.38));
#6324 = VECTOR('',#6325,1.);
#6325 = DIRECTION('',(1.,0.,0.));
#6326 = PLANE('',#6327);
#6327 = AXIS2_PLACEMENT_3D('',#6328,#6329,#6330);
#6328 = CARTESIAN_POINT('',(-0.32,-2.22,-3.));
#6329 = DIRECTION('',(0.,1.,0.));
#6330 = DIRECTION('',(0.,-0.,1.));
#6331 = ADVANCED_FACE('',(#6332),#6350,.F.);
#6332 = FACE_BOUND('',#6333,.F.);
#6333 = EDGE_LOOP('',(#6334,#6342,#6343,#6344));
#6334 = ORIENTED_EDGE('',*,*,#6335,.F.);
#6335 = EDGE_CURVE('',#5225,#6336,#6338,.T.);
#6336 = VERTEX_POINT('',#6337);
#6337 = CARTESIAN_POINT('',(-0.32,-2.86,8.38));
#6338 = LINE('',#6339,#6340);
#6339 = CARTESIAN_POINT('',(-0.32,-2.86,-3.));
#6340 = VECTOR('',#6341,1.);
#6341 = DIRECTION('',(0.,0.,1.));
#6342 = ORIENTED_EDGE('',*,*,#5232,.T.);
#6343 = ORIENTED_EDGE('',*,*,#6313,.T.);
#6344 = ORIENTED_EDGE('',*,*,#6345,.F.);
#6345 = EDGE_CURVE('',#6336,#6314,#6346,.T.);
#6346 = LINE('',#6347,#6348);
#6347 = CARTESIAN_POINT('',(-0.32,-2.86,8.38));
#6348 = VECTOR('',#6349,1.);
#6349 = DIRECTION('',(0.,1.,0.));
#6350 = PLANE('',#6351);
#6351 = AXIS2_PLACEMENT_3D('',#6352,#6353,#6354);
#6352 = CARTESIAN_POINT('',(-0.32,-2.86,-3.));
#6353 = DIRECTION('',(1.,0.,0.));
#6354 = DIRECTION('',(0.,0.,1.));
#6355 = ADVANCED_FACE('',(#6356),#6374,.F.);
#6356 = FACE_BOUND('',#6357,.F.);
#6357 = EDGE_LOOP('',(#6358,#6366,#6367,#6368));
#6358 = ORIENTED_EDGE('',*,*,#6359,.F.);
#6359 = EDGE_CURVE('',#5217,#6360,#6362,.T.);
#6360 = VERTEX_POINT('',#6361);
#6361 = CARTESIAN_POINT('',(0.32,-2.86,8.38));
#6362 = LINE('',#6363,#6364);
#6363 = CARTESIAN_POINT('',(0.32,-2.86,-3.));
#6364 = VECTOR('',#6365,1.);
#6365 = DIRECTION('',(0.,0.,1.));
#6366 = ORIENTED_EDGE('',*,*,#5224,.T.);
#6367 = ORIENTED_EDGE('',*,*,#6335,.T.);
#6368 = ORIENTED_EDGE('',*,*,#6369,.T.);
#6369 = EDGE_CURVE('',#6336,#6360,#6370,.T.);
#6370 = LINE('',#6371,#6372);
#6371 = CARTESIAN_POINT('',(-0.32,-2.86,8.38));
#6372 = VECTOR('',#6373,1.);
#6373 = DIRECTION('',(1.,0.,0.));
#6374 = PLANE('',#6375);
#6375 = AXIS2_PLACEMENT_3D('',#6376,#6377,#6378);
#6376 = CARTESIAN_POINT('',(-0.32,-2.86,-3.));
#6377 = DIRECTION('',(0.,1.,0.));
#6378 = DIRECTION('',(0.,-0.,1.));
#6379 = ADVANCED_FACE('',(#6380),#6391,.T.);
#6380 = FACE_BOUND('',#6381,.T.);
#6381 = EDGE_LOOP('',(#6382,#6383,#6384,#6385));
#6382 = ORIENTED_EDGE('',*,*,#6359,.F.);
#6383 = ORIENTED_EDGE('',*,*,#5216,.T.);
#6384 = ORIENTED_EDGE('',*,*,#6304,.T.);
#6385 = ORIENTED_EDGE('',*,*,#6386,.F.);
#6386 = EDGE_CURVE('',#6360,#6305,#6387,.T.);
#6387 = LINE('',#6388,#6389);
#6388 = CARTESIAN_POINT('',(0.32,-2.86,8.38));
#6389 = VECTOR('',#6390,1.);
#6390 = DIRECTION('',(0.,1.,0.));
#6391 = PLANE('',#6392);
#6392 = AXIS2_PLACEMENT_3D('',#6393,#6394,#6395);
#6393 = CARTESIAN_POINT('',(0.32,-2.86,-3.));
#6394 = DIRECTION('',(1.,0.,0.));
#6395 = DIRECTION('',(0.,0.,1.));
#6396 = ADVANCED_FACE('',(#6397),#6422,.F.);
#6397 = FACE_BOUND('',#6398,.T.);
#6398 = EDGE_LOOP('',(#6399,#6407,#6408,#6416));
#6399 = ORIENTED_EDGE('',*,*,#6400,.F.);
#6400 = EDGE_CURVE('',#5641,#6401,#6403,.T.);
#6401 = VERTEX_POINT('',#6402);
#6402 = CARTESIAN_POINT('',(-0.16,-4.92,-3.));
#6403 = LINE('',#6404,#6405);
#6404 = CARTESIAN_POINT('',(-0.16,-4.92,-3.));
#6405 = VECTOR('',#6406,1.);
#6406 = DIRECTION('',(0.57735026919,-0.57735026919,-0.57735026919));
#6407 = ORIENTED_EDGE('',*,*,#5640,.T.);
#6408 = ORIENTED_EDGE('',*,*,#6409,.T.);
#6409 = EDGE_CURVE('',#5633,#6410,#6412,.T.);
#6410 = VERTEX_POINT('',#6411);
#6411 = CARTESIAN_POINT('',(0.16,-4.92,-3.));
#6412 = LINE('',#6413,#6414);
#6413 = CARTESIAN_POINT('',(5.333333333333E-02,-5.026666666667,
    -3.106666666667));
#6414 = VECTOR('',#6415,1.);
#6415 = DIRECTION('',(-0.57735026919,-0.57735026919,-0.57735026919));
#6416 = ORIENTED_EDGE('',*,*,#6417,.F.);
#6417 = EDGE_CURVE('',#6401,#6410,#6418,.T.);
#6418 = LINE('',#6419,#6420);
#6419 = CARTESIAN_POINT('',(-0.32,-4.92,-3.));
#6420 = VECTOR('',#6421,1.);
#6421 = DIRECTION('',(1.,0.,0.));
#6422 = PLANE('',#6423);
#6423 = AXIS2_PLACEMENT_3D('',#6424,#6425,#6426);
#6424 = CARTESIAN_POINT('',(-0.32,-4.84,-2.92));
#6425 = DIRECTION('',(-1.735167508357E-18,-0.707106781187,0.707106781187
    ));
#6426 = DIRECTION('',(-1.,1.226948711654E-18,-1.226948711654E-18));
#6427 = ADVANCED_FACE('',(#6428),#6446,.T.);
#6428 = FACE_BOUND('',#6429,.T.);
#6429 = EDGE_LOOP('',(#6430,#6438,#6439,#6440));
#6430 = ORIENTED_EDGE('',*,*,#6431,.F.);
#6431 = EDGE_CURVE('',#5664,#6432,#6434,.T.);
#6432 = VERTEX_POINT('',#6433);
#6433 = CARTESIAN_POINT('',(-0.16,-5.24,-3.));
#6434 = LINE('',#6435,#6436);
#6435 = CARTESIAN_POINT('',(-0.266666666667,-5.346666666667,
    -2.893333333333));
#6436 = VECTOR('',#6437,1.);
#6437 = DIRECTION('',(0.57735026919,0.57735026919,-0.57735026919));
#6438 = ORIENTED_EDGE('',*,*,#5671,.T.);
#6439 = ORIENTED_EDGE('',*,*,#6400,.T.);
#6440 = ORIENTED_EDGE('',*,*,#6441,.F.);
#6441 = EDGE_CURVE('',#6432,#6401,#6442,.T.);
#6442 = LINE('',#6443,#6444);
#6443 = CARTESIAN_POINT('',(-0.16,-5.4,-3.));
#6444 = VECTOR('',#6445,1.);
#6445 = DIRECTION('',(0.,1.,0.));
#6446 = PLANE('',#6447);
#6447 = AXIS2_PLACEMENT_3D('',#6448,#6449,#6450);
#6448 = CARTESIAN_POINT('',(-0.24,-5.4,-2.92));
#6449 = DIRECTION('',(-0.707106781187,-1.735167508357E-18,
    -0.707106781187));
#6450 = DIRECTION('',(-1.226948711654E-18,1.,-1.226948711654E-18));
#6451 = ADVANCED_FACE('',(#6452),#6470,.T.);
#6452 = FACE_BOUND('',#6453,.F.);
#6453 = EDGE_LOOP('',(#6454,#6455,#6456,#6464));
#6454 = ORIENTED_EDGE('',*,*,#6431,.F.);
#6455 = ORIENTED_EDGE('',*,*,#5695,.T.);
#6456 = ORIENTED_EDGE('',*,*,#6457,.T.);
#6457 = EDGE_CURVE('',#5688,#6458,#6460,.T.);
#6458 = VERTEX_POINT('',#6459);
#6459 = CARTESIAN_POINT('',(0.16,-5.24,-3.));
#6460 = LINE('',#6461,#6462);
#6461 = CARTESIAN_POINT('',(0.16,-5.24,-3.));
#6462 = VECTOR('',#6463,1.);
#6463 = DIRECTION('',(-0.57735026919,0.57735026919,-0.57735026919));
#6464 = ORIENTED_EDGE('',*,*,#6465,.F.);
#6465 = EDGE_CURVE('',#6432,#6458,#6466,.T.);
#6466 = LINE('',#6467,#6468);
#6467 = CARTESIAN_POINT('',(-0.32,-5.24,-3.));
#6468 = VECTOR('',#6469,1.);
#6469 = DIRECTION('',(1.,0.,0.));
#6470 = PLANE('',#6471);
#6471 = AXIS2_PLACEMENT_3D('',#6472,#6473,#6474);
#6472 = CARTESIAN_POINT('',(-0.32,-5.32,-2.92));
#6473 = DIRECTION('',(1.735167508357E-18,-0.707106781187,-0.707106781187
    ));
#6474 = DIRECTION('',(-1.,-1.226948711654E-18,-1.226948711654E-18));
#6475 = ADVANCED_FACE('',(#6476),#6487,.F.);
#6476 = FACE_BOUND('',#6477,.F.);
#6477 = EDGE_LOOP('',(#6478,#6479,#6480,#6481));
#6478 = ORIENTED_EDGE('',*,*,#6457,.F.);
#6479 = ORIENTED_EDGE('',*,*,#5712,.T.);
#6480 = ORIENTED_EDGE('',*,*,#6409,.T.);
#6481 = ORIENTED_EDGE('',*,*,#6482,.F.);
#6482 = EDGE_CURVE('',#6458,#6410,#6483,.T.);
#6483 = LINE('',#6484,#6485);
#6484 = CARTESIAN_POINT('',(0.16,-5.4,-3.));
#6485 = VECTOR('',#6486,1.);
#6486 = DIRECTION('',(0.,1.,0.));
#6487 = PLANE('',#6488);
#6488 = AXIS2_PLACEMENT_3D('',#6489,#6490,#6491);
#6489 = CARTESIAN_POINT('',(0.24,-5.4,-2.92));
#6490 = DIRECTION('',(-0.707106781187,1.735167508357E-18,0.707106781187)
  );
#6491 = DIRECTION('',(1.226948711654E-18,1.,-1.226948711654E-18));
#6492 = ADVANCED_FACE('',(#6493),#6518,.F.);
#6493 = FACE_BOUND('',#6494,.F.);
#6494 = EDGE_LOOP('',(#6495,#6503,#6504,#6512));
#6495 = ORIENTED_EDGE('',*,*,#6496,.F.);
#6496 = EDGE_CURVE('',#5729,#6497,#6499,.T.);
#6497 = VERTEX_POINT('',#6498);
#6498 = CARTESIAN_POINT('',(0.16,-7.78,-3.));
#6499 = LINE('',#6500,#6501);
#6500 = CARTESIAN_POINT('',(0.16,-7.78,-3.));
#6501 = VECTOR('',#6502,1.);
#6502 = DIRECTION('',(-0.57735026919,0.57735026919,-0.57735026919));
#6503 = ORIENTED_EDGE('',*,*,#5736,.T.);
#6504 = ORIENTED_EDGE('',*,*,#6505,.T.);
#6505 = EDGE_CURVE('',#5737,#6506,#6508,.T.);
#6506 = VERTEX_POINT('',#6507);
#6507 = CARTESIAN_POINT('',(0.16,-7.46,-3.));
#6508 = LINE('',#6509,#6510);
#6509 = CARTESIAN_POINT('',(5.333333333333E-02,-7.566666666667,
    -3.106666666667));
#6510 = VECTOR('',#6511,1.);
#6511 = DIRECTION('',(-0.57735026919,-0.57735026919,-0.57735026919));
#6512 = ORIENTED_EDGE('',*,*,#6513,.F.);
#6513 = EDGE_CURVE('',#6497,#6506,#6514,.T.);
#6514 = LINE('',#6515,#6516);
#6515 = CARTESIAN_POINT('',(0.16,-7.94,-3.));
#6516 = VECTOR('',#6517,1.);
#6517 = DIRECTION('',(0.,1.,0.));
#6518 = PLANE('',#6519);
#6519 = AXIS2_PLACEMENT_3D('',#6520,#6521,#6522);
#6520 = CARTESIAN_POINT('',(0.24,-7.94,-2.92));
#6521 = DIRECTION('',(-0.707106781187,1.735167508357E-18,0.707106781187)
  );
#6522 = DIRECTION('',(1.226948711654E-18,1.,-1.226948711654E-18));
#6523 = ADVANCED_FACE('',(#6524),#6542,.F.);
#6524 = FACE_BOUND('',#6525,.T.);
#6525 = EDGE_LOOP('',(#6526,#6534,#6535,#6536));
#6526 = ORIENTED_EDGE('',*,*,#6527,.F.);
#6527 = EDGE_CURVE('',#5761,#6528,#6530,.T.);
#6528 = VERTEX_POINT('',#6529);
#6529 = CARTESIAN_POINT('',(-0.16,-7.46,-3.));
#6530 = LINE('',#6531,#6532);
#6531 = CARTESIAN_POINT('',(-0.16,-7.46,-3.));
#6532 = VECTOR('',#6533,1.);
#6533 = DIRECTION('',(0.57735026919,-0.57735026919,-0.57735026919));
#6534 = ORIENTED_EDGE('',*,*,#5760,.T.);
#6535 = ORIENTED_EDGE('',*,*,#6505,.T.);
#6536 = ORIENTED_EDGE('',*,*,#6537,.F.);
#6537 = EDGE_CURVE('',#6528,#6506,#6538,.T.);
#6538 = LINE('',#6539,#6540);
#6539 = CARTESIAN_POINT('',(-0.32,-7.46,-3.));
#6540 = VECTOR('',#6541,1.);
#6541 = DIRECTION('',(1.,0.,0.));
#6542 = PLANE('',#6543);
#6543 = AXIS2_PLACEMENT_3D('',#6544,#6545,#6546);
#6544 = CARTESIAN_POINT('',(-0.32,-7.38,-2.92));
#6545 = DIRECTION('',(-1.735167508357E-18,-0.707106781187,0.707106781187
    ));
#6546 = DIRECTION('',(-1.,1.226948711654E-18,-1.226948711654E-18));
#6547 = ADVANCED_FACE('',(#6548),#6566,.T.);
#6548 = FACE_BOUND('',#6549,.T.);
#6549 = EDGE_LOOP('',(#6550,#6558,#6559,#6560));
#6550 = ORIENTED_EDGE('',*,*,#6551,.F.);
#6551 = EDGE_CURVE('',#5784,#6552,#6554,.T.);
#6552 = VERTEX_POINT('',#6553);
#6553 = CARTESIAN_POINT('',(-0.16,-7.78,-3.));
#6554 = LINE('',#6555,#6556);
#6555 = CARTESIAN_POINT('',(-0.266666666667,-7.886666666667,
    -2.893333333333));
#6556 = VECTOR('',#6557,1.);
#6557 = DIRECTION('',(0.57735026919,0.57735026919,-0.57735026919));
#6558 = ORIENTED_EDGE('',*,*,#5791,.T.);
#6559 = ORIENTED_EDGE('',*,*,#6527,.T.);
#6560 = ORIENTED_EDGE('',*,*,#6561,.F.);
#6561 = EDGE_CURVE('',#6552,#6528,#6562,.T.);
#6562 = LINE('',#6563,#6564);
#6563 = CARTESIAN_POINT('',(-0.16,-7.94,-3.));
#6564 = VECTOR('',#6565,1.);
#6565 = DIRECTION('',(0.,1.,0.));
#6566 = PLANE('',#6567);
#6567 = AXIS2_PLACEMENT_3D('',#6568,#6569,#6570);
#6568 = CARTESIAN_POINT('',(-0.24,-7.94,-2.92));
#6569 = DIRECTION('',(-0.707106781187,-1.735167508357E-18,
    -0.707106781187));
#6570 = DIRECTION('',(-1.226948711654E-18,1.,-1.226948711654E-18));
#6571 = ADVANCED_FACE('',(#6572),#6583,.T.);
#6572 = FACE_BOUND('',#6573,.F.);
#6573 = EDGE_LOOP('',(#6574,#6575,#6576,#6577));
#6574 = ORIENTED_EDGE('',*,*,#6551,.F.);
#6575 = ORIENTED_EDGE('',*,*,#5808,.T.);
#6576 = ORIENTED_EDGE('',*,*,#6496,.T.);
#6577 = ORIENTED_EDGE('',*,*,#6578,.F.);
#6578 = EDGE_CURVE('',#6552,#6497,#6579,.T.);
#6579 = LINE('',#6580,#6581);
#6580 = CARTESIAN_POINT('',(-0.32,-7.78,-3.));
#6581 = VECTOR('',#6582,1.);
#6582 = DIRECTION('',(1.,0.,0.));
#6583 = PLANE('',#6584);
#6584 = AXIS2_PLACEMENT_3D('',#6585,#6586,#6587);
#6585 = CARTESIAN_POINT('',(-0.32,-7.86,-2.92));
#6586 = DIRECTION('',(1.735167508357E-18,-0.707106781187,-0.707106781187
    ));
#6587 = DIRECTION('',(-1.,-1.226948711654E-18,-1.226948711654E-18));
#6588 = ADVANCED_FACE('',(#6589),#6614,.F.);
#6589 = FACE_BOUND('',#6590,.F.);
#6590 = EDGE_LOOP('',(#6591,#6599,#6600,#6608));
#6591 = ORIENTED_EDGE('',*,*,#6592,.F.);
#6592 = EDGE_CURVE('',#5825,#6593,#6595,.T.);
#6593 = VERTEX_POINT('',#6594);
#6594 = CARTESIAN_POINT('',(0.16,-0.16,-3.));
#6595 = LINE('',#6596,#6597);
#6596 = CARTESIAN_POINT('',(0.16,-0.16,-3.));
#6597 = VECTOR('',#6598,1.);
#6598 = DIRECTION('',(-0.57735026919,0.57735026919,-0.57735026919));
#6599 = ORIENTED_EDGE('',*,*,#5832,.T.);
#6600 = ORIENTED_EDGE('',*,*,#6601,.T.);
#6601 = EDGE_CURVE('',#5833,#6602,#6604,.T.);
#6602 = VERTEX_POINT('',#6603);
#6603 = CARTESIAN_POINT('',(0.16,0.16,-3.));
#6604 = LINE('',#6605,#6606);
#6605 = CARTESIAN_POINT('',(5.333333333333E-02,5.333333333333E-02,
    -3.106666666667));
#6606 = VECTOR('',#6607,1.);
#6607 = DIRECTION('',(-0.57735026919,-0.57735026919,-0.57735026919));
#6608 = ORIENTED_EDGE('',*,*,#6609,.F.);
#6609 = EDGE_CURVE('',#6593,#6602,#6610,.T.);
#6610 = LINE('',#6611,#6612);
#6611 = CARTESIAN_POINT('',(0.16,-0.32,-3.));
#6612 = VECTOR('',#6613,1.);
#6613 = DIRECTION('',(0.,1.,0.));
#6614 = PLANE('',#6615);
#6615 = AXIS2_PLACEMENT_3D('',#6616,#6617,#6618);
#6616 = CARTESIAN_POINT('',(0.24,-0.32,-2.92));
#6617 = DIRECTION('',(-0.707106781187,1.735167508357E-18,0.707106781187)
  );
#6618 = DIRECTION('',(1.226948711654E-18,1.,-1.226948711654E-18));
#6619 = ADVANCED_FACE('',(#6620),#6638,.F.);
#6620 = FACE_BOUND('',#6621,.T.);
#6621 = EDGE_LOOP('',(#6622,#6630,#6631,#6632));
#6622 = ORIENTED_EDGE('',*,*,#6623,.F.);
#6623 = EDGE_CURVE('',#5857,#6624,#6626,.T.);
#6624 = VERTEX_POINT('',#6625);
#6625 = CARTESIAN_POINT('',(-0.16,0.16,-3.));
#6626 = LINE('',#6627,#6628);
#6627 = CARTESIAN_POINT('',(-0.16,0.16,-3.));
#6628 = VECTOR('',#6629,1.);
#6629 = DIRECTION('',(0.57735026919,-0.57735026919,-0.57735026919));
#6630 = ORIENTED_EDGE('',*,*,#5856,.T.);
#6631 = ORIENTED_EDGE('',*,*,#6601,.T.);
#6632 = ORIENTED_EDGE('',*,*,#6633,.F.);
#6633 = EDGE_CURVE('',#6624,#6602,#6634,.T.);
#6634 = LINE('',#6635,#6636);
#6635 = CARTESIAN_POINT('',(-0.32,0.16,-3.));
#6636 = VECTOR('',#6637,1.);
#6637 = DIRECTION('',(1.,0.,0.));
#6638 = PLANE('',#6639);
#6639 = AXIS2_PLACEMENT_3D('',#6640,#6641,#6642);
#6640 = CARTESIAN_POINT('',(-0.32,0.24,-2.92));
#6641 = DIRECTION('',(-1.735167508357E-18,-0.707106781187,0.707106781187
    ));
#6642 = DIRECTION('',(-1.,1.226948711654E-18,-1.226948711654E-18));
#6643 = ADVANCED_FACE('',(#6644),#6662,.T.);
#6644 = FACE_BOUND('',#6645,.T.);
#6645 = EDGE_LOOP('',(#6646,#6654,#6655,#6656));
#6646 = ORIENTED_EDGE('',*,*,#6647,.F.);
#6647 = EDGE_CURVE('',#5880,#6648,#6650,.T.);
#6648 = VERTEX_POINT('',#6649);
#6649 = CARTESIAN_POINT('',(-0.16,-0.16,-3.));
#6650 = LINE('',#6651,#6652);
#6651 = CARTESIAN_POINT('',(-0.266666666667,-0.266666666667,
    -2.893333333333));
#6652 = VECTOR('',#6653,1.);
#6653 = DIRECTION('',(0.57735026919,0.57735026919,-0.57735026919));
#6654 = ORIENTED_EDGE('',*,*,#5887,.T.);
#6655 = ORIENTED_EDGE('',*,*,#6623,.T.);
#6656 = ORIENTED_EDGE('',*,*,#6657,.F.);
#6657 = EDGE_CURVE('',#6648,#6624,#6658,.T.);
#6658 = LINE('',#6659,#6660);
#6659 = CARTESIAN_POINT('',(-0.16,-0.32,-3.));
#6660 = VECTOR('',#6661,1.);
#6661 = DIRECTION('',(0.,1.,0.));
#6662 = PLANE('',#6663);
#6663 = AXIS2_PLACEMENT_3D('',#6664,#6665,#6666);
#6664 = CARTESIAN_POINT('',(-0.24,-0.32,-2.92));
#6665 = DIRECTION('',(-0.707106781187,-1.735167508357E-18,
    -0.707106781187));
#6666 = DIRECTION('',(-1.226948711654E-18,1.,-1.226948711654E-18));
#6667 = ADVANCED_FACE('',(#6668),#6679,.T.);
#6668 = FACE_BOUND('',#6669,.F.);
#6669 = EDGE_LOOP('',(#6670,#6671,#6672,#6673));
#6670 = ORIENTED_EDGE('',*,*,#6647,.F.);
#6671 = ORIENTED_EDGE('',*,*,#5904,.T.);
#6672 = ORIENTED_EDGE('',*,*,#6592,.T.);
#6673 = ORIENTED_EDGE('',*,*,#6674,.F.);
#6674 = EDGE_CURVE('',#6648,#6593,#6675,.T.);
#6675 = LINE('',#6676,#6677);
#6676 = CARTESIAN_POINT('',(-0.32,-0.16,-3.));
#6677 = VECTOR('',#6678,1.);
#6678 = DIRECTION('',(1.,0.,0.));
#6679 = PLANE('',#6680);
#6680 = AXIS2_PLACEMENT_3D('',#6681,#6682,#6683);
#6681 = CARTESIAN_POINT('',(-0.32,-0.24,-2.92));
#6682 = DIRECTION('',(1.735167508357E-18,-0.707106781187,-0.707106781187
    ));
#6683 = DIRECTION('',(-1.,-1.226948711654E-18,-1.226948711654E-18));
#6684 = ADVANCED_FACE('',(#6685),#6710,.F.);
#6685 = FACE_BOUND('',#6686,.T.);
#6686 = EDGE_LOOP('',(#6687,#6695,#6696,#6704));
#6687 = ORIENTED_EDGE('',*,*,#6688,.F.);
#6688 = EDGE_CURVE('',#5929,#6689,#6691,.T.);
#6689 = VERTEX_POINT('',#6690);
#6690 = CARTESIAN_POINT('',(-0.16,-2.38,-3.));
#6691 = LINE('',#6692,#6693);
#6692 = CARTESIAN_POINT('',(-0.16,-2.38,-3.));
#6693 = VECTOR('',#6694,1.);
#6694 = DIRECTION('',(0.57735026919,-0.57735026919,-0.57735026919));
#6695 = ORIENTED_EDGE('',*,*,#5928,.T.);
#6696 = ORIENTED_EDGE('',*,*,#6697,.T.);
#6697 = EDGE_CURVE('',#5921,#6698,#6700,.T.);
#6698 = VERTEX_POINT('',#6699);
#6699 = CARTESIAN_POINT('',(0.16,-2.38,-3.));
#6700 = LINE('',#6701,#6702);
#6701 = CARTESIAN_POINT('',(5.333333333333E-02,-2.486666666667,
    -3.106666666667));
#6702 = VECTOR('',#6703,1.);
#6703 = DIRECTION('',(-0.57735026919,-0.57735026919,-0.57735026919));
#6704 = ORIENTED_EDGE('',*,*,#6705,.F.);
#6705 = EDGE_CURVE('',#6689,#6698,#6706,.T.);
#6706 = LINE('',#6707,#6708);
#6707 = CARTESIAN_POINT('',(-0.32,-2.38,-3.));
#6708 = VECTOR('',#6709,1.);
#6709 = DIRECTION('',(1.,0.,0.));
#6710 = PLANE('',#6711);
#6711 = AXIS2_PLACEMENT_3D('',#6712,#6713,#6714);
#6712 = CARTESIAN_POINT('',(-0.32,-2.3,-2.92));
#6713 = DIRECTION('',(-1.735167508357E-18,-0.707106781187,0.707106781187
    ));
#6714 = DIRECTION('',(-1.,1.226948711654E-18,-1.226948711654E-18));
#6715 = ADVANCED_FACE('',(#6716),#6734,.T.);
#6716 = FACE_BOUND('',#6717,.T.);
#6717 = EDGE_LOOP('',(#6718,#6726,#6727,#6728));
#6718 = ORIENTED_EDGE('',*,*,#6719,.F.);
#6719 = EDGE_CURVE('',#5952,#6720,#6722,.T.);
#6720 = VERTEX_POINT('',#6721);
#6721 = CARTESIAN_POINT('',(-0.16,-2.7,-3.));
#6722 = LINE('',#6723,#6724);
#6723 = CARTESIAN_POINT('',(-0.266666666667,-2.806666666667,
    -2.893333333333));
#6724 = VECTOR('',#6725,1.);
#6725 = DIRECTION('',(0.57735026919,0.57735026919,-0.57735026919));
#6726 = ORIENTED_EDGE('',*,*,#5959,.T.);
#6727 = ORIENTED_EDGE('',*,*,#6688,.T.);
#6728 = ORIENTED_EDGE('',*,*,#6729,.F.);
#6729 = EDGE_CURVE('',#6720,#6689,#6730,.T.);
#6730 = LINE('',#6731,#6732);
#6731 = CARTESIAN_POINT('',(-0.16,-2.86,-3.));
#6732 = VECTOR('',#6733,1.);
#6733 = DIRECTION('',(0.,1.,0.));
#6734 = PLANE('',#6735);
#6735 = AXIS2_PLACEMENT_3D('',#6736,#6737,#6738);
#6736 = CARTESIAN_POINT('',(-0.24,-2.86,-2.92));
#6737 = DIRECTION('',(-0.707106781187,-1.735167508357E-18,
    -0.707106781187));
#6738 = DIRECTION('',(-1.226948711654E-18,1.,-1.226948711654E-18));
#6739 = ADVANCED_FACE('',(#6740),#6758,.T.);
#6740 = FACE_BOUND('',#6741,.F.);
#6741 = EDGE_LOOP('',(#6742,#6743,#6744,#6752));
#6742 = ORIENTED_EDGE('',*,*,#6719,.F.);
#6743 = ORIENTED_EDGE('',*,*,#5983,.T.);
#6744 = ORIENTED_EDGE('',*,*,#6745,.T.);
#6745 = EDGE_CURVE('',#5976,#6746,#6748,.T.);
#6746 = VERTEX_POINT('',#6747);
#6747 = CARTESIAN_POINT('',(0.16,-2.7,-3.));
#6748 = LINE('',#6749,#6750);
#6749 = CARTESIAN_POINT('',(0.16,-2.7,-3.));
#6750 = VECTOR('',#6751,1.);
#6751 = DIRECTION('',(-0.57735026919,0.57735026919,-0.57735026919));
#6752 = ORIENTED_EDGE('',*,*,#6753,.F.);
#6753 = EDGE_CURVE('',#6720,#6746,#6754,.T.);
#6754 = LINE('',#6755,#6756);
#6755 = CARTESIAN_POINT('',(-0.32,-2.7,-3.));
#6756 = VECTOR('',#6757,1.);
#6757 = DIRECTION('',(1.,0.,0.));
#6758 = PLANE('',#6759);
#6759 = AXIS2_PLACEMENT_3D('',#6760,#6761,#6762);
#6760 = CARTESIAN_POINT('',(-0.32,-2.78,-2.92));
#6761 = DIRECTION('',(1.735167508357E-18,-0.707106781187,-0.707106781187
    ));
#6762 = DIRECTION('',(-1.,-1.226948711654E-18,-1.226948711654E-18));
#6763 = ADVANCED_FACE('',(#6764),#6775,.F.);
#6764 = FACE_BOUND('',#6765,.F.);
#6765 = EDGE_LOOP('',(#6766,#6767,#6768,#6769));
#6766 = ORIENTED_EDGE('',*,*,#6745,.F.);
#6767 = ORIENTED_EDGE('',*,*,#6000,.T.);
#6768 = ORIENTED_EDGE('',*,*,#6697,.T.);
#6769 = ORIENTED_EDGE('',*,*,#6770,.F.);
#6770 = EDGE_CURVE('',#6746,#6698,#6771,.T.);
#6771 = LINE('',#6772,#6773);
#6772 = CARTESIAN_POINT('',(0.16,-2.86,-3.));
#6773 = VECTOR('',#6774,1.);
#6774 = DIRECTION('',(0.,1.,0.));
#6775 = PLANE('',#6776);
#6776 = AXIS2_PLACEMENT_3D('',#6777,#6778,#6779);
#6777 = CARTESIAN_POINT('',(0.24,-2.86,-2.92));
#6778 = DIRECTION('',(-0.707106781187,1.735167508357E-18,0.707106781187)
  );
#6779 = DIRECTION('',(1.226948711654E-18,1.,-1.226948711654E-18));
#6780 = ADVANCED_FACE('',(#6781),#6806,.T.);
#6781 = FACE_BOUND('',#6782,.F.);
#6782 = EDGE_LOOP('',(#6783,#6791,#6792,#6800));
#6783 = ORIENTED_EDGE('',*,*,#6784,.F.);
#6784 = EDGE_CURVE('',#6026,#6785,#6787,.T.);
#6785 = VERTEX_POINT('',#6786);
#6786 = CARTESIAN_POINT('',(-0.16,-4.92,8.54));
#6787 = LINE('',#6788,#6789);
#6788 = CARTESIAN_POINT('',(-0.16,-4.92,8.54));
#6789 = VECTOR('',#6790,1.);
#6790 = DIRECTION('',(0.57735026919,-0.57735026919,0.57735026919));
#6791 = ORIENTED_EDGE('',*,*,#6033,.T.);
#6792 = ORIENTED_EDGE('',*,*,#6793,.T.);
#6793 = EDGE_CURVE('',#6017,#6794,#6796,.T.);
#6794 = VERTEX_POINT('',#6795);
#6795 = CARTESIAN_POINT('',(0.16,-4.92,8.54));
#6796 = LINE('',#6797,#6798);
#6797 = CARTESIAN_POINT('',(5.333333333333E-02,-5.026666666667,
    8.646666666667));
#6798 = VECTOR('',#6799,1.);
#6799 = DIRECTION('',(-0.57735026919,-0.57735026919,0.57735026919));
#6800 = ORIENTED_EDGE('',*,*,#6801,.F.);
#6801 = EDGE_CURVE('',#6785,#6794,#6802,.T.);
#6802 = LINE('',#6803,#6804);
#6803 = CARTESIAN_POINT('',(-0.32,-4.92,8.54));
#6804 = VECTOR('',#6805,1.);
#6805 = DIRECTION('',(1.,0.,0.));
#6806 = PLANE('',#6807);
#6807 = AXIS2_PLACEMENT_3D('',#6808,#6809,#6810);
#6808 = CARTESIAN_POINT('',(-0.32,-4.84,8.46));
#6809 = DIRECTION('',(1.735167508357E-18,0.707106781187,0.707106781187)
  );
#6810 = DIRECTION('',(-1.,1.226948711654E-18,1.226948711654E-18));
#6811 = ADVANCED_FACE('',(#6812),#6830,.F.);
#6812 = FACE_BOUND('',#6813,.F.);
#6813 = EDGE_LOOP('',(#6814,#6822,#6823,#6824));
#6814 = ORIENTED_EDGE('',*,*,#6815,.F.);
#6815 = EDGE_CURVE('',#6048,#6816,#6818,.T.);
#6816 = VERTEX_POINT('',#6817);
#6817 = CARTESIAN_POINT('',(-0.16,-5.24,8.54));
#6818 = LINE('',#6819,#6820);
#6819 = CARTESIAN_POINT('',(-0.266666666667,-5.346666666667,
    8.433333333333));
#6820 = VECTOR('',#6821,1.);
#6821 = DIRECTION('',(0.57735026919,0.57735026919,0.57735026919));
#6822 = ORIENTED_EDGE('',*,*,#6057,.T.);
#6823 = ORIENTED_EDGE('',*,*,#6784,.T.);
#6824 = ORIENTED_EDGE('',*,*,#6825,.F.);
#6825 = EDGE_CURVE('',#6816,#6785,#6826,.T.);
#6826 = LINE('',#6827,#6828);
#6827 = CARTESIAN_POINT('',(-0.16,-5.4,8.54));
#6828 = VECTOR('',#6829,1.);
#6829 = DIRECTION('',(0.,1.,0.));
#6830 = PLANE('',#6831);
#6831 = AXIS2_PLACEMENT_3D('',#6832,#6833,#6834);
#6832 = CARTESIAN_POINT('',(-0.24,-5.4,8.46));
#6833 = DIRECTION('',(0.707106781187,1.735167508357E-18,-0.707106781187)
  );
#6834 = DIRECTION('',(-1.226948711654E-18,1.,1.226948711654E-18));
#6835 = ADVANCED_FACE('',(#6836),#6854,.F.);
#6836 = FACE_BOUND('',#6837,.T.);
#6837 = EDGE_LOOP('',(#6838,#6839,#6840,#6848));
#6838 = ORIENTED_EDGE('',*,*,#6815,.F.);
#6839 = ORIENTED_EDGE('',*,*,#6081,.T.);
#6840 = ORIENTED_EDGE('',*,*,#6841,.T.);
#6841 = EDGE_CURVE('',#6072,#6842,#6844,.T.);
#6842 = VERTEX_POINT('',#6843);
#6843 = CARTESIAN_POINT('',(0.16,-5.24,8.54));
#6844 = LINE('',#6845,#6846);
#6845 = CARTESIAN_POINT('',(0.16,-5.24,8.54));
#6846 = VECTOR('',#6847,1.);
#6847 = DIRECTION('',(-0.57735026919,0.57735026919,0.57735026919));
#6848 = ORIENTED_EDGE('',*,*,#6849,.F.);
#6849 = EDGE_CURVE('',#6816,#6842,#6850,.T.);
#6850 = LINE('',#6851,#6852);
#6851 = CARTESIAN_POINT('',(-0.32,-5.24,8.54));
#6852 = VECTOR('',#6853,1.);
#6853 = DIRECTION('',(1.,0.,0.));
#6854 = PLANE('',#6855);
#6855 = AXIS2_PLACEMENT_3D('',#6856,#6857,#6858);
#6856 = CARTESIAN_POINT('',(-0.32,-5.32,8.46));
#6857 = DIRECTION('',(-1.735167508357E-18,0.707106781187,-0.707106781187
    ));
#6858 = DIRECTION('',(-1.,-1.226948711654E-18,1.226948711654E-18));
#6859 = ADVANCED_FACE('',(#6860),#6871,.T.);
#6860 = FACE_BOUND('',#6861,.T.);
#6861 = EDGE_LOOP('',(#6862,#6863,#6864,#6865));
#6862 = ORIENTED_EDGE('',*,*,#6841,.F.);
#6863 = ORIENTED_EDGE('',*,*,#6098,.T.);
#6864 = ORIENTED_EDGE('',*,*,#6793,.T.);
#6865 = ORIENTED_EDGE('',*,*,#6866,.F.);
#6866 = EDGE_CURVE('',#6842,#6794,#6867,.T.);
#6867 = LINE('',#6868,#6869);
#6868 = CARTESIAN_POINT('',(0.16,-5.4,8.54));
#6869 = VECTOR('',#6870,1.);
#6870 = DIRECTION('',(0.,1.,0.));
#6871 = PLANE('',#6872);
#6872 = AXIS2_PLACEMENT_3D('',#6873,#6874,#6875);
#6873 = CARTESIAN_POINT('',(0.24,-5.4,8.46));
#6874 = DIRECTION('',(0.707106781187,-1.735167508357E-18,0.707106781187)
  );
#6875 = DIRECTION('',(1.226948711654E-18,1.,1.226948711654E-18));
#6876 = ADVANCED_FACE('',(#6877),#6902,.T.);
#6877 = FACE_BOUND('',#6878,.T.);
#6878 = EDGE_LOOP('',(#6879,#6887,#6888,#6896));
#6879 = ORIENTED_EDGE('',*,*,#6880,.F.);
#6880 = EDGE_CURVE('',#6113,#6881,#6883,.T.);
#6881 = VERTEX_POINT('',#6882);
#6882 = CARTESIAN_POINT('',(0.16,-7.78,8.54));
#6883 = LINE('',#6884,#6885);
#6884 = CARTESIAN_POINT('',(0.16,-7.78,8.54));
#6885 = VECTOR('',#6886,1.);
#6886 = DIRECTION('',(-0.57735026919,0.57735026919,0.57735026919));
#6887 = ORIENTED_EDGE('',*,*,#6129,.T.);
#6888 = ORIENTED_EDGE('',*,*,#6889,.T.);
#6889 = EDGE_CURVE('',#6122,#6890,#6892,.T.);
#6890 = VERTEX_POINT('',#6891);
#6891 = CARTESIAN_POINT('',(0.16,-7.46,8.54));
#6892 = LINE('',#6893,#6894);
#6893 = CARTESIAN_POINT('',(5.333333333333E-02,-7.566666666667,
    8.646666666667));
#6894 = VECTOR('',#6895,1.);
#6895 = DIRECTION('',(-0.57735026919,-0.57735026919,0.57735026919));
#6896 = ORIENTED_EDGE('',*,*,#6897,.F.);
#6897 = EDGE_CURVE('',#6881,#6890,#6898,.T.);
#6898 = LINE('',#6899,#6900);
#6899 = CARTESIAN_POINT('',(0.16,-7.94,8.54));
#6900 = VECTOR('',#6901,1.);
#6901 = DIRECTION('',(0.,1.,0.));
#6902 = PLANE('',#6903);
#6903 = AXIS2_PLACEMENT_3D('',#6904,#6905,#6906);
#6904 = CARTESIAN_POINT('',(0.24,-7.94,8.46));
#6905 = DIRECTION('',(0.707106781187,-1.735167508357E-18,0.707106781187)
  );
#6906 = DIRECTION('',(1.226948711654E-18,1.,1.226948711654E-18));
#6907 = ADVANCED_FACE('',(#6908),#6926,.T.);
#6908 = FACE_BOUND('',#6909,.F.);
#6909 = EDGE_LOOP('',(#6910,#6918,#6919,#6920));
#6910 = ORIENTED_EDGE('',*,*,#6911,.F.);
#6911 = EDGE_CURVE('',#6146,#6912,#6914,.T.);
#6912 = VERTEX_POINT('',#6913);
#6913 = CARTESIAN_POINT('',(-0.16,-7.46,8.54));
#6914 = LINE('',#6915,#6916);
#6915 = CARTESIAN_POINT('',(-0.16,-7.46,8.54));
#6916 = VECTOR('',#6917,1.);
#6917 = DIRECTION('',(0.57735026919,-0.57735026919,0.57735026919));
#6918 = ORIENTED_EDGE('',*,*,#6153,.T.);
#6919 = ORIENTED_EDGE('',*,*,#6889,.T.);
#6920 = ORIENTED_EDGE('',*,*,#6921,.F.);
#6921 = EDGE_CURVE('',#6912,#6890,#6922,.T.);
#6922 = LINE('',#6923,#6924);
#6923 = CARTESIAN_POINT('',(-0.32,-7.46,8.54));
#6924 = VECTOR('',#6925,1.);
#6925 = DIRECTION('',(1.,0.,0.));
#6926 = PLANE('',#6927);
#6927 = AXIS2_PLACEMENT_3D('',#6928,#6929,#6930);
#6928 = CARTESIAN_POINT('',(-0.32,-7.38,8.46));
#6929 = DIRECTION('',(1.735167508357E-18,0.707106781187,0.707106781187)
  );
#6930 = DIRECTION('',(-1.,1.226948711654E-18,1.226948711654E-18));
#6931 = ADVANCED_FACE('',(#6932),#6950,.F.);
#6932 = FACE_BOUND('',#6933,.F.);
#6933 = EDGE_LOOP('',(#6934,#6942,#6943,#6944));
#6934 = ORIENTED_EDGE('',*,*,#6935,.F.);
#6935 = EDGE_CURVE('',#6168,#6936,#6938,.T.);
#6936 = VERTEX_POINT('',#6937);
#6937 = CARTESIAN_POINT('',(-0.16,-7.78,8.54));
#6938 = LINE('',#6939,#6940);
#6939 = CARTESIAN_POINT('',(-0.266666666667,-7.886666666667,
    8.433333333333));
#6940 = VECTOR('',#6941,1.);
#6941 = DIRECTION('',(0.57735026919,0.57735026919,0.57735026919));
#6942 = ORIENTED_EDGE('',*,*,#6177,.T.);
#6943 = ORIENTED_EDGE('',*,*,#6911,.T.);
#6944 = ORIENTED_EDGE('',*,*,#6945,.F.);
#6945 = EDGE_CURVE('',#6936,#6912,#6946,.T.);
#6946 = LINE('',#6947,#6948);
#6947 = CARTESIAN_POINT('',(-0.16,-7.94,8.54));
#6948 = VECTOR('',#6949,1.);
#6949 = DIRECTION('',(0.,1.,0.));
#6950 = PLANE('',#6951);
#6951 = AXIS2_PLACEMENT_3D('',#6952,#6953,#6954);
#6952 = CARTESIAN_POINT('',(-0.24,-7.94,8.46));
#6953 = DIRECTION('',(0.707106781187,1.735167508357E-18,-0.707106781187)
  );
#6954 = DIRECTION('',(-1.226948711654E-18,1.,1.226948711654E-18));
#6955 = ADVANCED_FACE('',(#6956),#6967,.F.);
#6956 = FACE_BOUND('',#6957,.T.);
#6957 = EDGE_LOOP('',(#6958,#6959,#6960,#6961));
#6958 = ORIENTED_EDGE('',*,*,#6935,.F.);
#6959 = ORIENTED_EDGE('',*,*,#6194,.T.);
#6960 = ORIENTED_EDGE('',*,*,#6880,.T.);
#6961 = ORIENTED_EDGE('',*,*,#6962,.F.);
#6962 = EDGE_CURVE('',#6936,#6881,#6963,.T.);
#6963 = LINE('',#6964,#6965);
#6964 = CARTESIAN_POINT('',(-0.32,-7.78,8.54));
#6965 = VECTOR('',#6966,1.);
#6966 = DIRECTION('',(1.,0.,0.));
#6967 = PLANE('',#6968);
#6968 = AXIS2_PLACEMENT_3D('',#6969,#6970,#6971);
#6969 = CARTESIAN_POINT('',(-0.32,-7.86,8.46));
#6970 = DIRECTION('',(-1.735167508357E-18,0.707106781187,-0.707106781187
    ));
#6971 = DIRECTION('',(-1.,-1.226948711654E-18,1.226948711654E-18));
#6972 = ADVANCED_FACE('',(#6973),#6998,.T.);
#6973 = FACE_BOUND('',#6974,.T.);
#6974 = EDGE_LOOP('',(#6975,#6983,#6984,#6992));
#6975 = ORIENTED_EDGE('',*,*,#6976,.F.);
#6976 = EDGE_CURVE('',#6209,#6977,#6979,.T.);
#6977 = VERTEX_POINT('',#6978);
#6978 = CARTESIAN_POINT('',(0.16,-0.16,8.54));
#6979 = LINE('',#6980,#6981);
#6980 = CARTESIAN_POINT('',(0.16,-0.16,8.54));
#6981 = VECTOR('',#6982,1.);
#6982 = DIRECTION('',(-0.57735026919,0.57735026919,0.57735026919));
#6983 = ORIENTED_EDGE('',*,*,#6225,.T.);
#6984 = ORIENTED_EDGE('',*,*,#6985,.T.);
#6985 = EDGE_CURVE('',#6218,#6986,#6988,.T.);
#6986 = VERTEX_POINT('',#6987);
#6987 = CARTESIAN_POINT('',(0.16,0.16,8.54));
#6988 = LINE('',#6989,#6990);
#6989 = CARTESIAN_POINT('',(5.333333333333E-02,5.333333333333E-02,
    8.646666666667));
#6990 = VECTOR('',#6991,1.);
#6991 = DIRECTION('',(-0.57735026919,-0.57735026919,0.57735026919));
#6992 = ORIENTED_EDGE('',*,*,#6993,.F.);
#6993 = EDGE_CURVE('',#6977,#6986,#6994,.T.);
#6994 = LINE('',#6995,#6996);
#6995 = CARTESIAN_POINT('',(0.16,-0.32,8.54));
#6996 = VECTOR('',#6997,1.);
#6997 = DIRECTION('',(0.,1.,0.));
#6998 = PLANE('',#6999);
#6999 = AXIS2_PLACEMENT_3D('',#7000,#7001,#7002);
#7000 = CARTESIAN_POINT('',(0.24,-0.32,8.46));
#7001 = DIRECTION('',(0.707106781187,-1.735167508357E-18,0.707106781187)
  );
#7002 = DIRECTION('',(1.226948711654E-18,1.,1.226948711654E-18));
#7003 = ADVANCED_FACE('',(#7004),#7022,.T.);
#7004 = FACE_BOUND('',#7005,.F.);
#7005 = EDGE_LOOP('',(#7006,#7014,#7015,#7016));
#7006 = ORIENTED_EDGE('',*,*,#7007,.F.);
#7007 = EDGE_CURVE('',#6242,#7008,#7010,.T.);
#7008 = VERTEX_POINT('',#7009);
#7009 = CARTESIAN_POINT('',(-0.16,0.16,8.54));
#7010 = LINE('',#7011,#7012);
#7011 = CARTESIAN_POINT('',(-0.16,0.16,8.54));
#7012 = VECTOR('',#7013,1.);
#7013 = DIRECTION('',(0.57735026919,-0.57735026919,0.57735026919));
#7014 = ORIENTED_EDGE('',*,*,#6249,.T.);
#7015 = ORIENTED_EDGE('',*,*,#6985,.T.);
#7016 = ORIENTED_EDGE('',*,*,#7017,.F.);
#7017 = EDGE_CURVE('',#7008,#6986,#7018,.T.);
#7018 = LINE('',#7019,#7020);
#7019 = CARTESIAN_POINT('',(-0.32,0.16,8.54));
#7020 = VECTOR('',#7021,1.);
#7021 = DIRECTION('',(1.,0.,0.));
#7022 = PLANE('',#7023);
#7023 = AXIS2_PLACEMENT_3D('',#7024,#7025,#7026);
#7024 = CARTESIAN_POINT('',(-0.32,0.24,8.46));
#7025 = DIRECTION('',(1.735167508357E-18,0.707106781187,0.707106781187)
  );
#7026 = DIRECTION('',(-1.,1.226948711654E-18,1.226948711654E-18));
#7027 = ADVANCED_FACE('',(#7028),#7046,.F.);
#7028 = FACE_BOUND('',#7029,.F.);
#7029 = EDGE_LOOP('',(#7030,#7038,#7039,#7040));
#7030 = ORIENTED_EDGE('',*,*,#7031,.F.);
#7031 = EDGE_CURVE('',#6264,#7032,#7034,.T.);
#7032 = VERTEX_POINT('',#7033);
#7033 = CARTESIAN_POINT('',(-0.16,-0.16,8.54));
#7034 = LINE('',#7035,#7036);
#7035 = CARTESIAN_POINT('',(-0.266666666667,-0.266666666667,
    8.433333333333));
#7036 = VECTOR('',#7037,1.);
#7037 = DIRECTION('',(0.57735026919,0.57735026919,0.57735026919));
#7038 = ORIENTED_EDGE('',*,*,#6273,.T.);
#7039 = ORIENTED_EDGE('',*,*,#7007,.T.);
#7040 = ORIENTED_EDGE('',*,*,#7041,.F.);
#7041 = EDGE_CURVE('',#7032,#7008,#7042,.T.);
#7042 = LINE('',#7043,#7044);
#7043 = CARTESIAN_POINT('',(-0.16,-0.32,8.54));
#7044 = VECTOR('',#7045,1.);
#7045 = DIRECTION('',(0.,1.,0.));
#7046 = PLANE('',#7047);
#7047 = AXIS2_PLACEMENT_3D('',#7048,#7049,#7050);
#7048 = CARTESIAN_POINT('',(-0.24,-0.32,8.46));
#7049 = DIRECTION('',(0.707106781187,1.735167508357E-18,-0.707106781187)
  );
#7050 = DIRECTION('',(-1.226948711654E-18,1.,1.226948711654E-18));
#7051 = ADVANCED_FACE('',(#7052),#7063,.F.);
#7052 = FACE_BOUND('',#7053,.T.);
#7053 = EDGE_LOOP('',(#7054,#7055,#7056,#7057));
#7054 = ORIENTED_EDGE('',*,*,#7031,.F.);
#7055 = ORIENTED_EDGE('',*,*,#6290,.T.);
#7056 = ORIENTED_EDGE('',*,*,#6976,.T.);
#7057 = ORIENTED_EDGE('',*,*,#7058,.F.);
#7058 = EDGE_CURVE('',#7032,#6977,#7059,.T.);
#7059 = LINE('',#7060,#7061);
#7060 = CARTESIAN_POINT('',(-0.32,-0.16,8.54));
#7061 = VECTOR('',#7062,1.);
#7062 = DIRECTION('',(1.,0.,0.));
#7063 = PLANE('',#7064);
#7064 = AXIS2_PLACEMENT_3D('',#7065,#7066,#7067);
#7065 = CARTESIAN_POINT('',(-0.32,-0.24,8.46));
#7066 = DIRECTION('',(-1.735167508357E-18,0.707106781187,-0.707106781187
    ));
#7067 = DIRECTION('',(-1.,-1.226948711654E-18,1.226948711654E-18));
#7068 = ADVANCED_FACE('',(#7069),#7094,.T.);
#7069 = FACE_BOUND('',#7070,.F.);
#7070 = EDGE_LOOP('',(#7071,#7079,#7080,#7088));
#7071 = ORIENTED_EDGE('',*,*,#7072,.F.);
#7072 = EDGE_CURVE('',#6314,#7073,#7075,.T.);
#7073 = VERTEX_POINT('',#7074);
#7074 = CARTESIAN_POINT('',(-0.16,-2.38,8.54));
#7075 = LINE('',#7076,#7077);
#7076 = CARTESIAN_POINT('',(-0.16,-2.38,8.54));
#7077 = VECTOR('',#7078,1.);
#7078 = DIRECTION('',(0.57735026919,-0.57735026919,0.57735026919));
#7079 = ORIENTED_EDGE('',*,*,#6321,.T.);
#7080 = ORIENTED_EDGE('',*,*,#7081,.T.);
#7081 = EDGE_CURVE('',#6305,#7082,#7084,.T.);
#7082 = VERTEX_POINT('',#7083);
#7083 = CARTESIAN_POINT('',(0.16,-2.38,8.54));
#7084 = LINE('',#7085,#7086);
#7085 = CARTESIAN_POINT('',(5.333333333333E-02,-2.486666666667,
    8.646666666667));
#7086 = VECTOR('',#7087,1.);
#7087 = DIRECTION('',(-0.57735026919,-0.57735026919,0.57735026919));
#7088 = ORIENTED_EDGE('',*,*,#7089,.F.);
#7089 = EDGE_CURVE('',#7073,#7082,#7090,.T.);
#7090 = LINE('',#7091,#7092);
#7091 = CARTESIAN_POINT('',(-0.32,-2.38,8.54));
#7092 = VECTOR('',#7093,1.);
#7093 = DIRECTION('',(1.,0.,0.));
#7094 = PLANE('',#7095);
#7095 = AXIS2_PLACEMENT_3D('',#7096,#7097,#7098);
#7096 = CARTESIAN_POINT('',(-0.32,-2.3,8.46));
#7097 = DIRECTION('',(1.735167508357E-18,0.707106781187,0.707106781187)
  );
#7098 = DIRECTION('',(-1.,1.226948711654E-18,1.226948711654E-18));
#7099 = ADVANCED_FACE('',(#7100),#7118,.F.);
#7100 = FACE_BOUND('',#7101,.F.);
#7101 = EDGE_LOOP('',(#7102,#7110,#7111,#7112));
#7102 = ORIENTED_EDGE('',*,*,#7103,.F.);
#7103 = EDGE_CURVE('',#6336,#7104,#7106,.T.);
#7104 = VERTEX_POINT('',#7105);
#7105 = CARTESIAN_POINT('',(-0.16,-2.7,8.54));
#7106 = LINE('',#7107,#7108);
#7107 = CARTESIAN_POINT('',(-0.266666666667,-2.806666666667,
    8.433333333333));
#7108 = VECTOR('',#7109,1.);
#7109 = DIRECTION('',(0.57735026919,0.57735026919,0.57735026919));
#7110 = ORIENTED_EDGE('',*,*,#6345,.T.);
#7111 = ORIENTED_EDGE('',*,*,#7072,.T.);
#7112 = ORIENTED_EDGE('',*,*,#7113,.F.);
#7113 = EDGE_CURVE('',#7104,#7073,#7114,.T.);
#7114 = LINE('',#7115,#7116);
#7115 = CARTESIAN_POINT('',(-0.16,-2.86,8.54));
#7116 = VECTOR('',#7117,1.);
#7117 = DIRECTION('',(0.,1.,0.));
#7118 = PLANE('',#7119);
#7119 = AXIS2_PLACEMENT_3D('',#7120,#7121,#7122);
#7120 = CARTESIAN_POINT('',(-0.24,-2.86,8.46));
#7121 = DIRECTION('',(0.707106781187,1.735167508357E-18,-0.707106781187)
  );
#7122 = DIRECTION('',(-1.226948711654E-18,1.,1.226948711654E-18));
#7123 = ADVANCED_FACE('',(#7124),#7142,.F.);
#7124 = FACE_BOUND('',#7125,.T.);
#7125 = EDGE_LOOP('',(#7126,#7127,#7128,#7136));
#7126 = ORIENTED_EDGE('',*,*,#7103,.F.);
#7127 = ORIENTED_EDGE('',*,*,#6369,.T.);
#7128 = ORIENTED_EDGE('',*,*,#7129,.T.);
#7129 = EDGE_CURVE('',#6360,#7130,#7132,.T.);
#7130 = VERTEX_POINT('',#7131);
#7131 = CARTESIAN_POINT('',(0.16,-2.7,8.54));
#7132 = LINE('',#7133,#7134);
#7133 = CARTESIAN_POINT('',(0.16,-2.7,8.54));
#7134 = VECTOR('',#7135,1.);
#7135 = DIRECTION('',(-0.57735026919,0.57735026919,0.57735026919));
#7136 = ORIENTED_EDGE('',*,*,#7137,.F.);
#7137 = EDGE_CURVE('',#7104,#7130,#7138,.T.);
#7138 = LINE('',#7139,#7140);
#7139 = CARTESIAN_POINT('',(-0.32,-2.7,8.54));
#7140 = VECTOR('',#7141,1.);
#7141 = DIRECTION('',(1.,0.,0.));
#7142 = PLANE('',#7143);
#7143 = AXIS2_PLACEMENT_3D('',#7144,#7145,#7146);
#7144 = CARTESIAN_POINT('',(-0.32,-2.78,8.46));
#7145 = DIRECTION('',(-1.735167508357E-18,0.707106781187,-0.707106781187
    ));
#7146 = DIRECTION('',(-1.,-1.226948711654E-18,1.226948711654E-18));
#7147 = ADVANCED_FACE('',(#7148),#7159,.T.);
#7148 = FACE_BOUND('',#7149,.T.);
#7149 = EDGE_LOOP('',(#7150,#7151,#7152,#7153));
#7150 = ORIENTED_EDGE('',*,*,#7129,.F.);
#7151 = ORIENTED_EDGE('',*,*,#6386,.T.);
#7152 = ORIENTED_EDGE('',*,*,#7081,.T.);
#7153 = ORIENTED_EDGE('',*,*,#7154,.F.);
#7154 = EDGE_CURVE('',#7130,#7082,#7155,.T.);
#7155 = LINE('',#7156,#7157);
#7156 = CARTESIAN_POINT('',(0.16,-2.86,8.54));
#7157 = VECTOR('',#7158,1.);
#7158 = DIRECTION('',(0.,1.,0.));
#7159 = PLANE('',#7160);
#7160 = AXIS2_PLACEMENT_3D('',#7161,#7162,#7163);
#7161 = CARTESIAN_POINT('',(0.24,-2.86,8.46));
#7162 = DIRECTION('',(0.707106781187,-1.735167508357E-18,0.707106781187)
  );
#7163 = DIRECTION('',(1.226948711654E-18,1.,1.226948711654E-18));
#7164 = ADVANCED_FACE('',(#7165),#7171,.F.);
#7165 = FACE_BOUND('',#7166,.F.);
#7166 = EDGE_LOOP('',(#7167,#7168,#7169,#7170));
#7167 = ORIENTED_EDGE('',*,*,#6482,.T.);
#7168 = ORIENTED_EDGE('',*,*,#6417,.F.);
#7169 = ORIENTED_EDGE('',*,*,#6441,.F.);
#7170 = ORIENTED_EDGE('',*,*,#6465,.T.);
#7171 = PLANE('',#7172);
#7172 = AXIS2_PLACEMENT_3D('',#7173,#7174,#7175);
#7173 = CARTESIAN_POINT('',(-0.32,-5.4,-3.));
#7174 = DIRECTION('',(0.,0.,1.));
#7175 = DIRECTION('',(1.,0.,-0.));
#7176 = ADVANCED_FACE('',(#7177),#7183,.F.);
#7177 = FACE_BOUND('',#7178,.F.);
#7178 = EDGE_LOOP('',(#7179,#7180,#7181,#7182));
#7179 = ORIENTED_EDGE('',*,*,#6513,.T.);
#7180 = ORIENTED_EDGE('',*,*,#6537,.F.);
#7181 = ORIENTED_EDGE('',*,*,#6561,.F.);
#7182 = ORIENTED_EDGE('',*,*,#6578,.T.);
#7183 = PLANE('',#7184);
#7184 = AXIS2_PLACEMENT_3D('',#7185,#7186,#7187);
#7185 = CARTESIAN_POINT('',(-0.32,-7.94,-3.));
#7186 = DIRECTION('',(0.,0.,1.));
#7187 = DIRECTION('',(1.,0.,-0.));
#7188 = ADVANCED_FACE('',(#7189),#7195,.F.);
#7189 = FACE_BOUND('',#7190,.F.);
#7190 = EDGE_LOOP('',(#7191,#7192,#7193,#7194));
#7191 = ORIENTED_EDGE('',*,*,#6609,.T.);
#7192 = ORIENTED_EDGE('',*,*,#6633,.F.);
#7193 = ORIENTED_EDGE('',*,*,#6657,.F.);
#7194 = ORIENTED_EDGE('',*,*,#6674,.T.);
#7195 = PLANE('',#7196);
#7196 = AXIS2_PLACEMENT_3D('',#7197,#7198,#7199);
#7197 = CARTESIAN_POINT('',(-0.32,-0.32,-3.));
#7198 = DIRECTION('',(0.,0.,1.));
#7199 = DIRECTION('',(1.,0.,-0.));
#7200 = ADVANCED_FACE('',(#7201),#7207,.F.);
#7201 = FACE_BOUND('',#7202,.F.);
#7202 = EDGE_LOOP('',(#7203,#7204,#7205,#7206));
#7203 = ORIENTED_EDGE('',*,*,#6770,.T.);
#7204 = ORIENTED_EDGE('',*,*,#6705,.F.);
#7205 = ORIENTED_EDGE('',*,*,#6729,.F.);
#7206 = ORIENTED_EDGE('',*,*,#6753,.T.);
#7207 = PLANE('',#7208);
#7208 = AXIS2_PLACEMENT_3D('',#7209,#7210,#7211);
#7209 = CARTESIAN_POINT('',(-0.32,-2.86,-3.));
#7210 = DIRECTION('',(0.,0.,1.));
#7211 = DIRECTION('',(1.,0.,-0.));
#7212 = ADVANCED_FACE('',(#7213),#7219,.T.);
#7213 = FACE_BOUND('',#7214,.T.);
#7214 = EDGE_LOOP('',(#7215,#7216,#7217,#7218));
#7215 = ORIENTED_EDGE('',*,*,#6866,.T.);
#7216 = ORIENTED_EDGE('',*,*,#6801,.F.);
#7217 = ORIENTED_EDGE('',*,*,#6825,.F.);
#7218 = ORIENTED_EDGE('',*,*,#6849,.T.);
#7219 = PLANE('',#7220);
#7220 = AXIS2_PLACEMENT_3D('',#7221,#7222,#7223);
#7221 = CARTESIAN_POINT('',(-0.32,-5.4,8.54));
#7222 = DIRECTION('',(0.,0.,1.));
#7223 = DIRECTION('',(1.,0.,-0.));
#7224 = ADVANCED_FACE('',(#7225),#7231,.T.);
#7225 = FACE_BOUND('',#7226,.T.);
#7226 = EDGE_LOOP('',(#7227,#7228,#7229,#7230));
#7227 = ORIENTED_EDGE('',*,*,#6897,.T.);
#7228 = ORIENTED_EDGE('',*,*,#6921,.F.);
#7229 = ORIENTED_EDGE('',*,*,#6945,.F.);
#7230 = ORIENTED_EDGE('',*,*,#6962,.T.);
#7231 = PLANE('',#7232);
#7232 = AXIS2_PLACEMENT_3D('',#7233,#7234,#7235);
#7233 = CARTESIAN_POINT('',(-0.32,-7.94,8.54));
#7234 = DIRECTION('',(0.,0.,1.));
#7235 = DIRECTION('',(1.,0.,-0.));
#7236 = ADVANCED_FACE('',(#7237),#7243,.T.);
#7237 = FACE_BOUND('',#7238,.T.);
#7238 = EDGE_LOOP('',(#7239,#7240,#7241,#7242));
#7239 = ORIENTED_EDGE('',*,*,#6993,.T.);
#7240 = ORIENTED_EDGE('',*,*,#7017,.F.);
#7241 = ORIENTED_EDGE('',*,*,#7041,.F.);
#7242 = ORIENTED_EDGE('',*,*,#7058,.T.);
#7243 = PLANE('',#7244);
#7244 = AXIS2_PLACEMENT_3D('',#7245,#7246,#7247);
#7245 = CARTESIAN_POINT('',(-0.32,-0.32,8.54));
#7246 = DIRECTION('',(0.,0.,1.));
#7247 = DIRECTION('',(1.,0.,-0.));
#7248 = ADVANCED_FACE('',(#7249),#7255,.T.);
#7249 = FACE_BOUND('',#7250,.T.);
#7250 = EDGE_LOOP('',(#7251,#7252,#7253,#7254));
#7251 = ORIENTED_EDGE('',*,*,#7154,.T.);
#7252 = ORIENTED_EDGE('',*,*,#7089,.F.);
#7253 = ORIENTED_EDGE('',*,*,#7113,.F.);
#7254 = ORIENTED_EDGE('',*,*,#7137,.T.);
#7255 = PLANE('',#7256);
#7256 = AXIS2_PLACEMENT_3D('',#7257,#7258,#7259);
#7257 = CARTESIAN_POINT('',(-0.32,-2.86,8.54));
#7258 = DIRECTION('',(0.,0.,1.));
#7259 = DIRECTION('',(1.,0.,-0.));
#7260 = ( GEOMETRIC_REPRESENTATION_CONTEXT(3) 
GLOBAL_UNCERTAINTY_ASSIGNED_CONTEXT((#7264)) 
GLOBAL_UNIT_ASSIGNED_CONTEXT((#7261,#7262,#7263)) REPRESENTATION_CONTEXT
('Context #1','3D Context with UNIT and UNCERTAINTY') );
#7261 = ( LENGTH_UNIT() NAMED_UNIT(*) SI_UNIT(.MILLI.,.METRE.) );
#7262 = ( NAMED_UNIT(*) PLANE_ANGLE_UNIT() SI_UNIT($,.RADIAN.) );
#7263 = ( NAMED_UNIT(*) SI_UNIT($,.STERADIAN.) SOLID_ANGLE_UNIT() );
#7264 = UNCERTAINTY_MEASURE_WITH_UNIT(LENGTH_MEASURE(1.E-07),#7261,
  'distance_accuracy_value','confusion accuracy');
#7265 = CONTEXT_DEPENDENT_SHAPE_REPRESENTATION(#7266,#7268);
#7266 = ( REPRESENTATION_RELATIONSHIP('','',#4479,#10) 
REPRESENTATION_RELATIONSHIP_WITH_TRANSFORMATION(#7267) 
SHAPE_REPRESENTATION_RELATIONSHIP() );
#7267 = ITEM_DEFINED_TRANSFORMATION('','',#11,#35);
#7268 = PRODUCT_DEFINITION_SHAPE('Placement','Placement of an item',
  #7269);
#7269 = NEXT_ASSEMBLY_USAGE_OCCURRENCE('6','J15','',#5,#4474,$);
#7270 = PRODUCT_RELATED_PRODUCT_CATEGORY('part',$,(#4476));
#7271 = CONTEXT_DEPENDENT_SHAPE_REPRESENTATION(#7272,#7274);
#7272 = ( REPRESENTATION_RELATIONSHIP('','',#4479,#10) 
REPRESENTATION_RELATIONSHIP_WITH_TRANSFORMATION(#7273) 
SHAPE_REPRESENTATION_RELATIONSHIP() );
#7273 = ITEM_DEFINED_TRANSFORMATION('','',#11,#39);
#7274 = PRODUCT_DEFINITION_SHAPE('Placement','Placement of an item',
  #7275);
#7275 = NEXT_ASSEMBLY_USAGE_OCCURRENCE('7','J13','',#5,#4474,$);
#7276 = SHAPE_DEFINITION_REPRESENTATION(#7277,#7283);
#7277 = PRODUCT_DEFINITION_SHAPE('','',#7278);
#7278 = PRODUCT_DEFINITION('design','',#7279,#7282);
#7279 = PRODUCT_DEFINITION_FORMATION('','',#7280);
#7280 = PRODUCT('C_Radial_D5.0mm_H11.0mm_P2.00mm',
  'C_Radial_D5.0mm_H11.0mm_P2.00mm','',(#7281));
#7281 = PRODUCT_CONTEXT('',#2,'mechanical');
#7282 = PRODUCT_DEFINITION_CONTEXT('part definition',#2,'design');
#7283 = ADVANCED_BREP_SHAPE_REPRESENTATION('',(#11,#7284),#8271);
#7284 = BREP_WITH_VOIDS('',#7285,(#8208));
#7285 = CLOSED_SHELL('',(#7286,#7303,#7328,#7359,#7384,#7409,#7429,#7438
    ,#7468,#7503,#7576,#7616,#7689,#7714,#7740,#7760,#7930,#8000,#8024,
    #8040,#8052,#8076,#8092,#8104,#8128,#8144,#8156,#8180,#8196));
#7286 = ADVANCED_FACE('',(#7287),#7298,.F.);
#7287 = FACE_BOUND('',#7288,.F.);
#7288 = EDGE_LOOP('',(#7289));
#7289 = ORIENTED_EDGE('',*,*,#7290,.T.);
#7290 = EDGE_CURVE('',#7291,#7291,#7293,.T.);
#7291 = VERTEX_POINT('',#7292);
#7292 = CARTESIAN_POINT('',(1.8,-9.797174393179E-17,-1.9));
#7293 = CIRCLE('',#7294,0.2);
#7294 = AXIS2_PLACEMENT_3D('',#7295,#7296,#7297);
#7295 = CARTESIAN_POINT('',(2.,-1.224646799147E-16,-1.9));
#7296 = DIRECTION('',(0.,0.,1.));
#7297 = DIRECTION('',(-1.,1.224646799147E-16,0.));
#7298 = PLANE('',#7299);
#7299 = AXIS2_PLACEMENT_3D('',#7300,#7301,#7302);
#7300 = CARTESIAN_POINT('',(2.,-1.276542754647E-16,-1.9));
#7301 = DIRECTION('',(-1.283953296258E-32,1.314847188225E-32,1.));
#7302 = DIRECTION('',(-1.224646799147E-16,-1.,1.314847188225E-32));
#7303 = ADVANCED_FACE('',(#7304),#7323,.T.);
#7304 = FACE_BOUND('',#7305,.T.);
#7305 = EDGE_LOOP('',(#7306,#7315,#7321,#7322));
#7306 = ORIENTED_EDGE('',*,*,#7307,.F.);
#7307 = EDGE_CURVE('',#7308,#7308,#7310,.T.);
#7308 = VERTEX_POINT('',#7309);
#7309 = CARTESIAN_POINT('',(1.8,-9.797174393179E-17,0.2));
#7310 = CIRCLE('',#7311,0.2);
#7311 = AXIS2_PLACEMENT_3D('',#7312,#7313,#7314);
#7312 = CARTESIAN_POINT('',(2.,-1.224646799147E-16,0.2));
#7313 = DIRECTION('',(0.,0.,1.));
#7314 = DIRECTION('',(-1.,1.224646799147E-16,0.));
#7315 = ORIENTED_EDGE('',*,*,#7316,.T.);
#7316 = EDGE_CURVE('',#7308,#7291,#7317,.T.);
#7317 = LINE('',#7318,#7319);
#7318 = CARTESIAN_POINT('',(1.8,-9.797174393179E-17,0.3));
#7319 = VECTOR('',#7320,1.);
#7320 = DIRECTION('',(0.,0.,-1.));
#7321 = ORIENTED_EDGE('',*,*,#7290,.T.);
#7322 = ORIENTED_EDGE('',*,*,#7316,.F.);
#7323 = CYLINDRICAL_SURFACE('',#7324,0.2);
#7324 = AXIS2_PLACEMENT_3D('',#7325,#7326,#7327);
#7325 = CARTESIAN_POINT('',(2.,-1.224646799147E-16,0.3));
#7326 = DIRECTION('',(0.,0.,1.));
#7327 = DIRECTION('',(-1.,1.224646799147E-16,0.));
#7328 = ADVANCED_FACE('',(#7329,#7340,#7343),#7354,.F.);
#7329 = FACE_BOUND('',#7330,.F.);
#7330 = EDGE_LOOP('',(#7331));
#7331 = ORIENTED_EDGE('',*,*,#7332,.T.);
#7332 = EDGE_CURVE('',#7333,#7333,#7335,.T.);
#7333 = VERTEX_POINT('',#7334);
#7334 = CARTESIAN_POINT('',(2.75,-4.286263797016E-16,0.2));
#7335 = CIRCLE('',#7336,1.75);
#7336 = AXIS2_PLACEMENT_3D('',#7337,#7338,#7339);
#7337 = CARTESIAN_POINT('',(1.,0.,0.2));
#7338 = DIRECTION('',(-0.,0.,1.));
#7339 = DIRECTION('',(1.,-2.449293598295E-16,0.));
#7340 = FACE_BOUND('',#7341,.F.);
#7341 = EDGE_LOOP('',(#7342));
#7342 = ORIENTED_EDGE('',*,*,#7307,.F.);
#7343 = FACE_BOUND('',#7344,.F.);
#7344 = EDGE_LOOP('',(#7345));
#7345 = ORIENTED_EDGE('',*,*,#7346,.F.);
#7346 = EDGE_CURVE('',#7347,#7347,#7349,.T.);
#7347 = VERTEX_POINT('',#7348);
#7348 = CARTESIAN_POINT('',(-0.2,1.469576158977E-16,0.2));
#7349 = CIRCLE('',#7350,0.2);
#7350 = AXIS2_PLACEMENT_3D('',#7351,#7352,#7353);
#7351 = CARTESIAN_POINT('',(0.,1.224646799147E-16,0.2));
#7352 = DIRECTION('',(0.,0.,1.));
#7353 = DIRECTION('',(-1.,1.224646799147E-16,0.));
#7354 = PLANE('',#7355);
#7355 = AXIS2_PLACEMENT_3D('',#7356,#7357,#7358);
#7356 = CARTESIAN_POINT('',(1.,1.239108604125E-16,0.2));
#7357 = DIRECTION('',(0.,0.,1.));
#7358 = DIRECTION('',(1.,-2.449293598295E-16,0.));
#7359 = ADVANCED_FACE('',(#7360),#7379,.F.);
#7360 = FACE_BOUND('',#7361,.F.);
#7361 = EDGE_LOOP('',(#7362,#7363,#7371,#7378));
#7362 = ORIENTED_EDGE('',*,*,#7332,.F.);
#7363 = ORIENTED_EDGE('',*,*,#7364,.T.);
#7364 = EDGE_CURVE('',#7333,#7365,#7367,.T.);
#7365 = VERTEX_POINT('',#7366);
#7366 = CARTESIAN_POINT('',(2.75,-4.286263797016E-16,0.));
#7367 = LINE('',#7368,#7369);
#7368 = CARTESIAN_POINT('',(2.75,-4.286263797016E-16,0.3));
#7369 = VECTOR('',#7370,1.);
#7370 = DIRECTION('',(0.,0.,-1.));
#7371 = ORIENTED_EDGE('',*,*,#7372,.F.);
#7372 = EDGE_CURVE('',#7365,#7365,#7373,.T.);
#7373 = CIRCLE('',#7374,1.75);
#7374 = AXIS2_PLACEMENT_3D('',#7375,#7376,#7377);
#7375 = CARTESIAN_POINT('',(1.,0.,0.));
#7376 = DIRECTION('',(0.,-0.,-1.));
#7377 = DIRECTION('',(1.,-2.449293598295E-16,0.));
#7378 = ORIENTED_EDGE('',*,*,#7364,.F.);
#7379 = CYLINDRICAL_SURFACE('',#7380,1.75);
#7380 = AXIS2_PLACEMENT_3D('',#7381,#7382,#7383);
#7381 = CARTESIAN_POINT('',(1.,0.,0.3));
#7382 = DIRECTION('',(0.,0.,-1.));
#7383 = DIRECTION('',(1.,-2.449293598295E-16,0.));
#7384 = ADVANCED_FACE('',(#7385),#7404,.T.);
#7385 = FACE_BOUND('',#7386,.T.);
#7386 = EDGE_LOOP('',(#7387,#7388,#7396,#7403));
#7387 = ORIENTED_EDGE('',*,*,#7346,.F.);
#7388 = ORIENTED_EDGE('',*,*,#7389,.T.);
#7389 = EDGE_CURVE('',#7347,#7390,#7392,.T.);
#7390 = VERTEX_POINT('',#7391);
#7391 = CARTESIAN_POINT('',(-0.2,1.469576158977E-16,-2.));
#7392 = LINE('',#7393,#7394);
#7393 = CARTESIAN_POINT('',(-0.2,1.469576158977E-16,0.3));
#7394 = VECTOR('',#7395,1.);
#7395 = DIRECTION('',(0.,0.,-1.));
#7396 = ORIENTED_EDGE('',*,*,#7397,.T.);
#7397 = EDGE_CURVE('',#7390,#7390,#7398,.T.);
#7398 = CIRCLE('',#7399,0.2);
#7399 = AXIS2_PLACEMENT_3D('',#7400,#7401,#7402);
#7400 = CARTESIAN_POINT('',(0.,1.224646799147E-16,-2.));
#7401 = DIRECTION('',(0.,0.,1.));
#7402 = DIRECTION('',(-1.,1.224646799147E-16,0.));
#7403 = ORIENTED_EDGE('',*,*,#7389,.F.);
#7404 = CYLINDRICAL_SURFACE('',#7405,0.2);
#7405 = AXIS2_PLACEMENT_3D('',#7406,#7407,#7408);
#7406 = CARTESIAN_POINT('',(0.,1.224646799147E-16,0.3));
#7407 = DIRECTION('',(0.,0.,1.));
#7408 = DIRECTION('',(-1.,1.224646799147E-16,0.));
#7409 = ADVANCED_FACE('',(#7410,#7413),#7424,.T.);
#7410 = FACE_BOUND('',#7411,.F.);
#7411 = EDGE_LOOP('',(#7412));
#7412 = ORIENTED_EDGE('',*,*,#7372,.T.);
#7413 = FACE_BOUND('',#7414,.F.);
#7414 = EDGE_LOOP('',(#7415));
#7415 = ORIENTED_EDGE('',*,*,#7416,.F.);
#7416 = EDGE_CURVE('',#7417,#7417,#7419,.T.);
#7417 = VERTEX_POINT('',#7418);
#7418 = CARTESIAN_POINT('',(3.3,-5.633375276078E-16,1.387778780781E-17)
  );
#7419 = CIRCLE('',#7420,2.3);
#7420 = AXIS2_PLACEMENT_3D('',#7421,#7422,#7423);
#7421 = CARTESIAN_POINT('',(1.,0.,1.387778780781E-17));
#7422 = DIRECTION('',(0.,-0.,-1.));
#7423 = DIRECTION('',(1.,-2.449293598295E-16,0.));
#7424 = PLANE('',#7425);
#7425 = AXIS2_PLACEMENT_3D('',#7426,#7427,#7428);
#7426 = CARTESIAN_POINT('',(1.,0.,0.));
#7427 = DIRECTION('',(0.,0.,-1.));
#7428 = DIRECTION('',(1.,-2.449293598295E-16,0.));
#7429 = ADVANCED_FACE('',(#7430),#7433,.F.);
#7430 = FACE_BOUND('',#7431,.F.);
#7431 = EDGE_LOOP('',(#7432));
#7432 = ORIENTED_EDGE('',*,*,#7397,.T.);
#7433 = PLANE('',#7434);
#7434 = AXIS2_PLACEMENT_3D('',#7435,#7436,#7437);
#7435 = CARTESIAN_POINT('',(0.,1.039211768204E-16,-2.));
#7436 = DIRECTION('',(0.,0.,1.));
#7437 = DIRECTION('',(-1.,1.224646799147E-16,0.));
#7438 = ADVANCED_FACE('',(#7439),#7459,.F.);
#7439 = FACE_BOUND('',#7440,.F.);
#7440 = EDGE_LOOP('',(#7441,#7442,#7451,#7458));
#7441 = ORIENTED_EDGE('',*,*,#7416,.T.);
#7442 = ORIENTED_EDGE('',*,*,#7443,.T.);
#7443 = EDGE_CURVE('',#7417,#7444,#7446,.T.);
#7444 = VERTEX_POINT('',#7445);
#7445 = CARTESIAN_POINT('',(3.5,-6.123233995737E-16,0.2));
#7446 = CIRCLE('',#7447,0.2);
#7447 = AXIS2_PLACEMENT_3D('',#7448,#7449,#7450);
#7448 = CARTESIAN_POINT('',(3.3,-5.633375276078E-16,0.2));
#7449 = DIRECTION('',(-2.449293598295E-16,-1.,-0.));
#7450 = DIRECTION('',(0.,0.,-1.));
#7451 = ORIENTED_EDGE('',*,*,#7452,.F.);
#7452 = EDGE_CURVE('',#7444,#7444,#7453,.T.);
#7453 = CIRCLE('',#7454,2.5);
#7454 = AXIS2_PLACEMENT_3D('',#7455,#7456,#7457);
#7455 = CARTESIAN_POINT('',(1.,0.,0.2));
#7456 = DIRECTION('',(0.,-0.,-1.));
#7457 = DIRECTION('',(1.,-2.449293598295E-16,0.));
#7458 = ORIENTED_EDGE('',*,*,#7443,.F.);
#7459 = SURFACE_OF_REVOLUTION('',#7460,#7465);
#7460 = CIRCLE('',#7461,0.2);
#7461 = AXIS2_PLACEMENT_3D('',#7462,#7463,#7464);
#7462 = CARTESIAN_POINT('',(3.3,-5.633375276078E-16,0.2));
#7463 = DIRECTION('',(-2.449293598295E-16,-1.,-0.));
#7464 = DIRECTION('',(0.,0.,-1.));
#7465 = AXIS1_PLACEMENT('',#7466,#7467);
#7466 = CARTESIAN_POINT('',(1.,0.,0.));
#7467 = DIRECTION('',(0.,0.,-1.));
#7468 = ADVANCED_FACE('',(#7469),#7498,.T.);
#7469 = FACE_BOUND('',#7470,.T.);
#7470 = EDGE_LOOP('',(#7471,#7490,#7496,#7497));
#7471 = ORIENTED_EDGE('',*,*,#7472,.T.);
#7472 = EDGE_CURVE('',#7473,#7473,#7475,.T.);
#7473 = VERTEX_POINT('',#7474);
#7474 = CARTESIAN_POINT('',(3.5,-6.123233995737E-16,1.064979142851));
#7475 = ( BOUNDED_CURVE() B_SPLINE_CURVE(13,(#7476,#7477,#7478,#7479,
    #7480,#7481,#7482,#7483,#7484,#7485,#7486,#7487,#7488,#7489),
.UNSPECIFIED.,.T.,.F.) B_SPLINE_CURVE_WITH_KNOTS((1,13,13,1),(
    -15.70796326794,3.106555508923E-16,15.707963267949,31.415926535898),
.UNSPECIFIED.) CURVE() GEOMETRIC_REPRESENTATION_ITEM() 
RATIONAL_B_SPLINE_CURVE((1.,1.,1.000000000001,0.999999999997,
    1.000000000006,0.99999999999,1.000000000011,0.99999999999,
    1.000000000008,0.999999999995,1.000000000002,0.999999999999,1.,1.)) 
REPRESENTATION_ITEM('') );
#7476 = CARTESIAN_POINT('',(3.5,-6.123233995737E-16,1.064979142851));
#7477 = CARTESIAN_POINT('',(3.500000000001,-1.190825886764,
    1.064979142851));
#7478 = CARTESIAN_POINT('',(2.884541892296,-2.409113115869,
    1.064979142851));
#7479 = CARTESIAN_POINT('',(1.618015285825,-3.280240320887,
    1.064979142851));
#7480 = CARTESIAN_POINT('',(-0.124886085402,-3.414028857855,
    1.064979142851));
#7481 = CARTESIAN_POINT('',(-1.630545419375,-2.485545151045,
    1.064979142852));
#7482 = CARTESIAN_POINT('',(-2.734788378755,-1.130166370699,
    1.06497914285));
#7483 = CARTESIAN_POINT('',(-2.734788378774,1.130166370723,
    1.064979142852));
#7484 = CARTESIAN_POINT('',(-1.630545419379,2.485545151003,
    1.064979142851));
#7485 = CARTESIAN_POINT('',(-0.124886085383,3.414028857892,
    1.064979142852));
#7486 = CARTESIAN_POINT('',(1.618015285806,3.28024032087,1.064979142851)
  );
#7487 = CARTESIAN_POINT('',(2.884541892305,2.409113115874,1.064979142851
    ));
#7488 = CARTESIAN_POINT('',(3.499999999999,1.190825886764,1.064979142851
    ));
#7489 = CARTESIAN_POINT('',(3.5,-6.123233995737E-16,1.064979142851));
#7490 = ORIENTED_EDGE('',*,*,#7491,.F.);
#7491 = EDGE_CURVE('',#7444,#7473,#7492,.T.);
#7492 = LINE('',#7493,#7494);
#7493 = CARTESIAN_POINT('',(3.5,-6.123233995737E-16,0.2));
#7494 = VECTOR('',#7495,1.);
#7495 = DIRECTION('',(0.,0.,1.));
#7496 = ORIENTED_EDGE('',*,*,#7452,.F.);
#7497 = ORIENTED_EDGE('',*,*,#7491,.T.);
#7498 = CYLINDRICAL_SURFACE('',#7499,2.5);
#7499 = AXIS2_PLACEMENT_3D('',#7500,#7501,#7502);
#7500 = CARTESIAN_POINT('',(1.,0.,0.2));
#7501 = DIRECTION('',(0.,0.,1.));
#7502 = DIRECTION('',(1.,-2.449293598295E-16,0.));
#7503 = ADVANCED_FACE('',(#7504),#7533,.T.);
#7504 = FACE_BOUND('',#7505,.T.);
#7505 = EDGE_LOOP('',(#7506,#7514,#7531,#7532));
#7506 = ORIENTED_EDGE('',*,*,#7507,.T.);
#7507 = EDGE_CURVE('',#7473,#7508,#7510,.T.);
#7508 = VERTEX_POINT('',#7509);
#7509 = CARTESIAN_POINT('',(3.419629897377,-5.926384017887E-16,
    1.269338405373));
#7510 = ( BOUNDED_CURVE() B_SPLINE_CURVE(2,(#7511,#7512,#7513),
.UNSPECIFIED.,.F.,.F.) B_SPLINE_CURVE_WITH_KNOTS((3,3),(0.,
15.707963267949),.PIECEWISE_BEZIER_KNOTS.) CURVE() 
GEOMETRIC_REPRESENTATION_ITEM() RATIONAL_B_SPLINE_CURVE((1.,
0.93061798229,1.)) REPRESENTATION_ITEM('') );
#7511 = CARTESIAN_POINT('',(3.5,-6.123233995737E-16,1.064979142851));
#7512 = CARTESIAN_POINT('',(3.5,2.861894041939E-15,1.182962690499));
#7513 = CARTESIAN_POINT('',(3.419629897377,-5.926384017887E-16,
    1.269338405373));
#7514 = ORIENTED_EDGE('',*,*,#7515,.T.);
#7515 = EDGE_CURVE('',#7508,#7508,#7516,.T.);
#7516 = ( BOUNDED_CURVE() B_SPLINE_CURVE(13,(#7517,#7518,#7519,#7520,
    #7521,#7522,#7523,#7524,#7525,#7526,#7527,#7528,#7529,#7530),
.UNSPECIFIED.,.T.,.F.) B_SPLINE_CURVE_WITH_KNOTS((1,13,13,1),(
    -15.70796326794,3.106555508923E-16,15.707963267949,31.415926535898),
.UNSPECIFIED.) CURVE() GEOMETRIC_REPRESENTATION_ITEM() 
RATIONAL_B_SPLINE_CURVE((1.,1.,1.000000000001,0.999999999997,
    1.000000000006,0.99999999999,1.000000000011,0.99999999999,
    1.000000000008,0.999999999995,1.000000000002,0.999999999999,1.,1.)) 
REPRESENTATION_ITEM('') );
#7517 = CARTESIAN_POINT('',(3.419629897377,-5.926384017887E-16,
    1.269338405373));
#7518 = CARTESIAN_POINT('',(3.419629897378,-1.152543167274,
    1.269338405373));
#7519 = CARTESIAN_POINT('',(2.823957562183,-2.331664848528,
    1.269338405373));
#7520 = CARTESIAN_POINT('',(1.598147305047,-3.174787020397,
    1.269338405373));
#7521 = CARTESIAN_POINT('',(-8.872320135259E-02,-3.304274517993,
    1.269338405373));
#7522 = CARTESIAN_POINT('',(-1.545978537251,-2.405639743493,
    1.269338405373));
#7523 = CARTESIAN_POINT('',(-2.614722248644,-1.093833735828,
    1.269338405373));
#7524 = CARTESIAN_POINT('',(-2.614722248662,1.093833735852,
    1.269338405373));
#7525 = CARTESIAN_POINT('',(-1.545978537255,2.405639743452,
    1.269338405373));
#7526 = CARTESIAN_POINT('',(-8.872320133354E-02,3.304274518029,
    1.269338405373));
#7527 = CARTESIAN_POINT('',(1.598147305028,3.17478702038,1.269338405373)
  );
#7528 = CARTESIAN_POINT('',(2.823957562192,2.331664848533,1.269338405373
    ));
#7529 = CARTESIAN_POINT('',(3.419629897376,1.152543167273,1.269338405373
    ));
#7530 = CARTESIAN_POINT('',(3.419629897377,-5.926384017887E-16,
    1.269338405373));
#7531 = ORIENTED_EDGE('',*,*,#7507,.F.);
#7532 = ORIENTED_EDGE('',*,*,#7472,.F.);
#7533 = ( BOUNDED_SURFACE() B_SPLINE_SURFACE(2,13,(
    (#7534,#7535,#7536,#7537,#7538,#7539,#7540,#7541,#7542,#7543,#7544
      ,#7545,#7546,#7547)
    ,(#7548,#7549,#7550,#7551,#7552,#7553,#7554,#7555,#7556,#7557,#7558
      ,#7559,#7560,#7561)
    ,(#7562,#7563,#7564,#7565,#7566,#7567,#7568,#7569,#7570,#7571,#7572
      ,#7573,#7574,#7575
)),.UNSPECIFIED.,.F.,.T.,.F.) B_SPLINE_SURFACE_WITH_KNOTS((3,3),(1,13,13
    ,1),(0.,15.707963267949),(-15.70796326794,3.106555508923E-16,
    15.707963267949,31.415926535898),.UNSPECIFIED.) 
GEOMETRIC_REPRESENTATION_ITEM() RATIONAL_B_SPLINE_SURFACE((
    (1.,1.,1.000000000001,0.999999999997,1.000000000006,0.99999999999
      ,1.000000000011,0.99999999999,1.000000000008,0.999999999995
      ,1.000000000002,0.999999999999,1.,1.)
    ,(0.93061798229,0.930617982289,0.930617982291,0.930617982287
      ,0.930617982296,0.930617982281,0.9306179823,0.93061798228
      ,0.930617982297,0.930617982285,0.930617982292,0.930617982289
      ,0.93061798229,0.93061798229)
    ,(1.,1.,1.000000000001,0.999999999997,1.000000000006,0.99999999999
      ,1.000000000011,0.99999999999,1.000000000008,0.999999999995
,1.000000000002,0.999999999999,1.,1.
  ))) REPRESENTATION_ITEM('') SURFACE() );
#7534 = CARTESIAN_POINT('',(3.5,-6.123233995737E-16,1.064979142851));
#7535 = CARTESIAN_POINT('',(3.500000000001,-1.190825886764,
    1.064979142851));
#7536 = CARTESIAN_POINT('',(2.884541892296,-2.409113115869,
    1.064979142851));
#7537 = CARTESIAN_POINT('',(1.618015285825,-3.280240320887,
    1.064979142851));
#7538 = CARTESIAN_POINT('',(-0.124886085402,-3.414028857855,
    1.064979142851));
#7539 = CARTESIAN_POINT('',(-1.630545419375,-2.485545151045,
    1.064979142852));
#7540 = CARTESIAN_POINT('',(-2.734788378755,-1.130166370699,
    1.06497914285));
#7541 = CARTESIAN_POINT('',(-2.734788378774,1.130166370723,
    1.064979142852));
#7542 = CARTESIAN_POINT('',(-1.630545419379,2.485545151003,
    1.064979142851));
#7543 = CARTESIAN_POINT('',(-0.124886085383,3.414028857892,
    1.064979142852));
#7544 = CARTESIAN_POINT('',(1.618015285806,3.28024032087,1.064979142851)
  );
#7545 = CARTESIAN_POINT('',(2.884541892305,2.409113115874,1.064979142851
    ));
#7546 = CARTESIAN_POINT('',(3.499999999999,1.190825886764,1.064979142851
    ));
#7547 = CARTESIAN_POINT('',(3.5,-6.123233995737E-16,1.064979142851));
#7548 = CARTESIAN_POINT('',(3.5,2.861894041939E-15,1.182962690499));
#7549 = CARTESIAN_POINT('',(3.500000000001,-1.190825886764,
    1.182962690499));
#7550 = CARTESIAN_POINT('',(2.884541892297,-2.40911311587,1.182962690499
    ));
#7551 = CARTESIAN_POINT('',(1.618015285824,-3.280240320884,
    1.182962690499));
#7552 = CARTESIAN_POINT('',(-0.1248860854,-3.414028857861,1.182962690499
    ));
#7553 = CARTESIAN_POINT('',(-1.630545419378,-2.485545151035,
    1.182962690499));
#7554 = CARTESIAN_POINT('',(-2.73478837875,-1.13016637071,1.182962690499
    ));
#7555 = CARTESIAN_POINT('',(-2.73478837878,1.130166370735,1.182962690499
    ));
#7556 = CARTESIAN_POINT('',(-1.630545419374,2.485545150991,
    1.182962690499));
#7557 = CARTESIAN_POINT('',(-0.124886085386,3.414028857901,
    1.182962690499));
#7558 = CARTESIAN_POINT('',(1.618015285807,3.280240320865,1.182962690499
    ));
#7559 = CARTESIAN_POINT('',(2.884541892305,2.409113115875,1.182962690499
    ));
#7560 = CARTESIAN_POINT('',(3.499999999999,1.190825886764,1.182962690499
    ));
#7561 = CARTESIAN_POINT('',(3.5,2.861894041939E-15,1.182962690499));
#7562 = CARTESIAN_POINT('',(3.419629897377,-5.926384017887E-16,
    1.269338405373));
#7563 = CARTESIAN_POINT('',(3.419629897378,-1.152543167274,
    1.269338405373));
#7564 = CARTESIAN_POINT('',(2.823957562183,-2.331664848528,
    1.269338405373));
#7565 = CARTESIAN_POINT('',(1.598147305047,-3.174787020397,
    1.269338405373));
#7566 = CARTESIAN_POINT('',(-8.872320135259E-02,-3.304274517993,
    1.269338405373));
#7567 = CARTESIAN_POINT('',(-1.545978537251,-2.405639743493,
    1.269338405373));
#7568 = CARTESIAN_POINT('',(-2.614722248644,-1.093833735828,
    1.269338405373));
#7569 = CARTESIAN_POINT('',(-2.614722248662,1.093833735852,
    1.269338405373));
#7570 = CARTESIAN_POINT('',(-1.545978537255,2.405639743452,
    1.269338405373));
#7571 = CARTESIAN_POINT('',(-8.872320133354E-02,3.304274518029,
    1.269338405373));
#7572 = CARTESIAN_POINT('',(1.598147305028,3.17478702038,1.269338405373)
  );
#7573 = CARTESIAN_POINT('',(2.823957562192,2.331664848533,1.269338405373
    ));
#7574 = CARTESIAN_POINT('',(3.419629897376,1.152543167273,1.269338405373
    ));
#7575 = CARTESIAN_POINT('',(3.419629897377,-5.926384017887E-16,
    1.269338405373));
#7576 = ADVANCED_FACE('',(#7577),#7607,.F.);
#7577 = FACE_BOUND('',#7578,.F.);
#7578 = EDGE_LOOP('',(#7579,#7588,#7589,#7590));
#7579 = ORIENTED_EDGE('',*,*,#7580,.F.);
#7580 = EDGE_CURVE('',#7508,#7581,#7583,.T.);
#7581 = VERTEX_POINT('',#7582);
#7582 = CARTESIAN_POINT('',(3.419629897377,-5.926384017887E-16,
    1.930661594627));
#7583 = CIRCLE('',#7584,0.485412195974);
#7584 = AXIS2_PLACEMENT_3D('',#7585,#7586,#7587);
#7585 = CARTESIAN_POINT('',(3.775,-6.796789735268E-16,1.6));
#7586 = DIRECTION('',(2.449293598295E-16,1.,0.));
#7587 = DIRECTION('',(-0.566528822887,1.387595419147E-16,-0.824041924199
    ));
#7588 = ORIENTED_EDGE('',*,*,#7515,.T.);
#7589 = ORIENTED_EDGE('',*,*,#7580,.T.);
#7590 = ORIENTED_EDGE('',*,*,#7591,.F.);
#7591 = EDGE_CURVE('',#7581,#7581,#7592,.T.);
#7592 = ( BOUNDED_CURVE() B_SPLINE_CURVE(13,(#7593,#7594,#7595,#7596,
    #7597,#7598,#7599,#7600,#7601,#7602,#7603,#7604,#7605,#7606),
.UNSPECIFIED.,.T.,.F.) B_SPLINE_CURVE_WITH_KNOTS((1,13,13,1),(
    -15.70796326794,3.106555508923E-16,15.707963267949,31.415926535898),
.UNSPECIFIED.) CURVE() GEOMETRIC_REPRESENTATION_ITEM() 
RATIONAL_B_SPLINE_CURVE((1.,1.,1.000000000001,0.999999999997,
    1.000000000006,0.99999999999,1.000000000011,0.99999999999,
    1.000000000008,0.999999999995,1.000000000002,0.999999999999,1.,1.)) 
REPRESENTATION_ITEM('') );
#7593 = CARTESIAN_POINT('',(3.419629897377,-5.926384017887E-16,
    1.930661594627));
#7594 = CARTESIAN_POINT('',(3.419629897378,-1.152543167274,
    1.930661594627));
#7595 = CARTESIAN_POINT('',(2.823957562183,-2.331664848528,
    1.930661594627));
#7596 = CARTESIAN_POINT('',(1.598147305047,-3.174787020397,
    1.930661594627));
#7597 = CARTESIAN_POINT('',(-8.872320135263E-02,-3.304274517993,
    1.930661594627));
#7598 = CARTESIAN_POINT('',(-1.545978537251,-2.405639743492,
    1.930661594627));
#7599 = CARTESIAN_POINT('',(-2.614722248643,-1.093833735829,
    1.930661594627));
#7600 = CARTESIAN_POINT('',(-2.614722248663,1.093833735853,
    1.930661594627));
#7601 = CARTESIAN_POINT('',(-1.545978537254,2.405639743451,
    1.930661594627));
#7602 = CARTESIAN_POINT('',(-8.87232013347E-02,3.30427451803,
    1.930661594627));
#7603 = CARTESIAN_POINT('',(1.598147305029,3.17478702038,1.930661594627)
  );
#7604 = CARTESIAN_POINT('',(2.823957562192,2.331664848533,1.930661594627
    ));
#7605 = CARTESIAN_POINT('',(3.419629897376,1.152543167273,1.930661594627
    ));
#7606 = CARTESIAN_POINT('',(3.419629897377,-5.926384017887E-16,
    1.930661594627));
#7607 = SURFACE_OF_REVOLUTION('',#7608,#7613);
#7608 = CIRCLE('',#7609,0.485412195974);
#7609 = AXIS2_PLACEMENT_3D('',#7610,#7611,#7612);
#7610 = CARTESIAN_POINT('',(3.775,-6.796789735268E-16,1.6));
#7611 = DIRECTION('',(2.449293598295E-16,1.,0.));
#7612 = DIRECTION('',(-0.566528822887,1.387595419147E-16,-0.824041924199
    ));
#7613 = AXIS1_PLACEMENT('',#7614,#7615);
#7614 = CARTESIAN_POINT('',(1.,0.,0.));
#7615 = DIRECTION('',(0.,0.,-1.));
#7616 = ADVANCED_FACE('',(#7617),#7646,.T.);
#7617 = FACE_BOUND('',#7618,.T.);
#7618 = EDGE_LOOP('',(#7619,#7627,#7644,#7645));
#7619 = ORIENTED_EDGE('',*,*,#7620,.T.);
#7620 = EDGE_CURVE('',#7581,#7621,#7623,.T.);
#7621 = VERTEX_POINT('',#7622);
#7622 = CARTESIAN_POINT('',(3.5,-6.123233995737E-16,2.135020857149));
#7623 = ( BOUNDED_CURVE() B_SPLINE_CURVE(2,(#7624,#7625,#7626),
.UNSPECIFIED.,.F.,.F.) B_SPLINE_CURVE_WITH_KNOTS((3,3),(0.,
15.707963267949),.PIECEWISE_BEZIER_KNOTS.) CURVE() 
GEOMETRIC_REPRESENTATION_ITEM() RATIONAL_B_SPLINE_CURVE((1.,
0.93061798229,1.)) REPRESENTATION_ITEM('') );
#7624 = CARTESIAN_POINT('',(3.419629897377,-5.926384017887E-16,
    1.930661594627));
#7625 = CARTESIAN_POINT('',(3.5,-1.908595516997E-15,2.017037309501));
#7626 = CARTESIAN_POINT('',(3.5,-6.123233995737E-16,2.135020857149));
#7627 = ORIENTED_EDGE('',*,*,#7628,.T.);
#7628 = EDGE_CURVE('',#7621,#7621,#7629,.T.);
#7629 = ( BOUNDED_CURVE() B_SPLINE_CURVE(13,(#7630,#7631,#7632,#7633,
    #7634,#7635,#7636,#7637,#7638,#7639,#7640,#7641,#7642,#7643),
.UNSPECIFIED.,.T.,.F.) B_SPLINE_CURVE_WITH_KNOTS((1,13,13,1),(
    -15.70796326794,3.106555508923E-16,15.707963267949,31.415926535898),
.UNSPECIFIED.) CURVE() GEOMETRIC_REPRESENTATION_ITEM() 
RATIONAL_B_SPLINE_CURVE((1.,1.,1.000000000001,0.999999999997,
    1.000000000006,0.99999999999,1.000000000011,0.99999999999,
    1.000000000008,0.999999999995,1.000000000002,0.999999999999,1.,1.)) 
REPRESENTATION_ITEM('') );
#7630 = CARTESIAN_POINT('',(3.5,-6.123233995737E-16,2.135020857149));
#7631 = CARTESIAN_POINT('',(3.500000000002,-1.190825886764,
    2.135020857149));
#7632 = CARTESIAN_POINT('',(2.884541892295,-2.409113115869,
    2.135020857149));
#7633 = CARTESIAN_POINT('',(1.618015285826,-3.280240320886,
    2.135020857149));
#7634 = CARTESIAN_POINT('',(-0.124886085405,-3.414028857857,
    2.135020857149));
#7635 = CARTESIAN_POINT('',(-1.630545419372,-2.485545151043,
    2.135020857149));
#7636 = CARTESIAN_POINT('',(-2.734788378759,-1.130166370701,
    2.135020857149));
#7637 = CARTESIAN_POINT('',(-2.73478837877,1.130166370726,2.135020857149
    ));
#7638 = CARTESIAN_POINT('',(-1.630545419382,2.485545151,2.135020857149)
  );
#7639 = CARTESIAN_POINT('',(-0.124886085381,3.414028857894,
    2.135020857149));
#7640 = CARTESIAN_POINT('',(1.618015285805,3.280240320869,2.135020857149
    ));
#7641 = CARTESIAN_POINT('',(2.884541892306,2.409113115874,2.135020857149
    ));
#7642 = CARTESIAN_POINT('',(3.499999999999,1.190825886764,2.135020857149
    ));
#7643 = CARTESIAN_POINT('',(3.5,-6.123233995737E-16,2.135020857149));
#7644 = ORIENTED_EDGE('',*,*,#7620,.F.);
#7645 = ORIENTED_EDGE('',*,*,#7591,.F.);
#7646 = ( BOUNDED_SURFACE() B_SPLINE_SURFACE(2,13,(
    (#7647,#7648,#7649,#7650,#7651,#7652,#7653,#7654,#7655,#7656,#7657
      ,#7658,#7659,#7660)
    ,(#7661,#7662,#7663,#7664,#7665,#7666,#7667,#7668,#7669,#7670,#7671
      ,#7672,#7673,#7674)
    ,(#7675,#7676,#7677,#7678,#7679,#7680,#7681,#7682,#7683,#7684,#7685
      ,#7686,#7687,#7688
)),.UNSPECIFIED.,.F.,.T.,.F.) B_SPLINE_SURFACE_WITH_KNOTS((3,3),(1,13,13
    ,1),(0.,15.707963267949),(-15.70796326794,3.106555508923E-16,
    15.707963267949,31.415926535898),.UNSPECIFIED.) 
GEOMETRIC_REPRESENTATION_ITEM() RATIONAL_B_SPLINE_SURFACE((
    (1.,1.,1.000000000001,0.999999999997,1.000000000006,0.99999999999
      ,1.000000000011,0.99999999999,1.000000000008,0.999999999995
      ,1.000000000002,0.999999999999,1.,1.)
    ,(0.93061798229,0.930617982289,0.930617982291,0.930617982286
      ,0.930617982297,0.930617982278,0.930617982304,0.930617982276
      ,0.9306179823,0.930617982283,0.930617982293,0.930617982288
      ,0.93061798229,0.93061798229)
    ,(1.,1.,1.000000000001,0.999999999997,1.000000000006,0.99999999999
      ,1.000000000011,0.99999999999,1.000000000008,0.999999999995
,1.000000000002,0.999999999999,1.,1.
  ))) REPRESENTATION_ITEM('') SURFACE() );
#7647 = CARTESIAN_POINT('',(3.419629897377,-5.926384017887E-16,
    1.930661594627));
#7648 = CARTESIAN_POINT('',(3.419629897378,-1.152543167274,
    1.930661594627));
#7649 = CARTESIAN_POINT('',(2.823957562183,-2.331664848528,
    1.930661594627));
#7650 = CARTESIAN_POINT('',(1.598147305047,-3.174787020397,
    1.930661594627));
#7651 = CARTESIAN_POINT('',(-8.872320135263E-02,-3.304274517993,
    1.930661594627));
#7652 = CARTESIAN_POINT('',(-1.545978537251,-2.405639743492,
    1.930661594627));
#7653 = CARTESIAN_POINT('',(-2.614722248643,-1.093833735829,
    1.930661594627));
#7654 = CARTESIAN_POINT('',(-2.614722248663,1.093833735853,
    1.930661594627));
#7655 = CARTESIAN_POINT('',(-1.545978537254,2.405639743451,
    1.930661594627));
#7656 = CARTESIAN_POINT('',(-8.87232013347E-02,3.30427451803,
    1.930661594627));
#7657 = CARTESIAN_POINT('',(1.598147305029,3.17478702038,1.930661594627)
  );
#7658 = CARTESIAN_POINT('',(2.823957562192,2.331664848533,1.930661594627
    ));
#7659 = CARTESIAN_POINT('',(3.419629897376,1.152543167273,1.930661594627
    ));
#7660 = CARTESIAN_POINT('',(3.419629897377,-5.926384017887E-16,
    1.930661594627));
#7661 = CARTESIAN_POINT('',(3.5,-1.908595516997E-15,2.017037309501));
#7662 = CARTESIAN_POINT('',(3.500000000001,-1.190825886764,
    2.017037309501));
#7663 = CARTESIAN_POINT('',(2.884541892296,-2.40911311587,2.017037309501
    ));
#7664 = CARTESIAN_POINT('',(1.618015285824,-3.280240320885,
    2.017037309501));
#7665 = CARTESIAN_POINT('',(-0.124886085397,-3.414028857858,
    2.017037309501));
#7666 = CARTESIAN_POINT('',(-1.630545419388,-2.485545151038,2.0170373095
    ));
#7667 = CARTESIAN_POINT('',(-2.734788378733,-1.130166370711,
    2.017037309501));
#7668 = CARTESIAN_POINT('',(-2.734788378798,1.130166370745,2.0170373095)
  );
#7669 = CARTESIAN_POINT('',(-1.630545419362,2.485545150978,
    2.017037309501));
#7670 = CARTESIAN_POINT('',(-0.124886085391,3.414028857911,
    2.017037309501));
#7671 = CARTESIAN_POINT('',(1.618015285808,3.28024032086,2.017037309501)
  );
#7672 = CARTESIAN_POINT('',(2.884541892305,2.409113115877,2.017037309501
    ));
#7673 = CARTESIAN_POINT('',(3.499999999999,1.190825886763,2.017037309501
    ));
#7674 = CARTESIAN_POINT('',(3.5,-1.908595516997E-15,2.017037309501));
#7675 = CARTESIAN_POINT('',(3.5,-6.123233995737E-16,2.135020857149));
#7676 = CARTESIAN_POINT('',(3.500000000002,-1.190825886764,
    2.135020857149));
#7677 = CARTESIAN_POINT('',(2.884541892295,-2.409113115869,
    2.135020857149));
#7678 = CARTESIAN_POINT('',(1.618015285826,-3.280240320886,
    2.135020857149));
#7679 = CARTESIAN_POINT('',(-0.124886085405,-3.414028857857,
    2.135020857149));
#7680 = CARTESIAN_POINT('',(-1.630545419372,-2.485545151043,
    2.135020857149));
#7681 = CARTESIAN_POINT('',(-2.734788378759,-1.130166370701,
    2.135020857149));
#7682 = CARTESIAN_POINT('',(-2.73478837877,1.130166370726,2.135020857149
    ));
#7683 = CARTESIAN_POINT('',(-1.630545419382,2.485545151,2.135020857149)
  );
#7684 = CARTESIAN_POINT('',(-0.124886085381,3.414028857894,
    2.135020857149));
#7685 = CARTESIAN_POINT('',(1.618015285805,3.280240320869,2.135020857149
    ));
#7686 = CARTESIAN_POINT('',(2.884541892306,2.409113115874,2.135020857149
    ));
#7687 = CARTESIAN_POINT('',(3.499999999999,1.190825886764,2.135020857149
    ));
#7688 = CARTESIAN_POINT('',(3.5,-6.123233995737E-16,2.135020857149));
#7689 = ADVANCED_FACE('',(#7690),#7709,.T.);
#7690 = FACE_BOUND('',#7691,.T.);
#7691 = EDGE_LOOP('',(#7692,#7701,#7707,#7708));
#7692 = ORIENTED_EDGE('',*,*,#7693,.T.);
#7693 = EDGE_CURVE('',#7694,#7694,#7696,.T.);
#7694 = VERTEX_POINT('',#7695);
#7695 = CARTESIAN_POINT('',(3.5,-6.123233995737E-16,10.8));
#7696 = CIRCLE('',#7697,2.5);
#7697 = AXIS2_PLACEMENT_3D('',#7698,#7699,#7700);
#7698 = CARTESIAN_POINT('',(1.,0.,10.8));
#7699 = DIRECTION('',(0.,-0.,-1.));
#7700 = DIRECTION('',(1.,-2.449293598295E-16,0.));
#7701 = ORIENTED_EDGE('',*,*,#7702,.F.);
#7702 = EDGE_CURVE('',#7621,#7694,#7703,.T.);
#7703 = LINE('',#7704,#7705);
#7704 = CARTESIAN_POINT('',(3.5,-6.123233995737E-16,2.));
#7705 = VECTOR('',#7706,1.);
#7706 = DIRECTION('',(0.,0.,1.));
#7707 = ORIENTED_EDGE('',*,*,#7628,.F.);
#7708 = ORIENTED_EDGE('',*,*,#7702,.T.);
#7709 = CYLINDRICAL_SURFACE('',#7710,2.5);
#7710 = AXIS2_PLACEMENT_3D('',#7711,#7712,#7713);
#7711 = CARTESIAN_POINT('',(1.,0.,2.));
#7712 = DIRECTION('',(0.,0.,1.));
#7713 = DIRECTION('',(1.,-2.449293598295E-16,0.));
#7714 = ADVANCED_FACE('',(#7715),#7735,.T.);
#7715 = FACE_BOUND('',#7716,.T.);
#7716 = EDGE_LOOP('',(#7717,#7726,#7733,#7734));
#7717 = ORIENTED_EDGE('',*,*,#7718,.T.);
#7718 = EDGE_CURVE('',#7694,#7719,#7721,.T.);
#7719 = VERTEX_POINT('',#7720);
#7720 = CARTESIAN_POINT('',(3.3,-5.633375276078E-16,11.));
#7721 = CIRCLE('',#7722,0.2);
#7722 = AXIS2_PLACEMENT_3D('',#7723,#7724,#7725);
#7723 = CARTESIAN_POINT('',(3.3,-5.633375276078E-16,10.8));
#7724 = DIRECTION('',(-2.449293598295E-16,-1.,0.));
#7725 = DIRECTION('',(1.,-2.449293598295E-16,0.));
#7726 = ORIENTED_EDGE('',*,*,#7727,.T.);
#7727 = EDGE_CURVE('',#7719,#7719,#7728,.T.);
#7728 = CIRCLE('',#7729,2.3);
#7729 = AXIS2_PLACEMENT_3D('',#7730,#7731,#7732);
#7730 = CARTESIAN_POINT('',(1.,0.,11.));
#7731 = DIRECTION('',(0.,-0.,-1.));
#7732 = DIRECTION('',(1.,-2.449293598295E-16,0.));
#7733 = ORIENTED_EDGE('',*,*,#7718,.F.);
#7734 = ORIENTED_EDGE('',*,*,#7693,.F.);
#7735 = TOROIDAL_SURFACE('',#7736,2.3,0.2);
#7736 = AXIS2_PLACEMENT_3D('',#7737,#7738,#7739);
#7737 = CARTESIAN_POINT('',(1.,0.,10.8));
#7738 = DIRECTION('',(0.,0.,1.));
#7739 = DIRECTION('',(1.,-2.449293598295E-16,0.));
#7740 = ADVANCED_FACE('',(#7741,#7744),#7755,.F.);
#7741 = FACE_BOUND('',#7742,.F.);
#7742 = EDGE_LOOP('',(#7743));
#7743 = ORIENTED_EDGE('',*,*,#7727,.T.);
#7744 = FACE_BOUND('',#7745,.F.);
#7745 = EDGE_LOOP('',(#7746));
#7746 = ORIENTED_EDGE('',*,*,#7747,.F.);
#7747 = EDGE_CURVE('',#7748,#7748,#7750,.T.);
#7748 = VERTEX_POINT('',#7749);
#7749 = CARTESIAN_POINT('',(2.75,-4.286263797016E-16,11.));
#7750 = CIRCLE('',#7751,1.75);
#7751 = AXIS2_PLACEMENT_3D('',#7752,#7753,#7754);
#7752 = CARTESIAN_POINT('',(1.,0.,11.));
#7753 = DIRECTION('',(0.,-0.,-1.));
#7754 = DIRECTION('',(1.,-2.449293598295E-16,0.));
#7755 = PLANE('',#7756);
#7756 = AXIS2_PLACEMENT_3D('',#7757,#7758,#7759);
#7757 = CARTESIAN_POINT('',(1.,0.,11.));
#7758 = DIRECTION('',(0.,0.,-1.));
#7759 = DIRECTION('',(1.,-2.449293598295E-16,0.));
#7760 = ADVANCED_FACE('',(#7761),#7925,.F.);
#7761 = FACE_BOUND('',#7762,.F.);
#7762 = EDGE_LOOP('',(#7763,#7771,#7772,#7773,#7782,#7790,#7799,#7807,
    #7816,#7824,#7833,#7841,#7850,#7859,#7867,#7876,#7884,#7893,#7901,
    #7910,#7918));
#7763 = ORIENTED_EDGE('',*,*,#7764,.F.);
#7764 = EDGE_CURVE('',#7748,#7765,#7767,.T.);
#7765 = VERTEX_POINT('',#7766);
#7766 = CARTESIAN_POINT('',(2.75,-4.101500934483E-14,10.8));
#7767 = LINE('',#7768,#7769);
#7768 = CARTESIAN_POINT('',(2.75,-4.286263797016E-16,11.));
#7769 = VECTOR('',#7770,1.);
#7770 = DIRECTION('',(0.,0.,-1.));
#7771 = ORIENTED_EDGE('',*,*,#7747,.T.);
#7772 = ORIENTED_EDGE('',*,*,#7764,.T.);
#7773 = ORIENTED_EDGE('',*,*,#7774,.F.);
#7774 = EDGE_CURVE('',#7775,#7765,#7777,.T.);
#7775 = VERTEX_POINT('',#7776);
#7776 = CARTESIAN_POINT('',(2.749285568454,5.E-02,10.8));
#7777 = CIRCLE('',#7778,1.75);
#7778 = AXIS2_PLACEMENT_3D('',#7779,#7780,#7781);
#7779 = CARTESIAN_POINT('',(1.,0.,10.8));
#7780 = DIRECTION('',(0.,0.,-1.));
#7781 = DIRECTION('',(-1.,1.224646799147E-16,0.));
#7782 = ORIENTED_EDGE('',*,*,#7783,.F.);
#7783 = EDGE_CURVE('',#7784,#7775,#7786,.T.);
#7784 = VERTEX_POINT('',#7785);
#7785 = CARTESIAN_POINT('',(2.749285568454,4.999999999996E-02,10.9));
#7786 = LINE('',#7787,#7788);
#7787 = CARTESIAN_POINT('',(2.749285568454,5.E-02,10.7));
#7788 = VECTOR('',#7789,1.);
#7789 = DIRECTION('',(0.,0.,-1.));
#7790 = ORIENTED_EDGE('',*,*,#7791,.T.);
#7791 = EDGE_CURVE('',#7784,#7792,#7794,.T.);
#7792 = VERTEX_POINT('',#7793);
#7793 = CARTESIAN_POINT('',(1.05,1.749285568454,10.9));
#7794 = CIRCLE('',#7795,1.75);
#7795 = AXIS2_PLACEMENT_3D('',#7796,#7797,#7798);
#7796 = CARTESIAN_POINT('',(1.,0.,10.9));
#7797 = DIRECTION('',(0.,0.,1.));
#7798 = DIRECTION('',(-1.,1.224646799147E-16,0.));
#7799 = ORIENTED_EDGE('',*,*,#7800,.T.);
#7800 = EDGE_CURVE('',#7792,#7801,#7803,.T.);
#7801 = VERTEX_POINT('',#7802);
#7802 = CARTESIAN_POINT('',(1.05,1.749285568454,10.8));
#7803 = LINE('',#7804,#7805);
#7804 = CARTESIAN_POINT('',(1.05,1.749285568454,10.7));
#7805 = VECTOR('',#7806,1.);
#7806 = DIRECTION('',(0.,0.,-1.));
#7807 = ORIENTED_EDGE('',*,*,#7808,.F.);
#7808 = EDGE_CURVE('',#7809,#7801,#7811,.T.);
#7809 = VERTEX_POINT('',#7810);
#7810 = CARTESIAN_POINT('',(0.95,1.749285568454,10.8));
#7811 = CIRCLE('',#7812,1.75);
#7812 = AXIS2_PLACEMENT_3D('',#7813,#7814,#7815);
#7813 = CARTESIAN_POINT('',(1.,0.,10.8));
#7814 = DIRECTION('',(0.,0.,-1.));
#7815 = DIRECTION('',(-1.,1.224646799147E-16,0.));
#7816 = ORIENTED_EDGE('',*,*,#7817,.F.);
#7817 = EDGE_CURVE('',#7818,#7809,#7820,.T.);
#7818 = VERTEX_POINT('',#7819);
#7819 = CARTESIAN_POINT('',(0.95,1.749285568454,10.9));
#7820 = LINE('',#7821,#7822);
#7821 = CARTESIAN_POINT('',(0.95,1.749285568454,10.7));
#7822 = VECTOR('',#7823,1.);
#7823 = DIRECTION('',(0.,0.,-1.));
#7824 = ORIENTED_EDGE('',*,*,#7825,.T.);
#7825 = EDGE_CURVE('',#7818,#7826,#7828,.T.);
#7826 = VERTEX_POINT('',#7827);
#7827 = CARTESIAN_POINT('',(-0.749285568454,5.000000000002E-02,10.9));
#7828 = CIRCLE('',#7829,1.75);
#7829 = AXIS2_PLACEMENT_3D('',#7830,#7831,#7832);
#7830 = CARTESIAN_POINT('',(1.,0.,10.9));
#7831 = DIRECTION('',(0.,0.,1.));
#7832 = DIRECTION('',(-1.,1.224646799147E-16,0.));
#7833 = ORIENTED_EDGE('',*,*,#7834,.T.);
#7834 = EDGE_CURVE('',#7826,#7835,#7837,.T.);
#7835 = VERTEX_POINT('',#7836);
#7836 = CARTESIAN_POINT('',(-0.749285568454,5.E-02,10.8));
#7837 = LINE('',#7838,#7839);
#7838 = CARTESIAN_POINT('',(-0.749285568454,5.E-02,10.7));
#7839 = VECTOR('',#7840,1.);
#7840 = DIRECTION('',(0.,0.,-1.));
#7841 = ORIENTED_EDGE('',*,*,#7842,.F.);
#7842 = EDGE_CURVE('',#7843,#7835,#7845,.T.);
#7843 = VERTEX_POINT('',#7844);
#7844 = CARTESIAN_POINT('',(-0.75,2.143131898508E-16,10.8));
#7845 = CIRCLE('',#7846,1.75);
#7846 = AXIS2_PLACEMENT_3D('',#7847,#7848,#7849);
#7847 = CARTESIAN_POINT('',(1.,0.,10.8));
#7848 = DIRECTION('',(0.,0.,-1.));
#7849 = DIRECTION('',(-1.,1.224646799147E-16,0.));
#7850 = ORIENTED_EDGE('',*,*,#7851,.F.);
#7851 = EDGE_CURVE('',#7852,#7843,#7854,.T.);
#7852 = VERTEX_POINT('',#7853);
#7853 = CARTESIAN_POINT('',(-0.749285568454,-5.E-02,10.8));
#7854 = CIRCLE('',#7855,1.75);
#7855 = AXIS2_PLACEMENT_3D('',#7856,#7857,#7858);
#7856 = CARTESIAN_POINT('',(1.,0.,10.8));
#7857 = DIRECTION('',(0.,0.,-1.));
#7858 = DIRECTION('',(-1.,1.224646799147E-16,0.));
#7859 = ORIENTED_EDGE('',*,*,#7860,.F.);
#7860 = EDGE_CURVE('',#7861,#7852,#7863,.T.);
#7861 = VERTEX_POINT('',#7862);
#7862 = CARTESIAN_POINT('',(-0.749285568454,-5.000000000002E-02,10.9));
#7863 = LINE('',#7864,#7865);
#7864 = CARTESIAN_POINT('',(-0.749285568454,-5.E-02,10.7));
#7865 = VECTOR('',#7866,1.);
#7866 = DIRECTION('',(0.,0.,-1.));
#7867 = ORIENTED_EDGE('',*,*,#7868,.T.);
#7868 = EDGE_CURVE('',#7861,#7869,#7871,.T.);
#7869 = VERTEX_POINT('',#7870);
#7870 = CARTESIAN_POINT('',(0.95,-1.749285568454,10.9));
#7871 = CIRCLE('',#7872,1.75);
#7872 = AXIS2_PLACEMENT_3D('',#7873,#7874,#7875);
#7873 = CARTESIAN_POINT('',(1.,0.,10.9));
#7874 = DIRECTION('',(0.,0.,1.));
#7875 = DIRECTION('',(-1.,1.224646799147E-16,0.));
#7876 = ORIENTED_EDGE('',*,*,#7877,.T.);
#7877 = EDGE_CURVE('',#7869,#7878,#7880,.T.);
#7878 = VERTEX_POINT('',#7879);
#7879 = CARTESIAN_POINT('',(0.95,-1.749285568454,10.8));
#7880 = LINE('',#7881,#7882);
#7881 = CARTESIAN_POINT('',(0.95,-1.749285568454,10.7));
#7882 = VECTOR('',#7883,1.);
#7883 = DIRECTION('',(0.,0.,-1.));
#7884 = ORIENTED_EDGE('',*,*,#7885,.F.);
#7885 = EDGE_CURVE('',#7886,#7878,#7888,.T.);
#7886 = VERTEX_POINT('',#7887);
#7887 = CARTESIAN_POINT('',(1.05,-1.749285568454,10.8));
#7888 = CIRCLE('',#7889,1.75);
#7889 = AXIS2_PLACEMENT_3D('',#7890,#7891,#7892);
#7890 = CARTESIAN_POINT('',(1.,0.,10.8));
#7891 = DIRECTION('',(0.,0.,-1.));
#7892 = DIRECTION('',(-1.,1.224646799147E-16,0.));
#7893 = ORIENTED_EDGE('',*,*,#7894,.F.);
#7894 = EDGE_CURVE('',#7895,#7886,#7897,.T.);
#7895 = VERTEX_POINT('',#7896);
#7896 = CARTESIAN_POINT('',(1.05,-1.749285568454,10.9));
#7897 = LINE('',#7898,#7899);
#7898 = CARTESIAN_POINT('',(1.05,-1.749285568454,10.7));
#7899 = VECTOR('',#7900,1.);
#7900 = DIRECTION('',(0.,0.,-1.));
#7901 = ORIENTED_EDGE('',*,*,#7902,.T.);
#7902 = EDGE_CURVE('',#7895,#7903,#7905,.T.);
#7903 = VERTEX_POINT('',#7904);
#7904 = CARTESIAN_POINT('',(2.749285568454,-4.999999999996E-02,10.9));
#7905 = CIRCLE('',#7906,1.75);
#7906 = AXIS2_PLACEMENT_3D('',#7907,#7908,#7909);
#7907 = CARTESIAN_POINT('',(1.,0.,10.9));
#7908 = DIRECTION('',(0.,0.,1.));
#7909 = DIRECTION('',(-1.,1.224646799147E-16,0.));
#7910 = ORIENTED_EDGE('',*,*,#7911,.T.);
#7911 = EDGE_CURVE('',#7903,#7912,#7914,.T.);
#7912 = VERTEX_POINT('',#7913);
#7913 = CARTESIAN_POINT('',(2.749285568454,-5.E-02,10.8));
#7914 = LINE('',#7915,#7916);
#7915 = CARTESIAN_POINT('',(2.749285568454,-5.E-02,10.7));
#7916 = VECTOR('',#7917,1.);
#7917 = DIRECTION('',(0.,0.,-1.));
#7918 = ORIENTED_EDGE('',*,*,#7919,.F.);
#7919 = EDGE_CURVE('',#7765,#7912,#7920,.T.);
#7920 = CIRCLE('',#7921,1.75);
#7921 = AXIS2_PLACEMENT_3D('',#7922,#7923,#7924);
#7922 = CARTESIAN_POINT('',(1.,0.,10.8));
#7923 = DIRECTION('',(0.,0.,-1.));
#7924 = DIRECTION('',(-1.,1.224646799147E-16,0.));
#7925 = CYLINDRICAL_SURFACE('',#7926,1.75);
#7926 = AXIS2_PLACEMENT_3D('',#7927,#7928,#7929);
#7927 = CARTESIAN_POINT('',(1.,0.,11.));
#7928 = DIRECTION('',(0.,0.,-1.));
#7929 = DIRECTION('',(1.,-2.449293598295E-16,0.));
#7930 = ADVANCED_FACE('',(#7931),#7995,.T.);
#7931 = FACE_BOUND('',#7932,.T.);
#7932 = EDGE_LOOP('',(#7933,#7941,#7947,#7948,#7956,#7962,#7963,#7964,
    #7972,#7978,#7979,#7987,#7993,#7994));
#7933 = ORIENTED_EDGE('',*,*,#7934,.T.);
#7934 = EDGE_CURVE('',#7852,#7935,#7937,.T.);
#7935 = VERTEX_POINT('',#7936);
#7936 = CARTESIAN_POINT('',(0.95,-5.E-02,10.8));
#7937 = LINE('',#7938,#7939);
#7938 = CARTESIAN_POINT('',(-4.05,-5.E-02,10.8));
#7939 = VECTOR('',#7940,1.);
#7940 = DIRECTION('',(1.,-8.221909527207E-17,0.));
#7941 = ORIENTED_EDGE('',*,*,#7942,.T.);
#7942 = EDGE_CURVE('',#7935,#7878,#7943,.T.);
#7943 = LINE('',#7944,#7945);
#7944 = CARTESIAN_POINT('',(0.95,-5.E-02,10.8));
#7945 = VECTOR('',#7946,1.);
#7946 = DIRECTION('',(-1.224646799147E-16,-1.,3.552713678801E-16));
#7947 = ORIENTED_EDGE('',*,*,#7885,.F.);
#7948 = ORIENTED_EDGE('',*,*,#7949,.T.);
#7949 = EDGE_CURVE('',#7886,#7950,#7952,.T.);
#7950 = VERTEX_POINT('',#7951);
#7951 = CARTESIAN_POINT('',(1.05,-5.E-02,10.8));
#7952 = LINE('',#7953,#7954);
#7953 = CARTESIAN_POINT('',(1.05,-5.05,10.8));
#7954 = VECTOR('',#7955,1.);
#7955 = DIRECTION('',(1.224646799147E-16,1.,0.));
#7956 = ORIENTED_EDGE('',*,*,#7957,.T.);
#7957 = EDGE_CURVE('',#7950,#7912,#7958,.T.);
#7958 = LINE('',#7959,#7960);
#7959 = CARTESIAN_POINT('',(1.05,-5.E-02,10.8));
#7960 = VECTOR('',#7961,1.);
#7961 = DIRECTION('',(1.,-1.224646799147E-16,0.));
#7962 = ORIENTED_EDGE('',*,*,#7919,.F.);
#7963 = ORIENTED_EDGE('',*,*,#7774,.F.);
#7964 = ORIENTED_EDGE('',*,*,#7965,.T.);
#7965 = EDGE_CURVE('',#7775,#7966,#7968,.T.);
#7966 = VERTEX_POINT('',#7967);
#7967 = CARTESIAN_POINT('',(1.05,5.E-02,10.8));
#7968 = LINE('',#7969,#7970);
#7969 = CARTESIAN_POINT('',(6.05,5.E-02,10.8));
#7970 = VECTOR('',#7971,1.);
#7971 = DIRECTION('',(-1.,1.224646799147E-16,0.));
#7972 = ORIENTED_EDGE('',*,*,#7973,.T.);
#7973 = EDGE_CURVE('',#7966,#7801,#7974,.T.);
#7974 = LINE('',#7975,#7976);
#7975 = CARTESIAN_POINT('',(1.05,5.E-02,10.8));
#7976 = VECTOR('',#7977,1.);
#7977 = DIRECTION('',(1.224646799147E-16,1.,0.));
#7978 = ORIENTED_EDGE('',*,*,#7808,.F.);
#7979 = ORIENTED_EDGE('',*,*,#7980,.T.);
#7980 = EDGE_CURVE('',#7809,#7981,#7983,.T.);
#7981 = VERTEX_POINT('',#7982);
#7982 = CARTESIAN_POINT('',(0.95,5.E-02,10.8));
#7983 = LINE('',#7984,#7985);
#7984 = CARTESIAN_POINT('',(0.95,5.05,10.8));
#7985 = VECTOR('',#7986,1.);
#7986 = DIRECTION('',(-1.224646799147E-16,-1.,0.));
#7987 = ORIENTED_EDGE('',*,*,#7988,.T.);
#7988 = EDGE_CURVE('',#7981,#7835,#7989,.T.);
#7989 = LINE('',#7990,#7991);
#7990 = CARTESIAN_POINT('',(0.95,5.E-02,10.8));
#7991 = VECTOR('',#7992,1.);
#7992 = DIRECTION('',(-1.,1.224646799147E-16,0.));
#7993 = ORIENTED_EDGE('',*,*,#7842,.F.);
#7994 = ORIENTED_EDGE('',*,*,#7851,.F.);
#7995 = PLANE('',#7996);
#7996 = AXIS2_PLACEMENT_3D('',#7997,#7998,#7999);
#7997 = CARTESIAN_POINT('',(1.,-4.259519030121E-17,10.8));
#7998 = DIRECTION('',(-8.533579998733E-19,-8.533579998732E-19,1.));
#7999 = DIRECTION('',(-1.,1.224646799147E-16,-8.533579998733E-19));
#8000 = ADVANCED_FACE('',(#8001),#8019,.F.);
#8001 = FACE_BOUND('',#8002,.F.);
#8002 = EDGE_LOOP('',(#8003,#8011,#8017,#8018));
#8003 = ORIENTED_EDGE('',*,*,#8004,.F.);
#8004 = EDGE_CURVE('',#8005,#7903,#8007,.T.);
#8005 = VERTEX_POINT('',#8006);
#8006 = CARTESIAN_POINT('',(1.05,-5.E-02,10.9));
#8007 = LINE('',#8008,#8009);
#8008 = CARTESIAN_POINT('',(1.05,-5.E-02,10.9));
#8009 = VECTOR('',#8010,1.);
#8010 = DIRECTION('',(1.,-1.224646799147E-16,0.));
#8011 = ORIENTED_EDGE('',*,*,#8012,.T.);
#8012 = EDGE_CURVE('',#8005,#7950,#8013,.T.);
#8013 = LINE('',#8014,#8015);
#8014 = CARTESIAN_POINT('',(1.05,-5.E-02,10.9));
#8015 = VECTOR('',#8016,1.);
#8016 = DIRECTION('',(4.293120572631E-32,1.068302917551E-31,-1.));
#8017 = ORIENTED_EDGE('',*,*,#7957,.T.);
#8018 = ORIENTED_EDGE('',*,*,#7911,.F.);
#8019 = PLANE('',#8020);
#8020 = AXIS2_PLACEMENT_3D('',#8021,#8022,#8023);
#8021 = CARTESIAN_POINT('',(1.05,-5.E-02,10.9));
#8022 = DIRECTION('',(-1.224646799147E-16,-1.,-1.068302917551E-31));
#8023 = DIRECTION('',(1.,-1.224646799147E-16,0.));
#8024 = ADVANCED_FACE('',(#8025),#8035,.T.);
#8025 = FACE_BOUND('',#8026,.T.);
#8026 = EDGE_LOOP('',(#8027,#8033,#8034));
#8027 = ORIENTED_EDGE('',*,*,#8028,.F.);
#8028 = EDGE_CURVE('',#7895,#8005,#8029,.T.);
#8029 = LINE('',#8030,#8031);
#8030 = CARTESIAN_POINT('',(1.05,-5.05,10.9));
#8031 = VECTOR('',#8032,1.);
#8032 = DIRECTION('',(1.224646799147E-16,1.,0.));
#8033 = ORIENTED_EDGE('',*,*,#7902,.T.);
#8034 = ORIENTED_EDGE('',*,*,#8004,.F.);
#8035 = PLANE('',#8036);
#8036 = AXIS2_PLACEMENT_3D('',#8037,#8038,#8039);
#8037 = CARTESIAN_POINT('',(1.,-1.239108604125E-16,10.9));
#8038 = DIRECTION('',(-4.293120572631E-32,-1.068302917551E-31,1.));
#8039 = DIRECTION('',(-1.224646799147E-16,-1.,-1.068302917551E-31));
#8040 = ADVANCED_FACE('',(#8041),#8047,.F.);
#8041 = FACE_BOUND('',#8042,.F.);
#8042 = EDGE_LOOP('',(#8043,#8044,#8045,#8046));
#8043 = ORIENTED_EDGE('',*,*,#8028,.F.);
#8044 = ORIENTED_EDGE('',*,*,#7894,.T.);
#8045 = ORIENTED_EDGE('',*,*,#7949,.T.);
#8046 = ORIENTED_EDGE('',*,*,#8012,.F.);
#8047 = PLANE('',#8048);
#8048 = AXIS2_PLACEMENT_3D('',#8049,#8050,#8051);
#8049 = CARTESIAN_POINT('',(1.05,-5.05,10.9));
#8050 = DIRECTION('',(1.,-1.224646799147E-16,4.293120572631E-32));
#8051 = DIRECTION('',(1.224646799147E-16,1.,0.));
#8052 = ADVANCED_FACE('',(#8053),#8071,.F.);
#8053 = FACE_BOUND('',#8054,.F.);
#8054 = EDGE_LOOP('',(#8055,#8063,#8069,#8070));
#8055 = ORIENTED_EDGE('',*,*,#8056,.F.);
#8056 = EDGE_CURVE('',#8057,#7869,#8059,.T.);
#8057 = VERTEX_POINT('',#8058);
#8058 = CARTESIAN_POINT('',(0.95,-5.E-02,10.9));
#8059 = LINE('',#8060,#8061);
#8060 = CARTESIAN_POINT('',(0.95,-5.E-02,10.9));
#8061 = VECTOR('',#8062,1.);
#8062 = DIRECTION('',(-1.224646799147E-16,-1.,3.552713678801E-16));
#8063 = ORIENTED_EDGE('',*,*,#8064,.T.);
#8064 = EDGE_CURVE('',#8057,#7935,#8065,.T.);
#8065 = LINE('',#8066,#8067);
#8066 = CARTESIAN_POINT('',(0.95,-5.E-02,10.9));
#8067 = VECTOR('',#8068,1.);
#8068 = DIRECTION('',(4.293120572631E-32,1.068302917551E-31,-1.));
#8069 = ORIENTED_EDGE('',*,*,#7942,.T.);
#8070 = ORIENTED_EDGE('',*,*,#7877,.F.);
#8071 = PLANE('',#8072);
#8072 = AXIS2_PLACEMENT_3D('',#8073,#8074,#8075);
#8073 = CARTESIAN_POINT('',(0.95,-5.E-02,10.9));
#8074 = DIRECTION('',(-1.,1.224646799147E-16,-4.293120572631E-32));
#8075 = DIRECTION('',(-1.224646799147E-16,-1.,3.552713678801E-16));
#8076 = ADVANCED_FACE('',(#8077),#8087,.T.);
#8077 = FACE_BOUND('',#8078,.T.);
#8078 = EDGE_LOOP('',(#8079,#8085,#8086));
#8079 = ORIENTED_EDGE('',*,*,#8080,.F.);
#8080 = EDGE_CURVE('',#7861,#8057,#8081,.T.);
#8081 = LINE('',#8082,#8083);
#8082 = CARTESIAN_POINT('',(-4.05,-5.E-02,10.9));
#8083 = VECTOR('',#8084,1.);
#8084 = DIRECTION('',(1.,-8.221909527207E-17,0.));
#8085 = ORIENTED_EDGE('',*,*,#7868,.T.);
#8086 = ORIENTED_EDGE('',*,*,#8056,.F.);
#8087 = PLANE('',#8088);
#8088 = AXIS2_PLACEMENT_3D('',#8089,#8090,#8091);
#8089 = CARTESIAN_POINT('',(1.,-1.239108604125E-16,10.9));
#8090 = DIRECTION('',(-4.293120572631E-32,-1.068302917551E-31,1.));
#8091 = DIRECTION('',(-1.224646799147E-16,-1.,-1.068302917551E-31));
#8092 = ADVANCED_FACE('',(#8093),#8099,.F.);
#8093 = FACE_BOUND('',#8094,.F.);
#8094 = EDGE_LOOP('',(#8095,#8096,#8097,#8098));
#8095 = ORIENTED_EDGE('',*,*,#8080,.F.);
#8096 = ORIENTED_EDGE('',*,*,#7860,.T.);
#8097 = ORIENTED_EDGE('',*,*,#7934,.T.);
#8098 = ORIENTED_EDGE('',*,*,#8064,.F.);
#8099 = PLANE('',#8100);
#8100 = AXIS2_PLACEMENT_3D('',#8101,#8102,#8103);
#8101 = CARTESIAN_POINT('',(-4.05,-5.E-02,10.9));
#8102 = DIRECTION('',(-8.221909527207E-17,-1.,-1.068302917551E-31));
#8103 = DIRECTION('',(1.,-8.221909527207E-17,0.));
#8104 = ADVANCED_FACE('',(#8105),#8123,.F.);
#8105 = FACE_BOUND('',#8106,.F.);
#8106 = EDGE_LOOP('',(#8107,#8115,#8121,#8122));
#8107 = ORIENTED_EDGE('',*,*,#8108,.F.);
#8108 = EDGE_CURVE('',#8109,#7826,#8111,.T.);
#8109 = VERTEX_POINT('',#8110);
#8110 = CARTESIAN_POINT('',(0.95,5.E-02,10.9));
#8111 = LINE('',#8112,#8113);
#8112 = CARTESIAN_POINT('',(0.95,5.E-02,10.9));
#8113 = VECTOR('',#8114,1.);
#8114 = DIRECTION('',(-1.,1.224646799147E-16,0.));
#8115 = ORIENTED_EDGE('',*,*,#8116,.T.);
#8116 = EDGE_CURVE('',#8109,#7981,#8117,.T.);
#8117 = LINE('',#8118,#8119);
#8118 = CARTESIAN_POINT('',(0.95,5.E-02,10.9));
#8119 = VECTOR('',#8120,1.);
#8120 = DIRECTION('',(4.293120572631E-32,1.068302917551E-31,-1.));
#8121 = ORIENTED_EDGE('',*,*,#7988,.T.);
#8122 = ORIENTED_EDGE('',*,*,#7834,.F.);
#8123 = PLANE('',#8124);
#8124 = AXIS2_PLACEMENT_3D('',#8125,#8126,#8127);
#8125 = CARTESIAN_POINT('',(0.95,5.E-02,10.9));
#8126 = DIRECTION('',(1.224646799147E-16,1.,1.068302917551E-31));
#8127 = DIRECTION('',(-1.,1.224646799147E-16,0.));
#8128 = ADVANCED_FACE('',(#8129),#8139,.T.);
#8129 = FACE_BOUND('',#8130,.T.);
#8130 = EDGE_LOOP('',(#8131,#8132,#8133));
#8131 = ORIENTED_EDGE('',*,*,#7825,.T.);
#8132 = ORIENTED_EDGE('',*,*,#8108,.F.);
#8133 = ORIENTED_EDGE('',*,*,#8134,.F.);
#8134 = EDGE_CURVE('',#7818,#8109,#8135,.T.);
#8135 = LINE('',#8136,#8137);
#8136 = CARTESIAN_POINT('',(0.95,5.05,10.9));
#8137 = VECTOR('',#8138,1.);
#8138 = DIRECTION('',(-1.224646799147E-16,-1.,0.));
#8139 = PLANE('',#8140);
#8140 = AXIS2_PLACEMENT_3D('',#8141,#8142,#8143);
#8141 = CARTESIAN_POINT('',(1.,-1.239108604125E-16,10.9));
#8142 = DIRECTION('',(-4.293120572631E-32,-1.068302917551E-31,1.));
#8143 = DIRECTION('',(-1.224646799147E-16,-1.,-1.068302917551E-31));
#8144 = ADVANCED_FACE('',(#8145),#8151,.F.);
#8145 = FACE_BOUND('',#8146,.F.);
#8146 = EDGE_LOOP('',(#8147,#8148,#8149,#8150));
#8147 = ORIENTED_EDGE('',*,*,#8134,.F.);
#8148 = ORIENTED_EDGE('',*,*,#7817,.T.);
#8149 = ORIENTED_EDGE('',*,*,#7980,.T.);
#8150 = ORIENTED_EDGE('',*,*,#8116,.F.);
#8151 = PLANE('',#8152);
#8152 = AXIS2_PLACEMENT_3D('',#8153,#8154,#8155);
#8153 = CARTESIAN_POINT('',(0.95,5.05,10.9));
#8154 = DIRECTION('',(-1.,1.224646799147E-16,-4.293120572631E-32));
#8155 = DIRECTION('',(-1.224646799147E-16,-1.,0.));
#8156 = ADVANCED_FACE('',(#8157),#8175,.F.);
#8157 = FACE_BOUND('',#8158,.F.);
#8158 = EDGE_LOOP('',(#8159,#8167,#8173,#8174));
#8159 = ORIENTED_EDGE('',*,*,#8160,.F.);
#8160 = EDGE_CURVE('',#8161,#7792,#8163,.T.);
#8161 = VERTEX_POINT('',#8162);
#8162 = CARTESIAN_POINT('',(1.05,5.E-02,10.9));
#8163 = LINE('',#8164,#8165);
#8164 = CARTESIAN_POINT('',(1.05,5.E-02,10.9));
#8165 = VECTOR('',#8166,1.);
#8166 = DIRECTION('',(1.224646799147E-16,1.,0.));
#8167 = ORIENTED_EDGE('',*,*,#8168,.T.);
#8168 = EDGE_CURVE('',#8161,#7966,#8169,.T.);
#8169 = LINE('',#8170,#8171);
#8170 = CARTESIAN_POINT('',(1.05,5.E-02,10.9));
#8171 = VECTOR('',#8172,1.);
#8172 = DIRECTION('',(4.293120572631E-32,1.068302917551E-31,-1.));
#8173 = ORIENTED_EDGE('',*,*,#7973,.T.);
#8174 = ORIENTED_EDGE('',*,*,#7800,.F.);
#8175 = PLANE('',#8176);
#8176 = AXIS2_PLACEMENT_3D('',#8177,#8178,#8179);
#8177 = CARTESIAN_POINT('',(1.05,5.E-02,10.9));
#8178 = DIRECTION('',(1.,-1.224646799147E-16,4.293120572631E-32));
#8179 = DIRECTION('',(1.224646799147E-16,1.,0.));
#8180 = ADVANCED_FACE('',(#8181),#8191,.T.);
#8181 = FACE_BOUND('',#8182,.T.);
#8182 = EDGE_LOOP('',(#8183,#8184,#8185));
#8183 = ORIENTED_EDGE('',*,*,#7791,.T.);
#8184 = ORIENTED_EDGE('',*,*,#8160,.F.);
#8185 = ORIENTED_EDGE('',*,*,#8186,.F.);
#8186 = EDGE_CURVE('',#7784,#8161,#8187,.T.);
#8187 = LINE('',#8188,#8189);
#8188 = CARTESIAN_POINT('',(6.05,5.E-02,10.9));
#8189 = VECTOR('',#8190,1.);
#8190 = DIRECTION('',(-1.,1.224646799147E-16,0.));
#8191 = PLANE('',#8192);
#8192 = AXIS2_PLACEMENT_3D('',#8193,#8194,#8195);
#8193 = CARTESIAN_POINT('',(1.,-1.239108604125E-16,10.9));
#8194 = DIRECTION('',(-4.293120572631E-32,-1.068302917551E-31,1.));
#8195 = DIRECTION('',(-1.224646799147E-16,-1.,-1.068302917551E-31));
#8196 = ADVANCED_FACE('',(#8197),#8203,.F.);
#8197 = FACE_BOUND('',#8198,.F.);
#8198 = EDGE_LOOP('',(#8199,#8200,#8201,#8202));
#8199 = ORIENTED_EDGE('',*,*,#8186,.F.);
#8200 = ORIENTED_EDGE('',*,*,#7783,.T.);
#8201 = ORIENTED_EDGE('',*,*,#7965,.T.);
#8202 = ORIENTED_EDGE('',*,*,#8168,.F.);
#8203 = PLANE('',#8204);
#8204 = AXIS2_PLACEMENT_3D('',#8205,#8206,#8207);
#8205 = CARTESIAN_POINT('',(6.05,5.E-02,10.9));
#8206 = DIRECTION('',(1.224646799147E-16,1.,1.068302917551E-31));
#8207 = DIRECTION('',(-1.,1.224646799147E-16,0.));
#8208 = ORIENTED_CLOSED_SHELL('',*,#8209,.F.);
#8209 = CLOSED_SHELL('',(#8210,#8227,#8261));
#8210 = ADVANCED_FACE('',(#8211),#8222,.T.);
#8211 = FACE_BOUND('',#8212,.T.);
#8212 = EDGE_LOOP('',(#8213));
#8213 = ORIENTED_EDGE('',*,*,#8214,.T.);
#8214 = EDGE_CURVE('',#8215,#8215,#8217,.T.);
#8215 = VERTEX_POINT('',#8216);
#8216 = CARTESIAN_POINT('',(2.75,-4.286263797016E-16,10.6));
#8217 = CIRCLE('',#8218,1.75);
#8218 = AXIS2_PLACEMENT_3D('',#8219,#8220,#8221);
#8219 = CARTESIAN_POINT('',(1.,0.,10.6));
#8220 = DIRECTION('',(0.,-0.,-1.));
#8221 = DIRECTION('',(1.,-2.449293598295E-16,0.));
#8222 = PLANE('',#8223);
#8223 = AXIS2_PLACEMENT_3D('',#8224,#8225,#8226);
#8224 = CARTESIAN_POINT('',(1.,0.,10.6));
#8225 = DIRECTION('',(0.,0.,-1.));
#8226 = DIRECTION('',(1.,-2.449293598295E-16,0.));
#8227 = ADVANCED_FACE('',(#8228),#8256,.T.);
#8228 = FACE_BOUND('',#8229,.T.);
#8229 = EDGE_LOOP('',(#8230,#8241,#8247,#8248,#8249));
#8230 = ORIENTED_EDGE('',*,*,#8231,.F.);
#8231 = EDGE_CURVE('',#8232,#8234,#8236,.T.);
#8232 = VERTEX_POINT('',#8233);
#8233 = CARTESIAN_POINT('',(2.75,-4.084074447606E-14,10.7));
#8234 = VERTEX_POINT('',#8235);
#8235 = CARTESIAN_POINT('',(-0.75,2.143131898508E-16,10.7));
#8236 = CIRCLE('',#8237,1.75);
#8237 = AXIS2_PLACEMENT_3D('',#8238,#8239,#8240);
#8238 = CARTESIAN_POINT('',(1.,0.,10.7));
#8239 = DIRECTION('',(0.,0.,1.));
#8240 = DIRECTION('',(-1.,1.224646799147E-16,0.));
#8241 = ORIENTED_EDGE('',*,*,#8242,.T.);
#8242 = EDGE_CURVE('',#8232,#8215,#8243,.T.);
#8243 = LINE('',#8244,#8245);
#8244 = CARTESIAN_POINT('',(2.75,-4.286263797016E-16,11.));
#8245 = VECTOR('',#8246,1.);
#8246 = DIRECTION('',(0.,0.,-1.));
#8247 = ORIENTED_EDGE('',*,*,#8214,.F.);
#8248 = ORIENTED_EDGE('',*,*,#8242,.F.);
#8249 = ORIENTED_EDGE('',*,*,#8250,.F.);
#8250 = EDGE_CURVE('',#8234,#8232,#8251,.T.);
#8251 = CIRCLE('',#8252,1.75);
#8252 = AXIS2_PLACEMENT_3D('',#8253,#8254,#8255);
#8253 = CARTESIAN_POINT('',(1.,0.,10.7));
#8254 = DIRECTION('',(0.,0.,1.));
#8255 = DIRECTION('',(-1.,1.224646799147E-16,0.));
#8256 = CYLINDRICAL_SURFACE('',#8257,1.75);
#8257 = AXIS2_PLACEMENT_3D('',#8258,#8259,#8260);
#8258 = CARTESIAN_POINT('',(1.,0.,11.));
#8259 = DIRECTION('',(0.,0.,-1.));
#8260 = DIRECTION('',(1.,-2.449293598295E-16,0.));
#8261 = ADVANCED_FACE('',(#8262),#8266,.T.);
#8262 = FACE_BOUND('',#8263,.T.);
#8263 = EDGE_LOOP('',(#8264,#8265));
#8264 = ORIENTED_EDGE('',*,*,#8250,.T.);
#8265 = ORIENTED_EDGE('',*,*,#8231,.T.);
#8266 = PLANE('',#8267);
#8267 = AXIS2_PLACEMENT_3D('',#8268,#8269,#8270);
#8268 = CARTESIAN_POINT('',(1.,-1.239108604125E-16,10.7));
#8269 = DIRECTION('',(-4.293120572631E-32,-1.068302917551E-31,1.));
#8270 = DIRECTION('',(-1.224646799147E-16,-1.,-1.068302917551E-31));
#8271 = ( GEOMETRIC_REPRESENTATION_CONTEXT(3) 
GLOBAL_UNCERTAINTY_ASSIGNED_CONTEXT((#8275)) 
GLOBAL_UNIT_ASSIGNED_CONTEXT((#8272,#8273,#8274)) REPRESENTATION_CONTEXT
('Context #1','3D Context with UNIT and UNCERTAINTY') );
#8272 = ( LENGTH_UNIT() NAMED_UNIT(*) SI_UNIT(.MILLI.,.METRE.) );
#8273 = ( NAMED_UNIT(*) PLANE_ANGLE_UNIT() SI_UNIT($,.RADIAN.) );
#8274 = ( NAMED_UNIT(*) SI_UNIT($,.STERADIAN.) SOLID_ANGLE_UNIT() );
#8275 = UNCERTAINTY_MEASURE_WITH_UNIT(LENGTH_MEASURE(1.E-06),#8272,
  'distance_accuracy_value','confusion accuracy');
#8276 = CONTEXT_DEPENDENT_SHAPE_REPRESENTATION(#8277,#8279);
#8277 = ( REPRESENTATION_RELATIONSHIP('','',#7283,#10) 
REPRESENTATION_RELATIONSHIP_WITH_TRANSFORMATION(#8278) 
SHAPE_REPRESENTATION_RELATIONSHIP() );
#8278 = ITEM_DEFINED_TRANSFORMATION('','',#11,#43);
#8279 = PRODUCT_DEFINITION_SHAPE('Placement','Placement of an item',
  #8280);
#8280 = NEXT_ASSEMBLY_USAGE_OCCURRENCE('8','C6','',#5,#7278,$);
#8281 = PRODUCT_RELATED_PRODUCT_CATEGORY('part',$,(#7280));
#8282 = CONTEXT_DEPENDENT_SHAPE_REPRESENTATION(#8283,#8285);
#8283 = ( REPRESENTATION_RELATIONSHIP('','',#3596,#10) 
REPRESENTATION_RELATIONSHIP_WITH_TRANSFORMATION(#8284) 
SHAPE_REPRESENTATION_RELATIONSHIP() );
#8284 = ITEM_DEFINED_TRANSFORMATION('','',#11,#47);
#8285 = PRODUCT_DEFINITION_SHAPE('Placement','Placement of an item',
  #8286);
#8286 = NEXT_ASSEMBLY_USAGE_OCCURRENCE('9','C10','',#5,#3591,$);
#8287 = CONTEXT_DEPENDENT_SHAPE_REPRESENTATION(#8288,#8290);
#8288 = ( REPRESENTATION_RELATIONSHIP('','',#3596,#10) 
REPRESENTATION_RELATIONSHIP_WITH_TRANSFORMATION(#8289) 
SHAPE_REPRESENTATION_RELATIONSHIP() );
#8289 = ITEM_DEFINED_TRANSFORMATION('','',#11,#51);
#8290 = PRODUCT_DEFINITION_SHAPE('Placement','Placement of an item',
  #8291);
#8291 = NEXT_ASSEMBLY_USAGE_OCCURRENCE('10','R3','',#5,#3591,$);
#8292 = SHAPE_DEFINITION_REPRESENTATION(#8293,#8299);
#8293 = PRODUCT_DEFINITION_SHAPE('','',#8294);
#8294 = PRODUCT_DEFINITION('design','',#8295,#8298);
#8295 = PRODUCT_DEFINITION_FORMATION('','',#8296);
#8296 = PRODUCT('R_Axial_DIN0309_L9.0mm_D3.2mm_P12.70mm_Horizontal',
  'R_Axial_DIN0309_L9.0mm_D3.2mm_P12.70mm_Horizontal','',(#8297));
#8297 = PRODUCT_CONTEXT('',#2,'mechanical');
#8298 = PRODUCT_DEFINITION_CONTEXT('part definition',#2,'design');
#8299 = ADVANCED_BREP_SHAPE_REPRESENTATION('',(#11,#8300),#8687);
#8300 = MANIFOLD_SOLID_BREP('',#8301);
#8301 = CLOSED_SHELL('',(#8302,#8335,#8361,#8381,#8401,#8426,#8451,#8471
    ,#8497,#8522,#8547,#8573,#8582,#8602,#8627,#8653,#8678));
#8302 = ADVANCED_FACE('',(#8303),#8330,.T.);
#8303 = FACE_BOUND('',#8304,.T.);
#8304 = EDGE_LOOP('',(#8305,#8314,#8322,#8329));
#8305 = ORIENTED_EDGE('',*,*,#8306,.T.);
#8306 = EDGE_CURVE('',#8307,#8307,#8309,.T.);
#8307 = VERTEX_POINT('',#8308);
#8308 = CARTESIAN_POINT('',(2.65,1.6,1.6));
#8309 = CIRCLE('',#8310,1.6);
#8310 = AXIS2_PLACEMENT_3D('',#8311,#8312,#8313);
#8311 = CARTESIAN_POINT('',(2.65,0.,1.6));
#8312 = DIRECTION('',(1.,0.,0.));
#8313 = DIRECTION('',(-0.,1.,0.));
#8314 = ORIENTED_EDGE('',*,*,#8315,.T.);
#8315 = EDGE_CURVE('',#8307,#8316,#8318,.T.);
#8316 = VERTEX_POINT('',#8317);
#8317 = CARTESIAN_POINT('',(4.1,1.6,1.6));
#8318 = LINE('',#8319,#8320);
#8319 = CARTESIAN_POINT('',(1.85,1.6,1.6));
#8320 = VECTOR('',#8321,1.);
#8321 = DIRECTION('',(1.,0.,0.));
#8322 = ORIENTED_EDGE('',*,*,#8323,.F.);
#8323 = EDGE_CURVE('',#8316,#8316,#8324,.T.);
#8324 = CIRCLE('',#8325,1.6);
#8325 = AXIS2_PLACEMENT_3D('',#8326,#8327,#8328);
#8326 = CARTESIAN_POINT('',(4.1,0.,1.6));
#8327 = DIRECTION('',(1.,0.,0.));
#8328 = DIRECTION('',(-0.,1.,0.));
#8329 = ORIENTED_EDGE('',*,*,#8315,.F.);
#8330 = CYLINDRICAL_SURFACE('',#8331,1.6);
#8331 = AXIS2_PLACEMENT_3D('',#8332,#8333,#8334);
#8332 = CARTESIAN_POINT('',(1.85,0.,1.6));
#8333 = DIRECTION('',(-1.,-0.,-0.));
#8334 = DIRECTION('',(0.,1.,0.));
#8335 = ADVANCED_FACE('',(#8336),#8356,.T.);
#8336 = FACE_BOUND('',#8337,.T.);
#8337 = EDGE_LOOP('',(#8338,#8347,#8354,#8355));
#8338 = ORIENTED_EDGE('',*,*,#8339,.T.);
#8339 = EDGE_CURVE('',#8340,#8340,#8342,.T.);
#8340 = VERTEX_POINT('',#8341);
#8341 = CARTESIAN_POINT('',(1.85,0.8,1.6));
#8342 = CIRCLE('',#8343,0.8);
#8343 = AXIS2_PLACEMENT_3D('',#8344,#8345,#8346);
#8344 = CARTESIAN_POINT('',(1.85,0.,1.6));
#8345 = DIRECTION('',(1.,0.,0.));
#8346 = DIRECTION('',(-0.,1.,0.));
#8347 = ORIENTED_EDGE('',*,*,#8348,.F.);
#8348 = EDGE_CURVE('',#8307,#8340,#8349,.T.);
#8349 = CIRCLE('',#8350,0.8);
#8350 = AXIS2_PLACEMENT_3D('',#8351,#8352,#8353);
#8351 = CARTESIAN_POINT('',(2.65,0.8,1.6));
#8352 = DIRECTION('',(0.,-0.,1.));
#8353 = DIRECTION('',(0.,1.,0.));
#8354 = ORIENTED_EDGE('',*,*,#8306,.F.);
#8355 = ORIENTED_EDGE('',*,*,#8348,.T.);
#8356 = TOROIDAL_SURFACE('',#8357,0.8,0.8);
#8357 = AXIS2_PLACEMENT_3D('',#8358,#8359,#8360);
#8358 = CARTESIAN_POINT('',(2.65,0.,1.6));
#8359 = DIRECTION('',(-1.,0.,0.));
#8360 = DIRECTION('',(0.,1.,0.));
#8361 = ADVANCED_FACE('',(#8362,#8365),#8376,.F.);
#8362 = FACE_BOUND('',#8363,.F.);
#8363 = EDGE_LOOP('',(#8364));
#8364 = ORIENTED_EDGE('',*,*,#8323,.F.);
#8365 = FACE_BOUND('',#8366,.F.);
#8366 = EDGE_LOOP('',(#8367));
#8367 = ORIENTED_EDGE('',*,*,#8368,.F.);
#8368 = EDGE_CURVE('',#8369,#8369,#8371,.T.);
#8369 = VERTEX_POINT('',#8370);
#8370 = CARTESIAN_POINT('',(4.1,1.44,1.6));
#8371 = CIRCLE('',#8372,1.44);
#8372 = AXIS2_PLACEMENT_3D('',#8373,#8374,#8375);
#8373 = CARTESIAN_POINT('',(4.1,0.,1.6));
#8374 = DIRECTION('',(-1.,0.,0.));
#8375 = DIRECTION('',(0.,1.,0.));
#8376 = PLANE('',#8377);
#8377 = AXIS2_PLACEMENT_3D('',#8378,#8379,#8380);
#8378 = CARTESIAN_POINT('',(4.1,1.6,1.6));
#8379 = DIRECTION('',(-1.,0.,0.));
#8380 = DIRECTION('',(0.,0.,-1.));
#8381 = ADVANCED_FACE('',(#8382,#8385),#8396,.T.);
#8382 = FACE_BOUND('',#8383,.T.);
#8383 = EDGE_LOOP('',(#8384));
#8384 = ORIENTED_EDGE('',*,*,#8339,.F.);
#8385 = FACE_BOUND('',#8386,.T.);
#8386 = EDGE_LOOP('',(#8387));
#8387 = ORIENTED_EDGE('',*,*,#8388,.T.);
#8388 = EDGE_CURVE('',#8389,#8389,#8391,.T.);
#8389 = VERTEX_POINT('',#8390);
#8390 = CARTESIAN_POINT('',(1.85,0.,1.25));
#8391 = CIRCLE('',#8392,0.35);
#8392 = AXIS2_PLACEMENT_3D('',#8393,#8394,#8395);
#8393 = CARTESIAN_POINT('',(1.85,0.,1.6));
#8394 = DIRECTION('',(1.,-0.,0.));
#8395 = DIRECTION('',(0.,0.,-1.));
#8396 = PLANE('',#8397);
#8397 = AXIS2_PLACEMENT_3D('',#8398,#8399,#8400);
#8398 = CARTESIAN_POINT('',(1.85,1.6,1.6));
#8399 = DIRECTION('',(-1.,0.,0.));
#8400 = DIRECTION('',(0.,0.,-1.));
#8401 = ADVANCED_FACE('',(#8402),#8421,.T.);
#8402 = FACE_BOUND('',#8403,.T.);
#8403 = EDGE_LOOP('',(#8404,#8413,#8419,#8420));
#8404 = ORIENTED_EDGE('',*,*,#8405,.T.);
#8405 = EDGE_CURVE('',#8406,#8406,#8408,.T.);
#8406 = VERTEX_POINT('',#8407);
#8407 = CARTESIAN_POINT('',(8.6,1.44,1.6));
#8408 = CIRCLE('',#8409,1.44);
#8409 = AXIS2_PLACEMENT_3D('',#8410,#8411,#8412);
#8410 = CARTESIAN_POINT('',(8.6,0.,1.6));
#8411 = DIRECTION('',(-1.,0.,0.));
#8412 = DIRECTION('',(0.,1.,0.));
#8413 = ORIENTED_EDGE('',*,*,#8414,.F.);
#8414 = EDGE_CURVE('',#8369,#8406,#8415,.T.);
#8415 = LINE('',#8416,#8417);
#8416 = CARTESIAN_POINT('',(1.85,1.44,1.6));
#8417 = VECTOR('',#8418,1.);
#8418 = DIRECTION('',(1.,0.,0.));
#8419 = ORIENTED_EDGE('',*,*,#8368,.F.);
#8420 = ORIENTED_EDGE('',*,*,#8414,.T.);
#8421 = CYLINDRICAL_SURFACE('',#8422,1.44);
#8422 = AXIS2_PLACEMENT_3D('',#8423,#8424,#8425);
#8423 = CARTESIAN_POINT('',(1.85,0.,1.6));
#8424 = DIRECTION('',(-1.,-0.,-0.));
#8425 = DIRECTION('',(0.,1.,0.));
#8426 = ADVANCED_FACE('',(#8427),#8446,.T.);
#8427 = FACE_BOUND('',#8428,.T.);
#8428 = EDGE_LOOP('',(#8429,#8438,#8444,#8445));
#8429 = ORIENTED_EDGE('',*,*,#8430,.F.);
#8430 = EDGE_CURVE('',#8431,#8431,#8433,.T.);
#8431 = VERTEX_POINT('',#8432);
#8432 = CARTESIAN_POINT('',(1.05,0.,1.25));
#8433 = CIRCLE('',#8434,0.35);
#8434 = AXIS2_PLACEMENT_3D('',#8435,#8436,#8437);
#8435 = CARTESIAN_POINT('',(1.05,0.,1.6));
#8436 = DIRECTION('',(-1.,0.,6.049014748177E-16));
#8437 = DIRECTION('',(6.049014748177E-16,0.,1.));
#8438 = ORIENTED_EDGE('',*,*,#8439,.T.);
#8439 = EDGE_CURVE('',#8431,#8389,#8440,.T.);
#8440 = LINE('',#8441,#8442);
#8441 = CARTESIAN_POINT('',(1.05,0.,1.25));
#8442 = VECTOR('',#8443,1.);
#8443 = DIRECTION('',(1.,0.,0.));
#8444 = ORIENTED_EDGE('',*,*,#8388,.F.);
#8445 = ORIENTED_EDGE('',*,*,#8439,.F.);
#8446 = CYLINDRICAL_SURFACE('',#8447,0.35);
#8447 = AXIS2_PLACEMENT_3D('',#8448,#8449,#8450);
#8448 = CARTESIAN_POINT('',(1.05,0.,1.6));
#8449 = DIRECTION('',(1.,0.,0.));
#8450 = DIRECTION('',(0.,0.,-1.));
#8451 = ADVANCED_FACE('',(#8452,#8463),#8466,.T.);
#8452 = FACE_BOUND('',#8453,.T.);
#8453 = EDGE_LOOP('',(#8454));
#8454 = ORIENTED_EDGE('',*,*,#8455,.F.);
#8455 = EDGE_CURVE('',#8456,#8456,#8458,.T.);
#8456 = VERTEX_POINT('',#8457);
#8457 = CARTESIAN_POINT('',(8.6,1.6,1.6));
#8458 = CIRCLE('',#8459,1.6);
#8459 = AXIS2_PLACEMENT_3D('',#8460,#8461,#8462);
#8460 = CARTESIAN_POINT('',(8.6,0.,1.6));
#8461 = DIRECTION('',(1.,0.,0.));
#8462 = DIRECTION('',(-0.,1.,0.));
#8463 = FACE_BOUND('',#8464,.T.);
#8464 = EDGE_LOOP('',(#8465));
#8465 = ORIENTED_EDGE('',*,*,#8405,.F.);
#8466 = PLANE('',#8467);
#8467 = AXIS2_PLACEMENT_3D('',#8468,#8469,#8470);
#8468 = CARTESIAN_POINT('',(8.6,1.6,1.6));
#8469 = DIRECTION('',(-1.,0.,0.));
#8470 = DIRECTION('',(0.,0.,-1.));
#8471 = ADVANCED_FACE('',(#8472),#8492,.T.);
#8472 = FACE_BOUND('',#8473,.T.);
#8473 = EDGE_LOOP('',(#8474,#8483,#8484,#8485));
#8474 = ORIENTED_EDGE('',*,*,#8475,.T.);
#8475 = EDGE_CURVE('',#8476,#8431,#8478,.T.);
#8476 = VERTEX_POINT('',#8477);
#8477 = CARTESIAN_POINT('',(0.35,0.,0.55));
#8478 = CIRCLE('',#8479,0.7);
#8479 = AXIS2_PLACEMENT_3D('',#8480,#8481,#8482);
#8480 = CARTESIAN_POINT('',(1.05,1.285879139105E-16,0.55));
#8481 = DIRECTION('',(0.,1.,-0.));
#8482 = DIRECTION('',(-1.,0.,0.));
#8483 = ORIENTED_EDGE('',*,*,#8430,.T.);
#8484 = ORIENTED_EDGE('',*,*,#8475,.F.);
#8485 = ORIENTED_EDGE('',*,*,#8486,.T.);
#8486 = EDGE_CURVE('',#8476,#8476,#8487,.T.);
#8487 = CIRCLE('',#8488,0.35);
#8488 = AXIS2_PLACEMENT_3D('',#8489,#8490,#8491);
#8489 = CARTESIAN_POINT('',(0.,0.,0.55));
#8490 = DIRECTION('',(0.,0.,1.));
#8491 = DIRECTION('',(1.,0.,-0.));
#8492 = TOROIDAL_SURFACE('',#8493,1.05,0.35);
#8493 = AXIS2_PLACEMENT_3D('',#8494,#8495,#8496);
#8494 = CARTESIAN_POINT('',(1.05,0.,0.55));
#8495 = DIRECTION('',(0.,1.,0.));
#8496 = DIRECTION('',(-1.,0.,0.));
#8497 = ADVANCED_FACE('',(#8498),#8517,.T.);
#8498 = FACE_BOUND('',#8499,.T.);
#8499 = EDGE_LOOP('',(#8500,#8501,#8509,#8516));
#8500 = ORIENTED_EDGE('',*,*,#8455,.T.);
#8501 = ORIENTED_EDGE('',*,*,#8502,.T.);
#8502 = EDGE_CURVE('',#8456,#8503,#8505,.T.);
#8503 = VERTEX_POINT('',#8504);
#8504 = CARTESIAN_POINT('',(10.05,1.6,1.6));
#8505 = LINE('',#8506,#8507);
#8506 = CARTESIAN_POINT('',(8.6,1.6,1.6));
#8507 = VECTOR('',#8508,1.);
#8508 = DIRECTION('',(1.,0.,0.));
#8509 = ORIENTED_EDGE('',*,*,#8510,.F.);
#8510 = EDGE_CURVE('',#8503,#8503,#8511,.T.);
#8511 = CIRCLE('',#8512,1.6);
#8512 = AXIS2_PLACEMENT_3D('',#8513,#8514,#8515);
#8513 = CARTESIAN_POINT('',(10.05,0.,1.6));
#8514 = DIRECTION('',(1.,0.,0.));
#8515 = DIRECTION('',(-0.,1.,0.));
#8516 = ORIENTED_EDGE('',*,*,#8502,.F.);
#8517 = CYLINDRICAL_SURFACE('',#8518,1.6);
#8518 = AXIS2_PLACEMENT_3D('',#8519,#8520,#8521);
#8519 = CARTESIAN_POINT('',(8.6,0.,1.6));
#8520 = DIRECTION('',(-1.,-0.,-0.));
#8521 = DIRECTION('',(0.,1.,0.));
#8522 = ADVANCED_FACE('',(#8523),#8542,.T.);
#8523 = FACE_BOUND('',#8524,.T.);
#8524 = EDGE_LOOP('',(#8525,#8533,#8534,#8535));
#8525 = ORIENTED_EDGE('',*,*,#8526,.T.);
#8526 = EDGE_CURVE('',#8527,#8476,#8529,.T.);
#8527 = VERTEX_POINT('',#8528);
#8528 = CARTESIAN_POINT('',(0.35,-8.572527594031E-17,-3.));
#8529 = LINE('',#8530,#8531);
#8530 = CARTESIAN_POINT('',(0.35,0.,-3.));
#8531 = VECTOR('',#8532,1.);
#8532 = DIRECTION('',(0.,0.,1.));
#8533 = ORIENTED_EDGE('',*,*,#8486,.F.);
#8534 = ORIENTED_EDGE('',*,*,#8526,.F.);
#8535 = ORIENTED_EDGE('',*,*,#8536,.T.);
#8536 = EDGE_CURVE('',#8527,#8527,#8537,.T.);
#8537 = CIRCLE('',#8538,0.35);
#8538 = AXIS2_PLACEMENT_3D('',#8539,#8540,#8541);
#8539 = CARTESIAN_POINT('',(0.,0.,-3.));
#8540 = DIRECTION('',(0.,0.,1.));
#8541 = DIRECTION('',(1.,0.,-0.));
#8542 = CYLINDRICAL_SURFACE('',#8543,0.35);
#8543 = AXIS2_PLACEMENT_3D('',#8544,#8545,#8546);
#8544 = CARTESIAN_POINT('',(0.,0.,-3.));
#8545 = DIRECTION('',(0.,0.,1.));
#8546 = DIRECTION('',(1.,0.,-0.));
#8547 = ADVANCED_FACE('',(#8548),#8568,.T.);
#8548 = FACE_BOUND('',#8549,.T.);
#8549 = EDGE_LOOP('',(#8550,#8559,#8560,#8561));
#8550 = ORIENTED_EDGE('',*,*,#8551,.F.);
#8551 = EDGE_CURVE('',#8503,#8552,#8554,.T.);
#8552 = VERTEX_POINT('',#8553);
#8553 = CARTESIAN_POINT('',(10.85,0.8,1.6));
#8554 = CIRCLE('',#8555,0.8);
#8555 = AXIS2_PLACEMENT_3D('',#8556,#8557,#8558);
#8556 = CARTESIAN_POINT('',(10.05,0.8,1.6));
#8557 = DIRECTION('',(0.,0.,-1.));
#8558 = DIRECTION('',(0.,1.,0.));
#8559 = ORIENTED_EDGE('',*,*,#8510,.T.);
#8560 = ORIENTED_EDGE('',*,*,#8551,.T.);
#8561 = ORIENTED_EDGE('',*,*,#8562,.F.);
#8562 = EDGE_CURVE('',#8552,#8552,#8563,.T.);
#8563 = CIRCLE('',#8564,0.8);
#8564 = AXIS2_PLACEMENT_3D('',#8565,#8566,#8567);
#8565 = CARTESIAN_POINT('',(10.85,0.,1.6));
#8566 = DIRECTION('',(1.,0.,0.));
#8567 = DIRECTION('',(-0.,1.,0.));
#8568 = TOROIDAL_SURFACE('',#8569,0.8,0.8);
#8569 = AXIS2_PLACEMENT_3D('',#8570,#8571,#8572);
#8570 = CARTESIAN_POINT('',(10.05,0.,1.6));
#8571 = DIRECTION('',(1.,0.,0.));
#8572 = DIRECTION('',(-0.,1.,0.));
#8573 = ADVANCED_FACE('',(#8574),#8577,.T.);
#8574 = FACE_BOUND('',#8575,.F.);
#8575 = EDGE_LOOP('',(#8576));
#8576 = ORIENTED_EDGE('',*,*,#8536,.T.);
#8577 = PLANE('',#8578);
#8578 = AXIS2_PLACEMENT_3D('',#8579,#8580,#8581);
#8579 = CARTESIAN_POINT('',(0.35,0.,-3.));
#8580 = DIRECTION('',(0.,0.,-1.));
#8581 = DIRECTION('',(-1.,0.,0.));
#8582 = ADVANCED_FACE('',(#8583,#8586),#8597,.F.);
#8583 = FACE_BOUND('',#8584,.F.);
#8584 = EDGE_LOOP('',(#8585));
#8585 = ORIENTED_EDGE('',*,*,#8562,.F.);
#8586 = FACE_BOUND('',#8587,.F.);
#8587 = EDGE_LOOP('',(#8588));
#8588 = ORIENTED_EDGE('',*,*,#8589,.T.);
#8589 = EDGE_CURVE('',#8590,#8590,#8592,.T.);
#8590 = VERTEX_POINT('',#8591);
#8591 = CARTESIAN_POINT('',(10.85,0.,1.25));
#8592 = CIRCLE('',#8593,0.35);
#8593 = AXIS2_PLACEMENT_3D('',#8594,#8595,#8596);
#8594 = CARTESIAN_POINT('',(10.85,0.,1.6));
#8595 = DIRECTION('',(1.,-0.,0.));
#8596 = DIRECTION('',(0.,0.,-1.));
#8597 = PLANE('',#8598);
#8598 = AXIS2_PLACEMENT_3D('',#8599,#8600,#8601);
#8599 = CARTESIAN_POINT('',(10.85,1.6,1.6));
#8600 = DIRECTION('',(-1.,0.,0.));
#8601 = DIRECTION('',(0.,0.,-1.));
#8602 = ADVANCED_FACE('',(#8603),#8622,.T.);
#8603 = FACE_BOUND('',#8604,.T.);
#8604 = EDGE_LOOP('',(#8605,#8606,#8614,#8621));
#8605 = ORIENTED_EDGE('',*,*,#8589,.T.);
#8606 = ORIENTED_EDGE('',*,*,#8607,.T.);
#8607 = EDGE_CURVE('',#8590,#8608,#8610,.T.);
#8608 = VERTEX_POINT('',#8609);
#8609 = CARTESIAN_POINT('',(11.65,0.,1.25));
#8610 = LINE('',#8611,#8612);
#8611 = CARTESIAN_POINT('',(1.05,0.,1.25));
#8612 = VECTOR('',#8613,1.);
#8613 = DIRECTION('',(1.,0.,0.));
#8614 = ORIENTED_EDGE('',*,*,#8615,.F.);
#8615 = EDGE_CURVE('',#8608,#8608,#8616,.T.);
#8616 = CIRCLE('',#8617,0.35);
#8617 = AXIS2_PLACEMENT_3D('',#8618,#8619,#8620);
#8618 = CARTESIAN_POINT('',(11.65,0.,1.6));
#8619 = DIRECTION('',(1.,-0.,0.));
#8620 = DIRECTION('',(0.,0.,-1.));
#8621 = ORIENTED_EDGE('',*,*,#8607,.F.);
#8622 = CYLINDRICAL_SURFACE('',#8623,0.35);
#8623 = AXIS2_PLACEMENT_3D('',#8624,#8625,#8626);
#8624 = CARTESIAN_POINT('',(1.05,0.,1.6));
#8625 = DIRECTION('',(1.,0.,0.));
#8626 = DIRECTION('',(0.,0.,-1.));
#8627 = ADVANCED_FACE('',(#8628),#8648,.T.);
#8628 = FACE_BOUND('',#8629,.T.);
#8629 = EDGE_LOOP('',(#8630,#8639,#8646,#8647));
#8630 = ORIENTED_EDGE('',*,*,#8631,.T.);
#8631 = EDGE_CURVE('',#8608,#8632,#8634,.T.);
#8632 = VERTEX_POINT('',#8633);
#8633 = CARTESIAN_POINT('',(12.35,0.,0.55));
#8634 = CIRCLE('',#8635,0.7);
#8635 = AXIS2_PLACEMENT_3D('',#8636,#8637,#8638);
#8636 = CARTESIAN_POINT('',(11.65,1.285879139105E-16,0.55));
#8637 = DIRECTION('',(0.,1.,0.));
#8638 = DIRECTION('',(0.,-0.,1.));
#8639 = ORIENTED_EDGE('',*,*,#8640,.T.);
#8640 = EDGE_CURVE('',#8632,#8632,#8641,.T.);
#8641 = CIRCLE('',#8642,0.35);
#8642 = AXIS2_PLACEMENT_3D('',#8643,#8644,#8645);
#8643 = CARTESIAN_POINT('',(12.7,0.,0.55));
#8644 = DIRECTION('',(-1.171455364583E-15,0.,1.));
#8645 = DIRECTION('',(1.,0.,1.171455364583E-15));
#8646 = ORIENTED_EDGE('',*,*,#8631,.F.);
#8647 = ORIENTED_EDGE('',*,*,#8615,.T.);
#8648 = TOROIDAL_SURFACE('',#8649,1.05,0.35);
#8649 = AXIS2_PLACEMENT_3D('',#8650,#8651,#8652);
#8650 = CARTESIAN_POINT('',(11.65,0.,0.55));
#8651 = DIRECTION('',(0.,1.,0.));
#8652 = DIRECTION('',(0.,-0.,1.));
#8653 = ADVANCED_FACE('',(#8654),#8673,.T.);
#8654 = FACE_BOUND('',#8655,.T.);
#8655 = EDGE_LOOP('',(#8656,#8664,#8671,#8672));
#8656 = ORIENTED_EDGE('',*,*,#8657,.T.);
#8657 = EDGE_CURVE('',#8632,#8658,#8660,.T.);
#8658 = VERTEX_POINT('',#8659);
#8659 = CARTESIAN_POINT('',(12.35,-8.572527594031E-17,-3.));
#8660 = LINE('',#8661,#8662);
#8661 = CARTESIAN_POINT('',(12.35,0.,0.55));
#8662 = VECTOR('',#8663,1.);
#8663 = DIRECTION('',(0.,0.,-1.));
#8664 = ORIENTED_EDGE('',*,*,#8665,.F.);
#8665 = EDGE_CURVE('',#8658,#8658,#8666,.T.);
#8666 = CIRCLE('',#8667,0.35);
#8667 = AXIS2_PLACEMENT_3D('',#8668,#8669,#8670);
#8668 = CARTESIAN_POINT('',(12.7,0.,-3.));
#8669 = DIRECTION('',(0.,0.,-1.));
#8670 = DIRECTION('',(-1.,0.,0.));
#8671 = ORIENTED_EDGE('',*,*,#8657,.F.);
#8672 = ORIENTED_EDGE('',*,*,#8640,.F.);
#8673 = CYLINDRICAL_SURFACE('',#8674,0.35);
#8674 = AXIS2_PLACEMENT_3D('',#8675,#8676,#8677);
#8675 = CARTESIAN_POINT('',(12.7,0.,0.55));
#8676 = DIRECTION('',(0.,0.,-1.));
#8677 = DIRECTION('',(-1.,0.,0.));
#8678 = ADVANCED_FACE('',(#8679),#8682,.F.);
#8679 = FACE_BOUND('',#8680,.T.);
#8680 = EDGE_LOOP('',(#8681));
#8681 = ORIENTED_EDGE('',*,*,#8665,.T.);
#8682 = PLANE('',#8683);
#8683 = AXIS2_PLACEMENT_3D('',#8684,#8685,#8686);
#8684 = CARTESIAN_POINT('',(12.35,0.,-3.));
#8685 = DIRECTION('',(0.,0.,1.));
#8686 = DIRECTION('',(1.,0.,-0.));
#8687 = ( GEOMETRIC_REPRESENTATION_CONTEXT(3) 
GLOBAL_UNCERTAINTY_ASSIGNED_CONTEXT((#8691)) 
GLOBAL_UNIT_ASSIGNED_CONTEXT((#8688,#8689,#8690)) REPRESENTATION_CONTEXT
('Context #1','3D Context with UNIT and UNCERTAINTY') );
#8688 = ( LENGTH_UNIT() NAMED_UNIT(*) SI_UNIT(.MILLI.,.METRE.) );
#8689 = ( NAMED_UNIT(*) PLANE_ANGLE_UNIT() SI_UNIT($,.RADIAN.) );
#8690 = ( NAMED_UNIT(*) SI_UNIT($,.STERADIAN.) SOLID_ANGLE_UNIT() );
#8691 = UNCERTAINTY_MEASURE_WITH_UNIT(LENGTH_MEASURE(1.E-07),#8688,
  'distance_accuracy_value','confusion accuracy');
#8692 = CONTEXT_DEPENDENT_SHAPE_REPRESENTATION(#8693,#8695);
#8693 = ( REPRESENTATION_RELATIONSHIP('','',#8299,#10) 
REPRESENTATION_RELATIONSHIP_WITH_TRANSFORMATION(#8694) 
SHAPE_REPRESENTATION_RELATIONSHIP() );
#8694 = ITEM_DEFINED_TRANSFORMATION('','',#11,#55);
#8695 = PRODUCT_DEFINITION_SHAPE('Placement','Placement of an item',
  #8696);
#8696 = NEXT_ASSEMBLY_USAGE_OCCURRENCE('11','R2','',#5,#8294,$);
#8697 = PRODUCT_RELATED_PRODUCT_CATEGORY('part',$,(#8296));
#8698 = CONTEXT_DEPENDENT_SHAPE_REPRESENTATION(#8699,#8701);
#8699 = ( REPRESENTATION_RELATIONSHIP('','',#3596,#10) 
REPRESENTATION_RELATIONSHIP_WITH_TRANSFORMATION(#8700) 
SHAPE_REPRESENTATION_RELATIONSHIP() );
#8700 = ITEM_DEFINED_TRANSFORMATION('','',#11,#59);
#8701 = PRODUCT_DEFINITION_SHAPE('Placement','Placement of an item',
  #8702);
#8702 = NEXT_ASSEMBLY_USAGE_OCCURRENCE('12','R12','',#5,#3591,$);
#8703 = CONTEXT_DEPENDENT_SHAPE_REPRESENTATION(#8704,#8706);
#8704 = ( REPRESENTATION_RELATIONSHIP('','',#2301,#10) 
REPRESENTATION_RELATIONSHIP_WITH_TRANSFORMATION(#8705) 
SHAPE_REPRESENTATION_RELATIONSHIP() );
#8705 = ITEM_DEFINED_TRANSFORMATION('','',#11,#63);
#8706 = PRODUCT_DEFINITION_SHAPE('Placement','Placement of an item',
  #8707);
#8707 = NEXT_ASSEMBLY_USAGE_OCCURRENCE('13','D1','',#5,#2296,$);
#8708 = CONTEXT_DEPENDENT_SHAPE_REPRESENTATION(#8709,#8711);
#8709 = ( REPRESENTATION_RELATIONSHIP('','',#8299,#10) 
REPRESENTATION_RELATIONSHIP_WITH_TRANSFORMATION(#8710) 
SHAPE_REPRESENTATION_RELATIONSHIP() );
#8710 = ITEM_DEFINED_TRANSFORMATION('','',#11,#67);
#8711 = PRODUCT_DEFINITION_SHAPE('Placement','Placement of an item',
  #8712);
#8712 = NEXT_ASSEMBLY_USAGE_OCCURRENCE('14','R8','',#5,#8294,$);
#8713 = CONTEXT_DEPENDENT_SHAPE_REPRESENTATION(#8714,#8716);
#8714 = ( REPRESENTATION_RELATIONSHIP('','',#3596,#10) 
REPRESENTATION_RELATIONSHIP_WITH_TRANSFORMATION(#8715) 
SHAPE_REPRESENTATION_RELATIONSHIP() );
#8715 = ITEM_DEFINED_TRANSFORMATION('','',#11,#71);
#8716 = PRODUCT_DEFINITION_SHAPE('Placement','Placement of an item',
  #8717);
#8717 = NEXT_ASSEMBLY_USAGE_OCCURRENCE('15','R10','',#5,#3591,$);
#8718 = CONTEXT_DEPENDENT_SHAPE_REPRESENTATION(#8719,#8721);
#8719 = ( REPRESENTATION_RELATIONSHIP('','',#3596,#10) 
REPRESENTATION_RELATIONSHIP_WITH_TRANSFORMATION(#8720) 
SHAPE_REPRESENTATION_RELATIONSHIP() );
#8720 = ITEM_DEFINED_TRANSFORMATION('','',#11,#75);
#8721 = PRODUCT_DEFINITION_SHAPE('Placement','Placement of an item',
  #8722);
#8722 = NEXT_ASSEMBLY_USAGE_OCCURRENCE('16','C3','',#5,#3591,$);
#8723 = SHAPE_DEFINITION_REPRESENTATION(#8724,#8730);
#8724 = PRODUCT_DEFINITION_SHAPE('','',#8725);
#8725 = PRODUCT_DEFINITION('design','',#8726,#8729);
#8726 = PRODUCT_DEFINITION_FORMATION('','',#8727);
#8727 = PRODUCT('C_Radial_D8.0mm_H11.5mm_P3.50mm',
  'C_Radial_D8.0mm_H11.5mm_P3.50mm','',(#8728));
#8728 = PRODUCT_CONTEXT('',#2,'mechanical');
#8729 = PRODUCT_DEFINITION_CONTEXT('part definition',#2,'design');
#8730 = ADVANCED_BREP_SHAPE_REPRESENTATION('',(#11,#8731),#9718);
#8731 = BREP_WITH_VOIDS('',#8732,(#9655));
#8732 = CLOSED_SHELL('',(#8733,#8750,#8775,#8806,#8831,#8856,#8876,#8885
    ,#8915,#8950,#9023,#9063,#9136,#9161,#9187,#9207,#9377,#9447,#9471,
    #9487,#9499,#9523,#9539,#9551,#9575,#9591,#9603,#9627,#9643));
#8733 = ADVANCED_FACE('',(#8734),#8745,.F.);
#8734 = FACE_BOUND('',#8735,.F.);
#8735 = EDGE_LOOP('',(#8736));
#8736 = ORIENTED_EDGE('',*,*,#8737,.T.);
#8737 = EDGE_CURVE('',#8738,#8738,#8740,.T.);
#8738 = VERTEX_POINT('',#8739);
#8739 = CARTESIAN_POINT('',(3.2,-1.775737858764E-16,-1.9));
#8740 = CIRCLE('',#8741,0.3);
#8741 = AXIS2_PLACEMENT_3D('',#8742,#8743,#8744);
#8742 = CARTESIAN_POINT('',(3.5,-2.143131898508E-16,-1.9));
#8743 = DIRECTION('',(0.,0.,1.));
#8744 = DIRECTION('',(-1.,1.224646799147E-16,0.));
#8745 = PLANE('',#8746);
#8746 = AXIS2_PLACEMENT_3D('',#8747,#8748,#8749);
#8747 = CARTESIAN_POINT('',(3.5,-2.198719319184E-16,-1.9));
#8748 = DIRECTION('',(-1.369550182675E-31,-3.287982278012E-33,1.));
#8749 = DIRECTION('',(-1.,1.224646799147E-16,-1.369550182675E-31));
#8750 = ADVANCED_FACE('',(#8751),#8770,.T.);
#8751 = FACE_BOUND('',#8752,.T.);
#8752 = EDGE_LOOP('',(#8753,#8762,#8768,#8769));
#8753 = ORIENTED_EDGE('',*,*,#8754,.F.);
#8754 = EDGE_CURVE('',#8755,#8755,#8757,.T.);
#8755 = VERTEX_POINT('',#8756);
#8756 = CARTESIAN_POINT('',(3.2,-1.775737858764E-16,0.2));
#8757 = CIRCLE('',#8758,0.3);
#8758 = AXIS2_PLACEMENT_3D('',#8759,#8760,#8761);
#8759 = CARTESIAN_POINT('',(3.5,-2.143131898508E-16,0.2));
#8760 = DIRECTION('',(0.,0.,1.));
#8761 = DIRECTION('',(-1.,1.224646799147E-16,0.));
#8762 = ORIENTED_EDGE('',*,*,#8763,.T.);
#8763 = EDGE_CURVE('',#8755,#8738,#8764,.T.);
#8764 = LINE('',#8765,#8766);
#8765 = CARTESIAN_POINT('',(3.2,-1.775737858764E-16,0.3));
#8766 = VECTOR('',#8767,1.);
#8767 = DIRECTION('',(0.,0.,-1.));
#8768 = ORIENTED_EDGE('',*,*,#8737,.T.);
#8769 = ORIENTED_EDGE('',*,*,#8763,.F.);
#8770 = CYLINDRICAL_SURFACE('',#8771,0.3);
#8771 = AXIS2_PLACEMENT_3D('',#8772,#8773,#8774);
#8772 = CARTESIAN_POINT('',(3.5,-2.143131898508E-16,0.3));
#8773 = DIRECTION('',(0.,0.,1.));
#8774 = DIRECTION('',(-1.,1.224646799147E-16,0.));
#8775 = ADVANCED_FACE('',(#8776,#8787,#8790),#8801,.F.);
#8776 = FACE_BOUND('',#8777,.F.);
#8777 = EDGE_LOOP('',(#8778));
#8778 = ORIENTED_EDGE('',*,*,#8779,.T.);
#8779 = EDGE_CURVE('',#8780,#8780,#8782,.T.);
#8780 = VERTEX_POINT('',#8781);
#8781 = CARTESIAN_POINT('',(4.55,-6.858022075225E-16,0.2));
#8782 = CIRCLE('',#8783,2.8);
#8783 = AXIS2_PLACEMENT_3D('',#8784,#8785,#8786);
#8784 = CARTESIAN_POINT('',(1.75,0.,0.2));
#8785 = DIRECTION('',(-0.,0.,1.));
#8786 = DIRECTION('',(1.,-2.449293598295E-16,0.));
#8787 = FACE_BOUND('',#8788,.F.);
#8788 = EDGE_LOOP('',(#8789));
#8789 = ORIENTED_EDGE('',*,*,#8754,.F.);
#8790 = FACE_BOUND('',#8791,.F.);
#8791 = EDGE_LOOP('',(#8792));
#8792 = ORIENTED_EDGE('',*,*,#8793,.F.);
#8793 = EDGE_CURVE('',#8794,#8794,#8796,.T.);
#8794 = VERTEX_POINT('',#8795);
#8795 = CARTESIAN_POINT('',(-0.3,2.510525938252E-16,0.2));
#8796 = CIRCLE('',#8797,0.3);
#8797 = AXIS2_PLACEMENT_3D('',#8798,#8799,#8800);
#8798 = CARTESIAN_POINT('',(0.,2.143131898508E-16,0.2));
#8799 = DIRECTION('',(0.,0.,1.));
#8800 = DIRECTION('',(-1.,1.224646799147E-16,0.));
#8801 = PLANE('',#8802);
#8802 = AXIS2_PLACEMENT_3D('',#8803,#8804,#8805);
#8803 = CARTESIAN_POINT('',(1.75,1.29885370033E-16,0.2));
#8804 = DIRECTION('',(-5.240625699013E-34,8.554528276292E-35,1.));
#8805 = DIRECTION('',(1.,-2.449293598295E-16,5.240625699013E-34));
#8806 = ADVANCED_FACE('',(#8807),#8826,.F.);
#8807 = FACE_BOUND('',#8808,.F.);
#8808 = EDGE_LOOP('',(#8809,#8810,#8818,#8825));
#8809 = ORIENTED_EDGE('',*,*,#8779,.F.);
#8810 = ORIENTED_EDGE('',*,*,#8811,.T.);
#8811 = EDGE_CURVE('',#8780,#8812,#8814,.T.);
#8812 = VERTEX_POINT('',#8813);
#8813 = CARTESIAN_POINT('',(4.55,-6.858022075225E-16,0.));
#8814 = LINE('',#8815,#8816);
#8815 = CARTESIAN_POINT('',(4.55,-6.858022075225E-16,0.3));
#8816 = VECTOR('',#8817,1.);
#8817 = DIRECTION('',(0.,0.,-1.));
#8818 = ORIENTED_EDGE('',*,*,#8819,.F.);
#8819 = EDGE_CURVE('',#8812,#8812,#8820,.T.);
#8820 = CIRCLE('',#8821,2.8);
#8821 = AXIS2_PLACEMENT_3D('',#8822,#8823,#8824);
#8822 = CARTESIAN_POINT('',(1.75,0.,0.));
#8823 = DIRECTION('',(0.,-0.,-1.));
#8824 = DIRECTION('',(1.,-2.449293598295E-16,0.));
#8825 = ORIENTED_EDGE('',*,*,#8811,.F.);
#8826 = CYLINDRICAL_SURFACE('',#8827,2.8);
#8827 = AXIS2_PLACEMENT_3D('',#8828,#8829,#8830);
#8828 = CARTESIAN_POINT('',(1.75,0.,0.3));
#8829 = DIRECTION('',(0.,0.,-1.));
#8830 = DIRECTION('',(1.,-2.449293598295E-16,0.));
#8831 = ADVANCED_FACE('',(#8832),#8851,.T.);
#8832 = FACE_BOUND('',#8833,.T.);
#8833 = EDGE_LOOP('',(#8834,#8835,#8843,#8850));
#8834 = ORIENTED_EDGE('',*,*,#8793,.F.);
#8835 = ORIENTED_EDGE('',*,*,#8836,.T.);
#8836 = EDGE_CURVE('',#8794,#8837,#8839,.T.);
#8837 = VERTEX_POINT('',#8838);
#8838 = CARTESIAN_POINT('',(-0.3,2.510525938252E-16,-2.));
#8839 = LINE('',#8840,#8841);
#8840 = CARTESIAN_POINT('',(-0.3,2.510525938252E-16,0.3));
#8841 = VECTOR('',#8842,1.);
#8842 = DIRECTION('',(0.,0.,-1.));
#8843 = ORIENTED_EDGE('',*,*,#8844,.T.);
#8844 = EDGE_CURVE('',#8837,#8837,#8845,.T.);
#8845 = CIRCLE('',#8846,0.3);
#8846 = AXIS2_PLACEMENT_3D('',#8847,#8848,#8849);
#8847 = CARTESIAN_POINT('',(0.,2.143131898508E-16,-2.));
#8848 = DIRECTION('',(0.,0.,1.));
#8849 = DIRECTION('',(-1.,1.224646799147E-16,0.));
#8850 = ORIENTED_EDGE('',*,*,#8836,.F.);
#8851 = CYLINDRICAL_SURFACE('',#8852,0.3);
#8852 = AXIS2_PLACEMENT_3D('',#8853,#8854,#8855);
#8853 = CARTESIAN_POINT('',(0.,2.143131898508E-16,0.3));
#8854 = DIRECTION('',(0.,0.,1.));
#8855 = DIRECTION('',(-1.,1.224646799147E-16,0.));
#8856 = ADVANCED_FACE('',(#8857,#8860),#8871,.T.);
#8857 = FACE_BOUND('',#8858,.F.);
#8858 = EDGE_LOOP('',(#8859));
#8859 = ORIENTED_EDGE('',*,*,#8819,.T.);
#8860 = FACE_BOUND('',#8861,.F.);
#8861 = EDGE_LOOP('',(#8862));
#8862 = ORIENTED_EDGE('',*,*,#8863,.F.);
#8863 = EDGE_CURVE('',#8864,#8864,#8866,.T.);
#8864 = VERTEX_POINT('',#8865);
#8865 = CARTESIAN_POINT('',(5.55,-9.30731567352E-16,1.387778780781E-17)
  );
#8866 = CIRCLE('',#8867,3.8);
#8867 = AXIS2_PLACEMENT_3D('',#8868,#8869,#8870);
#8868 = CARTESIAN_POINT('',(1.75,0.,1.387778780781E-17));
#8869 = DIRECTION('',(0.,-0.,-1.));
#8870 = DIRECTION('',(1.,-2.449293598295E-16,0.));
#8871 = PLANE('',#8872);
#8872 = AXIS2_PLACEMENT_3D('',#8873,#8874,#8875);
#8873 = CARTESIAN_POINT('',(1.75,0.,0.));
#8874 = DIRECTION('',(0.,0.,-1.));
#8875 = DIRECTION('',(1.,-2.449293598295E-16,0.));
#8876 = ADVANCED_FACE('',(#8877),#8880,.F.);
#8877 = FACE_BOUND('',#8878,.F.);
#8878 = EDGE_LOOP('',(#8879));
#8879 = ORIENTED_EDGE('',*,*,#8844,.T.);
#8880 = PLANE('',#8881);
#8881 = AXIS2_PLACEMENT_3D('',#8882,#8883,#8884);
#8882 = CARTESIAN_POINT('',(-2.22044604925E-16,2.087544477832E-16,-2.));
#8883 = DIRECTION('',(1.826066910234E-31,-3.287982278012E-33,1.));
#8884 = DIRECTION('',(-1.,1.224646799147E-16,1.826066910234E-31));
#8885 = ADVANCED_FACE('',(#8886),#8906,.F.);
#8886 = FACE_BOUND('',#8887,.F.);
#8887 = EDGE_LOOP('',(#8888,#8889,#8898,#8905));
#8888 = ORIENTED_EDGE('',*,*,#8863,.T.);
#8889 = ORIENTED_EDGE('',*,*,#8890,.T.);
#8890 = EDGE_CURVE('',#8864,#8891,#8893,.T.);
#8891 = VERTEX_POINT('',#8892);
#8892 = CARTESIAN_POINT('',(5.75,-9.797174393179E-16,0.2));
#8893 = CIRCLE('',#8894,0.2);
#8894 = AXIS2_PLACEMENT_3D('',#8895,#8896,#8897);
#8895 = CARTESIAN_POINT('',(5.55,-9.30731567352E-16,0.2));
#8896 = DIRECTION('',(-2.449293598295E-16,-1.,-0.));
#8897 = DIRECTION('',(0.,0.,-1.));
#8898 = ORIENTED_EDGE('',*,*,#8899,.F.);
#8899 = EDGE_CURVE('',#8891,#8891,#8900,.T.);
#8900 = CIRCLE('',#8901,4.);
#8901 = AXIS2_PLACEMENT_3D('',#8902,#8903,#8904);
#8902 = CARTESIAN_POINT('',(1.75,0.,0.2));
#8903 = DIRECTION('',(0.,-0.,-1.));
#8904 = DIRECTION('',(1.,-2.449293598295E-16,0.));
#8905 = ORIENTED_EDGE('',*,*,#8890,.F.);
#8906 = SURFACE_OF_REVOLUTION('',#8907,#8912);
#8907 = CIRCLE('',#8908,0.2);
#8908 = AXIS2_PLACEMENT_3D('',#8909,#8910,#8911);
#8909 = CARTESIAN_POINT('',(5.55,-9.30731567352E-16,0.2));
#8910 = DIRECTION('',(-2.449293598295E-16,-1.,-0.));
#8911 = DIRECTION('',(0.,0.,-1.));
#8912 = AXIS1_PLACEMENT('',#8913,#8914);
#8913 = CARTESIAN_POINT('',(1.75,0.,0.));
#8914 = DIRECTION('',(0.,0.,-1.));
#8915 = ADVANCED_FACE('',(#8916),#8945,.T.);
#8916 = FACE_BOUND('',#8917,.T.);
#8917 = EDGE_LOOP('',(#8918,#8937,#8943,#8944));
#8918 = ORIENTED_EDGE('',*,*,#8919,.T.);
#8919 = EDGE_CURVE('',#8920,#8920,#8922,.T.);
#8920 = VERTEX_POINT('',#8921);
#8921 = CARTESIAN_POINT('',(5.75,-9.797174393179E-16,1.064979142851));
#8922 = ( BOUNDED_CURVE() B_SPLINE_CURVE(13,(#8923,#8924,#8925,#8926,
    #8927,#8928,#8929,#8930,#8931,#8932,#8933,#8934,#8935,#8936),
.UNSPECIFIED.,.T.,.F.) B_SPLINE_CURVE_WITH_KNOTS((1,13,13,1),(
    -25.13274122871,4.970488814277E-16,25.132741228718,50.265482457436),
.UNSPECIFIED.) CURVE() GEOMETRIC_REPRESENTATION_ITEM() 
RATIONAL_B_SPLINE_CURVE((1.,1.,1.000000000001,0.999999999997,
    1.000000000006,0.999999999991,1.000000000009,0.999999999992,
    1.000000000006,0.999999999996,1.000000000002,0.999999999999,1.,1.)) 
REPRESENTATION_ITEM('') );
#8923 = CARTESIAN_POINT('',(5.75,-9.797174393179E-16,1.064979142851));
#8924 = CARTESIAN_POINT('',(5.750000000002,-1.905321418822,
    1.064979142851));
#8925 = CARTESIAN_POINT('',(4.765267027676,-3.854580985394,
    1.064979142851));
#8926 = CARTESIAN_POINT('',(2.738824457313,-5.24838451341,1.064979142851
    ));
#8927 = CARTESIAN_POINT('',(-4.981773663115E-02,-5.462446172586,
    1.064979142851));
#8928 = CARTESIAN_POINT('',(-2.458872671017,-3.976872241645,
    1.064979142851));
#8929 = CARTESIAN_POINT('',(-4.225661405991,-1.808266193146,
    1.064979142851));
#8930 = CARTESIAN_POINT('',(-4.225661406053,1.808266193176,
    1.064979142852));
#8931 = CARTESIAN_POINT('',(-2.458872670992,3.976872241592,
    1.064979142851));
#8932 = CARTESIAN_POINT('',(-4.981773662439E-02,5.462446172634,
    1.064979142851));
#8933 = CARTESIAN_POINT('',(2.738824457296,5.248384513388,1.064979142851
    ));
#8934 = CARTESIAN_POINT('',(4.765267027686,3.854580985399,1.064979142851
    ));
#8935 = CARTESIAN_POINT('',(5.749999999999,1.905321418822,1.064979142851
    ));
#8936 = CARTESIAN_POINT('',(5.75,-9.797174393179E-16,1.064979142851));
#8937 = ORIENTED_EDGE('',*,*,#8938,.F.);
#8938 = EDGE_CURVE('',#8891,#8920,#8939,.T.);
#8939 = LINE('',#8940,#8941);
#8940 = CARTESIAN_POINT('',(5.75,-9.797174393179E-16,0.2));
#8941 = VECTOR('',#8942,1.);
#8942 = DIRECTION('',(0.,0.,1.));
#8943 = ORIENTED_EDGE('',*,*,#8899,.F.);
#8944 = ORIENTED_EDGE('',*,*,#8938,.T.);
#8945 = CYLINDRICAL_SURFACE('',#8946,4.);
#8946 = AXIS2_PLACEMENT_3D('',#8947,#8948,#8949);
#8947 = CARTESIAN_POINT('',(1.75,0.,0.2));
#8948 = DIRECTION('',(0.,0.,1.));
#8949 = DIRECTION('',(1.,-2.449293598295E-16,0.));
#8950 = ADVANCED_FACE('',(#8951),#8980,.T.);
#8951 = FACE_BOUND('',#8952,.T.);
#8952 = EDGE_LOOP('',(#8953,#8961,#8978,#8979));
#8953 = ORIENTED_EDGE('',*,*,#8954,.T.);
#8954 = EDGE_CURVE('',#8920,#8955,#8957,.T.);
#8955 = VERTEX_POINT('',#8956);
#8956 = CARTESIAN_POINT('',(5.669629897377,-9.600324415329E-16,
    1.269338405373));
#8957 = ( BOUNDED_CURVE() B_SPLINE_CURVE(2,(#8958,#8959,#8960),
.UNSPECIFIED.,.F.,.F.) B_SPLINE_CURVE_WITH_KNOTS((3,3),(0.,
25.132741228718),.PIECEWISE_BEZIER_KNOTS.) CURVE() 
GEOMETRIC_REPRESENTATION_ITEM() RATIONAL_B_SPLINE_CURVE((1.,
0.93061798229,1.)) REPRESENTATION_ITEM('') );
#8958 = CARTESIAN_POINT('',(5.75,-9.797174393179E-16,1.064979142851));
#8959 = CARTESIAN_POINT('',(5.75,-2.016939603423E-16,1.182962690499));
#8960 = CARTESIAN_POINT('',(5.669629897377,-9.600324415329E-16,
    1.269338405373));
#8961 = ORIENTED_EDGE('',*,*,#8962,.T.);
#8962 = EDGE_CURVE('',#8955,#8955,#8963,.T.);
#8963 = ( BOUNDED_CURVE() B_SPLINE_CURVE(13,(#8964,#8965,#8966,#8967,
    #8968,#8969,#8970,#8971,#8972,#8973,#8974,#8975,#8976,#8977),
.UNSPECIFIED.,.T.,.F.) B_SPLINE_CURVE_WITH_KNOTS((1,13,13,1),(
    -25.13274122871,4.970488814277E-16,25.132741228718,50.265482457436),
.UNSPECIFIED.) CURVE() GEOMETRIC_REPRESENTATION_ITEM() 
RATIONAL_B_SPLINE_CURVE((1.,1.,1.000000000001,0.999999999997,
    1.000000000006,0.999999999991,1.000000000009,0.999999999992,
    1.000000000006,0.999999999996,1.000000000002,0.999999999999,1.,1.)) 
REPRESENTATION_ITEM('') );
#8964 = CARTESIAN_POINT('',(5.669629897377,-9.600324415329E-16,
    1.269338405373));
#8965 = CARTESIAN_POINT('',(5.669629897379,-1.867038699332,
    1.269338405373));
#8966 = CARTESIAN_POINT('',(4.704682697562,-3.777132718053,
    1.269338405373));
#8967 = CARTESIAN_POINT('',(2.718956476537,-5.14293121292,1.269338405373
    ));
#8968 = CARTESIAN_POINT('',(-1.365485258409E-02,-5.352691832725,
    1.269338405373));
#8969 = CARTESIAN_POINT('',(-2.374305788889,-3.896966834092,
    1.269338405373));
#8970 = CARTESIAN_POINT('',(-4.105595275884,-1.771933558277,
    1.269338405373));
#8971 = CARTESIAN_POINT('',(-4.105595275938,1.771933558307,
    1.269338405373));
#8972 = CARTESIAN_POINT('',(-2.374305788871,3.896966834039,
    1.269338405373));
#8973 = CARTESIAN_POINT('',(-1.365485257408E-02,5.352691832772,
    1.269338405373));
#8974 = CARTESIAN_POINT('',(2.718956476518,5.142931212898,1.269338405373
    ));
#8975 = CARTESIAN_POINT('',(4.704682697573,3.777132718059,1.269338405373
    ));
#8976 = CARTESIAN_POINT('',(5.669629897376,1.867038699331,1.269338405373
    ));
#8977 = CARTESIAN_POINT('',(5.669629897377,-9.600324415329E-16,
    1.269338405373));
#8978 = ORIENTED_EDGE('',*,*,#8954,.F.);
#8979 = ORIENTED_EDGE('',*,*,#8919,.F.);
#8980 = ( BOUNDED_SURFACE() B_SPLINE_SURFACE(2,13,(
    (#8981,#8982,#8983,#8984,#8985,#8986,#8987,#8988,#8989,#8990,#8991
      ,#8992,#8993,#8994)
    ,(#8995,#8996,#8997,#8998,#8999,#9000,#9001,#9002,#9003,#9004,#9005
      ,#9006,#9007,#9008)
    ,(#9009,#9010,#9011,#9012,#9013,#9014,#9015,#9016,#9017,#9018,#9019
      ,#9020,#9021,#9022
)),.UNSPECIFIED.,.F.,.T.,.F.) B_SPLINE_SURFACE_WITH_KNOTS((3,3),(1,13,13
    ,1),(0.,25.132741228718),(-25.13274122871,4.970488814277E-16,
    25.132741228718,50.265482457436),.UNSPECIFIED.) 
GEOMETRIC_REPRESENTATION_ITEM() RATIONAL_B_SPLINE_SURFACE((
    (1.,1.,1.000000000001,0.999999999997,1.000000000006,0.999999999991
      ,1.000000000009,0.999999999992,1.000000000006,0.999999999996
      ,1.000000000002,0.999999999999,1.,1.)
    ,(0.93061798229,0.930617982289,0.930617982291,0.930617982287
      ,0.930617982294,0.930617982284,0.930617982296,0.930617982285
      ,0.930617982293,0.930617982288,0.93061798229,0.930617982289
      ,0.93061798229,0.93061798229)
    ,(1.,1.,1.000000000001,0.999999999997,1.000000000006,0.999999999991
      ,1.000000000009,0.999999999992,1.000000000006,0.999999999996
,1.000000000002,0.999999999999,1.,1.
  ))) REPRESENTATION_ITEM('') SURFACE() );
#8981 = CARTESIAN_POINT('',(5.75,-9.797174393179E-16,1.064979142851));
#8982 = CARTESIAN_POINT('',(5.750000000002,-1.905321418822,
    1.064979142851));
#8983 = CARTESIAN_POINT('',(4.765267027676,-3.854580985394,
    1.064979142851));
#8984 = CARTESIAN_POINT('',(2.738824457313,-5.24838451341,1.064979142851
    ));
#8985 = CARTESIAN_POINT('',(-4.981773663115E-02,-5.462446172586,
    1.064979142851));
#8986 = CARTESIAN_POINT('',(-2.458872671017,-3.976872241645,
    1.064979142851));
#8987 = CARTESIAN_POINT('',(-4.225661405991,-1.808266193146,
    1.064979142851));
#8988 = CARTESIAN_POINT('',(-4.225661406053,1.808266193176,
    1.064979142852));
#8989 = CARTESIAN_POINT('',(-2.458872670992,3.976872241592,
    1.064979142851));
#8990 = CARTESIAN_POINT('',(-4.981773662439E-02,5.462446172634,
    1.064979142851));
#8991 = CARTESIAN_POINT('',(2.738824457296,5.248384513388,1.064979142851
    ));
#8992 = CARTESIAN_POINT('',(4.765267027686,3.854580985399,1.064979142851
    ));
#8993 = CARTESIAN_POINT('',(5.749999999999,1.905321418822,1.064979142851
    ));
#8994 = CARTESIAN_POINT('',(5.75,-9.797174393179E-16,1.064979142851));
#8995 = CARTESIAN_POINT('',(5.75,-2.016939603423E-16,1.182962690499));
#8996 = CARTESIAN_POINT('',(5.750000000002,-1.905321418822,
    1.182962690499));
#8997 = CARTESIAN_POINT('',(4.765267027677,-3.854580985394,
    1.182962690499));
#8998 = CARTESIAN_POINT('',(2.738824457312,-5.248384513409,
    1.182962690499));
#8999 = CARTESIAN_POINT('',(-4.981773663261E-02,-5.462446172588,
    1.182962690499));
#9000 = CARTESIAN_POINT('',(-2.458872671009,-3.976872241645,
    1.182962690499));
#9001 = CARTESIAN_POINT('',(-4.225661406006,-1.80826619314,
    1.182962690499));
#9002 = CARTESIAN_POINT('',(-4.225661406039,1.808266193159,
    1.182962690499));
#9003 = CARTESIAN_POINT('',(-2.458872670999,3.976872241611,
    1.182962690499));
#9004 = CARTESIAN_POINT('',(-4.981773662393E-02,5.462446172619,
    1.182962690499));
#9005 = CARTESIAN_POINT('',(2.738824457298,5.248384513395,1.182962690499
    ));
#9006 = CARTESIAN_POINT('',(4.765267027684,3.854580985397,1.182962690499
    ));
#9007 = CARTESIAN_POINT('',(5.75,1.905321418822,1.182962690499));
#9008 = CARTESIAN_POINT('',(5.75,-2.016939603423E-16,1.182962690499));
#9009 = CARTESIAN_POINT('',(5.669629897377,-9.600324415329E-16,
    1.269338405373));
#9010 = CARTESIAN_POINT('',(5.669629897379,-1.867038699332,
    1.269338405373));
#9011 = CARTESIAN_POINT('',(4.704682697562,-3.777132718053,
    1.269338405373));
#9012 = CARTESIAN_POINT('',(2.718956476537,-5.14293121292,1.269338405373
    ));
#9013 = CARTESIAN_POINT('',(-1.365485258409E-02,-5.352691832725,
    1.269338405373));
#9014 = CARTESIAN_POINT('',(-2.374305788889,-3.896966834092,
    1.269338405373));
#9015 = CARTESIAN_POINT('',(-4.105595275884,-1.771933558277,
    1.269338405373));
#9016 = CARTESIAN_POINT('',(-4.105595275938,1.771933558307,
    1.269338405373));
#9017 = CARTESIAN_POINT('',(-2.374305788871,3.896966834039,
    1.269338405373));
#9018 = CARTESIAN_POINT('',(-1.365485257408E-02,5.352691832772,
    1.269338405373));
#9019 = CARTESIAN_POINT('',(2.718956476518,5.142931212898,1.269338405373
    ));
#9020 = CARTESIAN_POINT('',(4.704682697573,3.777132718059,1.269338405373
    ));
#9021 = CARTESIAN_POINT('',(5.669629897376,1.867038699331,1.269338405373
    ));
#9022 = CARTESIAN_POINT('',(5.669629897377,-9.600324415329E-16,
    1.269338405373));
#9023 = ADVANCED_FACE('',(#9024),#9054,.F.);
#9024 = FACE_BOUND('',#9025,.F.);
#9025 = EDGE_LOOP('',(#9026,#9035,#9036,#9037));
#9026 = ORIENTED_EDGE('',*,*,#9027,.F.);
#9027 = EDGE_CURVE('',#8955,#9028,#9030,.T.);
#9028 = VERTEX_POINT('',#9029);
#9029 = CARTESIAN_POINT('',(5.669629897377,-9.600324415329E-16,
    1.930661594627));
#9030 = CIRCLE('',#9031,0.485412195974);
#9031 = AXIS2_PLACEMENT_3D('',#9032,#9033,#9034);
#9032 = CARTESIAN_POINT('',(6.025,-1.047073013271E-15,1.6));
#9033 = DIRECTION('',(2.449293598295E-16,1.,0.));
#9034 = DIRECTION('',(-0.566528822887,1.387595419147E-16,-0.824041924199
    ));
#9035 = ORIENTED_EDGE('',*,*,#8962,.T.);
#9036 = ORIENTED_EDGE('',*,*,#9027,.T.);
#9037 = ORIENTED_EDGE('',*,*,#9038,.F.);
#9038 = EDGE_CURVE('',#9028,#9028,#9039,.T.);
#9039 = ( BOUNDED_CURVE() B_SPLINE_CURVE(13,(#9040,#9041,#9042,#9043,
    #9044,#9045,#9046,#9047,#9048,#9049,#9050,#9051,#9052,#9053),
.UNSPECIFIED.,.T.,.F.) B_SPLINE_CURVE_WITH_KNOTS((1,13,13,1),(
    -25.13274122871,4.970488814277E-16,25.132741228718,50.265482457436),
.UNSPECIFIED.) CURVE() GEOMETRIC_REPRESENTATION_ITEM() 
RATIONAL_B_SPLINE_CURVE((1.,1.,1.000000000001,0.999999999997,
    1.000000000006,0.999999999991,1.000000000009,0.999999999992,
    1.000000000006,0.999999999996,1.000000000002,0.999999999999,1.,1.)) 
REPRESENTATION_ITEM('') );
#9040 = CARTESIAN_POINT('',(5.669629897377,-9.600324415329E-16,
    1.930661594627));
#9041 = CARTESIAN_POINT('',(5.669629897378,-1.867038699332,
    1.930661594627));
#9042 = CARTESIAN_POINT('',(4.704682697563,-3.777132718053,
    1.930661594627));
#9043 = CARTESIAN_POINT('',(2.718956476535,-5.14293121292,1.930661594627
    ));
#9044 = CARTESIAN_POINT('',(-1.365485257932E-02,-5.352691832726,
    1.930661594627));
#9045 = CARTESIAN_POINT('',(-2.374305788897,-3.89696683409,
    1.930661594627));
#9046 = CARTESIAN_POINT('',(-4.105595275874,-1.771933558281,
    1.930661594628));
#9047 = CARTESIAN_POINT('',(-4.105595275948,1.771933558311,
    1.930661594627));
#9048 = CARTESIAN_POINT('',(-2.374305788862,3.896966834035,
    1.930661594628));
#9049 = CARTESIAN_POINT('',(-1.365485257982E-02,5.352691832775,
    1.930661594627));
#9050 = CARTESIAN_POINT('',(2.718956476521,5.142931212896,1.930661594627
    ));
#9051 = CARTESIAN_POINT('',(4.704682697572,3.777132718059,1.930661594627
    ));
#9052 = CARTESIAN_POINT('',(5.669629897376,1.867038699331,1.930661594627
    ));
#9053 = CARTESIAN_POINT('',(5.669629897377,-9.600324415329E-16,
    1.930661594627));
#9054 = SURFACE_OF_REVOLUTION('',#9055,#9060);
#9055 = CIRCLE('',#9056,0.485412195974);
#9056 = AXIS2_PLACEMENT_3D('',#9057,#9058,#9059);
#9057 = CARTESIAN_POINT('',(6.025,-1.047073013271E-15,1.6));
#9058 = DIRECTION('',(2.449293598295E-16,1.,0.));
#9059 = DIRECTION('',(-0.566528822887,1.387595419147E-16,-0.824041924199
    ));
#9060 = AXIS1_PLACEMENT('',#9061,#9062);
#9061 = CARTESIAN_POINT('',(1.75,0.,0.));
#9062 = DIRECTION('',(0.,0.,-1.));
#9063 = ADVANCED_FACE('',(#9064),#9093,.T.);
#9064 = FACE_BOUND('',#9065,.T.);
#9065 = EDGE_LOOP('',(#9066,#9074,#9091,#9092));
#9066 = ORIENTED_EDGE('',*,*,#9067,.T.);
#9067 = EDGE_CURVE('',#9028,#9068,#9070,.T.);
#9068 = VERTEX_POINT('',#9069);
#9069 = CARTESIAN_POINT('',(5.75,-9.797174393179E-16,2.135020857149));
#9070 = ( BOUNDED_CURVE() B_SPLINE_CURVE(2,(#9071,#9072,#9073),
.UNSPECIFIED.,.F.,.F.) B_SPLINE_CURVE_WITH_KNOTS((3,3),(0.,
25.132741228718),.PIECEWISE_BEZIER_KNOTS.) CURVE() 
GEOMETRIC_REPRESENTATION_ITEM() RATIONAL_B_SPLINE_CURVE((1.,
0.93061798229,1.)) REPRESENTATION_ITEM('') );
#9071 = CARTESIAN_POINT('',(5.669629897377,-9.600324415329E-16,
    1.930661594627));
#9072 = CARTESIAN_POINT('',(5.75,-6.043375265694E-15,2.017037309501));
#9073 = CARTESIAN_POINT('',(5.75,-9.797174393179E-16,2.135020857149));
#9074 = ORIENTED_EDGE('',*,*,#9075,.T.);
#9075 = EDGE_CURVE('',#9068,#9068,#9076,.T.);
#9076 = ( BOUNDED_CURVE() B_SPLINE_CURVE(13,(#9077,#9078,#9079,#9080,
    #9081,#9082,#9083,#9084,#9085,#9086,#9087,#9088,#9089,#9090),
.UNSPECIFIED.,.T.,.F.) B_SPLINE_CURVE_WITH_KNOTS((1,13,13,1),(
    -25.13274122871,4.970488814277E-16,25.132741228718,50.265482457436),
.UNSPECIFIED.) CURVE() GEOMETRIC_REPRESENTATION_ITEM() 
RATIONAL_B_SPLINE_CURVE((1.,1.,1.000000000001,0.999999999997,
    1.000000000006,0.999999999991,1.000000000009,0.999999999992,
    1.000000000006,0.999999999996,1.000000000002,0.999999999999,1.,1.)) 
REPRESENTATION_ITEM('') );
#9077 = CARTESIAN_POINT('',(5.75,-9.797174393179E-16,2.135020857149));
#9078 = CARTESIAN_POINT('',(5.750000000001,-1.905321418822,
    2.135020857149));
#9079 = CARTESIAN_POINT('',(4.765267027678,-3.854580985394,
    2.135020857149));
#9080 = CARTESIAN_POINT('',(2.738824457307,-5.24838451341,2.135020857149
    ));
#9081 = CARTESIAN_POINT('',(-4.981773661866E-02,-5.462446172587,
    2.135020857149));
#9082 = CARTESIAN_POINT('',(-2.458872671036,-3.976872241645,
    2.135020857148));
#9083 = CARTESIAN_POINT('',(-4.225661405967,-1.808266193146,
    2.135020857149));
#9084 = CARTESIAN_POINT('',(-4.225661406077,1.808266193175,
    2.135020857148));
#9085 = CARTESIAN_POINT('',(-2.458872670973,3.976872241593,
    2.135020857149));
#9086 = CARTESIAN_POINT('',(-4.981773663662E-02,5.462446172633,
    2.135020857148));
#9087 = CARTESIAN_POINT('',(2.738824457302,5.248384513388,2.135020857149
    ));
#9088 = CARTESIAN_POINT('',(4.765267027683,3.854580985399,2.135020857149
    ));
#9089 = CARTESIAN_POINT('',(5.75,1.905321418822,2.135020857149));
#9090 = CARTESIAN_POINT('',(5.75,-9.797174393179E-16,2.135020857149));
#9091 = ORIENTED_EDGE('',*,*,#9067,.F.);
#9092 = ORIENTED_EDGE('',*,*,#9038,.F.);
#9093 = ( BOUNDED_SURFACE() B_SPLINE_SURFACE(2,13,(
    (#9094,#9095,#9096,#9097,#9098,#9099,#9100,#9101,#9102,#9103,#9104
      ,#9105,#9106,#9107)
    ,(#9108,#9109,#9110,#9111,#9112,#9113,#9114,#9115,#9116,#9117,#9118
      ,#9119,#9120,#9121)
    ,(#9122,#9123,#9124,#9125,#9126,#9127,#9128,#9129,#9130,#9131,#9132
      ,#9133,#9134,#9135
)),.UNSPECIFIED.,.F.,.T.,.F.) B_SPLINE_SURFACE_WITH_KNOTS((3,3),(1,13,13
    ,1),(0.,25.132741228718),(-25.13274122871,4.970488814277E-16,
    25.132741228718,50.265482457436),.UNSPECIFIED.) 
GEOMETRIC_REPRESENTATION_ITEM() RATIONAL_B_SPLINE_SURFACE((
    (1.,1.,1.000000000001,0.999999999997,1.000000000006,0.999999999991
      ,1.000000000009,0.999999999992,1.000000000006,0.999999999996
      ,1.000000000002,0.999999999999,1.,1.)
    ,(0.93061798229,0.930617982289,0.930617982291,0.930617982286
      ,0.930617982296,0.930617982281,0.930617982299,0.930617982281
      ,0.930617982296,0.930617982286,0.930617982291,0.930617982289
      ,0.93061798229,0.93061798229)
    ,(1.,1.,1.000000000001,0.999999999997,1.000000000006,0.999999999991
      ,1.000000000009,0.999999999992,1.000000000006,0.999999999996
,1.000000000002,0.999999999999,1.,1.
  ))) REPRESENTATION_ITEM('') SURFACE() );
#9094 = CARTESIAN_POINT('',(5.669629897377,-9.600324415329E-16,
    1.930661594627));
#9095 = CARTESIAN_POINT('',(5.669629897378,-1.867038699332,
    1.930661594627));
#9096 = CARTESIAN_POINT('',(4.704682697563,-3.777132718053,
    1.930661594627));
#9097 = CARTESIAN_POINT('',(2.718956476535,-5.14293121292,1.930661594627
    ));
#9098 = CARTESIAN_POINT('',(-1.365485257932E-02,-5.352691832726,
    1.930661594627));
#9099 = CARTESIAN_POINT('',(-2.374305788897,-3.89696683409,
    1.930661594627));
#9100 = CARTESIAN_POINT('',(-4.105595275874,-1.771933558281,
    1.930661594628));
#9101 = CARTESIAN_POINT('',(-4.105595275948,1.771933558311,
    1.930661594627));
#9102 = CARTESIAN_POINT('',(-2.374305788862,3.896966834035,
    1.930661594628));
#9103 = CARTESIAN_POINT('',(-1.365485257982E-02,5.352691832775,
    1.930661594627));
#9104 = CARTESIAN_POINT('',(2.718956476521,5.142931212896,1.930661594627
    ));
#9105 = CARTESIAN_POINT('',(4.704682697572,3.777132718059,1.930661594627
    ));
#9106 = CARTESIAN_POINT('',(5.669629897376,1.867038699331,1.930661594627
    ));
#9107 = CARTESIAN_POINT('',(5.669629897377,-9.600324415329E-16,
    1.930661594627));
#9108 = CARTESIAN_POINT('',(5.75,-6.043375265694E-15,2.017037309501));
#9109 = CARTESIAN_POINT('',(5.750000000002,-1.905321418822,
    2.017037309501));
#9110 = CARTESIAN_POINT('',(4.765267027676,-3.854580985393,
    2.017037309501));
#9111 = CARTESIAN_POINT('',(2.738824457312,-5.248384513414,
    2.017037309501));
#9112 = CARTESIAN_POINT('',(-4.981773662696E-02,-5.46244617258,
    2.017037309501));
#9113 = CARTESIAN_POINT('',(-2.458872671025,-3.976872241653,
    2.017037309501));
#9114 = CARTESIAN_POINT('',(-4.225661405981,-1.808266193138,
    2.017037309501));
#9115 = CARTESIAN_POINT('',(-4.225661406063,1.80826619317,2.017037309501
    ));
#9116 = CARTESIAN_POINT('',(-2.458872670985,3.976872241597,
    2.017037309501));
#9117 = CARTESIAN_POINT('',(-4.981773662841E-02,5.46244617263,
    2.017037309501));
#9118 = CARTESIAN_POINT('',(2.738824457298,5.24838451339,2.017037309501)
  );
#9119 = CARTESIAN_POINT('',(4.765267027685,3.854580985399,2.017037309501
    ));
#9120 = CARTESIAN_POINT('',(5.749999999999,1.905321418822,2.017037309501
    ));
#9121 = CARTESIAN_POINT('',(5.75,-6.043375265694E-15,2.017037309501));
#9122 = CARTESIAN_POINT('',(5.75,-9.797174393179E-16,2.135020857149));
#9123 = CARTESIAN_POINT('',(5.750000000001,-1.905321418822,
    2.135020857149));
#9124 = CARTESIAN_POINT('',(4.765267027678,-3.854580985394,
    2.135020857149));
#9125 = CARTESIAN_POINT('',(2.738824457307,-5.24838451341,2.135020857149
    ));
#9126 = CARTESIAN_POINT('',(-4.981773661866E-02,-5.462446172587,
    2.135020857149));
#9127 = CARTESIAN_POINT('',(-2.458872671036,-3.976872241645,
    2.135020857148));
#9128 = CARTESIAN_POINT('',(-4.225661405967,-1.808266193146,
    2.135020857149));
#9129 = CARTESIAN_POINT('',(-4.225661406077,1.808266193175,
    2.135020857148));
#9130 = CARTESIAN_POINT('',(-2.458872670973,3.976872241593,
    2.135020857149));
#9131 = CARTESIAN_POINT('',(-4.981773663662E-02,5.462446172633,
    2.135020857148));
#9132 = CARTESIAN_POINT('',(2.738824457302,5.248384513388,2.135020857149
    ));
#9133 = CARTESIAN_POINT('',(4.765267027683,3.854580985399,2.135020857149
    ));
#9134 = CARTESIAN_POINT('',(5.75,1.905321418822,2.135020857149));
#9135 = CARTESIAN_POINT('',(5.75,-9.797174393179E-16,2.135020857149));
#9136 = ADVANCED_FACE('',(#9137),#9156,.T.);
#9137 = FACE_BOUND('',#9138,.T.);
#9138 = EDGE_LOOP('',(#9139,#9148,#9154,#9155));
#9139 = ORIENTED_EDGE('',*,*,#9140,.T.);
#9140 = EDGE_CURVE('',#9141,#9141,#9143,.T.);
#9141 = VERTEX_POINT('',#9142);
#9142 = CARTESIAN_POINT('',(5.75,-9.797174393179E-16,10.8));
#9143 = CIRCLE('',#9144,4.);
#9144 = AXIS2_PLACEMENT_3D('',#9145,#9146,#9147);
#9145 = CARTESIAN_POINT('',(1.75,0.,10.8));
#9146 = DIRECTION('',(0.,-0.,-1.));
#9147 = DIRECTION('',(1.,-2.449293598295E-16,0.));
#9148 = ORIENTED_EDGE('',*,*,#9149,.F.);
#9149 = EDGE_CURVE('',#9068,#9141,#9150,.T.);
#9150 = LINE('',#9151,#9152);
#9151 = CARTESIAN_POINT('',(5.75,-9.797174393179E-16,2.));
#9152 = VECTOR('',#9153,1.);
#9153 = DIRECTION('',(0.,0.,1.));
#9154 = ORIENTED_EDGE('',*,*,#9075,.F.);
#9155 = ORIENTED_EDGE('',*,*,#9149,.T.);
#9156 = CYLINDRICAL_SURFACE('',#9157,4.);
#9157 = AXIS2_PLACEMENT_3D('',#9158,#9159,#9160);
#9158 = CARTESIAN_POINT('',(1.75,0.,2.));
#9159 = DIRECTION('',(0.,0.,1.));
#9160 = DIRECTION('',(1.,-2.449293598295E-16,0.));
#9161 = ADVANCED_FACE('',(#9162),#9182,.T.);
#9162 = FACE_BOUND('',#9163,.T.);
#9163 = EDGE_LOOP('',(#9164,#9173,#9180,#9181));
#9164 = ORIENTED_EDGE('',*,*,#9165,.T.);
#9165 = EDGE_CURVE('',#9141,#9166,#9168,.T.);
#9166 = VERTEX_POINT('',#9167);
#9167 = CARTESIAN_POINT('',(5.55,-9.30731567352E-16,11.));
#9168 = CIRCLE('',#9169,0.2);
#9169 = AXIS2_PLACEMENT_3D('',#9170,#9171,#9172);
#9170 = CARTESIAN_POINT('',(5.55,-9.30731567352E-16,10.8));
#9171 = DIRECTION('',(-2.449293598295E-16,-1.,0.));
#9172 = DIRECTION('',(1.,-2.449293598295E-16,0.));
#9173 = ORIENTED_EDGE('',*,*,#9174,.T.);
#9174 = EDGE_CURVE('',#9166,#9166,#9175,.T.);
#9175 = CIRCLE('',#9176,3.8);
#9176 = AXIS2_PLACEMENT_3D('',#9177,#9178,#9179);
#9177 = CARTESIAN_POINT('',(1.75,0.,11.));
#9178 = DIRECTION('',(0.,-0.,-1.));
#9179 = DIRECTION('',(1.,-2.449293598295E-16,0.));
#9180 = ORIENTED_EDGE('',*,*,#9165,.F.);
#9181 = ORIENTED_EDGE('',*,*,#9140,.F.);
#9182 = TOROIDAL_SURFACE('',#9183,3.8,0.2);
#9183 = AXIS2_PLACEMENT_3D('',#9184,#9185,#9186);
#9184 = CARTESIAN_POINT('',(1.75,0.,10.8));
#9185 = DIRECTION('',(0.,0.,1.));
#9186 = DIRECTION('',(1.,-2.449293598295E-16,0.));
#9187 = ADVANCED_FACE('',(#9188,#9191),#9202,.F.);
#9188 = FACE_BOUND('',#9189,.F.);
#9189 = EDGE_LOOP('',(#9190));
#9190 = ORIENTED_EDGE('',*,*,#9174,.T.);
#9191 = FACE_BOUND('',#9192,.F.);
#9192 = EDGE_LOOP('',(#9193));
#9193 = ORIENTED_EDGE('',*,*,#9194,.F.);
#9194 = EDGE_CURVE('',#9195,#9195,#9197,.T.);
#9195 = VERTEX_POINT('',#9196);
#9196 = CARTESIAN_POINT('',(4.55,-6.858022075225E-16,11.));
#9197 = CIRCLE('',#9198,2.8);
#9198 = AXIS2_PLACEMENT_3D('',#9199,#9200,#9201);
#9199 = CARTESIAN_POINT('',(1.75,0.,11.));
#9200 = DIRECTION('',(0.,-0.,-1.));
#9201 = DIRECTION('',(1.,-2.449293598295E-16,0.));
#9202 = PLANE('',#9203);
#9203 = AXIS2_PLACEMENT_3D('',#9204,#9205,#9206);
#9204 = CARTESIAN_POINT('',(1.75,0.,11.));
#9205 = DIRECTION('',(0.,0.,-1.));
#9206 = DIRECTION('',(1.,-2.449293598295E-16,0.));
#9207 = ADVANCED_FACE('',(#9208),#9372,.F.);
#9208 = FACE_BOUND('',#9209,.F.);
#9209 = EDGE_LOOP('',(#9210,#9218,#9219,#9220,#9229,#9237,#9246,#9254,
    #9263,#9271,#9280,#9288,#9297,#9306,#9314,#9323,#9331,#9340,#9348,
    #9357,#9365));
#9210 = ORIENTED_EDGE('',*,*,#9211,.F.);
#9211 = EDGE_CURVE('',#9195,#9212,#9214,.T.);
#9212 = VERTEX_POINT('',#9213);
#9213 = CARTESIAN_POINT('',(4.55,4.006921699259E-14,10.8));
#9214 = LINE('',#9215,#9216);
#9215 = CARTESIAN_POINT('',(4.55,-6.858022075225E-16,11.));
#9216 = VECTOR('',#9217,1.);
#9217 = DIRECTION('',(0.,0.,-1.));
#9218 = ORIENTED_EDGE('',*,*,#9194,.T.);
#9219 = ORIENTED_EDGE('',*,*,#9211,.T.);
#9220 = ORIENTED_EDGE('',*,*,#9221,.F.);
#9221 = EDGE_CURVE('',#9222,#9212,#9224,.T.);
#9222 = VERTEX_POINT('',#9223);
#9223 = CARTESIAN_POINT('',(4.549553535834,5.E-02,10.8));
#9224 = CIRCLE('',#9225,2.8);
#9225 = AXIS2_PLACEMENT_3D('',#9226,#9227,#9228);
#9226 = CARTESIAN_POINT('',(1.75,0.,10.8));
#9227 = DIRECTION('',(0.,0.,-1.));
#9228 = DIRECTION('',(-1.,1.224646799147E-16,0.));
#9229 = ORIENTED_EDGE('',*,*,#9230,.F.);
#9230 = EDGE_CURVE('',#9231,#9222,#9233,.T.);
#9231 = VERTEX_POINT('',#9232);
#9232 = CARTESIAN_POINT('',(4.549553535834,4.999999999999E-02,10.9));
#9233 = LINE('',#9234,#9235);
#9234 = CARTESIAN_POINT('',(4.549553535834,5.E-02,10.7));
#9235 = VECTOR('',#9236,1.);
#9236 = DIRECTION('',(0.,0.,-1.));
#9237 = ORIENTED_EDGE('',*,*,#9238,.T.);
#9238 = EDGE_CURVE('',#9231,#9239,#9241,.T.);
#9239 = VERTEX_POINT('',#9240);
#9240 = CARTESIAN_POINT('',(1.8,2.799553535834,10.9));
#9241 = CIRCLE('',#9242,2.8);
#9242 = AXIS2_PLACEMENT_3D('',#9243,#9244,#9245);
#9243 = CARTESIAN_POINT('',(1.75,0.,10.9));
#9244 = DIRECTION('',(0.,0.,1.));
#9245 = DIRECTION('',(-1.,1.224646799147E-16,0.));
#9246 = ORIENTED_EDGE('',*,*,#9247,.T.);
#9247 = EDGE_CURVE('',#9239,#9248,#9250,.T.);
#9248 = VERTEX_POINT('',#9249);
#9249 = CARTESIAN_POINT('',(1.8,2.799553535834,10.8));
#9250 = LINE('',#9251,#9252);
#9251 = CARTESIAN_POINT('',(1.8,2.799553535834,10.7));
#9252 = VECTOR('',#9253,1.);
#9253 = DIRECTION('',(0.,0.,-1.));
#9254 = ORIENTED_EDGE('',*,*,#9255,.F.);
#9255 = EDGE_CURVE('',#9256,#9248,#9258,.T.);
#9256 = VERTEX_POINT('',#9257);
#9257 = CARTESIAN_POINT('',(1.7,2.799553535834,10.8));
#9258 = CIRCLE('',#9259,2.8);
#9259 = AXIS2_PLACEMENT_3D('',#9260,#9261,#9262);
#9260 = CARTESIAN_POINT('',(1.75,0.,10.8));
#9261 = DIRECTION('',(0.,0.,-1.));
#9262 = DIRECTION('',(-1.,1.224646799147E-16,0.));
#9263 = ORIENTED_EDGE('',*,*,#9264,.F.);
#9264 = EDGE_CURVE('',#9265,#9256,#9267,.T.);
#9265 = VERTEX_POINT('',#9266);
#9266 = CARTESIAN_POINT('',(1.7,2.799553535834,10.9));
#9267 = LINE('',#9268,#9269);
#9268 = CARTESIAN_POINT('',(1.7,2.799553535834,10.7));
#9269 = VECTOR('',#9270,1.);
#9270 = DIRECTION('',(0.,0.,-1.));
#9271 = ORIENTED_EDGE('',*,*,#9272,.T.);
#9272 = EDGE_CURVE('',#9265,#9273,#9275,.T.);
#9273 = VERTEX_POINT('',#9274);
#9274 = CARTESIAN_POINT('',(-1.049553535834,5.000000000003E-02,10.9));
#9275 = CIRCLE('',#9276,2.8);
#9276 = AXIS2_PLACEMENT_3D('',#9277,#9278,#9279);
#9277 = CARTESIAN_POINT('',(1.75,0.,10.9));
#9278 = DIRECTION('',(0.,0.,1.));
#9279 = DIRECTION('',(-1.,1.224646799147E-16,0.));
#9280 = ORIENTED_EDGE('',*,*,#9281,.T.);
#9281 = EDGE_CURVE('',#9273,#9282,#9284,.T.);
#9282 = VERTEX_POINT('',#9283);
#9283 = CARTESIAN_POINT('',(-1.049553535834,5.E-02,10.8));
#9284 = LINE('',#9285,#9286);
#9285 = CARTESIAN_POINT('',(-1.049553535834,5.E-02,10.7));
#9286 = VECTOR('',#9287,1.);
#9287 = DIRECTION('',(0.,0.,-1.));
#9288 = ORIENTED_EDGE('',*,*,#9289,.F.);
#9289 = EDGE_CURVE('',#9290,#9282,#9292,.T.);
#9290 = VERTEX_POINT('',#9291);
#9291 = CARTESIAN_POINT('',(-1.05,3.429011037613E-16,10.8));
#9292 = CIRCLE('',#9293,2.8);
#9293 = AXIS2_PLACEMENT_3D('',#9294,#9295,#9296);
#9294 = CARTESIAN_POINT('',(1.75,0.,10.8));
#9295 = DIRECTION('',(0.,0.,-1.));
#9296 = DIRECTION('',(-1.,1.224646799147E-16,0.));
#9297 = ORIENTED_EDGE('',*,*,#9298,.F.);
#9298 = EDGE_CURVE('',#9299,#9290,#9301,.T.);
#9299 = VERTEX_POINT('',#9300);
#9300 = CARTESIAN_POINT('',(-1.049553535834,-5.E-02,10.8));
#9301 = CIRCLE('',#9302,2.8);
#9302 = AXIS2_PLACEMENT_3D('',#9303,#9304,#9305);
#9303 = CARTESIAN_POINT('',(1.75,0.,10.8));
#9304 = DIRECTION('',(0.,0.,-1.));
#9305 = DIRECTION('',(-1.,1.224646799147E-16,0.));
#9306 = ORIENTED_EDGE('',*,*,#9307,.F.);
#9307 = EDGE_CURVE('',#9308,#9299,#9310,.T.);
#9308 = VERTEX_POINT('',#9309);
#9309 = CARTESIAN_POINT('',(-1.049553535834,-5.000000000003E-02,10.9));
#9310 = LINE('',#9311,#9312);
#9311 = CARTESIAN_POINT('',(-1.049553535834,-5.E-02,10.7));
#9312 = VECTOR('',#9313,1.);
#9313 = DIRECTION('',(0.,0.,-1.));
#9314 = ORIENTED_EDGE('',*,*,#9315,.T.);
#9315 = EDGE_CURVE('',#9308,#9316,#9318,.T.);
#9316 = VERTEX_POINT('',#9317);
#9317 = CARTESIAN_POINT('',(1.7,-2.799553535834,10.9));
#9318 = CIRCLE('',#9319,2.8);
#9319 = AXIS2_PLACEMENT_3D('',#9320,#9321,#9322);
#9320 = CARTESIAN_POINT('',(1.75,0.,10.9));
#9321 = DIRECTION('',(0.,0.,1.));
#9322 = DIRECTION('',(-1.,1.224646799147E-16,0.));
#9323 = ORIENTED_EDGE('',*,*,#9324,.T.);
#9324 = EDGE_CURVE('',#9316,#9325,#9327,.T.);
#9325 = VERTEX_POINT('',#9326);
#9326 = CARTESIAN_POINT('',(1.7,-2.799553535834,10.8));
#9327 = LINE('',#9328,#9329);
#9328 = CARTESIAN_POINT('',(1.7,-2.799553535834,10.7));
#9329 = VECTOR('',#9330,1.);
#9330 = DIRECTION('',(0.,0.,-1.));
#9331 = ORIENTED_EDGE('',*,*,#9332,.F.);
#9332 = EDGE_CURVE('',#9333,#9325,#9335,.T.);
#9333 = VERTEX_POINT('',#9334);
#9334 = CARTESIAN_POINT('',(1.8,-2.799553535834,10.8));
#9335 = CIRCLE('',#9336,2.8);
#9336 = AXIS2_PLACEMENT_3D('',#9337,#9338,#9339);
#9337 = CARTESIAN_POINT('',(1.75,0.,10.8));
#9338 = DIRECTION('',(0.,0.,-1.));
#9339 = DIRECTION('',(-1.,1.224646799147E-16,0.));
#9340 = ORIENTED_EDGE('',*,*,#9341,.F.);
#9341 = EDGE_CURVE('',#9342,#9333,#9344,.T.);
#9342 = VERTEX_POINT('',#9343);
#9343 = CARTESIAN_POINT('',(1.8,-2.799553535834,10.9));
#9344 = LINE('',#9345,#9346);
#9345 = CARTESIAN_POINT('',(1.8,-2.799553535834,10.7));
#9346 = VECTOR('',#9347,1.);
#9347 = DIRECTION('',(0.,0.,-1.));
#9348 = ORIENTED_EDGE('',*,*,#9349,.T.);
#9349 = EDGE_CURVE('',#9342,#9350,#9352,.T.);
#9350 = VERTEX_POINT('',#9351);
#9351 = CARTESIAN_POINT('',(4.549553535834,-4.999999999999E-02,10.9));
#9352 = CIRCLE('',#9353,2.8);
#9353 = AXIS2_PLACEMENT_3D('',#9354,#9355,#9356);
#9354 = CARTESIAN_POINT('',(1.75,0.,10.9));
#9355 = DIRECTION('',(0.,0.,1.));
#9356 = DIRECTION('',(-1.,1.224646799147E-16,0.));
#9357 = ORIENTED_EDGE('',*,*,#9358,.T.);
#9358 = EDGE_CURVE('',#9350,#9359,#9361,.T.);
#9359 = VERTEX_POINT('',#9360);
#9360 = CARTESIAN_POINT('',(4.549553535834,-5.E-02,10.8));
#9361 = LINE('',#9362,#9363);
#9362 = CARTESIAN_POINT('',(4.549553535834,-5.E-02,10.7));
#9363 = VECTOR('',#9364,1.);
#9364 = DIRECTION('',(0.,0.,-1.));
#9365 = ORIENTED_EDGE('',*,*,#9366,.F.);
#9366 = EDGE_CURVE('',#9212,#9359,#9367,.T.);
#9367 = CIRCLE('',#9368,2.8);
#9368 = AXIS2_PLACEMENT_3D('',#9369,#9370,#9371);
#9369 = CARTESIAN_POINT('',(1.75,0.,10.8));
#9370 = DIRECTION('',(0.,0.,-1.));
#9371 = DIRECTION('',(-1.,1.224646799147E-16,0.));
#9372 = CYLINDRICAL_SURFACE('',#9373,2.8);
#9373 = AXIS2_PLACEMENT_3D('',#9374,#9375,#9376);
#9374 = CARTESIAN_POINT('',(1.75,0.,11.));
#9375 = DIRECTION('',(0.,0.,-1.));
#9376 = DIRECTION('',(1.,-2.449293598295E-16,0.));
#9377 = ADVANCED_FACE('',(#9378),#9442,.T.);
#9378 = FACE_BOUND('',#9379,.T.);
#9379 = EDGE_LOOP('',(#9380,#9388,#9394,#9395,#9403,#9409,#9410,#9411,
    #9419,#9425,#9426,#9434,#9440,#9441));
#9380 = ORIENTED_EDGE('',*,*,#9381,.T.);
#9381 = EDGE_CURVE('',#9299,#9382,#9384,.T.);
#9382 = VERTEX_POINT('',#9383);
#9383 = CARTESIAN_POINT('',(1.7,-5.E-02,10.8));
#9384 = LINE('',#9385,#9386);
#9385 = CARTESIAN_POINT('',(-6.3,-5.E-02,10.8));
#9386 = VECTOR('',#9387,1.);
#9387 = DIRECTION('',(1.,-1.666748583704E-19,0.));
#9388 = ORIENTED_EDGE('',*,*,#9389,.T.);
#9389 = EDGE_CURVE('',#9382,#9325,#9390,.T.);
#9390 = LINE('',#9391,#9392);
#9391 = CARTESIAN_POINT('',(1.7,-5.E-02,10.8));
#9392 = VECTOR('',#9393,1.);
#9393 = DIRECTION('',(-1.224646799147E-16,-1.,0.));
#9394 = ORIENTED_EDGE('',*,*,#9332,.F.);
#9395 = ORIENTED_EDGE('',*,*,#9396,.T.);
#9396 = EDGE_CURVE('',#9333,#9397,#9399,.T.);
#9397 = VERTEX_POINT('',#9398);
#9398 = CARTESIAN_POINT('',(1.8,-5.E-02,10.8));
#9399 = LINE('',#9400,#9401);
#9400 = CARTESIAN_POINT('',(1.8,-8.05,10.8));
#9401 = VECTOR('',#9402,1.);
#9402 = DIRECTION('',(1.224646799147E-16,1.,0.));
#9403 = ORIENTED_EDGE('',*,*,#9404,.T.);
#9404 = EDGE_CURVE('',#9397,#9359,#9405,.T.);
#9405 = LINE('',#9406,#9407);
#9406 = CARTESIAN_POINT('',(1.8,-5.E-02,10.8));
#9407 = VECTOR('',#9408,1.);
#9408 = DIRECTION('',(1.,-1.224646799147E-16,0.));
#9409 = ORIENTED_EDGE('',*,*,#9366,.F.);
#9410 = ORIENTED_EDGE('',*,*,#9221,.F.);
#9411 = ORIENTED_EDGE('',*,*,#9412,.T.);
#9412 = EDGE_CURVE('',#9222,#9413,#9415,.T.);
#9413 = VERTEX_POINT('',#9414);
#9414 = CARTESIAN_POINT('',(1.8,5.E-02,10.8));
#9415 = LINE('',#9416,#9417);
#9416 = CARTESIAN_POINT('',(9.8,5.E-02,10.8));
#9417 = VECTOR('',#9418,1.);
#9418 = DIRECTION('',(-1.,1.224646799147E-16,0.));
#9419 = ORIENTED_EDGE('',*,*,#9420,.T.);
#9420 = EDGE_CURVE('',#9413,#9248,#9421,.T.);
#9421 = LINE('',#9422,#9423);
#9422 = CARTESIAN_POINT('',(1.8,5.E-02,10.8));
#9423 = VECTOR('',#9424,1.);
#9424 = DIRECTION('',(1.224646799147E-16,1.,0.));
#9425 = ORIENTED_EDGE('',*,*,#9255,.F.);
#9426 = ORIENTED_EDGE('',*,*,#9427,.T.);
#9427 = EDGE_CURVE('',#9256,#9428,#9430,.T.);
#9428 = VERTEX_POINT('',#9429);
#9429 = CARTESIAN_POINT('',(1.7,5.E-02,10.8));
#9430 = LINE('',#9431,#9432);
#9431 = CARTESIAN_POINT('',(1.7,8.05,10.8));
#9432 = VECTOR('',#9433,1.);
#9433 = DIRECTION('',(-1.224646799147E-16,-1.,0.));
#9434 = ORIENTED_EDGE('',*,*,#9435,.T.);
#9435 = EDGE_CURVE('',#9428,#9282,#9436,.T.);
#9436 = LINE('',#9437,#9438);
#9437 = CARTESIAN_POINT('',(1.7,5.E-02,10.8));
#9438 = VECTOR('',#9439,1.);
#9439 = DIRECTION('',(-1.,1.224646799147E-16,0.));
#9440 = ORIENTED_EDGE('',*,*,#9289,.F.);
#9441 = ORIENTED_EDGE('',*,*,#9298,.F.);
#9442 = PLANE('',#9443);
#9443 = AXIS2_PLACEMENT_3D('',#9444,#9445,#9446);
#9444 = CARTESIAN_POINT('',(1.75,-5.365790627556E-16,10.8));
#9445 = DIRECTION('',(2.789396640922E-32,-3.240208219252E-32,1.));
#9446 = DIRECTION('',(-1.224646799147E-16,-1.,-3.240208219252E-32));
#9447 = ADVANCED_FACE('',(#9448),#9466,.F.);
#9448 = FACE_BOUND('',#9449,.F.);
#9449 = EDGE_LOOP('',(#9450,#9458,#9464,#9465));
#9450 = ORIENTED_EDGE('',*,*,#9451,.F.);
#9451 = EDGE_CURVE('',#9452,#9350,#9454,.T.);
#9452 = VERTEX_POINT('',#9453);
#9453 = CARTESIAN_POINT('',(1.8,-5.E-02,10.9));
#9454 = LINE('',#9455,#9456);
#9455 = CARTESIAN_POINT('',(1.8,-5.E-02,10.9));
#9456 = VECTOR('',#9457,1.);
#9457 = DIRECTION('',(1.,-1.224646799147E-16,0.));
#9458 = ORIENTED_EDGE('',*,*,#9459,.T.);
#9459 = EDGE_CURVE('',#9452,#9397,#9460,.T.);
#9460 = LINE('',#9461,#9462);
#9461 = CARTESIAN_POINT('',(1.8,-5.E-02,10.9));
#9462 = VECTOR('',#9463,1.);
#9463 = DIRECTION('',(-3.354000447368E-32,5.474898096827E-33,-1.));
#9464 = ORIENTED_EDGE('',*,*,#9404,.T.);
#9465 = ORIENTED_EDGE('',*,*,#9358,.F.);
#9466 = PLANE('',#9467);
#9467 = AXIS2_PLACEMENT_3D('',#9468,#9469,#9470);
#9468 = CARTESIAN_POINT('',(1.8,-5.E-02,10.9));
#9469 = DIRECTION('',(-1.224646799147E-16,-1.,-5.474898096827E-33));
#9470 = DIRECTION('',(1.,-1.224646799147E-16,0.));
#9471 = ADVANCED_FACE('',(#9472),#9482,.T.);
#9472 = FACE_BOUND('',#9473,.T.);
#9473 = EDGE_LOOP('',(#9474,#9480,#9481));
#9474 = ORIENTED_EDGE('',*,*,#9475,.F.);
#9475 = EDGE_CURVE('',#9342,#9452,#9476,.T.);
#9476 = LINE('',#9477,#9478);
#9477 = CARTESIAN_POINT('',(1.8,-8.05,10.9));
#9478 = VECTOR('',#9479,1.);
#9479 = DIRECTION('',(1.224646799147E-16,1.,0.));
#9480 = ORIENTED_EDGE('',*,*,#9349,.T.);
#9481 = ORIENTED_EDGE('',*,*,#9451,.F.);
#9482 = PLANE('',#9483);
#9483 = AXIS2_PLACEMENT_3D('',#9484,#9485,#9486);
#9484 = CARTESIAN_POINT('',(1.75,-1.29885370033E-16,10.9));
#9485 = DIRECTION('',(3.354000447368E-32,-5.474898096827E-33,1.));
#9486 = DIRECTION('',(-1.,1.224646799147E-16,3.354000447368E-32));
#9487 = ADVANCED_FACE('',(#9488),#9494,.F.);
#9488 = FACE_BOUND('',#9489,.F.);
#9489 = EDGE_LOOP('',(#9490,#9491,#9492,#9493));
#9490 = ORIENTED_EDGE('',*,*,#9475,.F.);
#9491 = ORIENTED_EDGE('',*,*,#9341,.T.);
#9492 = ORIENTED_EDGE('',*,*,#9396,.T.);
#9493 = ORIENTED_EDGE('',*,*,#9459,.F.);
#9494 = PLANE('',#9495);
#9495 = AXIS2_PLACEMENT_3D('',#9496,#9497,#9498);
#9496 = CARTESIAN_POINT('',(1.8,-8.05,10.9));
#9497 = DIRECTION('',(1.,-1.224646799147E-16,-3.354000447368E-32));
#9498 = DIRECTION('',(1.224646799147E-16,1.,0.));
#9499 = ADVANCED_FACE('',(#9500),#9518,.F.);
#9500 = FACE_BOUND('',#9501,.F.);
#9501 = EDGE_LOOP('',(#9502,#9510,#9516,#9517));
#9502 = ORIENTED_EDGE('',*,*,#9503,.F.);
#9503 = EDGE_CURVE('',#9504,#9316,#9506,.T.);
#9504 = VERTEX_POINT('',#9505);
#9505 = CARTESIAN_POINT('',(1.7,-5.E-02,10.9));
#9506 = LINE('',#9507,#9508);
#9507 = CARTESIAN_POINT('',(1.7,-5.E-02,10.9));
#9508 = VECTOR('',#9509,1.);
#9509 = DIRECTION('',(-1.224646799147E-16,-1.,0.));
#9510 = ORIENTED_EDGE('',*,*,#9511,.T.);
#9511 = EDGE_CURVE('',#9504,#9382,#9512,.T.);
#9512 = LINE('',#9513,#9514);
#9513 = CARTESIAN_POINT('',(1.7,-5.E-02,10.9));
#9514 = VECTOR('',#9515,1.);
#9515 = DIRECTION('',(-3.354000447368E-32,5.474898096827E-33,-1.));
#9516 = ORIENTED_EDGE('',*,*,#9389,.T.);
#9517 = ORIENTED_EDGE('',*,*,#9324,.F.);
#9518 = PLANE('',#9519);
#9519 = AXIS2_PLACEMENT_3D('',#9520,#9521,#9522);
#9520 = CARTESIAN_POINT('',(1.7,-5.E-02,10.9));
#9521 = DIRECTION('',(-1.,1.224646799147E-16,3.354000447368E-32));
#9522 = DIRECTION('',(-1.224646799147E-16,-1.,0.));
#9523 = ADVANCED_FACE('',(#9524),#9534,.T.);
#9524 = FACE_BOUND('',#9525,.T.);
#9525 = EDGE_LOOP('',(#9526,#9532,#9533));
#9526 = ORIENTED_EDGE('',*,*,#9527,.F.);
#9527 = EDGE_CURVE('',#9308,#9504,#9528,.T.);
#9528 = LINE('',#9529,#9530);
#9529 = CARTESIAN_POINT('',(-6.3,-5.E-02,10.9));
#9530 = VECTOR('',#9531,1.);
#9531 = DIRECTION('',(1.,-1.666748583704E-19,0.));
#9532 = ORIENTED_EDGE('',*,*,#9315,.T.);
#9533 = ORIENTED_EDGE('',*,*,#9503,.F.);
#9534 = PLANE('',#9535);
#9535 = AXIS2_PLACEMENT_3D('',#9536,#9537,#9538);
#9536 = CARTESIAN_POINT('',(1.75,-1.29885370033E-16,10.9));
#9537 = DIRECTION('',(3.354000447368E-32,-5.474898096827E-33,1.));
#9538 = DIRECTION('',(-1.,1.224646799147E-16,3.354000447368E-32));
#9539 = ADVANCED_FACE('',(#9540),#9546,.F.);
#9540 = FACE_BOUND('',#9541,.F.);
#9541 = EDGE_LOOP('',(#9542,#9543,#9544,#9545));
#9542 = ORIENTED_EDGE('',*,*,#9527,.F.);
#9543 = ORIENTED_EDGE('',*,*,#9307,.T.);
#9544 = ORIENTED_EDGE('',*,*,#9381,.T.);
#9545 = ORIENTED_EDGE('',*,*,#9511,.F.);
#9546 = PLANE('',#9547);
#9547 = AXIS2_PLACEMENT_3D('',#9548,#9549,#9550);
#9548 = CARTESIAN_POINT('',(-6.3,-5.E-02,10.9));
#9549 = DIRECTION('',(-1.666748583704E-19,-1.,-5.474898096827E-33));
#9550 = DIRECTION('',(1.,-1.666748583704E-19,0.));
#9551 = ADVANCED_FACE('',(#9552),#9570,.F.);
#9552 = FACE_BOUND('',#9553,.F.);
#9553 = EDGE_LOOP('',(#9554,#9562,#9568,#9569));
#9554 = ORIENTED_EDGE('',*,*,#9555,.F.);
#9555 = EDGE_CURVE('',#9556,#9273,#9558,.T.);
#9556 = VERTEX_POINT('',#9557);
#9557 = CARTESIAN_POINT('',(1.7,5.E-02,10.9));
#9558 = LINE('',#9559,#9560);
#9559 = CARTESIAN_POINT('',(1.7,5.E-02,10.9));
#9560 = VECTOR('',#9561,1.);
#9561 = DIRECTION('',(-1.,1.224646799147E-16,0.));
#9562 = ORIENTED_EDGE('',*,*,#9563,.T.);
#9563 = EDGE_CURVE('',#9556,#9428,#9564,.T.);
#9564 = LINE('',#9565,#9566);
#9565 = CARTESIAN_POINT('',(1.7,5.E-02,10.9));
#9566 = VECTOR('',#9567,1.);
#9567 = DIRECTION('',(-3.354000447368E-32,5.474898096827E-33,-1.));
#9568 = ORIENTED_EDGE('',*,*,#9435,.T.);
#9569 = ORIENTED_EDGE('',*,*,#9281,.F.);
#9570 = PLANE('',#9571);
#9571 = AXIS2_PLACEMENT_3D('',#9572,#9573,#9574);
#9572 = CARTESIAN_POINT('',(1.7,5.E-02,10.9));
#9573 = DIRECTION('',(1.224646799147E-16,1.,5.474898096827E-33));
#9574 = DIRECTION('',(-1.,1.224646799147E-16,0.));
#9575 = ADVANCED_FACE('',(#9576),#9586,.T.);
#9576 = FACE_BOUND('',#9577,.T.);
#9577 = EDGE_LOOP('',(#9578,#9579,#9580));
#9578 = ORIENTED_EDGE('',*,*,#9272,.T.);
#9579 = ORIENTED_EDGE('',*,*,#9555,.F.);
#9580 = ORIENTED_EDGE('',*,*,#9581,.F.);
#9581 = EDGE_CURVE('',#9265,#9556,#9582,.T.);
#9582 = LINE('',#9583,#9584);
#9583 = CARTESIAN_POINT('',(1.7,8.05,10.9));
#9584 = VECTOR('',#9585,1.);
#9585 = DIRECTION('',(-1.224646799147E-16,-1.,0.));
#9586 = PLANE('',#9587);
#9587 = AXIS2_PLACEMENT_3D('',#9588,#9589,#9590);
#9588 = CARTESIAN_POINT('',(1.75,-1.29885370033E-16,10.9));
#9589 = DIRECTION('',(3.354000447368E-32,-5.474898096827E-33,1.));
#9590 = DIRECTION('',(-1.,1.224646799147E-16,3.354000447368E-32));
#9591 = ADVANCED_FACE('',(#9592),#9598,.F.);
#9592 = FACE_BOUND('',#9593,.F.);
#9593 = EDGE_LOOP('',(#9594,#9595,#9596,#9597));
#9594 = ORIENTED_EDGE('',*,*,#9581,.F.);
#9595 = ORIENTED_EDGE('',*,*,#9264,.T.);
#9596 = ORIENTED_EDGE('',*,*,#9427,.T.);
#9597 = ORIENTED_EDGE('',*,*,#9563,.F.);
#9598 = PLANE('',#9599);
#9599 = AXIS2_PLACEMENT_3D('',#9600,#9601,#9602);
#9600 = CARTESIAN_POINT('',(1.7,8.05,10.9));
#9601 = DIRECTION('',(-1.,1.224646799147E-16,3.354000447368E-32));
#9602 = DIRECTION('',(-1.224646799147E-16,-1.,0.));
#9603 = ADVANCED_FACE('',(#9604),#9622,.F.);
#9604 = FACE_BOUND('',#9605,.F.);
#9605 = EDGE_LOOP('',(#9606,#9614,#9620,#9621));
#9606 = ORIENTED_EDGE('',*,*,#9607,.F.);
#9607 = EDGE_CURVE('',#9608,#9239,#9610,.T.);
#9608 = VERTEX_POINT('',#9609);
#9609 = CARTESIAN_POINT('',(1.8,5.E-02,10.9));
#9610 = LINE('',#9611,#9612);
#9611 = CARTESIAN_POINT('',(1.8,5.E-02,10.9));
#9612 = VECTOR('',#9613,1.);
#9613 = DIRECTION('',(1.224646799147E-16,1.,0.));
#9614 = ORIENTED_EDGE('',*,*,#9615,.T.);
#9615 = EDGE_CURVE('',#9608,#9413,#9616,.T.);
#9616 = LINE('',#9617,#9618);
#9617 = CARTESIAN_POINT('',(1.8,5.E-02,10.9));
#9618 = VECTOR('',#9619,1.);
#9619 = DIRECTION('',(-3.354000447368E-32,5.474898096827E-33,-1.));
#9620 = ORIENTED_EDGE('',*,*,#9420,.T.);
#9621 = ORIENTED_EDGE('',*,*,#9247,.F.);
#9622 = PLANE('',#9623);
#9623 = AXIS2_PLACEMENT_3D('',#9624,#9625,#9626);
#9624 = CARTESIAN_POINT('',(1.8,5.E-02,10.9));
#9625 = DIRECTION('',(1.,-1.224646799147E-16,-3.354000447368E-32));
#9626 = DIRECTION('',(1.224646799147E-16,1.,0.));
#9627 = ADVANCED_FACE('',(#9628),#9638,.T.);
#9628 = FACE_BOUND('',#9629,.T.);
#9629 = EDGE_LOOP('',(#9630,#9631,#9632));
#9630 = ORIENTED_EDGE('',*,*,#9238,.T.);
#9631 = ORIENTED_EDGE('',*,*,#9607,.F.);
#9632 = ORIENTED_EDGE('',*,*,#9633,.F.);
#9633 = EDGE_CURVE('',#9231,#9608,#9634,.T.);
#9634 = LINE('',#9635,#9636);
#9635 = CARTESIAN_POINT('',(9.8,5.E-02,10.9));
#9636 = VECTOR('',#9637,1.);
#9637 = DIRECTION('',(-1.,1.224646799147E-16,0.));
#9638 = PLANE('',#9639);
#9639 = AXIS2_PLACEMENT_3D('',#9640,#9641,#9642);
#9640 = CARTESIAN_POINT('',(1.75,-1.29885370033E-16,10.9));
#9641 = DIRECTION('',(3.354000447368E-32,-5.474898096827E-33,1.));
#9642 = DIRECTION('',(-1.,1.224646799147E-16,3.354000447368E-32));
#9643 = ADVANCED_FACE('',(#9644),#9650,.F.);
#9644 = FACE_BOUND('',#9645,.F.);
#9645 = EDGE_LOOP('',(#9646,#9647,#9648,#9649));
#9646 = ORIENTED_EDGE('',*,*,#9633,.F.);
#9647 = ORIENTED_EDGE('',*,*,#9230,.T.);
#9648 = ORIENTED_EDGE('',*,*,#9412,.T.);
#9649 = ORIENTED_EDGE('',*,*,#9615,.F.);
#9650 = PLANE('',#9651);
#9651 = AXIS2_PLACEMENT_3D('',#9652,#9653,#9654);
#9652 = CARTESIAN_POINT('',(9.8,5.E-02,10.9));
#9653 = DIRECTION('',(1.224646799147E-16,1.,5.474898096827E-33));
#9654 = DIRECTION('',(-1.,1.224646799147E-16,0.));
#9655 = ORIENTED_CLOSED_SHELL('',*,#9656,.F.);
#9656 = CLOSED_SHELL('',(#9657,#9674,#9708));
#9657 = ADVANCED_FACE('',(#9658),#9669,.T.);
#9658 = FACE_BOUND('',#9659,.T.);
#9659 = EDGE_LOOP('',(#9660));
#9660 = ORIENTED_EDGE('',*,*,#9661,.T.);
#9661 = EDGE_CURVE('',#9662,#9662,#9664,.T.);
#9662 = VERTEX_POINT('',#9663);
#9663 = CARTESIAN_POINT('',(4.55,-6.858022075225E-16,10.6));
#9664 = CIRCLE('',#9665,2.8);
#9665 = AXIS2_PLACEMENT_3D('',#9666,#9667,#9668);
#9666 = CARTESIAN_POINT('',(1.75,0.,10.6));
#9667 = DIRECTION('',(0.,-0.,-1.));
#9668 = DIRECTION('',(1.,-2.449293598295E-16,0.));
#9669 = PLANE('',#9670);
#9670 = AXIS2_PLACEMENT_3D('',#9671,#9672,#9673);
#9671 = CARTESIAN_POINT('',(1.75,0.,10.6));
#9672 = DIRECTION('',(0.,0.,-1.));
#9673 = DIRECTION('',(1.,-2.449293598295E-16,0.));
#9674 = ADVANCED_FACE('',(#9675),#9703,.T.);
#9675 = FACE_BOUND('',#9676,.T.);
#9676 = EDGE_LOOP('',(#9677,#9688,#9694,#9695,#9696));
#9677 = ORIENTED_EDGE('',*,*,#9678,.F.);
#9678 = EDGE_CURVE('',#9679,#9681,#9683,.T.);
#9679 = VERTEX_POINT('',#9680);
#9680 = CARTESIAN_POINT('',(4.55,-4.109792030388E-14,10.7));
#9681 = VERTEX_POINT('',#9682);
#9682 = CARTESIAN_POINT('',(-1.05,3.429011037613E-16,10.7));
#9683 = CIRCLE('',#9684,2.8);
#9684 = AXIS2_PLACEMENT_3D('',#9685,#9686,#9687);
#9685 = CARTESIAN_POINT('',(1.75,0.,10.7));
#9686 = DIRECTION('',(0.,0.,1.));
#9687 = DIRECTION('',(-1.,1.224646799147E-16,0.));
#9688 = ORIENTED_EDGE('',*,*,#9689,.T.);
#9689 = EDGE_CURVE('',#9679,#9662,#9690,.T.);
#9690 = LINE('',#9691,#9692);
#9691 = CARTESIAN_POINT('',(4.55,-6.858022075225E-16,11.));
#9692 = VECTOR('',#9693,1.);
#9693 = DIRECTION('',(0.,0.,-1.));
#9694 = ORIENTED_EDGE('',*,*,#9661,.F.);
#9695 = ORIENTED_EDGE('',*,*,#9689,.F.);
#9696 = ORIENTED_EDGE('',*,*,#9697,.F.);
#9697 = EDGE_CURVE('',#9681,#9679,#9698,.T.);
#9698 = CIRCLE('',#9699,2.8);
#9699 = AXIS2_PLACEMENT_3D('',#9700,#9701,#9702);
#9700 = CARTESIAN_POINT('',(1.75,0.,10.7));
#9701 = DIRECTION('',(0.,0.,1.));
#9702 = DIRECTION('',(-1.,1.224646799147E-16,0.));
#9703 = CYLINDRICAL_SURFACE('',#9704,2.8);
#9704 = AXIS2_PLACEMENT_3D('',#9705,#9706,#9707);
#9705 = CARTESIAN_POINT('',(1.75,0.,11.));
#9706 = DIRECTION('',(0.,0.,-1.));
#9707 = DIRECTION('',(1.,-2.449293598295E-16,0.));
#9708 = ADVANCED_FACE('',(#9709),#9713,.T.);
#9709 = FACE_BOUND('',#9710,.T.);
#9710 = EDGE_LOOP('',(#9711,#9712));
#9711 = ORIENTED_EDGE('',*,*,#9697,.T.);
#9712 = ORIENTED_EDGE('',*,*,#9678,.T.);
#9713 = PLANE('',#9714);
#9714 = AXIS2_PLACEMENT_3D('',#9715,#9716,#9717);
#9715 = CARTESIAN_POINT('',(1.75,-1.29885370033E-16,10.7));
#9716 = DIRECTION('',(3.354000447368E-32,-5.474898096827E-33,1.));
#9717 = DIRECTION('',(-1.,1.224646799147E-16,3.354000447368E-32));
#9718 = ( GEOMETRIC_REPRESENTATION_CONTEXT(3) 
GLOBAL_UNCERTAINTY_ASSIGNED_CONTEXT((#9722)) 
GLOBAL_UNIT_ASSIGNED_CONTEXT((#9719,#9720,#9721)) REPRESENTATION_CONTEXT
('Context #1','3D Context with UNIT and UNCERTAINTY') );
#9719 = ( LENGTH_UNIT() NAMED_UNIT(*) SI_UNIT(.MILLI.,.METRE.) );
#9720 = ( NAMED_UNIT(*) PLANE_ANGLE_UNIT() SI_UNIT($,.RADIAN.) );
#9721 = ( NAMED_UNIT(*) SI_UNIT($,.STERADIAN.) SOLID_ANGLE_UNIT() );
#9722 = UNCERTAINTY_MEASURE_WITH_UNIT(LENGTH_MEASURE(2.E-06),#9719,
  'distance_accuracy_value','confusion accuracy');
#9723 = CONTEXT_DEPENDENT_SHAPE_REPRESENTATION(#9724,#9726);
#9724 = ( REPRESENTATION_RELATIONSHIP('','',#8730,#10) 
REPRESENTATION_RELATIONSHIP_WITH_TRANSFORMATION(#9725) 
SHAPE_REPRESENTATION_RELATIONSHIP() );
#9725 = ITEM_DEFINED_TRANSFORMATION('','',#11,#79);
#9726 = PRODUCT_DEFINITION_SHAPE('Placement','Placement of an item',
  #9727);
#9727 = NEXT_ASSEMBLY_USAGE_OCCURRENCE('17','C9','',#5,#8725,$);
#9728 = PRODUCT_RELATED_PRODUCT_CATEGORY('part',$,(#8727));
#9729 = CONTEXT_DEPENDENT_SHAPE_REPRESENTATION(#9730,#9732);
#9730 = ( REPRESENTATION_RELATIONSHIP('','',#3596,#10) 
REPRESENTATION_RELATIONSHIP_WITH_TRANSFORMATION(#9731) 
SHAPE_REPRESENTATION_RELATIONSHIP() );
#9731 = ITEM_DEFINED_TRANSFORMATION('','',#11,#83);
#9732 = PRODUCT_DEFINITION_SHAPE('Placement','Placement of an item',
  #9733);
#9733 = NEXT_ASSEMBLY_USAGE_OCCURRENCE('18','C8','',#5,#3591,$);
#9734 = CONTEXT_DEPENDENT_SHAPE_REPRESENTATION(#9735,#9737);
#9735 = ( REPRESENTATION_RELATIONSHIP('','',#3596,#10) 
REPRESENTATION_RELATIONSHIP_WITH_TRANSFORMATION(#9736) 
SHAPE_REPRESENTATION_RELATIONSHIP() );
#9736 = ITEM_DEFINED_TRANSFORMATION('','',#11,#87);
#9737 = PRODUCT_DEFINITION_SHAPE('Placement','Placement of an item',
  #9738);
#9738 = NEXT_ASSEMBLY_USAGE_OCCURRENCE('19','R9','',#5,#3591,$);
#9739 = CONTEXT_DEPENDENT_SHAPE_REPRESENTATION(#9740,#9742);
#9740 = ( REPRESENTATION_RELATIONSHIP('','',#3596,#10) 
REPRESENTATION_RELATIONSHIP_WITH_TRANSFORMATION(#9741) 
SHAPE_REPRESENTATION_RELATIONSHIP() );
#9741 = ITEM_DEFINED_TRANSFORMATION('','',#11,#91);
#9742 = PRODUCT_DEFINITION_SHAPE('Placement','Placement of an item',
  #9743);
#9743 = NEXT_ASSEMBLY_USAGE_OCCURRENCE('20','R7','',#5,#3591,$);
#9744 = CONTEXT_DEPENDENT_SHAPE_REPRESENTATION(#9745,#9747);
#9745 = ( REPRESENTATION_RELATIONSHIP('','',#3596,#10) 
REPRESENTATION_RELATIONSHIP_WITH_TRANSFORMATION(#9746) 
SHAPE_REPRESENTATION_RELATIONSHIP() );
#9746 = ITEM_DEFINED_TRANSFORMATION('','',#11,#95);
#9747 = PRODUCT_DEFINITION_SHAPE('Placement','Placement of an item',
  #9748);
#9748 = NEXT_ASSEMBLY_USAGE_OCCURRENCE('21','C11','',#5,#3591,$);
#9749 = CONTEXT_DEPENDENT_SHAPE_REPRESENTATION(#9750,#9752);
#9750 = ( REPRESENTATION_RELATIONSHIP('','',#3596,#10) 
REPRESENTATION_RELATIONSHIP_WITH_TRANSFORMATION(#9751) 
SHAPE_REPRESENTATION_RELATIONSHIP() );
#9751 = ITEM_DEFINED_TRANSFORMATION('','',#11,#99);
#9752 = PRODUCT_DEFINITION_SHAPE('Placement','Placement of an item',
  #9753);
#9753 = NEXT_ASSEMBLY_USAGE_OCCURRENCE('22','C7','',#5,#3591,$);
#9754 = CONTEXT_DEPENDENT_SHAPE_REPRESENTATION(#9755,#9757);
#9755 = ( REPRESENTATION_RELATIONSHIP('','',#7283,#10) 
REPRESENTATION_RELATIONSHIP_WITH_TRANSFORMATION(#9756) 
SHAPE_REPRESENTATION_RELATIONSHIP() );
#9756 = ITEM_DEFINED_TRANSFORMATION('','',#11,#103);
#9757 = PRODUCT_DEFINITION_SHAPE('Placement','Placement of an item',
  #9758);
#9758 = NEXT_ASSEMBLY_USAGE_OCCURRENCE('23','C1','',#5,#7278,$);
#9759 = CONTEXT_DEPENDENT_SHAPE_REPRESENTATION(#9760,#9762);
#9760 = ( REPRESENTATION_RELATIONSHIP('','',#3596,#10) 
REPRESENTATION_RELATIONSHIP_WITH_TRANSFORMATION(#9761) 
SHAPE_REPRESENTATION_RELATIONSHIP() );
#9761 = ITEM_DEFINED_TRANSFORMATION('','',#11,#107);
#9762 = PRODUCT_DEFINITION_SHAPE('Placement','Placement of an item',
  #9763);
#9763 = NEXT_ASSEMBLY_USAGE_OCCURRENCE('24','R14','',#5,#3591,$);
#9764 = CONTEXT_DEPENDENT_SHAPE_REPRESENTATION(#9765,#9767);
#9765 = ( REPRESENTATION_RELATIONSHIP('','',#4479,#10) 
REPRESENTATION_RELATIONSHIP_WITH_TRANSFORMATION(#9766) 
SHAPE_REPRESENTATION_RELATIONSHIP() );
#9766 = ITEM_DEFINED_TRANSFORMATION('','',#11,#111);
#9767 = PRODUCT_DEFINITION_SHAPE('Placement','Placement of an item',
  #9768);
#9768 = NEXT_ASSEMBLY_USAGE_OCCURRENCE('25','J14','',#5,#4474,$);
#9769 = CONTEXT_DEPENDENT_SHAPE_REPRESENTATION(#9770,#9772);
#9770 = ( REPRESENTATION_RELATIONSHIP('','',#2301,#10) 
REPRESENTATION_RELATIONSHIP_WITH_TRANSFORMATION(#9771) 
SHAPE_REPRESENTATION_RELATIONSHIP() );
#9771 = ITEM_DEFINED_TRANSFORMATION('','',#11,#115);
#9772 = PRODUCT_DEFINITION_SHAPE('Placement','Placement of an item',
  #9773);
#9773 = NEXT_ASSEMBLY_USAGE_OCCURRENCE('26','D3','',#5,#2296,$);
#9774 = CONTEXT_DEPENDENT_SHAPE_REPRESENTATION(#9775,#9777);
#9775 = ( REPRESENTATION_RELATIONSHIP('','',#2301,#10) 
REPRESENTATION_RELATIONSHIP_WITH_TRANSFORMATION(#9776) 
SHAPE_REPRESENTATION_RELATIONSHIP() );
#9776 = ITEM_DEFINED_TRANSFORMATION('','',#11,#119);
#9777 = PRODUCT_DEFINITION_SHAPE('Placement','Placement of an item',
  #9778);
#9778 = NEXT_ASSEMBLY_USAGE_OCCURRENCE('27','D5','',#5,#2296,$);
#9779 = CONTEXT_DEPENDENT_SHAPE_REPRESENTATION(#9780,#9782);
#9780 = ( REPRESENTATION_RELATIONSHIP('','',#2301,#10) 
REPRESENTATION_RELATIONSHIP_WITH_TRANSFORMATION(#9781) 
SHAPE_REPRESENTATION_RELATIONSHIP() );
#9781 = ITEM_DEFINED_TRANSFORMATION('','',#11,#123);
#9782 = PRODUCT_DEFINITION_SHAPE('Placement','Placement of an item',
  #9783);
#9783 = NEXT_ASSEMBLY_USAGE_OCCURRENCE('28','D2','',#5,#2296,$);
#9784 = CONTEXT_DEPENDENT_SHAPE_REPRESENTATION(#9785,#9787);
#9785 = ( REPRESENTATION_RELATIONSHIP('','',#3596,#10) 
REPRESENTATION_RELATIONSHIP_WITH_TRANSFORMATION(#9786) 
SHAPE_REPRESENTATION_RELATIONSHIP() );
#9786 = ITEM_DEFINED_TRANSFORMATION('','',#11,#127);
#9787 = PRODUCT_DEFINITION_SHAPE('Placement','Placement of an item',
  #9788);
#9788 = NEXT_ASSEMBLY_USAGE_OCCURRENCE('29','C2','',#5,#3591,$);
#9789 = CONTEXT_DEPENDENT_SHAPE_REPRESENTATION(#9790,#9792);
#9790 = ( REPRESENTATION_RELATIONSHIP('','',#3596,#10) 
REPRESENTATION_RELATIONSHIP_WITH_TRANSFORMATION(#9791) 
SHAPE_REPRESENTATION_RELATIONSHIP() );
#9791 = ITEM_DEFINED_TRANSFORMATION('','',#11,#131);
#9792 = PRODUCT_DEFINITION_SHAPE('Placement','Placement of an item',
  #9793);
#9793 = NEXT_ASSEMBLY_USAGE_OCCURRENCE('30','C5','',#5,#3591,$);
#9794 = CONTEXT_DEPENDENT_SHAPE_REPRESENTATION(#9795,#9797);
#9795 = ( REPRESENTATION_RELATIONSHIP('','',#3596,#10) 
REPRESENTATION_RELATIONSHIP_WITH_TRANSFORMATION(#9796) 
SHAPE_REPRESENTATION_RELATIONSHIP() );
#9796 = ITEM_DEFINED_TRANSFORMATION('','',#11,#135);
#9797 = PRODUCT_DEFINITION_SHAPE('Placement','Placement of an item',
  #9798);
#9798 = NEXT_ASSEMBLY_USAGE_OCCURRENCE('31','R1','',#5,#3591,$);
#9799 = CONTEXT_DEPENDENT_SHAPE_REPRESENTATION(#9800,#9802);
#9800 = ( REPRESENTATION_RELATIONSHIP('','',#3596,#10) 
REPRESENTATION_RELATIONSHIP_WITH_TRANSFORMATION(#9801) 
SHAPE_REPRESENTATION_RELATIONSHIP() );
#9801 = ITEM_DEFINED_TRANSFORMATION('','',#11,#139);
#9802 = PRODUCT_DEFINITION_SHAPE('Placement','Placement of an item',
  #9803);
#9803 = NEXT_ASSEMBLY_USAGE_OCCURRENCE('32','R6','',#5,#3591,$);
#9804 = CONTEXT_DEPENDENT_SHAPE_REPRESENTATION(#9805,#9807);
#9805 = ( REPRESENTATION_RELATIONSHIP('','',#3596,#10) 
REPRESENTATION_RELATIONSHIP_WITH_TRANSFORMATION(#9806) 
SHAPE_REPRESENTATION_RELATIONSHIP() );
#9806 = ITEM_DEFINED_TRANSFORMATION('','',#11,#143);
#9807 = PRODUCT_DEFINITION_SHAPE('Placement','Placement of an item',
  #9808);
#9808 = NEXT_ASSEMBLY_USAGE_OCCURRENCE('33','R5','',#5,#3591,$);
#9809 = CONTEXT_DEPENDENT_SHAPE_REPRESENTATION(#9810,#9812);
#9810 = ( REPRESENTATION_RELATIONSHIP('','',#4479,#10) 
REPRESENTATION_RELATIONSHIP_WITH_TRANSFORMATION(#9811) 
SHAPE_REPRESENTATION_RELATIONSHIP() );
#9811 = ITEM_DEFINED_TRANSFORMATION('','',#11,#147);
#9812 = PRODUCT_DEFINITION_SHAPE('Placement','Placement of an item',
  #9813);
#9813 = NEXT_ASSEMBLY_USAGE_OCCURRENCE('34','J1','',#5,#4474,$);
#9814 = CONTEXT_DEPENDENT_SHAPE_REPRESENTATION(#9815,#9817);
#9815 = ( REPRESENTATION_RELATIONSHIP('','',#3596,#10) 
REPRESENTATION_RELATIONSHIP_WITH_TRANSFORMATION(#9816) 
SHAPE_REPRESENTATION_RELATIONSHIP() );
#9816 = ITEM_DEFINED_TRANSFORMATION('','',#11,#151);
#9817 = PRODUCT_DEFINITION_SHAPE('Placement','Placement of an item',
  #9818);
#9818 = NEXT_ASSEMBLY_USAGE_OCCURRENCE('35','R11','',#5,#3591,$);
#9819 = CONTEXT_DEPENDENT_SHAPE_REPRESENTATION(#9820,#9822);
#9820 = ( REPRESENTATION_RELATIONSHIP('','',#3596,#10) 
REPRESENTATION_RELATIONSHIP_WITH_TRANSFORMATION(#9821) 
SHAPE_REPRESENTATION_RELATIONSHIP() );
#9821 = ITEM_DEFINED_TRANSFORMATION('','',#11,#155);
#9822 = PRODUCT_DEFINITION_SHAPE('Placement','Placement of an item',
  #9823);
#9823 = NEXT_ASSEMBLY_USAGE_OCCURRENCE('36','R13','',#5,#3591,$);
#9824 = SHAPE_DEFINITION_REPRESENTATION(#9825,#9831);
#9825 = PRODUCT_DEFINITION_SHAPE('','',#9826);
#9826 = PRODUCT_DEFINITION('design','',#9827,#9830);
#9827 = PRODUCT_DEFINITION_FORMATION('','',#9828);
#9828 = PRODUCT('ThermalCamera_PCB','ThermalCamera_PCB','',(#9829));
#9829 = PRODUCT_CONTEXT('',#2,'mechanical');
#9830 = PRODUCT_DEFINITION_CONTEXT('part definition',#2,'design');
#9831 = ADVANCED_BREP_SHAPE_REPRESENTATION('',(#11,#9832),#14545);
#9832 = MANIFOLD_SOLID_BREP('',#9833);
#9833 = CLOSED_SHELL('',(#9834,#9874,#9905,#9936,#11240,#12544,#12556,
    #12573,#12590,#12607,#12624,#12641,#12658,#12675,#12692,#12709,
    #12726,#12743,#12760,#12777,#12794,#12811,#12828,#12845,#12862,
    #12879,#12896,#12913,#12930,#12947,#12964,#12981,#12998,#13015,
    #13032,#13049,#13066,#13083,#13100,#13117,#13134,#13151,#13168,
    #13185,#13202,#13219,#13236,#13253,#13270,#13287,#13304,#13321,
    #13338,#13355,#13372,#13389,#13406,#13423,#13440,#13457,#13474,
    #13491,#13508,#13525,#13542,#13559,#13576,#13593,#13610,#13627,
    #13644,#13661,#13678,#13695,#13712,#13729,#13746,#13763,#13780,
    #13797,#13814,#13831,#13848,#13865,#13882,#13899,#13916,#13933,
    #13950,#13967,#13984,#14001,#14018,#14035,#14052,#14069,#14086,
    #14103,#14120,#14137,#14154,#14171,#14188,#14205,#14222,#14239,
    #14256,#14273,#14290,#14307,#14324,#14341,#14358,#14375,#14392,
    #14409,#14426,#14443,#14460,#14477,#14494,#14511,#14528));
#9834 = ADVANCED_FACE('',(#9835),#9869,.T.);
#9835 = FACE_BOUND('',#9836,.T.);
#9836 = EDGE_LOOP('',(#9837,#9847,#9855,#9863));
#9837 = ORIENTED_EDGE('',*,*,#9838,.T.);
#9838 = EDGE_CURVE('',#9839,#9841,#9843,.T.);
#9839 = VERTEX_POINT('',#9840);
#9840 = CARTESIAN_POINT('',(263.5,-196.25,0.));
#9841 = VERTEX_POINT('',#9842);
#9842 = CARTESIAN_POINT('',(263.5,-196.25,1.51));
#9843 = LINE('',#9844,#9845);
#9844 = CARTESIAN_POINT('',(263.5,-196.25,0.));
#9845 = VECTOR('',#9846,1.);
#9846 = DIRECTION('',(0.,0.,1.));
#9847 = ORIENTED_EDGE('',*,*,#9848,.T.);
#9848 = EDGE_CURVE('',#9841,#9849,#9851,.T.);
#9849 = VERTEX_POINT('',#9850);
#9850 = CARTESIAN_POINT('',(170.5,-196.25,1.51));
#9851 = LINE('',#9852,#9853);
#9852 = CARTESIAN_POINT('',(263.5,-196.25,1.51));
#9853 = VECTOR('',#9854,1.);
#9854 = DIRECTION('',(-1.,0.,0.));
#9855 = ORIENTED_EDGE('',*,*,#9856,.F.);
#9856 = EDGE_CURVE('',#9857,#9849,#9859,.T.);
#9857 = VERTEX_POINT('',#9858);
#9858 = CARTESIAN_POINT('',(170.5,-196.25,0.));
#9859 = LINE('',#9860,#9861);
#9860 = CARTESIAN_POINT('',(170.5,-196.25,0.));
#9861 = VECTOR('',#9862,1.);
#9862 = DIRECTION('',(0.,0.,1.));
#9863 = ORIENTED_EDGE('',*,*,#9864,.F.);
#9864 = EDGE_CURVE('',#9839,#9857,#9865,.T.);
#9865 = LINE('',#9866,#9867);
#9866 = CARTESIAN_POINT('',(263.5,-196.25,0.));
#9867 = VECTOR('',#9868,1.);
#9868 = DIRECTION('',(-1.,0.,0.));
#9869 = PLANE('',#9870);
#9870 = AXIS2_PLACEMENT_3D('',#9871,#9872,#9873);
#9871 = CARTESIAN_POINT('',(263.5,-196.25,0.));
#9872 = DIRECTION('',(0.,-1.,0.));
#9873 = DIRECTION('',(-1.,0.,0.));
#9874 = ADVANCED_FACE('',(#9875),#9900,.T.);
#9875 = FACE_BOUND('',#9876,.T.);
#9876 = EDGE_LOOP('',(#9877,#9887,#9893,#9894));
#9877 = ORIENTED_EDGE('',*,*,#9878,.T.);
#9878 = EDGE_CURVE('',#9879,#9881,#9883,.T.);
#9879 = VERTEX_POINT('',#9880);
#9880 = CARTESIAN_POINT('',(263.5,-89.25,0.));
#9881 = VERTEX_POINT('',#9882);
#9882 = CARTESIAN_POINT('',(263.5,-89.25,1.51));
#9883 = LINE('',#9884,#9885);
#9884 = CARTESIAN_POINT('',(263.5,-89.25,0.));
#9885 = VECTOR('',#9886,1.);
#9886 = DIRECTION('',(0.,0.,1.));
#9887 = ORIENTED_EDGE('',*,*,#9888,.T.);
#9888 = EDGE_CURVE('',#9881,#9841,#9889,.T.);
#9889 = LINE('',#9890,#9891);
#9890 = CARTESIAN_POINT('',(263.5,-89.25,1.51));
#9891 = VECTOR('',#9892,1.);
#9892 = DIRECTION('',(0.,-1.,0.));
#9893 = ORIENTED_EDGE('',*,*,#9838,.F.);
#9894 = ORIENTED_EDGE('',*,*,#9895,.F.);
#9895 = EDGE_CURVE('',#9879,#9839,#9896,.T.);
#9896 = LINE('',#9897,#9898);
#9897 = CARTESIAN_POINT('',(263.5,-89.25,0.));
#9898 = VECTOR('',#9899,1.);
#9899 = DIRECTION('',(0.,-1.,0.));
#9900 = PLANE('',#9901);
#9901 = AXIS2_PLACEMENT_3D('',#9902,#9903,#9904);
#9902 = CARTESIAN_POINT('',(263.5,-89.25,0.));
#9903 = DIRECTION('',(1.,0.,-0.));
#9904 = DIRECTION('',(0.,-1.,0.));
#9905 = ADVANCED_FACE('',(#9906),#9931,.T.);
#9906 = FACE_BOUND('',#9907,.T.);
#9907 = EDGE_LOOP('',(#9908,#9909,#9917,#9925));
#9908 = ORIENTED_EDGE('',*,*,#9856,.T.);
#9909 = ORIENTED_EDGE('',*,*,#9910,.T.);
#9910 = EDGE_CURVE('',#9849,#9911,#9913,.T.);
#9911 = VERTEX_POINT('',#9912);
#9912 = CARTESIAN_POINT('',(170.5,-89.25,1.51));
#9913 = LINE('',#9914,#9915);
#9914 = CARTESIAN_POINT('',(170.5,-196.25,1.51));
#9915 = VECTOR('',#9916,1.);
#9916 = DIRECTION('',(0.,1.,0.));
#9917 = ORIENTED_EDGE('',*,*,#9918,.F.);
#9918 = EDGE_CURVE('',#9919,#9911,#9921,.T.);
#9919 = VERTEX_POINT('',#9920);
#9920 = CARTESIAN_POINT('',(170.5,-89.25,0.));
#9921 = LINE('',#9922,#9923);
#9922 = CARTESIAN_POINT('',(170.5,-89.25,0.));
#9923 = VECTOR('',#9924,1.);
#9924 = DIRECTION('',(0.,0.,1.));
#9925 = ORIENTED_EDGE('',*,*,#9926,.F.);
#9926 = EDGE_CURVE('',#9857,#9919,#9927,.T.);
#9927 = LINE('',#9928,#9929);
#9928 = CARTESIAN_POINT('',(170.5,-196.25,0.));
#9929 = VECTOR('',#9930,1.);
#9930 = DIRECTION('',(0.,1.,0.));
#9931 = PLANE('',#9932);
#9932 = AXIS2_PLACEMENT_3D('',#9933,#9934,#9935);
#9933 = CARTESIAN_POINT('',(170.5,-196.25,0.));
#9934 = DIRECTION('',(-1.,0.,0.));
#9935 = DIRECTION('',(0.,1.,0.));
#9936 = ADVANCED_FACE('',(#9937,#9948,#9959,#9970,#9981,#9992,#10003,
    #10014,#10025,#10036,#10047,#10058,#10069,#10080,#10091,#10102,
    #10113,#10124,#10135,#10146,#10157,#10168,#10179,#10190,#10201,
    #10212,#10223,#10234,#10245,#10256,#10267,#10278,#10289,#10300,
    #10311,#10322,#10333,#10344,#10355,#10366,#10377,#10388,#10399,
    #10410,#10421,#10432,#10443,#10454,#10465,#10476,#10487,#10498,
    #10509,#10520,#10531,#10542,#10553,#10564,#10575,#10586,#10597,
    #10608,#10619,#10630,#10641,#10652,#10663,#10674,#10685,#10696,
    #10707,#10718,#10729,#10740,#10751,#10762,#10773,#10784,#10795,
    #10806,#10817,#10828,#10839,#10850,#10861,#10872,#10883,#10894,
    #10905,#10916,#10927,#10938,#10949,#10960,#10971,#10982,#10993,
    #11004,#11015,#11026,#11037,#11048,#11059,#11070,#11081,#11092,
    #11103,#11114,#11125,#11136,#11147,#11158,#11169,#11180,#11191,
    #11202,#11213,#11224),#11235,.F.);
#9937 = FACE_BOUND('',#9938,.F.);
#9938 = EDGE_LOOP('',(#9939,#9940,#9941,#9947));
#9939 = ORIENTED_EDGE('',*,*,#9864,.F.);
#9940 = ORIENTED_EDGE('',*,*,#9895,.F.);
#9941 = ORIENTED_EDGE('',*,*,#9942,.F.);
#9942 = EDGE_CURVE('',#9919,#9879,#9943,.T.);
#9943 = LINE('',#9944,#9945);
#9944 = CARTESIAN_POINT('',(170.5,-89.25,0.));
#9945 = VECTOR('',#9946,1.);
#9946 = DIRECTION('',(1.,0.,0.));
#9947 = ORIENTED_EDGE('',*,*,#9926,.F.);
#9948 = FACE_BOUND('',#9949,.F.);
#9949 = EDGE_LOOP('',(#9950));
#9950 = ORIENTED_EDGE('',*,*,#9951,.T.);
#9951 = EDGE_CURVE('',#9952,#9952,#9954,.T.);
#9952 = VERTEX_POINT('',#9953);
#9953 = CARTESIAN_POINT('',(174.,-193.4,0.));
#9954 = CIRCLE('',#9955,1.65);
#9955 = AXIS2_PLACEMENT_3D('',#9956,#9957,#9958);
#9956 = CARTESIAN_POINT('',(174.,-191.75,0.));
#9957 = DIRECTION('',(-0.,0.,-1.));
#9958 = DIRECTION('',(-0.,-1.,0.));
#9959 = FACE_BOUND('',#9960,.F.);
#9960 = EDGE_LOOP('',(#9961));
#9961 = ORIENTED_EDGE('',*,*,#9962,.T.);
#9962 = EDGE_CURVE('',#9963,#9963,#9965,.T.);
#9963 = VERTEX_POINT('',#9964);
#9964 = CARTESIAN_POINT('',(172.5,-186.36,0.));
#9965 = CIRCLE('',#9966,0.8);
#9966 = AXIS2_PLACEMENT_3D('',#9967,#9968,#9969);
#9967 = CARTESIAN_POINT('',(172.5,-185.56,0.));
#9968 = DIRECTION('',(-0.,0.,-1.));
#9969 = DIRECTION('',(-0.,-1.,0.));
#9970 = FACE_BOUND('',#9971,.F.);
#9971 = EDGE_LOOP('',(#9972));
#9972 = ORIENTED_EDGE('',*,*,#9973,.T.);
#9973 = EDGE_CURVE('',#9974,#9974,#9976,.T.);
#9974 = VERTEX_POINT('',#9975);
#9975 = CARTESIAN_POINT('',(178.5,-183.91,0.));
#9976 = CIRCLE('',#9977,1.5);
#9977 = AXIS2_PLACEMENT_3D('',#9978,#9979,#9980);
#9978 = CARTESIAN_POINT('',(178.5,-182.41,0.));
#9979 = DIRECTION('',(-0.,0.,-1.));
#9980 = DIRECTION('',(-0.,-1.,0.));
#9981 = FACE_BOUND('',#9982,.F.);
#9982 = EDGE_LOOP('',(#9983));
#9983 = ORIENTED_EDGE('',*,*,#9984,.T.);
#9984 = EDGE_CURVE('',#9985,#9985,#9987,.T.);
#9985 = VERTEX_POINT('',#9986);
#9986 = CARTESIAN_POINT('',(186.71,-192.1945,0.));
#9987 = CIRCLE('',#9988,0.4445);
#9988 = AXIS2_PLACEMENT_3D('',#9989,#9990,#9991);
#9989 = CARTESIAN_POINT('',(186.71,-191.75,0.));
#9990 = DIRECTION('',(-0.,0.,-1.));
#9991 = DIRECTION('',(-0.,-1.,0.));
#9992 = FACE_BOUND('',#9993,.F.);
#9993 = EDGE_LOOP('',(#9994));
#9994 = ORIENTED_EDGE('',*,*,#9995,.T.);
#9995 = EDGE_CURVE('',#9996,#9996,#9998,.T.);
#9996 = VERTEX_POINT('',#9997);
#9997 = CARTESIAN_POINT('',(189.25,-192.1945,0.));
#9998 = CIRCLE('',#9999,0.4445);
#9999 = AXIS2_PLACEMENT_3D('',#10000,#10001,#10002);
#10000 = CARTESIAN_POINT('',(189.25,-191.75,0.));
#10001 = DIRECTION('',(-0.,0.,-1.));
#10002 = DIRECTION('',(-0.,-1.,0.));
#10003 = FACE_BOUND('',#10004,.F.);
#10004 = EDGE_LOOP('',(#10005));
#10005 = ORIENTED_EDGE('',*,*,#10006,.T.);
#10006 = EDGE_CURVE('',#10007,#10007,#10009,.T.);
#10007 = VERTEX_POINT('',#10008);
#10008 = CARTESIAN_POINT('',(191.79,-192.1945,0.));
#10009 = CIRCLE('',#10010,0.4445);
#10010 = AXIS2_PLACEMENT_3D('',#10011,#10012,#10013);
#10011 = CARTESIAN_POINT('',(191.79,-191.75,0.));
#10012 = DIRECTION('',(-0.,0.,-1.));
#10013 = DIRECTION('',(-0.,-1.,0.));
#10014 = FACE_BOUND('',#10015,.F.);
#10015 = EDGE_LOOP('',(#10016));
#10016 = ORIENTED_EDGE('',*,*,#10017,.T.);
#10017 = EDGE_CURVE('',#10018,#10018,#10020,.T.);
#10018 = VERTEX_POINT('',#10019);
#10019 = CARTESIAN_POINT('',(189.25,-189.1945,0.));
#10020 = CIRCLE('',#10021,0.4445);
#10021 = AXIS2_PLACEMENT_3D('',#10022,#10023,#10024);
#10022 = CARTESIAN_POINT('',(189.25,-188.75,0.));
#10023 = DIRECTION('',(-0.,0.,-1.));
#10024 = DIRECTION('',(-0.,-1.,0.));
#10025 = FACE_BOUND('',#10026,.F.);
#10026 = EDGE_LOOP('',(#10027));
#10027 = ORIENTED_EDGE('',*,*,#10028,.T.);
#10028 = EDGE_CURVE('',#10029,#10029,#10031,.T.);
#10029 = VERTEX_POINT('',#10030);
#10030 = CARTESIAN_POINT('',(191.75,-189.1945,0.));
#10031 = CIRCLE('',#10032,0.4445);
#10032 = AXIS2_PLACEMENT_3D('',#10033,#10034,#10035);
#10033 = CARTESIAN_POINT('',(191.75,-188.75,0.));
#10034 = DIRECTION('',(-0.,0.,-1.));
#10035 = DIRECTION('',(-0.,-1.,0.));
#10036 = FACE_BOUND('',#10037,.F.);
#10037 = EDGE_LOOP('',(#10038));
#10038 = ORIENTED_EDGE('',*,*,#10039,.T.);
#10039 = EDGE_CURVE('',#10040,#10040,#10042,.T.);
#10040 = VERTEX_POINT('',#10041);
#10041 = CARTESIAN_POINT('',(187.,-181.65,0.));
#10042 = CIRCLE('',#10043,0.15);
#10043 = AXIS2_PLACEMENT_3D('',#10044,#10045,#10046);
#10044 = CARTESIAN_POINT('',(187.,-181.5,0.));
#10045 = DIRECTION('',(-0.,0.,-1.));
#10046 = DIRECTION('',(-0.,-1.,0.));
#10047 = FACE_BOUND('',#10048,.F.);
#10048 = EDGE_LOOP('',(#10049));
#10049 = ORIENTED_EDGE('',*,*,#10050,.T.);
#10050 = EDGE_CURVE('',#10051,#10051,#10053,.T.);
#10051 = VERTEX_POINT('',#10052);
#10052 = CARTESIAN_POINT('',(178.5,-176.71,0.));
#10053 = CIRCLE('',#10054,1.5);
#10054 = AXIS2_PLACEMENT_3D('',#10055,#10056,#10057);
#10055 = CARTESIAN_POINT('',(178.5,-175.21,0.));
#10056 = DIRECTION('',(-0.,0.,-1.));
#10057 = DIRECTION('',(-0.,-1.,0.));
#10058 = FACE_BOUND('',#10059,.F.);
#10059 = EDGE_LOOP('',(#10060));
#10060 = ORIENTED_EDGE('',*,*,#10061,.T.);
#10061 = EDGE_CURVE('',#10062,#10062,#10064,.T.);
#10062 = VERTEX_POINT('',#10063);
#10063 = CARTESIAN_POINT('',(172.5,-172.86,0.));
#10064 = CIRCLE('',#10065,0.8);
#10065 = AXIS2_PLACEMENT_3D('',#10066,#10067,#10068);
#10066 = CARTESIAN_POINT('',(172.5,-172.06,0.));
#10067 = DIRECTION('',(-0.,0.,-1.));
#10068 = DIRECTION('',(-0.,-1.,0.));
#10069 = FACE_BOUND('',#10070,.F.);
#10070 = EDGE_LOOP('',(#10071));
#10071 = ORIENTED_EDGE('',*,*,#10072,.T.);
#10072 = EDGE_CURVE('',#10073,#10073,#10075,.T.);
#10073 = VERTEX_POINT('',#10074);
#10074 = CARTESIAN_POINT('',(194.33,-192.1945,0.));
#10075 = CIRCLE('',#10076,0.4445);
#10076 = AXIS2_PLACEMENT_3D('',#10077,#10078,#10079);
#10077 = CARTESIAN_POINT('',(194.33,-191.75,0.));
#10078 = DIRECTION('',(-0.,0.,-1.));
#10079 = DIRECTION('',(6.39408536117E-14,-1.,-0.));
#10080 = FACE_BOUND('',#10081,.F.);
#10081 = EDGE_LOOP('',(#10082));
#10082 = ORIENTED_EDGE('',*,*,#10083,.T.);
#10083 = EDGE_CURVE('',#10084,#10084,#10086,.T.);
#10084 = VERTEX_POINT('',#10085);
#10085 = CARTESIAN_POINT('',(198.75,-192.1945,0.));
#10086 = CIRCLE('',#10087,0.4445);
#10087 = AXIS2_PLACEMENT_3D('',#10088,#10089,#10090);
#10088 = CARTESIAN_POINT('',(198.75,-191.75,0.));
#10089 = DIRECTION('',(-0.,0.,-1.));
#10090 = DIRECTION('',(-0.,-1.,0.));
#10091 = FACE_BOUND('',#10092,.F.);
#10092 = EDGE_LOOP('',(#10093));
#10093 = ORIENTED_EDGE('',*,*,#10094,.T.);
#10094 = EDGE_CURVE('',#10095,#10095,#10097,.T.);
#10095 = VERTEX_POINT('',#10096);
#10096 = CARTESIAN_POINT('',(201.29,-192.1945,0.));
#10097 = CIRCLE('',#10098,0.4445);
#10098 = AXIS2_PLACEMENT_3D('',#10099,#10100,#10101);
#10099 = CARTESIAN_POINT('',(201.29,-191.75,0.));
#10100 = DIRECTION('',(-0.,0.,-1.));
#10101 = DIRECTION('',(-0.,-1.,0.));
#10102 = FACE_BOUND('',#10103,.F.);
#10103 = EDGE_LOOP('',(#10104));
#10104 = ORIENTED_EDGE('',*,*,#10105,.T.);
#10105 = EDGE_CURVE('',#10106,#10106,#10108,.T.);
#10106 = VERTEX_POINT('',#10107);
#10107 = CARTESIAN_POINT('',(203.83,-192.1945,0.));
#10108 = CIRCLE('',#10109,0.4445);
#10109 = AXIS2_PLACEMENT_3D('',#10110,#10111,#10112);
#10110 = CARTESIAN_POINT('',(203.83,-191.75,0.));
#10111 = DIRECTION('',(-0.,0.,-1.));
#10112 = DIRECTION('',(6.39408536117E-14,-1.,-0.));
#10113 = FACE_BOUND('',#10114,.F.);
#10114 = EDGE_LOOP('',(#10115));
#10115 = ORIENTED_EDGE('',*,*,#10116,.T.);
#10116 = EDGE_CURVE('',#10117,#10117,#10119,.T.);
#10117 = VERTEX_POINT('',#10118);
#10118 = CARTESIAN_POINT('',(206.37,-192.1945,0.));
#10119 = CIRCLE('',#10120,0.4445);
#10120 = AXIS2_PLACEMENT_3D('',#10121,#10122,#10123);
#10121 = CARTESIAN_POINT('',(206.37,-191.75,0.));
#10122 = DIRECTION('',(-0.,0.,-1.));
#10123 = DIRECTION('',(-0.,-1.,0.));
#10124 = FACE_BOUND('',#10125,.F.);
#10125 = EDGE_LOOP('',(#10126));
#10126 = ORIENTED_EDGE('',*,*,#10127,.T.);
#10127 = EDGE_CURVE('',#10128,#10128,#10130,.T.);
#10128 = VERTEX_POINT('',#10129);
#10129 = CARTESIAN_POINT('',(209.96,-192.1945,0.));
#10130 = CIRCLE('',#10131,0.4445);
#10131 = AXIS2_PLACEMENT_3D('',#10132,#10133,#10134);
#10132 = CARTESIAN_POINT('',(209.96,-191.75,0.));
#10133 = DIRECTION('',(-0.,0.,-1.));
#10134 = DIRECTION('',(-0.,-1.,0.));
#10135 = FACE_BOUND('',#10136,.F.);
#10136 = EDGE_LOOP('',(#10137));
#10137 = ORIENTED_EDGE('',*,*,#10138,.T.);
#10138 = EDGE_CURVE('',#10139,#10139,#10141,.T.);
#10139 = VERTEX_POINT('',#10140);
#10140 = CARTESIAN_POINT('',(212.5,-192.1945,0.));
#10141 = CIRCLE('',#10142,0.4445);
#10142 = AXIS2_PLACEMENT_3D('',#10143,#10144,#10145);
#10143 = CARTESIAN_POINT('',(212.5,-191.75,0.));
#10144 = DIRECTION('',(-0.,0.,-1.));
#10145 = DIRECTION('',(-0.,-1.,0.));
#10146 = FACE_BOUND('',#10147,.F.);
#10147 = EDGE_LOOP('',(#10148));
#10148 = ORIENTED_EDGE('',*,*,#10149,.T.);
#10149 = EDGE_CURVE('',#10150,#10150,#10152,.T.);
#10150 = VERTEX_POINT('',#10151);
#10151 = CARTESIAN_POINT('',(215.04,-192.1945,0.));
#10152 = CIRCLE('',#10153,0.4445);
#10153 = AXIS2_PLACEMENT_3D('',#10154,#10155,#10156);
#10154 = CARTESIAN_POINT('',(215.04,-191.75,0.));
#10155 = DIRECTION('',(-0.,0.,-1.));
#10156 = DIRECTION('',(-0.,-1.,0.));
#10157 = FACE_BOUND('',#10158,.F.);
#10158 = EDGE_LOOP('',(#10159));
#10159 = ORIENTED_EDGE('',*,*,#10160,.T.);
#10160 = EDGE_CURVE('',#10161,#10161,#10163,.T.);
#10161 = VERTEX_POINT('',#10162);
#10162 = CARTESIAN_POINT('',(211.75,-186.356,0.));
#10163 = CIRCLE('',#10164,0.15);
#10164 = AXIS2_PLACEMENT_3D('',#10165,#10166,#10167);
#10165 = CARTESIAN_POINT('',(211.75,-186.206,0.));
#10166 = DIRECTION('',(-0.,0.,-1.));
#10167 = DIRECTION('',(-0.,-1.,0.));
#10168 = FACE_BOUND('',#10169,.F.);
#10169 = EDGE_LOOP('',(#10170));
#10170 = ORIENTED_EDGE('',*,*,#10171,.T.);
#10171 = EDGE_CURVE('',#10172,#10172,#10174,.T.);
#10172 = VERTEX_POINT('',#10173);
#10173 = CARTESIAN_POINT('',(214.25,-186.356,0.));
#10174 = CIRCLE('',#10175,0.15);
#10175 = AXIS2_PLACEMENT_3D('',#10176,#10177,#10178);
#10176 = CARTESIAN_POINT('',(214.25,-186.206,0.));
#10177 = DIRECTION('',(-0.,0.,-1.));
#10178 = DIRECTION('',(-0.,-1.,0.));
#10179 = FACE_BOUND('',#10180,.F.);
#10180 = EDGE_LOOP('',(#10181));
#10181 = ORIENTED_EDGE('',*,*,#10182,.T.);
#10182 = EDGE_CURVE('',#10183,#10183,#10185,.T.);
#10183 = VERTEX_POINT('',#10184);
#10184 = CARTESIAN_POINT('',(172.5,-168.46,0.));
#10185 = CIRCLE('',#10186,0.8);
#10186 = AXIS2_PLACEMENT_3D('',#10187,#10188,#10189);
#10187 = CARTESIAN_POINT('',(172.5,-167.66,0.));
#10188 = DIRECTION('',(-0.,0.,-1.));
#10189 = DIRECTION('',(-0.,-1.,0.));
#10190 = FACE_BOUND('',#10191,.F.);
#10191 = EDGE_LOOP('',(#10192));
#10192 = ORIENTED_EDGE('',*,*,#10193,.T.);
#10193 = EDGE_CURVE('',#10194,#10194,#10196,.T.);
#10194 = VERTEX_POINT('',#10195);
#10195 = CARTESIAN_POINT('',(178.5,-166.01,0.));
#10196 = CIRCLE('',#10197,1.5);
#10197 = AXIS2_PLACEMENT_3D('',#10198,#10199,#10200);
#10198 = CARTESIAN_POINT('',(178.5,-164.51,0.));
#10199 = DIRECTION('',(-0.,0.,-1.));
#10200 = DIRECTION('',(-0.,-1.,0.));
#10201 = FACE_BOUND('',#10202,.F.);
#10202 = EDGE_LOOP('',(#10203));
#10203 = ORIENTED_EDGE('',*,*,#10204,.T.);
#10204 = EDGE_CURVE('',#10205,#10205,#10207,.T.);
#10205 = VERTEX_POINT('',#10206);
#10206 = CARTESIAN_POINT('',(178.5,-158.81,0.));
#10207 = CIRCLE('',#10208,1.5);
#10208 = AXIS2_PLACEMENT_3D('',#10209,#10210,#10211);
#10209 = CARTESIAN_POINT('',(178.5,-157.31,0.));
#10210 = DIRECTION('',(-0.,0.,-1.));
#10211 = DIRECTION('',(-0.,-1.,0.));
#10212 = FACE_BOUND('',#10213,.F.);
#10213 = EDGE_LOOP('',(#10214));
#10214 = ORIENTED_EDGE('',*,*,#10215,.T.);
#10215 = EDGE_CURVE('',#10216,#10216,#10218,.T.);
#10216 = VERTEX_POINT('',#10217);
#10217 = CARTESIAN_POINT('',(172.5,-154.96,0.));
#10218 = CIRCLE('',#10219,0.8);
#10219 = AXIS2_PLACEMENT_3D('',#10220,#10221,#10222);
#10220 = CARTESIAN_POINT('',(172.5,-154.16,0.));
#10221 = DIRECTION('',(-0.,0.,-1.));
#10222 = DIRECTION('',(-0.,-1.,0.));
#10223 = FACE_BOUND('',#10224,.F.);
#10224 = EDGE_LOOP('',(#10225));
#10225 = ORIENTED_EDGE('',*,*,#10226,.T.);
#10226 = EDGE_CURVE('',#10227,#10227,#10229,.T.);
#10227 = VERTEX_POINT('',#10228);
#10228 = CARTESIAN_POINT('',(172.5,-150.61,0.));
#10229 = CIRCLE('',#10230,0.8);
#10230 = AXIS2_PLACEMENT_3D('',#10231,#10232,#10233);
#10231 = CARTESIAN_POINT('',(172.5,-149.81,0.));
#10232 = DIRECTION('',(-0.,0.,-1.));
#10233 = DIRECTION('',(-0.,-1.,0.));
#10234 = FACE_BOUND('',#10235,.F.);
#10235 = EDGE_LOOP('',(#10236));
#10236 = ORIENTED_EDGE('',*,*,#10237,.T.);
#10237 = EDGE_CURVE('',#10238,#10238,#10240,.T.);
#10238 = VERTEX_POINT('',#10239);
#10239 = CARTESIAN_POINT('',(178.5,-148.16,0.));
#10240 = CIRCLE('',#10241,1.5);
#10241 = AXIS2_PLACEMENT_3D('',#10242,#10243,#10244);
#10242 = CARTESIAN_POINT('',(178.5,-146.66,0.));
#10243 = DIRECTION('',(-0.,0.,-1.));
#10244 = DIRECTION('',(-0.,-1.,0.));
#10245 = FACE_BOUND('',#10246,.F.);
#10246 = EDGE_LOOP('',(#10247));
#10247 = ORIENTED_EDGE('',*,*,#10248,.T.);
#10248 = EDGE_CURVE('',#10249,#10249,#10251,.T.);
#10249 = VERTEX_POINT('',#10250);
#10250 = CARTESIAN_POINT('',(186.4,-152.706,0.));
#10251 = CIRCLE('',#10252,0.4);
#10252 = AXIS2_PLACEMENT_3D('',#10253,#10254,#10255);
#10253 = CARTESIAN_POINT('',(186.4,-152.306,0.));
#10254 = DIRECTION('',(-0.,0.,-1.));
#10255 = DIRECTION('',(-0.,-1.,0.));
#10256 = FACE_BOUND('',#10257,.F.);
#10257 = EDGE_LOOP('',(#10258));
#10258 = ORIENTED_EDGE('',*,*,#10259,.T.);
#10259 = EDGE_CURVE('',#10260,#10260,#10262,.T.);
#10260 = VERTEX_POINT('',#10261);
#10261 = CARTESIAN_POINT('',(208.35,-158.306,0.));
#10262 = CIRCLE('',#10263,0.25);
#10263 = AXIS2_PLACEMENT_3D('',#10264,#10265,#10266);
#10264 = CARTESIAN_POINT('',(208.35,-158.056,0.));
#10265 = DIRECTION('',(-0.,0.,-1.));
#10266 = DIRECTION('',(-0.,-1.,0.));
#10267 = FACE_BOUND('',#10268,.F.);
#10268 = EDGE_LOOP('',(#10269));
#10269 = ORIENTED_EDGE('',*,*,#10270,.T.);
#10270 = EDGE_CURVE('',#10271,#10271,#10273,.T.);
#10271 = VERTEX_POINT('',#10272);
#10272 = CARTESIAN_POINT('',(216.,-156.856,0.));
#10273 = CIRCLE('',#10274,0.4);
#10274 = AXIS2_PLACEMENT_3D('',#10275,#10276,#10277);
#10275 = CARTESIAN_POINT('',(216.,-156.456,0.));
#10276 = DIRECTION('',(-0.,0.,-1.));
#10277 = DIRECTION('',(-0.,-1.,0.));
#10278 = FACE_BOUND('',#10279,.F.);
#10279 = EDGE_LOOP('',(#10280));
#10280 = ORIENTED_EDGE('',*,*,#10281,.T.);
#10281 = EDGE_CURVE('',#10282,#10282,#10284,.T.);
#10282 = VERTEX_POINT('',#10283);
#10283 = CARTESIAN_POINT('',(199.1,-152.706,0.));
#10284 = CIRCLE('',#10285,0.4);
#10285 = AXIS2_PLACEMENT_3D('',#10286,#10287,#10288);
#10286 = CARTESIAN_POINT('',(199.1,-152.306,0.));
#10287 = DIRECTION('',(-0.,0.,-1.));
#10288 = DIRECTION('',(-0.,-1.,0.));
#10289 = FACE_BOUND('',#10290,.F.);
#10290 = EDGE_LOOP('',(#10291));
#10291 = ORIENTED_EDGE('',*,*,#10292,.T.);
#10292 = EDGE_CURVE('',#10293,#10293,#10295,.T.);
#10293 = VERTEX_POINT('',#10294);
#10294 = CARTESIAN_POINT('',(197.,-146.162,0.));
#10295 = CIRCLE('',#10296,0.15);
#10296 = AXIS2_PLACEMENT_3D('',#10297,#10298,#10299);
#10297 = CARTESIAN_POINT('',(197.,-146.012,0.));
#10298 = DIRECTION('',(-0.,0.,-1.));
#10299 = DIRECTION('',(-0.,-1.,0.));
#10300 = FACE_BOUND('',#10301,.F.);
#10301 = EDGE_LOOP('',(#10302));
#10302 = ORIENTED_EDGE('',*,*,#10303,.T.);
#10303 = EDGE_CURVE('',#10304,#10304,#10306,.T.);
#10304 = VERTEX_POINT('',#10305);
#10305 = CARTESIAN_POINT('',(210.897,-146.162,0.));
#10306 = CIRCLE('',#10307,0.15);
#10307 = AXIS2_PLACEMENT_3D('',#10308,#10309,#10310);
#10308 = CARTESIAN_POINT('',(210.897,-146.012,0.));
#10309 = DIRECTION('',(-0.,0.,-1.));
#10310 = DIRECTION('',(-0.,-1.,0.));
#10311 = FACE_BOUND('',#10312,.F.);
#10312 = EDGE_LOOP('',(#10313));
#10313 = ORIENTED_EDGE('',*,*,#10314,.T.);
#10314 = EDGE_CURVE('',#10315,#10315,#10317,.T.);
#10315 = VERTEX_POINT('',#10316);
#10316 = CARTESIAN_POINT('',(207.25,-145.4445,0.));
#10317 = CIRCLE('',#10318,0.4445);
#10318 = AXIS2_PLACEMENT_3D('',#10319,#10320,#10321);
#10319 = CARTESIAN_POINT('',(207.25,-145.,0.));
#10320 = DIRECTION('',(-0.,0.,-1.));
#10321 = DIRECTION('',(-0.,-1.,0.));
#10322 = FACE_BOUND('',#10323,.F.);
#10323 = EDGE_LOOP('',(#10324));
#10324 = ORIENTED_EDGE('',*,*,#10325,.T.);
#10325 = EDGE_CURVE('',#10326,#10326,#10328,.T.);
#10326 = VERTEX_POINT('',#10327);
#10327 = CARTESIAN_POINT('',(216.3,-147.15,0.));
#10328 = CIRCLE('',#10329,0.4);
#10329 = AXIS2_PLACEMENT_3D('',#10330,#10331,#10332);
#10330 = CARTESIAN_POINT('',(216.3,-146.75,0.));
#10331 = DIRECTION('',(-0.,0.,-1.));
#10332 = DIRECTION('',(-0.,-1.,0.));
#10333 = FACE_BOUND('',#10334,.F.);
#10334 = EDGE_LOOP('',(#10335));
#10335 = ORIENTED_EDGE('',*,*,#10336,.T.);
#10336 = EDGE_CURVE('',#10337,#10337,#10339,.T.);
#10337 = VERTEX_POINT('',#10338);
#10338 = CARTESIAN_POINT('',(216.206,-142.9,0.));
#10339 = CIRCLE('',#10340,0.15);
#10340 = AXIS2_PLACEMENT_3D('',#10341,#10342,#10343);
#10341 = CARTESIAN_POINT('',(216.206,-142.75,0.));
#10342 = DIRECTION('',(-0.,0.,-1.));
#10343 = DIRECTION('',(-1.894780628694E-13,-1.,0.));
#10344 = FACE_BOUND('',#10345,.F.);
#10345 = EDGE_LOOP('',(#10346));
#10346 = ORIENTED_EDGE('',*,*,#10347,.T.);
#10347 = EDGE_CURVE('',#10348,#10348,#10350,.T.);
#10348 = VERTEX_POINT('',#10349);
#10349 = CARTESIAN_POINT('',(217.58,-192.1945,0.));
#10350 = CIRCLE('',#10351,0.4445);
#10351 = AXIS2_PLACEMENT_3D('',#10352,#10353,#10354);
#10352 = CARTESIAN_POINT('',(217.58,-191.75,0.));
#10353 = DIRECTION('',(-0.,0.,-1.));
#10354 = DIRECTION('',(6.39408536117E-14,-1.,-0.));
#10355 = FACE_BOUND('',#10356,.F.);
#10356 = EDGE_LOOP('',(#10357));
#10357 = ORIENTED_EDGE('',*,*,#10358,.T.);
#10358 = EDGE_CURVE('',#10359,#10359,#10361,.T.);
#10359 = VERTEX_POINT('',#10360);
#10360 = CARTESIAN_POINT('',(221.75,-192.1945,0.));
#10361 = CIRCLE('',#10362,0.4445);
#10362 = AXIS2_PLACEMENT_3D('',#10363,#10364,#10365);
#10363 = CARTESIAN_POINT('',(221.75,-191.75,0.));
#10364 = DIRECTION('',(-0.,0.,-1.));
#10365 = DIRECTION('',(-0.,-1.,0.));
#10366 = FACE_BOUND('',#10367,.F.);
#10367 = EDGE_LOOP('',(#10368));
#10368 = ORIENTED_EDGE('',*,*,#10369,.T.);
#10369 = EDGE_CURVE('',#10370,#10370,#10372,.T.);
#10370 = VERTEX_POINT('',#10371);
#10371 = CARTESIAN_POINT('',(224.29,-192.1945,0.));
#10372 = CIRCLE('',#10373,0.4445);
#10373 = AXIS2_PLACEMENT_3D('',#10374,#10375,#10376);
#10374 = CARTESIAN_POINT('',(224.29,-191.75,0.));
#10375 = DIRECTION('',(-0.,0.,-1.));
#10376 = DIRECTION('',(-0.,-1.,0.));
#10377 = FACE_BOUND('',#10378,.F.);
#10378 = EDGE_LOOP('',(#10379));
#10379 = ORIENTED_EDGE('',*,*,#10380,.T.);
#10380 = EDGE_CURVE('',#10381,#10381,#10383,.T.);
#10381 = VERTEX_POINT('',#10382);
#10382 = CARTESIAN_POINT('',(226.83,-192.1945,0.));
#10383 = CIRCLE('',#10384,0.4445);
#10384 = AXIS2_PLACEMENT_3D('',#10385,#10386,#10387);
#10385 = CARTESIAN_POINT('',(226.83,-191.75,0.));
#10386 = DIRECTION('',(-0.,0.,-1.));
#10387 = DIRECTION('',(6.39408536117E-14,-1.,-0.));
#10388 = FACE_BOUND('',#10389,.F.);
#10389 = EDGE_LOOP('',(#10390));
#10390 = ORIENTED_EDGE('',*,*,#10391,.T.);
#10391 = EDGE_CURVE('',#10392,#10392,#10394,.T.);
#10392 = VERTEX_POINT('',#10393);
#10393 = CARTESIAN_POINT('',(223.25,-182.4445,0.));
#10394 = CIRCLE('',#10395,0.4445);
#10395 = AXIS2_PLACEMENT_3D('',#10396,#10397,#10398);
#10396 = CARTESIAN_POINT('',(223.25,-182.,0.));
#10397 = DIRECTION('',(-0.,0.,-1.));
#10398 = DIRECTION('',(-0.,-1.,0.));
#10399 = FACE_BOUND('',#10400,.F.);
#10400 = EDGE_LOOP('',(#10401));
#10401 = ORIENTED_EDGE('',*,*,#10402,.T.);
#10402 = EDGE_CURVE('',#10403,#10403,#10405,.T.);
#10403 = VERTEX_POINT('',#10404);
#10404 = CARTESIAN_POINT('',(230.,-192.1945,0.));
#10405 = CIRCLE('',#10406,0.4445);
#10406 = AXIS2_PLACEMENT_3D('',#10407,#10408,#10409);
#10407 = CARTESIAN_POINT('',(230.,-191.75,0.));
#10408 = DIRECTION('',(-0.,0.,-1.));
#10409 = DIRECTION('',(-0.,-1.,0.));
#10410 = FACE_BOUND('',#10411,.F.);
#10411 = EDGE_LOOP('',(#10412));
#10412 = ORIENTED_EDGE('',*,*,#10413,.T.);
#10413 = EDGE_CURVE('',#10414,#10414,#10416,.T.);
#10414 = VERTEX_POINT('',#10415);
#10415 = CARTESIAN_POINT('',(232.54,-192.1945,0.));
#10416 = CIRCLE('',#10417,0.4445);
#10417 = AXIS2_PLACEMENT_3D('',#10418,#10419,#10420);
#10418 = CARTESIAN_POINT('',(232.54,-191.75,0.));
#10419 = DIRECTION('',(-0.,0.,-1.));
#10420 = DIRECTION('',(-0.,-1.,0.));
#10421 = FACE_BOUND('',#10422,.F.);
#10422 = EDGE_LOOP('',(#10423));
#10423 = ORIENTED_EDGE('',*,*,#10424,.T.);
#10424 = EDGE_CURVE('',#10425,#10425,#10427,.T.);
#10425 = VERTEX_POINT('',#10426);
#10426 = CARTESIAN_POINT('',(237.25,-192.1945,0.));
#10427 = CIRCLE('',#10428,0.4445);
#10428 = AXIS2_PLACEMENT_3D('',#10429,#10430,#10431);
#10429 = CARTESIAN_POINT('',(237.25,-191.75,0.));
#10430 = DIRECTION('',(-0.,0.,-1.));
#10431 = DIRECTION('',(-0.,-1.,0.));
#10432 = FACE_BOUND('',#10433,.F.);
#10433 = EDGE_LOOP('',(#10434));
#10434 = ORIENTED_EDGE('',*,*,#10435,.T.);
#10435 = EDGE_CURVE('',#10436,#10436,#10438,.T.);
#10436 = VERTEX_POINT('',#10437);
#10437 = CARTESIAN_POINT('',(238.25,-184.9,0.));
#10438 = CIRCLE('',#10439,0.15);
#10439 = AXIS2_PLACEMENT_3D('',#10440,#10441,#10442);
#10440 = CARTESIAN_POINT('',(238.25,-184.75,0.));
#10441 = DIRECTION('',(-0.,0.,-1.));
#10442 = DIRECTION('',(-0.,-1.,0.));
#10443 = FACE_BOUND('',#10444,.F.);
#10444 = EDGE_LOOP('',(#10445));
#10445 = ORIENTED_EDGE('',*,*,#10446,.T.);
#10446 = EDGE_CURVE('',#10447,#10447,#10449,.T.);
#10447 = VERTEX_POINT('',#10448);
#10448 = CARTESIAN_POINT('',(236.75,-178.4,0.));
#10449 = CIRCLE('',#10450,0.15);
#10450 = AXIS2_PLACEMENT_3D('',#10451,#10452,#10453);
#10451 = CARTESIAN_POINT('',(236.75,-178.25,0.));
#10452 = DIRECTION('',(-0.,0.,-1.));
#10453 = DIRECTION('',(-0.,-1.,0.));
#10454 = FACE_BOUND('',#10455,.F.);
#10455 = EDGE_LOOP('',(#10456));
#10456 = ORIENTED_EDGE('',*,*,#10457,.T.);
#10457 = EDGE_CURVE('',#10458,#10458,#10460,.T.);
#10458 = VERTEX_POINT('',#10459);
#10459 = CARTESIAN_POINT('',(229.,-171.6945,0.));
#10460 = CIRCLE('',#10461,0.4445);
#10461 = AXIS2_PLACEMENT_3D('',#10462,#10463,#10464);
#10462 = CARTESIAN_POINT('',(229.,-171.25,0.));
#10463 = DIRECTION('',(-0.,0.,-1.));
#10464 = DIRECTION('',(-0.,-1.,0.));
#10465 = FACE_BOUND('',#10466,.F.);
#10466 = EDGE_LOOP('',(#10467));
#10467 = ORIENTED_EDGE('',*,*,#10468,.T.);
#10468 = EDGE_CURVE('',#10469,#10469,#10471,.T.);
#10469 = VERTEX_POINT('',#10470);
#10470 = CARTESIAN_POINT('',(239.79,-192.1945,0.));
#10471 = CIRCLE('',#10472,0.4445);
#10472 = AXIS2_PLACEMENT_3D('',#10473,#10474,#10475);
#10473 = CARTESIAN_POINT('',(239.79,-191.75,0.));
#10474 = DIRECTION('',(-0.,0.,-1.));
#10475 = DIRECTION('',(-0.,-1.,0.));
#10476 = FACE_BOUND('',#10477,.F.);
#10477 = EDGE_LOOP('',(#10478));
#10478 = ORIENTED_EDGE('',*,*,#10479,.T.);
#10479 = EDGE_CURVE('',#10480,#10480,#10482,.T.);
#10480 = VERTEX_POINT('',#10481);
#10481 = CARTESIAN_POINT('',(242.33,-192.1945,0.));
#10482 = CIRCLE('',#10483,0.4445);
#10483 = AXIS2_PLACEMENT_3D('',#10484,#10485,#10486);
#10484 = CARTESIAN_POINT('',(242.33,-191.75,0.));
#10485 = DIRECTION('',(-0.,0.,-1.));
#10486 = DIRECTION('',(6.39408536117E-14,-1.,-0.));
#10487 = FACE_BOUND('',#10488,.F.);
#10488 = EDGE_LOOP('',(#10489));
#10489 = ORIENTED_EDGE('',*,*,#10490,.T.);
#10490 = EDGE_CURVE('',#10491,#10491,#10493,.T.);
#10491 = VERTEX_POINT('',#10492);
#10492 = CARTESIAN_POINT('',(244.87,-192.1945,0.));
#10493 = CIRCLE('',#10494,0.4445);
#10494 = AXIS2_PLACEMENT_3D('',#10495,#10496,#10497);
#10495 = CARTESIAN_POINT('',(244.87,-191.75,0.));
#10496 = DIRECTION('',(-0.,0.,-1.));
#10497 = DIRECTION('',(-0.,-1.,0.));
#10498 = FACE_BOUND('',#10499,.F.);
#10499 = EDGE_LOOP('',(#10500));
#10500 = ORIENTED_EDGE('',*,*,#10501,.T.);
#10501 = EDGE_CURVE('',#10502,#10502,#10504,.T.);
#10502 = VERTEX_POINT('',#10503);
#10503 = CARTESIAN_POINT('',(259.,-193.4,0.));
#10504 = CIRCLE('',#10505,1.65);
#10505 = AXIS2_PLACEMENT_3D('',#10506,#10507,#10508);
#10506 = CARTESIAN_POINT('',(259.,-191.75,0.));
#10507 = DIRECTION('',(-0.,0.,-1.));
#10508 = DIRECTION('',(-0.,-1.,0.));
#10509 = FACE_BOUND('',#10510,.F.);
#10510 = EDGE_LOOP('',(#10511));
#10511 = ORIENTED_EDGE('',*,*,#10512,.T.);
#10512 = EDGE_CURVE('',#10513,#10513,#10515,.T.);
#10513 = VERTEX_POINT('',#10514);
#10514 = CARTESIAN_POINT('',(260.5,-179.3145,0.));
#10515 = CIRCLE('',#10516,0.4445);
#10516 = AXIS2_PLACEMENT_3D('',#10517,#10518,#10519);
#10517 = CARTESIAN_POINT('',(260.5,-178.87,0.));
#10518 = DIRECTION('',(-0.,0.,-1.));
#10519 = DIRECTION('',(-0.,-1.,0.));
#10520 = FACE_BOUND('',#10521,.F.);
#10521 = EDGE_LOOP('',(#10522));
#10522 = ORIENTED_EDGE('',*,*,#10523,.T.);
#10523 = EDGE_CURVE('',#10524,#10524,#10526,.T.);
#10524 = VERTEX_POINT('',#10525);
#10525 = CARTESIAN_POINT('',(260.5,-176.7745,0.));
#10526 = CIRCLE('',#10527,0.4445);
#10527 = AXIS2_PLACEMENT_3D('',#10528,#10529,#10530);
#10528 = CARTESIAN_POINT('',(260.5,-176.33,0.));
#10529 = DIRECTION('',(-0.,0.,-1.));
#10530 = DIRECTION('',(-0.,-1.,0.));
#10531 = FACE_BOUND('',#10532,.F.);
#10532 = EDGE_LOOP('',(#10533));
#10533 = ORIENTED_EDGE('',*,*,#10534,.T.);
#10534 = EDGE_CURVE('',#10535,#10535,#10537,.T.);
#10535 = VERTEX_POINT('',#10536);
#10536 = CARTESIAN_POINT('',(260.5,-174.2345,0.));
#10537 = CIRCLE('',#10538,0.4445);
#10538 = AXIS2_PLACEMENT_3D('',#10539,#10540,#10541);
#10539 = CARTESIAN_POINT('',(260.5,-173.79,0.));
#10540 = DIRECTION('',(-0.,0.,-1.));
#10541 = DIRECTION('',(-0.,-1.,0.));
#10542 = FACE_BOUND('',#10543,.F.);
#10543 = EDGE_LOOP('',(#10544));
#10544 = ORIENTED_EDGE('',*,*,#10545,.T.);
#10545 = EDGE_CURVE('',#10546,#10546,#10548,.T.);
#10546 = VERTEX_POINT('',#10547);
#10547 = CARTESIAN_POINT('',(260.5,-171.6945,0.));
#10548 = CIRCLE('',#10549,0.4445);
#10549 = AXIS2_PLACEMENT_3D('',#10550,#10551,#10552);
#10550 = CARTESIAN_POINT('',(260.5,-171.25,0.));
#10551 = DIRECTION('',(-0.,0.,-1.));
#10552 = DIRECTION('',(-0.,-1.,0.));
#10553 = FACE_BOUND('',#10554,.F.);
#10554 = EDGE_LOOP('',(#10555));
#10555 = ORIENTED_EDGE('',*,*,#10556,.T.);
#10556 = EDGE_CURVE('',#10557,#10557,#10559,.T.);
#10557 = VERTEX_POINT('',#10558);
#10558 = CARTESIAN_POINT('',(260.5,-169.1545,0.));
#10559 = CIRCLE('',#10560,0.4445);
#10560 = AXIS2_PLACEMENT_3D('',#10561,#10562,#10563);
#10561 = CARTESIAN_POINT('',(260.5,-168.71,0.));
#10562 = DIRECTION('',(-0.,0.,-1.));
#10563 = DIRECTION('',(-0.,-1.,0.));
#10564 = FACE_BOUND('',#10565,.F.);
#10565 = EDGE_LOOP('',(#10566));
#10566 = ORIENTED_EDGE('',*,*,#10567,.T.);
#10567 = EDGE_CURVE('',#10568,#10568,#10570,.T.);
#10568 = VERTEX_POINT('',#10569);
#10569 = CARTESIAN_POINT('',(219.5,-156.856,0.));
#10570 = CIRCLE('',#10571,0.4);
#10571 = AXIS2_PLACEMENT_3D('',#10572,#10573,#10574);
#10572 = CARTESIAN_POINT('',(219.5,-156.456,0.));
#10573 = DIRECTION('',(-0.,0.,-1.));
#10574 = DIRECTION('',(-0.,-1.,0.));
#10575 = FACE_BOUND('',#10576,.F.);
#10576 = EDGE_LOOP('',(#10577));
#10577 = ORIENTED_EDGE('',*,*,#10578,.T.);
#10578 = EDGE_CURVE('',#10579,#10579,#10581,.T.);
#10579 = VERTEX_POINT('',#10580);
#10580 = CARTESIAN_POINT('',(236.623,-165.9,0.));
#10581 = CIRCLE('',#10582,0.15);
#10582 = AXIS2_PLACEMENT_3D('',#10583,#10584,#10585);
#10583 = CARTESIAN_POINT('',(236.623,-165.75,0.));
#10584 = DIRECTION('',(-0.,0.,-1.));
#10585 = DIRECTION('',(-0.,-1.,0.));
#10586 = FACE_BOUND('',#10587,.F.);
#10587 = EDGE_LOOP('',(#10588));
#10588 = ORIENTED_EDGE('',*,*,#10589,.T.);
#10589 = EDGE_CURVE('',#10590,#10590,#10592,.T.);
#10590 = VERTEX_POINT('',#10591);
#10591 = CARTESIAN_POINT('',(229.,-147.15,0.));
#10592 = CIRCLE('',#10593,0.4);
#10593 = AXIS2_PLACEMENT_3D('',#10594,#10595,#10596);
#10594 = CARTESIAN_POINT('',(229.,-146.75,0.));
#10595 = DIRECTION('',(-0.,0.,-1.));
#10596 = DIRECTION('',(-0.,-1.,0.));
#10597 = FACE_BOUND('',#10598,.F.);
#10598 = EDGE_LOOP('',(#10599));
#10599 = ORIENTED_EDGE('',*,*,#10600,.T.);
#10600 = EDGE_CURVE('',#10601,#10601,#10603,.T.);
#10601 = VERTEX_POINT('',#10602);
#10602 = CARTESIAN_POINT('',(239.417,-165.9,0.));
#10603 = CIRCLE('',#10604,0.15);
#10604 = AXIS2_PLACEMENT_3D('',#10605,#10606,#10607);
#10605 = CARTESIAN_POINT('',(239.417,-165.75,0.));
#10606 = DIRECTION('',(-0.,0.,-1.));
#10607 = DIRECTION('',(-0.,-1.,0.));
#10608 = FACE_BOUND('',#10609,.F.);
#10609 = EDGE_LOOP('',(#10610));
#10610 = ORIENTED_EDGE('',*,*,#10611,.T.);
#10611 = EDGE_CURVE('',#10612,#10612,#10614,.T.);
#10612 = VERTEX_POINT('',#10613);
#10613 = CARTESIAN_POINT('',(260.5,-166.6145,0.));
#10614 = CIRCLE('',#10615,0.4445);
#10615 = AXIS2_PLACEMENT_3D('',#10616,#10617,#10618);
#10616 = CARTESIAN_POINT('',(260.5,-166.17,0.));
#10617 = DIRECTION('',(-0.,0.,-1.));
#10618 = DIRECTION('',(-0.,-1.,0.));
#10619 = FACE_BOUND('',#10620,.F.);
#10620 = EDGE_LOOP('',(#10621));
#10621 = ORIENTED_EDGE('',*,*,#10622,.T.);
#10622 = EDGE_CURVE('',#10623,#10623,#10625,.T.);
#10623 = VERTEX_POINT('',#10624);
#10624 = CARTESIAN_POINT('',(260.5,-164.0745,0.));
#10625 = CIRCLE('',#10626,0.4445);
#10626 = AXIS2_PLACEMENT_3D('',#10627,#10628,#10629);
#10627 = CARTESIAN_POINT('',(260.5,-163.63,0.));
#10628 = DIRECTION('',(-0.,0.,-1.));
#10629 = DIRECTION('',(-0.,-1.,0.));
#10630 = FACE_BOUND('',#10631,.F.);
#10631 = EDGE_LOOP('',(#10632));
#10632 = ORIENTED_EDGE('',*,*,#10633,.T.);
#10633 = EDGE_CURVE('',#10634,#10634,#10636,.T.);
#10634 = VERTEX_POINT('',#10635);
#10635 = CARTESIAN_POINT('',(260.5,-159.7345,0.));
#10636 = CIRCLE('',#10637,0.4445);
#10637 = AXIS2_PLACEMENT_3D('',#10638,#10639,#10640);
#10638 = CARTESIAN_POINT('',(260.5,-159.29,0.));
#10639 = DIRECTION('',(-0.,0.,-1.));
#10640 = DIRECTION('',(-0.,-1.,0.));
#10641 = FACE_BOUND('',#10642,.F.);
#10642 = EDGE_LOOP('',(#10643));
#10643 = ORIENTED_EDGE('',*,*,#10644,.T.);
#10644 = EDGE_CURVE('',#10645,#10645,#10647,.T.);
#10645 = VERTEX_POINT('',#10646);
#10646 = CARTESIAN_POINT('',(260.5,-157.1945,0.));
#10647 = CIRCLE('',#10648,0.4445);
#10648 = AXIS2_PLACEMENT_3D('',#10649,#10650,#10651);
#10649 = CARTESIAN_POINT('',(260.5,-156.75,0.));
#10650 = DIRECTION('',(-0.,0.,-1.));
#10651 = DIRECTION('',(-0.,-1.,0.));
#10652 = FACE_BOUND('',#10653,.F.);
#10653 = EDGE_LOOP('',(#10654));
#10654 = ORIENTED_EDGE('',*,*,#10655,.T.);
#10655 = EDGE_CURVE('',#10656,#10656,#10658,.T.);
#10656 = VERTEX_POINT('',#10657);
#10657 = CARTESIAN_POINT('',(260.5,-154.6545,0.));
#10658 = CIRCLE('',#10659,0.4445);
#10659 = AXIS2_PLACEMENT_3D('',#10660,#10661,#10662);
#10660 = CARTESIAN_POINT('',(260.5,-154.21,0.));
#10661 = DIRECTION('',(-0.,0.,-1.));
#10662 = DIRECTION('',(-0.,-1.,0.));
#10663 = FACE_BOUND('',#10664,.F.);
#10664 = EDGE_LOOP('',(#10665));
#10665 = ORIENTED_EDGE('',*,*,#10666,.T.);
#10666 = EDGE_CURVE('',#10667,#10667,#10669,.T.);
#10667 = VERTEX_POINT('',#10668);
#10668 = CARTESIAN_POINT('',(260.5,-152.1145,0.));
#10669 = CIRCLE('',#10670,0.4445);
#10670 = AXIS2_PLACEMENT_3D('',#10671,#10672,#10673);
#10671 = CARTESIAN_POINT('',(260.5,-151.67,0.));
#10672 = DIRECTION('',(-0.,0.,-1.));
#10673 = DIRECTION('',(-0.,-1.,0.));
#10674 = FACE_BOUND('',#10675,.F.);
#10675 = EDGE_LOOP('',(#10676));
#10676 = ORIENTED_EDGE('',*,*,#10677,.T.);
#10677 = EDGE_CURVE('',#10678,#10678,#10680,.T.);
#10678 = VERTEX_POINT('',#10679);
#10679 = CARTESIAN_POINT('',(260.5,-149.5745,0.));
#10680 = CIRCLE('',#10681,0.4445);
#10681 = AXIS2_PLACEMENT_3D('',#10682,#10683,#10684);
#10682 = CARTESIAN_POINT('',(260.5,-149.13,0.));
#10683 = DIRECTION('',(-0.,0.,-1.));
#10684 = DIRECTION('',(-0.,-1.,0.));
#10685 = FACE_BOUND('',#10686,.F.);
#10686 = EDGE_LOOP('',(#10687));
#10687 = ORIENTED_EDGE('',*,*,#10688,.T.);
#10688 = EDGE_CURVE('',#10689,#10689,#10691,.T.);
#10689 = VERTEX_POINT('',#10690);
#10690 = CARTESIAN_POINT('',(260.5,-147.0345,0.));
#10691 = CIRCLE('',#10692,0.4445);
#10692 = AXIS2_PLACEMENT_3D('',#10693,#10694,#10695);
#10693 = CARTESIAN_POINT('',(260.5,-146.59,0.));
#10694 = DIRECTION('',(-0.,0.,-1.));
#10695 = DIRECTION('',(-0.,-1.,0.));
#10696 = FACE_BOUND('',#10697,.F.);
#10697 = EDGE_LOOP('',(#10698));
#10698 = ORIENTED_EDGE('',*,*,#10699,.T.);
#10699 = EDGE_CURVE('',#10700,#10700,#10702,.T.);
#10700 = VERTEX_POINT('',#10701);
#10701 = CARTESIAN_POINT('',(260.5,-144.4945,0.));
#10702 = CIRCLE('',#10703,0.4445);
#10703 = AXIS2_PLACEMENT_3D('',#10704,#10705,#10706);
#10704 = CARTESIAN_POINT('',(260.5,-144.05,0.));
#10705 = DIRECTION('',(-0.,0.,-1.));
#10706 = DIRECTION('',(-0.,-1.,0.));
#10707 = FACE_BOUND('',#10708,.F.);
#10708 = EDGE_LOOP('',(#10709));
#10709 = ORIENTED_EDGE('',*,*,#10710,.T.);
#10710 = EDGE_CURVE('',#10711,#10711,#10713,.T.);
#10711 = VERTEX_POINT('',#10712);
#10712 = CARTESIAN_POINT('',(172.5,-137.11,0.));
#10713 = CIRCLE('',#10714,0.8);
#10714 = AXIS2_PLACEMENT_3D('',#10715,#10716,#10717);
#10715 = CARTESIAN_POINT('',(172.5,-136.31,0.));
#10716 = DIRECTION('',(-0.,0.,-1.));
#10717 = DIRECTION('',(-0.,-1.,0.));
#10718 = FACE_BOUND('',#10719,.F.);
#10719 = EDGE_LOOP('',(#10720));
#10720 = ORIENTED_EDGE('',*,*,#10721,.T.);
#10721 = EDGE_CURVE('',#10722,#10722,#10724,.T.);
#10722 = VERTEX_POINT('',#10723);
#10723 = CARTESIAN_POINT('',(178.5,-140.96,0.));
#10724 = CIRCLE('',#10725,1.5);
#10725 = AXIS2_PLACEMENT_3D('',#10726,#10727,#10728);
#10726 = CARTESIAN_POINT('',(178.5,-139.46,0.));
#10727 = DIRECTION('',(-0.,0.,-1.));
#10728 = DIRECTION('',(-0.,-1.,0.));
#10729 = FACE_BOUND('',#10730,.F.);
#10730 = EDGE_LOOP('',(#10731));
#10731 = ORIENTED_EDGE('',*,*,#10732,.T.);
#10732 = EDGE_CURVE('',#10733,#10733,#10735,.T.);
#10733 = VERTEX_POINT('',#10734);
#10734 = CARTESIAN_POINT('',(172.5,-132.96,0.));
#10735 = CIRCLE('',#10736,0.8);
#10736 = AXIS2_PLACEMENT_3D('',#10737,#10738,#10739);
#10737 = CARTESIAN_POINT('',(172.5,-132.16,0.));
#10738 = DIRECTION('',(-0.,0.,-1.));
#10739 = DIRECTION('',(-0.,-1.,0.));
#10740 = FACE_BOUND('',#10741,.F.);
#10741 = EDGE_LOOP('',(#10742));
#10742 = ORIENTED_EDGE('',*,*,#10743,.T.);
#10743 = EDGE_CURVE('',#10744,#10744,#10746,.T.);
#10744 = VERTEX_POINT('',#10745);
#10745 = CARTESIAN_POINT('',(178.5,-130.51,0.));
#10746 = CIRCLE('',#10747,1.5);
#10747 = AXIS2_PLACEMENT_3D('',#10748,#10749,#10750);
#10748 = CARTESIAN_POINT('',(178.5,-129.01,0.));
#10749 = DIRECTION('',(-0.,0.,-1.));
#10750 = DIRECTION('',(-0.,-1.,0.));
#10751 = FACE_BOUND('',#10752,.F.);
#10752 = EDGE_LOOP('',(#10753));
#10753 = ORIENTED_EDGE('',*,*,#10754,.T.);
#10754 = EDGE_CURVE('',#10755,#10755,#10757,.T.);
#10755 = VERTEX_POINT('',#10756);
#10756 = CARTESIAN_POINT('',(172.5,-119.46,0.));
#10757 = CIRCLE('',#10758,0.8);
#10758 = AXIS2_PLACEMENT_3D('',#10759,#10760,#10761);
#10759 = CARTESIAN_POINT('',(172.5,-118.66,0.));
#10760 = DIRECTION('',(-0.,0.,-1.));
#10761 = DIRECTION('',(-0.,-1.,0.));
#10762 = FACE_BOUND('',#10763,.F.);
#10763 = EDGE_LOOP('',(#10764));
#10764 = ORIENTED_EDGE('',*,*,#10765,.T.);
#10765 = EDGE_CURVE('',#10766,#10766,#10768,.T.);
#10766 = VERTEX_POINT('',#10767);
#10767 = CARTESIAN_POINT('',(178.5,-123.31,0.));
#10768 = CIRCLE('',#10769,1.5);
#10769 = AXIS2_PLACEMENT_3D('',#10770,#10771,#10772);
#10770 = CARTESIAN_POINT('',(178.5,-121.81,0.));
#10771 = DIRECTION('',(-0.,0.,-1.));
#10772 = DIRECTION('',(-0.,-1.,0.));
#10773 = FACE_BOUND('',#10774,.F.);
#10774 = EDGE_LOOP('',(#10775));
#10775 = ORIENTED_EDGE('',*,*,#10776,.T.);
#10776 = EDGE_CURVE('',#10777,#10777,#10779,.T.);
#10777 = VERTEX_POINT('',#10778);
#10778 = CARTESIAN_POINT('',(199.5,-139.4445,0.));
#10779 = CIRCLE('',#10780,0.4445);
#10780 = AXIS2_PLACEMENT_3D('',#10781,#10782,#10783);
#10781 = CARTESIAN_POINT('',(199.5,-139.,0.));
#10782 = DIRECTION('',(-0.,0.,-1.));
#10783 = DIRECTION('',(-0.,-1.,0.));
#10784 = FACE_BOUND('',#10785,.F.);
#10785 = EDGE_LOOP('',(#10786));
#10786 = ORIENTED_EDGE('',*,*,#10787,.T.);
#10787 = EDGE_CURVE('',#10788,#10788,#10790,.T.);
#10788 = VERTEX_POINT('',#10789);
#10789 = CARTESIAN_POINT('',(213.5,-139.4,0.));
#10790 = CIRCLE('',#10791,0.15);
#10791 = AXIS2_PLACEMENT_3D('',#10792,#10793,#10794);
#10792 = CARTESIAN_POINT('',(213.5,-139.25,0.));
#10793 = DIRECTION('',(-0.,0.,-1.));
#10794 = DIRECTION('',(-0.,-1.,0.));
#10795 = FACE_BOUND('',#10796,.F.);
#10796 = EDGE_LOOP('',(#10797));
#10797 = ORIENTED_EDGE('',*,*,#10798,.T.);
#10798 = EDGE_CURVE('',#10799,#10799,#10801,.T.);
#10799 = VERTEX_POINT('',#10800);
#10800 = CARTESIAN_POINT('',(201.5,-123.65,0.));
#10801 = CIRCLE('',#10802,0.4);
#10802 = AXIS2_PLACEMENT_3D('',#10803,#10804,#10805);
#10803 = CARTESIAN_POINT('',(201.5,-123.25,0.));
#10804 = DIRECTION('',(-0.,0.,-1.));
#10805 = DIRECTION('',(-0.,-1.,0.));
#10806 = FACE_BOUND('',#10807,.F.);
#10807 = EDGE_LOOP('',(#10808));
#10808 = ORIENTED_EDGE('',*,*,#10809,.T.);
#10809 = EDGE_CURVE('',#10810,#10810,#10812,.T.);
#10810 = VERTEX_POINT('',#10811);
#10811 = CARTESIAN_POINT('',(201.5,-121.65,0.));
#10812 = CIRCLE('',#10813,0.4);
#10813 = AXIS2_PLACEMENT_3D('',#10814,#10815,#10816);
#10814 = CARTESIAN_POINT('',(201.5,-121.25,0.));
#10815 = DIRECTION('',(-0.,0.,-1.));
#10816 = DIRECTION('',(-0.,-1.,0.));
#10817 = FACE_BOUND('',#10818,.F.);
#10818 = EDGE_LOOP('',(#10819));
#10819 = ORIENTED_EDGE('',*,*,#10820,.T.);
#10820 = EDGE_CURVE('',#10821,#10821,#10823,.T.);
#10821 = VERTEX_POINT('',#10822);
#10822 = CARTESIAN_POINT('',(210.75,-127.694,0.));
#10823 = CIRCLE('',#10824,0.15);
#10824 = AXIS2_PLACEMENT_3D('',#10825,#10826,#10827);
#10825 = CARTESIAN_POINT('',(210.75,-127.544,0.));
#10826 = DIRECTION('',(-0.,0.,-1.));
#10827 = DIRECTION('',(-0.,-1.,0.));
#10828 = FACE_BOUND('',#10829,.F.);
#10829 = EDGE_LOOP('',(#10830));
#10830 = ORIENTED_EDGE('',*,*,#10831,.T.);
#10831 = EDGE_CURVE('',#10832,#10832,#10834,.T.);
#10832 = VERTEX_POINT('',#10833);
#10833 = CARTESIAN_POINT('',(172.5,-114.96,0.));
#10834 = CIRCLE('',#10835,0.8);
#10835 = AXIS2_PLACEMENT_3D('',#10836,#10837,#10838);
#10836 = CARTESIAN_POINT('',(172.5,-114.16,0.));
#10837 = DIRECTION('',(-0.,0.,-1.));
#10838 = DIRECTION('',(-0.,-1.,0.));
#10839 = FACE_BOUND('',#10840,.F.);
#10840 = EDGE_LOOP('',(#10841));
#10841 = ORIENTED_EDGE('',*,*,#10842,.T.);
#10842 = EDGE_CURVE('',#10843,#10843,#10845,.T.);
#10843 = VERTEX_POINT('',#10844);
#10844 = CARTESIAN_POINT('',(178.5,-112.51,0.));
#10845 = CIRCLE('',#10846,1.5);
#10846 = AXIS2_PLACEMENT_3D('',#10847,#10848,#10849);
#10847 = CARTESIAN_POINT('',(178.5,-111.01,0.));
#10848 = DIRECTION('',(-0.,0.,-1.));
#10849 = DIRECTION('',(-0.,-1.,0.));
#10850 = FACE_BOUND('',#10851,.F.);
#10851 = EDGE_LOOP('',(#10852));
#10852 = ORIENTED_EDGE('',*,*,#10853,.T.);
#10853 = EDGE_CURVE('',#10854,#10854,#10856,.T.);
#10854 = VERTEX_POINT('',#10855);
#10855 = CARTESIAN_POINT('',(187.25,-114.4445,0.));
#10856 = CIRCLE('',#10857,0.4445);
#10857 = AXIS2_PLACEMENT_3D('',#10858,#10859,#10860);
#10858 = CARTESIAN_POINT('',(187.25,-114.,0.));
#10859 = DIRECTION('',(-0.,0.,-1.));
#10860 = DIRECTION('',(-0.,-1.,0.));
#10861 = FACE_BOUND('',#10862,.F.);
#10862 = EDGE_LOOP('',(#10863));
#10863 = ORIENTED_EDGE('',*,*,#10864,.T.);
#10864 = EDGE_CURVE('',#10865,#10865,#10867,.T.);
#10865 = VERTEX_POINT('',#10866);
#10866 = CARTESIAN_POINT('',(190.75,-106.15,0.));
#10867 = CIRCLE('',#10868,0.4);
#10868 = AXIS2_PLACEMENT_3D('',#10869,#10870,#10871);
#10869 = CARTESIAN_POINT('',(190.75,-105.75,0.));
#10870 = DIRECTION('',(-0.,0.,-1.));
#10871 = DIRECTION('',(-0.,-1.,0.));
#10872 = FACE_BOUND('',#10873,.F.);
#10873 = EDGE_LOOP('',(#10874));
#10874 = ORIENTED_EDGE('',*,*,#10875,.T.);
#10875 = EDGE_CURVE('',#10876,#10876,#10878,.T.);
#10876 = VERTEX_POINT('',#10877);
#10877 = CARTESIAN_POINT('',(172.5,-101.46,0.));
#10878 = CIRCLE('',#10879,0.8);
#10879 = AXIS2_PLACEMENT_3D('',#10880,#10881,#10882);
#10880 = CARTESIAN_POINT('',(172.5,-100.66,0.));
#10881 = DIRECTION('',(-0.,0.,-1.));
#10882 = DIRECTION('',(-0.,-1.,0.));
#10883 = FACE_BOUND('',#10884,.F.);
#10884 = EDGE_LOOP('',(#10885));
#10885 = ORIENTED_EDGE('',*,*,#10886,.T.);
#10886 = EDGE_CURVE('',#10887,#10887,#10889,.T.);
#10887 = VERTEX_POINT('',#10888);
#10888 = CARTESIAN_POINT('',(178.5,-105.31,0.));
#10889 = CIRCLE('',#10890,1.5);
#10890 = AXIS2_PLACEMENT_3D('',#10891,#10892,#10893);
#10891 = CARTESIAN_POINT('',(178.5,-103.81,0.));
#10892 = DIRECTION('',(-0.,0.,-1.));
#10893 = DIRECTION('',(-0.,-1.,0.));
#10894 = FACE_BOUND('',#10895,.F.);
#10895 = EDGE_LOOP('',(#10896));
#10896 = ORIENTED_EDGE('',*,*,#10897,.T.);
#10897 = EDGE_CURVE('',#10898,#10898,#10900,.T.);
#10898 = VERTEX_POINT('',#10899);
#10899 = CARTESIAN_POINT('',(174.,-94.9,0.));
#10900 = CIRCLE('',#10901,1.65);
#10901 = AXIS2_PLACEMENT_3D('',#10902,#10903,#10904);
#10902 = CARTESIAN_POINT('',(174.,-93.25,0.));
#10903 = DIRECTION('',(-0.,0.,-1.));
#10904 = DIRECTION('',(-0.,-1.,0.));
#10905 = FACE_BOUND('',#10906,.F.);
#10906 = EDGE_LOOP('',(#10907));
#10907 = ORIENTED_EDGE('',*,*,#10908,.T.);
#10908 = EDGE_CURVE('',#10909,#10909,#10911,.T.);
#10909 = VERTEX_POINT('',#10910);
#10910 = CARTESIAN_POINT('',(190.75,-104.15,0.));
#10911 = CIRCLE('',#10912,0.4);
#10912 = AXIS2_PLACEMENT_3D('',#10913,#10914,#10915);
#10913 = CARTESIAN_POINT('',(190.75,-103.75,0.));
#10914 = DIRECTION('',(-0.,0.,-1.));
#10915 = DIRECTION('',(-0.,-1.,0.));
#10916 = FACE_BOUND('',#10917,.F.);
#10917 = EDGE_LOOP('',(#10918));
#10918 = ORIENTED_EDGE('',*,*,#10919,.T.);
#10919 = EDGE_CURVE('',#10920,#10920,#10922,.T.);
#10920 = VERTEX_POINT('',#10921);
#10921 = CARTESIAN_POINT('',(208.,-114.6945,0.));
#10922 = CIRCLE('',#10923,0.4445);
#10923 = AXIS2_PLACEMENT_3D('',#10924,#10925,#10926);
#10924 = CARTESIAN_POINT('',(208.,-114.25,0.));
#10925 = DIRECTION('',(-0.,0.,-1.));
#10926 = DIRECTION('',(-0.,-1.,0.));
#10927 = FACE_BOUND('',#10928,.F.);
#10928 = EDGE_LOOP('',(#10929));
#10929 = ORIENTED_EDGE('',*,*,#10930,.T.);
#10930 = EDGE_CURVE('',#10931,#10931,#10933,.T.);
#10931 = VERTEX_POINT('',#10932);
#10932 = CARTESIAN_POINT('',(213.606,-112.58,0.));
#10933 = CIRCLE('',#10934,0.15);
#10934 = AXIS2_PLACEMENT_3D('',#10935,#10936,#10937);
#10935 = CARTESIAN_POINT('',(213.606,-112.43,0.));
#10936 = DIRECTION('',(-0.,0.,-1.));
#10937 = DIRECTION('',(-0.,-1.,0.));
#10938 = FACE_BOUND('',#10939,.F.);
#10939 = EDGE_LOOP('',(#10940));
#10940 = ORIENTED_EDGE('',*,*,#10941,.T.);
#10941 = EDGE_CURVE('',#10942,#10942,#10944,.T.);
#10942 = VERTEX_POINT('',#10943);
#10943 = CARTESIAN_POINT('',(219.5,-139.6945,0.));
#10944 = CIRCLE('',#10945,0.4445);
#10945 = AXIS2_PLACEMENT_3D('',#10946,#10947,#10948);
#10946 = CARTESIAN_POINT('',(219.5,-139.25,0.));
#10947 = DIRECTION('',(-0.,0.,-1.));
#10948 = DIRECTION('',(-0.,-1.,0.));
#10949 = FACE_BOUND('',#10950,.F.);
#10950 = EDGE_LOOP('',(#10951));
#10951 = ORIENTED_EDGE('',*,*,#10952,.T.);
#10952 = EDGE_CURVE('',#10953,#10953,#10955,.T.);
#10953 = VERTEX_POINT('',#10954);
#10954 = CARTESIAN_POINT('',(222.75,-139.6945,0.));
#10955 = CIRCLE('',#10956,0.4445);
#10956 = AXIS2_PLACEMENT_3D('',#10957,#10958,#10959);
#10957 = CARTESIAN_POINT('',(222.75,-139.25,0.));
#10958 = DIRECTION('',(-0.,0.,-1.));
#10959 = DIRECTION('',(-0.,-1.,0.));
#10960 = FACE_BOUND('',#10961,.F.);
#10961 = EDGE_LOOP('',(#10962));
#10962 = ORIENTED_EDGE('',*,*,#10963,.T.);
#10963 = EDGE_CURVE('',#10964,#10964,#10966,.T.);
#10964 = VERTEX_POINT('',#10965);
#10965 = CARTESIAN_POINT('',(224.25,-130.4445,0.));
#10966 = CIRCLE('',#10967,0.4445);
#10967 = AXIS2_PLACEMENT_3D('',#10968,#10969,#10970);
#10968 = CARTESIAN_POINT('',(224.25,-130.,0.));
#10969 = DIRECTION('',(-0.,0.,-1.));
#10970 = DIRECTION('',(-0.,-1.,0.));
#10971 = FACE_BOUND('',#10972,.F.);
#10972 = EDGE_LOOP('',(#10973));
#10973 = ORIENTED_EDGE('',*,*,#10974,.T.);
#10974 = EDGE_CURVE('',#10975,#10975,#10977,.T.);
#10975 = VERTEX_POINT('',#10976);
#10976 = CARTESIAN_POINT('',(260.5,-140.2345,0.));
#10977 = CIRCLE('',#10978,0.4445);
#10978 = AXIS2_PLACEMENT_3D('',#10979,#10980,#10981);
#10979 = CARTESIAN_POINT('',(260.5,-139.79,0.));
#10980 = DIRECTION('',(-0.,0.,-1.));
#10981 = DIRECTION('',(-0.,-1.,0.));
#10982 = FACE_BOUND('',#10983,.F.);
#10983 = EDGE_LOOP('',(#10984));
#10984 = ORIENTED_EDGE('',*,*,#10985,.T.);
#10985 = EDGE_CURVE('',#10986,#10986,#10988,.T.);
#10986 = VERTEX_POINT('',#10987);
#10987 = CARTESIAN_POINT('',(260.5,-137.6945,0.));
#10988 = CIRCLE('',#10989,0.4445);
#10989 = AXIS2_PLACEMENT_3D('',#10990,#10991,#10992);
#10990 = CARTESIAN_POINT('',(260.5,-137.25,0.));
#10991 = DIRECTION('',(-0.,0.,-1.));
#10992 = DIRECTION('',(-0.,-1.,0.));
#10993 = FACE_BOUND('',#10994,.F.);
#10994 = EDGE_LOOP('',(#10995));
#10995 = ORIENTED_EDGE('',*,*,#10996,.T.);
#10996 = EDGE_CURVE('',#10997,#10997,#10999,.T.);
#10997 = VERTEX_POINT('',#10998);
#10998 = CARTESIAN_POINT('',(260.5,-135.1545,0.));
#10999 = CIRCLE('',#11000,0.4445);
#11000 = AXIS2_PLACEMENT_3D('',#11001,#11002,#11003);
#11001 = CARTESIAN_POINT('',(260.5,-134.71,0.));
#11002 = DIRECTION('',(-0.,0.,-1.));
#11003 = DIRECTION('',(-0.,-1.,0.));
#11004 = FACE_BOUND('',#11005,.F.);
#11005 = EDGE_LOOP('',(#11006));
#11006 = ORIENTED_EDGE('',*,*,#11007,.T.);
#11007 = EDGE_CURVE('',#11008,#11008,#11010,.T.);
#11008 = VERTEX_POINT('',#11009);
#11009 = CARTESIAN_POINT('',(260.5,-132.6145,0.));
#11010 = CIRCLE('',#11011,0.4445);
#11011 = AXIS2_PLACEMENT_3D('',#11012,#11013,#11014);
#11012 = CARTESIAN_POINT('',(260.5,-132.17,0.));
#11013 = DIRECTION('',(-0.,0.,-1.));
#11014 = DIRECTION('',(-0.,-1.,0.));
#11015 = FACE_BOUND('',#11016,.F.);
#11016 = EDGE_LOOP('',(#11017));
#11017 = ORIENTED_EDGE('',*,*,#11018,.T.);
#11018 = EDGE_CURVE('',#11019,#11019,#11021,.T.);
#11019 = VERTEX_POINT('',#11020);
#11020 = CARTESIAN_POINT('',(245.25,-122.9,0.));
#11021 = CIRCLE('',#11022,0.15);
#11022 = AXIS2_PLACEMENT_3D('',#11023,#11024,#11025);
#11023 = CARTESIAN_POINT('',(245.25,-122.75,0.));
#11024 = DIRECTION('',(-0.,0.,-1.));
#11025 = DIRECTION('',(-0.,-1.,0.));
#11026 = FACE_BOUND('',#11027,.F.);
#11027 = EDGE_LOOP('',(#11028));
#11028 = ORIENTED_EDGE('',*,*,#11029,.T.);
#11029 = EDGE_CURVE('',#11030,#11030,#11032,.T.);
#11030 = VERTEX_POINT('',#11031);
#11031 = CARTESIAN_POINT('',(260.5,-130.0745,0.));
#11032 = CIRCLE('',#11033,0.4445);
#11033 = AXIS2_PLACEMENT_3D('',#11034,#11035,#11036);
#11034 = CARTESIAN_POINT('',(260.5,-129.63,0.));
#11035 = DIRECTION('',(-0.,0.,-1.));
#11036 = DIRECTION('',(-0.,-1.,0.));
#11037 = FACE_BOUND('',#11038,.F.);
#11038 = EDGE_LOOP('',(#11039));
#11039 = ORIENTED_EDGE('',*,*,#11040,.T.);
#11040 = EDGE_CURVE('',#11041,#11041,#11043,.T.);
#11041 = VERTEX_POINT('',#11042);
#11042 = CARTESIAN_POINT('',(260.5,-127.5345,0.));
#11043 = CIRCLE('',#11044,0.4445);
#11044 = AXIS2_PLACEMENT_3D('',#11045,#11046,#11047);
#11045 = CARTESIAN_POINT('',(260.5,-127.09,0.));
#11046 = DIRECTION('',(-0.,0.,-1.));
#11047 = DIRECTION('',(-0.,-1.,0.));
#11048 = FACE_BOUND('',#11049,.F.);
#11049 = EDGE_LOOP('',(#11050));
#11050 = ORIENTED_EDGE('',*,*,#11051,.T.);
#11051 = EDGE_CURVE('',#11052,#11052,#11054,.T.);
#11052 = VERTEX_POINT('',#11053);
#11053 = CARTESIAN_POINT('',(260.5,-124.9945,0.));
#11054 = CIRCLE('',#11055,0.4445);
#11055 = AXIS2_PLACEMENT_3D('',#11056,#11057,#11058);
#11056 = CARTESIAN_POINT('',(260.5,-124.55,0.));
#11057 = DIRECTION('',(-0.,0.,-1.));
#11058 = DIRECTION('',(-0.,-1.,0.));
#11059 = FACE_BOUND('',#11060,.F.);
#11060 = EDGE_LOOP('',(#11061));
#11061 = ORIENTED_EDGE('',*,*,#11062,.T.);
#11062 = EDGE_CURVE('',#11063,#11063,#11065,.T.);
#11063 = VERTEX_POINT('',#11064);
#11064 = CARTESIAN_POINT('',(260.5,-120.7345,0.));
#11065 = CIRCLE('',#11066,0.4445);
#11066 = AXIS2_PLACEMENT_3D('',#11067,#11068,#11069);
#11067 = CARTESIAN_POINT('',(260.5,-120.29,0.));
#11068 = DIRECTION('',(-0.,0.,-1.));
#11069 = DIRECTION('',(-0.,-1.,0.));
#11070 = FACE_BOUND('',#11071,.F.);
#11071 = EDGE_LOOP('',(#11072));
#11072 = ORIENTED_EDGE('',*,*,#11073,.T.);
#11073 = EDGE_CURVE('',#11074,#11074,#11076,.T.);
#11074 = VERTEX_POINT('',#11075);
#11075 = CARTESIAN_POINT('',(260.5,-118.1945,0.));
#11076 = CIRCLE('',#11077,0.4445);
#11077 = AXIS2_PLACEMENT_3D('',#11078,#11079,#11080);
#11078 = CARTESIAN_POINT('',(260.5,-117.75,0.));
#11079 = DIRECTION('',(-0.,0.,-1.));
#11080 = DIRECTION('',(-0.,-1.,0.));
#11081 = FACE_BOUND('',#11082,.F.);
#11082 = EDGE_LOOP('',(#11083));
#11083 = ORIENTED_EDGE('',*,*,#11084,.T.);
#11084 = EDGE_CURVE('',#11085,#11085,#11087,.T.);
#11085 = VERTEX_POINT('',#11086);
#11086 = CARTESIAN_POINT('',(218.698,-112.949,0.));
#11087 = CIRCLE('',#11088,0.4445);
#11088 = AXIS2_PLACEMENT_3D('',#11089,#11090,#11091);
#11089 = CARTESIAN_POINT('',(218.698,-112.5045,0.));
#11090 = DIRECTION('',(-0.,0.,-1.));
#11091 = DIRECTION('',(-0.,-1.,0.));
#11092 = FACE_BOUND('',#11093,.F.);
#11093 = EDGE_LOOP('',(#11094));
#11094 = ORIENTED_EDGE('',*,*,#11095,.T.);
#11095 = EDGE_CURVE('',#11096,#11096,#11098,.T.);
#11096 = VERTEX_POINT('',#11097);
#11097 = CARTESIAN_POINT('',(221.238,-112.949,0.));
#11098 = CIRCLE('',#11099,0.4445);
#11099 = AXIS2_PLACEMENT_3D('',#11100,#11101,#11102);
#11100 = CARTESIAN_POINT('',(221.238,-112.5045,0.));
#11101 = DIRECTION('',(-0.,0.,-1.));
#11102 = DIRECTION('',(-0.,-1.,0.));
#11103 = FACE_BOUND('',#11104,.F.);
#11104 = EDGE_LOOP('',(#11105));
#11105 = ORIENTED_EDGE('',*,*,#11106,.T.);
#11106 = EDGE_CURVE('',#11107,#11107,#11109,.T.);
#11107 = VERTEX_POINT('',#11108);
#11108 = CARTESIAN_POINT('',(223.778,-112.949,0.));
#11109 = CIRCLE('',#11110,0.4445);
#11110 = AXIS2_PLACEMENT_3D('',#11111,#11112,#11113);
#11111 = CARTESIAN_POINT('',(223.778,-112.5045,0.));
#11112 = DIRECTION('',(-0.,0.,-1.));
#11113 = DIRECTION('',(-0.,-1.,0.));
#11114 = FACE_BOUND('',#11115,.F.);
#11115 = EDGE_LOOP('',(#11116));
#11116 = ORIENTED_EDGE('',*,*,#11117,.T.);
#11117 = EDGE_CURVE('',#11118,#11118,#11120,.T.);
#11118 = VERTEX_POINT('',#11119);
#11119 = CARTESIAN_POINT('',(226.318,-112.949,0.));
#11120 = CIRCLE('',#11121,0.4445);
#11121 = AXIS2_PLACEMENT_3D('',#11122,#11123,#11124);
#11122 = CARTESIAN_POINT('',(226.318,-112.5045,0.));
#11123 = DIRECTION('',(-0.,0.,-1.));
#11124 = DIRECTION('',(6.39408536117E-14,-1.,-0.));
#11125 = FACE_BOUND('',#11126,.F.);
#11126 = EDGE_LOOP('',(#11127));
#11127 = ORIENTED_EDGE('',*,*,#11128,.T.);
#11128 = EDGE_CURVE('',#11129,#11129,#11131,.T.);
#11129 = VERTEX_POINT('',#11130);
#11130 = CARTESIAN_POINT('',(228.858,-112.949,0.));
#11131 = CIRCLE('',#11132,0.4445);
#11132 = AXIS2_PLACEMENT_3D('',#11133,#11134,#11135);
#11133 = CARTESIAN_POINT('',(228.858,-112.5045,0.));
#11134 = DIRECTION('',(-0.,0.,-1.));
#11135 = DIRECTION('',(-0.,-1.,0.));
#11136 = FACE_BOUND('',#11137,.F.);
#11137 = EDGE_LOOP('',(#11138));
#11138 = ORIENTED_EDGE('',*,*,#11139,.T.);
#11139 = EDGE_CURVE('',#11140,#11140,#11142,.T.);
#11140 = VERTEX_POINT('',#11141);
#11141 = CARTESIAN_POINT('',(231.398,-112.949,0.));
#11142 = CIRCLE('',#11143,0.4445);
#11143 = AXIS2_PLACEMENT_3D('',#11144,#11145,#11146);
#11144 = CARTESIAN_POINT('',(231.398,-112.5045,0.));
#11145 = DIRECTION('',(-0.,0.,-1.));
#11146 = DIRECTION('',(-0.,-1.,0.));
#11147 = FACE_BOUND('',#11148,.F.);
#11148 = EDGE_LOOP('',(#11149));
#11149 = ORIENTED_EDGE('',*,*,#11150,.T.);
#11150 = EDGE_CURVE('',#11151,#11151,#11153,.T.);
#11151 = VERTEX_POINT('',#11152);
#11152 = CARTESIAN_POINT('',(238.,-105.4445,0.));
#11153 = CIRCLE('',#11154,0.4445);
#11154 = AXIS2_PLACEMENT_3D('',#11155,#11156,#11157);
#11155 = CARTESIAN_POINT('',(238.,-105.,0.));
#11156 = DIRECTION('',(-0.,0.,-1.));
#11157 = DIRECTION('',(-0.,-1.,0.));
#11158 = FACE_BOUND('',#11159,.F.);
#11159 = EDGE_LOOP('',(#11160));
#11160 = ORIENTED_EDGE('',*,*,#11161,.T.);
#11161 = EDGE_CURVE('',#11162,#11162,#11164,.T.);
#11162 = VERTEX_POINT('',#11163);
#11163 = CARTESIAN_POINT('',(242.25,-114.6945,0.));
#11164 = CIRCLE('',#11165,0.4445);
#11165 = AXIS2_PLACEMENT_3D('',#11166,#11167,#11168);
#11166 = CARTESIAN_POINT('',(242.25,-114.25,0.));
#11167 = DIRECTION('',(-0.,0.,-1.));
#11168 = DIRECTION('',(-0.,-1.,0.));
#11169 = FACE_BOUND('',#11170,.F.);
#11170 = EDGE_LOOP('',(#11171));
#11171 = ORIENTED_EDGE('',*,*,#11172,.T.);
#11172 = EDGE_CURVE('',#11173,#11173,#11175,.T.);
#11173 = VERTEX_POINT('',#11174);
#11174 = CARTESIAN_POINT('',(260.5,-115.6545,0.));
#11175 = CIRCLE('',#11176,0.4445);
#11176 = AXIS2_PLACEMENT_3D('',#11177,#11178,#11179);
#11177 = CARTESIAN_POINT('',(260.5,-115.21,0.));
#11178 = DIRECTION('',(-0.,0.,-1.));
#11179 = DIRECTION('',(-0.,-1.,0.));
#11180 = FACE_BOUND('',#11181,.F.);
#11181 = EDGE_LOOP('',(#11182));
#11182 = ORIENTED_EDGE('',*,*,#11183,.T.);
#11183 = EDGE_CURVE('',#11184,#11184,#11186,.T.);
#11184 = VERTEX_POINT('',#11185);
#11185 = CARTESIAN_POINT('',(260.5,-113.1145,0.));
#11186 = CIRCLE('',#11187,0.4445);
#11187 = AXIS2_PLACEMENT_3D('',#11188,#11189,#11190);
#11188 = CARTESIAN_POINT('',(260.5,-112.67,0.));
#11189 = DIRECTION('',(-0.,0.,-1.));
#11190 = DIRECTION('',(-0.,-1.,0.));
#11191 = FACE_BOUND('',#11192,.F.);
#11192 = EDGE_LOOP('',(#11193));
#11193 = ORIENTED_EDGE('',*,*,#11194,.T.);
#11194 = EDGE_CURVE('',#11195,#11195,#11197,.T.);
#11195 = VERTEX_POINT('',#11196);
#11196 = CARTESIAN_POINT('',(260.5,-110.5745,0.));
#11197 = CIRCLE('',#11198,0.4445);
#11198 = AXIS2_PLACEMENT_3D('',#11199,#11200,#11201);
#11199 = CARTESIAN_POINT('',(260.5,-110.13,0.));
#11200 = DIRECTION('',(-0.,0.,-1.));
#11201 = DIRECTION('',(-0.,-1.,0.));
#11202 = FACE_BOUND('',#11203,.F.);
#11203 = EDGE_LOOP('',(#11204));
#11204 = ORIENTED_EDGE('',*,*,#11205,.T.);
#11205 = EDGE_CURVE('',#11206,#11206,#11208,.T.);
#11206 = VERTEX_POINT('',#11207);
#11207 = CARTESIAN_POINT('',(260.5,-108.0345,0.));
#11208 = CIRCLE('',#11209,0.4445);
#11209 = AXIS2_PLACEMENT_3D('',#11210,#11211,#11212);
#11210 = CARTESIAN_POINT('',(260.5,-107.59,0.));
#11211 = DIRECTION('',(-0.,0.,-1.));
#11212 = DIRECTION('',(-0.,-1.,0.));
#11213 = FACE_BOUND('',#11214,.F.);
#11214 = EDGE_LOOP('',(#11215));
#11215 = ORIENTED_EDGE('',*,*,#11216,.T.);
#11216 = EDGE_CURVE('',#11217,#11217,#11219,.T.);
#11217 = VERTEX_POINT('',#11218);
#11218 = CARTESIAN_POINT('',(260.5,-105.4945,0.));
#11219 = CIRCLE('',#11220,0.4445);
#11220 = AXIS2_PLACEMENT_3D('',#11221,#11222,#11223);
#11221 = CARTESIAN_POINT('',(260.5,-105.05,0.));
#11222 = DIRECTION('',(-0.,0.,-1.));
#11223 = DIRECTION('',(-0.,-1.,0.));
#11224 = FACE_BOUND('',#11225,.F.);
#11225 = EDGE_LOOP('',(#11226));
#11226 = ORIENTED_EDGE('',*,*,#11227,.T.);
#11227 = EDGE_CURVE('',#11228,#11228,#11230,.T.);
#11228 = VERTEX_POINT('',#11229);
#11229 = CARTESIAN_POINT('',(259.75,-94.9,0.));
#11230 = CIRCLE('',#11231,1.65);
#11231 = AXIS2_PLACEMENT_3D('',#11232,#11233,#11234);
#11232 = CARTESIAN_POINT('',(259.75,-93.25,0.));
#11233 = DIRECTION('',(-0.,0.,-1.));
#11234 = DIRECTION('',(-0.,-1.,0.));
#11235 = PLANE('',#11236);
#11236 = AXIS2_PLACEMENT_3D('',#11237,#11238,#11239);
#11237 = CARTESIAN_POINT('',(0.,0.,0.));
#11238 = DIRECTION('',(0.,0.,1.));
#11239 = DIRECTION('',(1.,0.,-0.));
#11240 = ADVANCED_FACE('',(#11241,#11252,#11263,#11274,#11285,#11296,
    #11307,#11318,#11329,#11340,#11351,#11362,#11373,#11384,#11395,
    #11406,#11417,#11428,#11439,#11450,#11461,#11472,#11483,#11494,
    #11505,#11516,#11527,#11538,#11549,#11560,#11571,#11582,#11593,
    #11604,#11615,#11626,#11637,#11648,#11659,#11670,#11681,#11692,
    #11703,#11714,#11725,#11736,#11747,#11758,#11769,#11780,#11791,
    #11802,#11813,#11824,#11835,#11846,#11857,#11868,#11879,#11890,
    #11901,#11912,#11923,#11934,#11945,#11956,#11967,#11978,#11989,
    #12000,#12011,#12022,#12033,#12044,#12055,#12066,#12077,#12088,
    #12099,#12110,#12121,#12132,#12143,#12154,#12165,#12176,#12187,
    #12198,#12209,#12220,#12231,#12242,#12253,#12264,#12275,#12286,
    #12297,#12308,#12319,#12330,#12341,#12352,#12363,#12374,#12385,
    #12396,#12407,#12418,#12429,#12440,#12451,#12462,#12473,#12484,
    #12495,#12506,#12517,#12528),#12539,.T.);
#11241 = FACE_BOUND('',#11242,.T.);
#11242 = EDGE_LOOP('',(#11243,#11244,#11245,#11251));
#11243 = ORIENTED_EDGE('',*,*,#9848,.F.);
#11244 = ORIENTED_EDGE('',*,*,#9888,.F.);
#11245 = ORIENTED_EDGE('',*,*,#11246,.F.);
#11246 = EDGE_CURVE('',#9911,#9881,#11247,.T.);
#11247 = LINE('',#11248,#11249);
#11248 = CARTESIAN_POINT('',(170.5,-89.25,1.51));
#11249 = VECTOR('',#11250,1.);
#11250 = DIRECTION('',(1.,0.,0.));
#11251 = ORIENTED_EDGE('',*,*,#9910,.F.);
#11252 = FACE_BOUND('',#11253,.T.);
#11253 = EDGE_LOOP('',(#11254));
#11254 = ORIENTED_EDGE('',*,*,#11255,.T.);
#11255 = EDGE_CURVE('',#11256,#11256,#11258,.T.);
#11256 = VERTEX_POINT('',#11257);
#11257 = CARTESIAN_POINT('',(174.,-193.4,1.51));
#11258 = CIRCLE('',#11259,1.65);
#11259 = AXIS2_PLACEMENT_3D('',#11260,#11261,#11262);
#11260 = CARTESIAN_POINT('',(174.,-191.75,1.51));
#11261 = DIRECTION('',(-0.,0.,-1.));
#11262 = DIRECTION('',(-0.,-1.,0.));
#11263 = FACE_BOUND('',#11264,.T.);
#11264 = EDGE_LOOP('',(#11265));
#11265 = ORIENTED_EDGE('',*,*,#11266,.T.);
#11266 = EDGE_CURVE('',#11267,#11267,#11269,.T.);
#11267 = VERTEX_POINT('',#11268);
#11268 = CARTESIAN_POINT('',(172.5,-186.36,1.51));
#11269 = CIRCLE('',#11270,0.8);
#11270 = AXIS2_PLACEMENT_3D('',#11271,#11272,#11273);
#11271 = CARTESIAN_POINT('',(172.5,-185.56,1.51));
#11272 = DIRECTION('',(-0.,0.,-1.));
#11273 = DIRECTION('',(-0.,-1.,0.));
#11274 = FACE_BOUND('',#11275,.T.);
#11275 = EDGE_LOOP('',(#11276));
#11276 = ORIENTED_EDGE('',*,*,#11277,.T.);
#11277 = EDGE_CURVE('',#11278,#11278,#11280,.T.);
#11278 = VERTEX_POINT('',#11279);
#11279 = CARTESIAN_POINT('',(178.5,-183.91,1.51));
#11280 = CIRCLE('',#11281,1.5);
#11281 = AXIS2_PLACEMENT_3D('',#11282,#11283,#11284);
#11282 = CARTESIAN_POINT('',(178.5,-182.41,1.51));
#11283 = DIRECTION('',(-0.,0.,-1.));
#11284 = DIRECTION('',(-0.,-1.,0.));
#11285 = FACE_BOUND('',#11286,.T.);
#11286 = EDGE_LOOP('',(#11287));
#11287 = ORIENTED_EDGE('',*,*,#11288,.T.);
#11288 = EDGE_CURVE('',#11289,#11289,#11291,.T.);
#11289 = VERTEX_POINT('',#11290);
#11290 = CARTESIAN_POINT('',(186.71,-192.1945,1.51));
#11291 = CIRCLE('',#11292,0.4445);
#11292 = AXIS2_PLACEMENT_3D('',#11293,#11294,#11295);
#11293 = CARTESIAN_POINT('',(186.71,-191.75,1.51));
#11294 = DIRECTION('',(-0.,0.,-1.));
#11295 = DIRECTION('',(-0.,-1.,0.));
#11296 = FACE_BOUND('',#11297,.T.);
#11297 = EDGE_LOOP('',(#11298));
#11298 = ORIENTED_EDGE('',*,*,#11299,.T.);
#11299 = EDGE_CURVE('',#11300,#11300,#11302,.T.);
#11300 = VERTEX_POINT('',#11301);
#11301 = CARTESIAN_POINT('',(189.25,-192.1945,1.51));
#11302 = CIRCLE('',#11303,0.4445);
#11303 = AXIS2_PLACEMENT_3D('',#11304,#11305,#11306);
#11304 = CARTESIAN_POINT('',(189.25,-191.75,1.51));
#11305 = DIRECTION('',(-0.,0.,-1.));
#11306 = DIRECTION('',(-0.,-1.,0.));
#11307 = FACE_BOUND('',#11308,.T.);
#11308 = EDGE_LOOP('',(#11309));
#11309 = ORIENTED_EDGE('',*,*,#11310,.T.);
#11310 = EDGE_CURVE('',#11311,#11311,#11313,.T.);
#11311 = VERTEX_POINT('',#11312);
#11312 = CARTESIAN_POINT('',(191.79,-192.1945,1.51));
#11313 = CIRCLE('',#11314,0.4445);
#11314 = AXIS2_PLACEMENT_3D('',#11315,#11316,#11317);
#11315 = CARTESIAN_POINT('',(191.79,-191.75,1.51));
#11316 = DIRECTION('',(-0.,0.,-1.));
#11317 = DIRECTION('',(-0.,-1.,0.));
#11318 = FACE_BOUND('',#11319,.T.);
#11319 = EDGE_LOOP('',(#11320));
#11320 = ORIENTED_EDGE('',*,*,#11321,.T.);
#11321 = EDGE_CURVE('',#11322,#11322,#11324,.T.);
#11322 = VERTEX_POINT('',#11323);
#11323 = CARTESIAN_POINT('',(189.25,-189.1945,1.51));
#11324 = CIRCLE('',#11325,0.4445);
#11325 = AXIS2_PLACEMENT_3D('',#11326,#11327,#11328);
#11326 = CARTESIAN_POINT('',(189.25,-188.75,1.51));
#11327 = DIRECTION('',(-0.,0.,-1.));
#11328 = DIRECTION('',(-0.,-1.,0.));
#11329 = FACE_BOUND('',#11330,.T.);
#11330 = EDGE_LOOP('',(#11331));
#11331 = ORIENTED_EDGE('',*,*,#11332,.T.);
#11332 = EDGE_CURVE('',#11333,#11333,#11335,.T.);
#11333 = VERTEX_POINT('',#11334);
#11334 = CARTESIAN_POINT('',(191.75,-189.1945,1.51));
#11335 = CIRCLE('',#11336,0.4445);
#11336 = AXIS2_PLACEMENT_3D('',#11337,#11338,#11339);
#11337 = CARTESIAN_POINT('',(191.75,-188.75,1.51));
#11338 = DIRECTION('',(-0.,0.,-1.));
#11339 = DIRECTION('',(-0.,-1.,0.));
#11340 = FACE_BOUND('',#11341,.T.);
#11341 = EDGE_LOOP('',(#11342));
#11342 = ORIENTED_EDGE('',*,*,#11343,.T.);
#11343 = EDGE_CURVE('',#11344,#11344,#11346,.T.);
#11344 = VERTEX_POINT('',#11345);
#11345 = CARTESIAN_POINT('',(187.,-181.65,1.51));
#11346 = CIRCLE('',#11347,0.15);
#11347 = AXIS2_PLACEMENT_3D('',#11348,#11349,#11350);
#11348 = CARTESIAN_POINT('',(187.,-181.5,1.51));
#11349 = DIRECTION('',(-0.,0.,-1.));
#11350 = DIRECTION('',(-0.,-1.,0.));
#11351 = FACE_BOUND('',#11352,.T.);
#11352 = EDGE_LOOP('',(#11353));
#11353 = ORIENTED_EDGE('',*,*,#11354,.T.);
#11354 = EDGE_CURVE('',#11355,#11355,#11357,.T.);
#11355 = VERTEX_POINT('',#11356);
#11356 = CARTESIAN_POINT('',(178.5,-176.71,1.51));
#11357 = CIRCLE('',#11358,1.5);
#11358 = AXIS2_PLACEMENT_3D('',#11359,#11360,#11361);
#11359 = CARTESIAN_POINT('',(178.5,-175.21,1.51));
#11360 = DIRECTION('',(-0.,0.,-1.));
#11361 = DIRECTION('',(-0.,-1.,0.));
#11362 = FACE_BOUND('',#11363,.T.);
#11363 = EDGE_LOOP('',(#11364));
#11364 = ORIENTED_EDGE('',*,*,#11365,.T.);
#11365 = EDGE_CURVE('',#11366,#11366,#11368,.T.);
#11366 = VERTEX_POINT('',#11367);
#11367 = CARTESIAN_POINT('',(172.5,-172.86,1.51));
#11368 = CIRCLE('',#11369,0.8);
#11369 = AXIS2_PLACEMENT_3D('',#11370,#11371,#11372);
#11370 = CARTESIAN_POINT('',(172.5,-172.06,1.51));
#11371 = DIRECTION('',(-0.,0.,-1.));
#11372 = DIRECTION('',(-0.,-1.,0.));
#11373 = FACE_BOUND('',#11374,.T.);
#11374 = EDGE_LOOP('',(#11375));
#11375 = ORIENTED_EDGE('',*,*,#11376,.T.);
#11376 = EDGE_CURVE('',#11377,#11377,#11379,.T.);
#11377 = VERTEX_POINT('',#11378);
#11378 = CARTESIAN_POINT('',(194.33,-192.1945,1.51));
#11379 = CIRCLE('',#11380,0.4445);
#11380 = AXIS2_PLACEMENT_3D('',#11381,#11382,#11383);
#11381 = CARTESIAN_POINT('',(194.33,-191.75,1.51));
#11382 = DIRECTION('',(-0.,0.,-1.));
#11383 = DIRECTION('',(6.39408536117E-14,-1.,-0.));
#11384 = FACE_BOUND('',#11385,.T.);
#11385 = EDGE_LOOP('',(#11386));
#11386 = ORIENTED_EDGE('',*,*,#11387,.T.);
#11387 = EDGE_CURVE('',#11388,#11388,#11390,.T.);
#11388 = VERTEX_POINT('',#11389);
#11389 = CARTESIAN_POINT('',(198.75,-192.1945,1.51));
#11390 = CIRCLE('',#11391,0.4445);
#11391 = AXIS2_PLACEMENT_3D('',#11392,#11393,#11394);
#11392 = CARTESIAN_POINT('',(198.75,-191.75,1.51));
#11393 = DIRECTION('',(-0.,0.,-1.));
#11394 = DIRECTION('',(-0.,-1.,0.));
#11395 = FACE_BOUND('',#11396,.T.);
#11396 = EDGE_LOOP('',(#11397));
#11397 = ORIENTED_EDGE('',*,*,#11398,.T.);
#11398 = EDGE_CURVE('',#11399,#11399,#11401,.T.);
#11399 = VERTEX_POINT('',#11400);
#11400 = CARTESIAN_POINT('',(201.29,-192.1945,1.51));
#11401 = CIRCLE('',#11402,0.4445);
#11402 = AXIS2_PLACEMENT_3D('',#11403,#11404,#11405);
#11403 = CARTESIAN_POINT('',(201.29,-191.75,1.51));
#11404 = DIRECTION('',(-0.,0.,-1.));
#11405 = DIRECTION('',(-0.,-1.,0.));
#11406 = FACE_BOUND('',#11407,.T.);
#11407 = EDGE_LOOP('',(#11408));
#11408 = ORIENTED_EDGE('',*,*,#11409,.T.);
#11409 = EDGE_CURVE('',#11410,#11410,#11412,.T.);
#11410 = VERTEX_POINT('',#11411);
#11411 = CARTESIAN_POINT('',(203.83,-192.1945,1.51));
#11412 = CIRCLE('',#11413,0.4445);
#11413 = AXIS2_PLACEMENT_3D('',#11414,#11415,#11416);
#11414 = CARTESIAN_POINT('',(203.83,-191.75,1.51));
#11415 = DIRECTION('',(-0.,0.,-1.));
#11416 = DIRECTION('',(6.39408536117E-14,-1.,-0.));
#11417 = FACE_BOUND('',#11418,.T.);
#11418 = EDGE_LOOP('',(#11419));
#11419 = ORIENTED_EDGE('',*,*,#11420,.T.);
#11420 = EDGE_CURVE('',#11421,#11421,#11423,.T.);
#11421 = VERTEX_POINT('',#11422);
#11422 = CARTESIAN_POINT('',(206.37,-192.1945,1.51));
#11423 = CIRCLE('',#11424,0.4445);
#11424 = AXIS2_PLACEMENT_3D('',#11425,#11426,#11427);
#11425 = CARTESIAN_POINT('',(206.37,-191.75,1.51));
#11426 = DIRECTION('',(-0.,0.,-1.));
#11427 = DIRECTION('',(-0.,-1.,0.));
#11428 = FACE_BOUND('',#11429,.T.);
#11429 = EDGE_LOOP('',(#11430));
#11430 = ORIENTED_EDGE('',*,*,#11431,.T.);
#11431 = EDGE_CURVE('',#11432,#11432,#11434,.T.);
#11432 = VERTEX_POINT('',#11433);
#11433 = CARTESIAN_POINT('',(209.96,-192.1945,1.51));
#11434 = CIRCLE('',#11435,0.4445);
#11435 = AXIS2_PLACEMENT_3D('',#11436,#11437,#11438);
#11436 = CARTESIAN_POINT('',(209.96,-191.75,1.51));
#11437 = DIRECTION('',(-0.,0.,-1.));
#11438 = DIRECTION('',(-0.,-1.,0.));
#11439 = FACE_BOUND('',#11440,.T.);
#11440 = EDGE_LOOP('',(#11441));
#11441 = ORIENTED_EDGE('',*,*,#11442,.T.);
#11442 = EDGE_CURVE('',#11443,#11443,#11445,.T.);
#11443 = VERTEX_POINT('',#11444);
#11444 = CARTESIAN_POINT('',(212.5,-192.1945,1.51));
#11445 = CIRCLE('',#11446,0.4445);
#11446 = AXIS2_PLACEMENT_3D('',#11447,#11448,#11449);
#11447 = CARTESIAN_POINT('',(212.5,-191.75,1.51));
#11448 = DIRECTION('',(-0.,0.,-1.));
#11449 = DIRECTION('',(-0.,-1.,0.));
#11450 = FACE_BOUND('',#11451,.T.);
#11451 = EDGE_LOOP('',(#11452));
#11452 = ORIENTED_EDGE('',*,*,#11453,.T.);
#11453 = EDGE_CURVE('',#11454,#11454,#11456,.T.);
#11454 = VERTEX_POINT('',#11455);
#11455 = CARTESIAN_POINT('',(215.04,-192.1945,1.51));
#11456 = CIRCLE('',#11457,0.4445);
#11457 = AXIS2_PLACEMENT_3D('',#11458,#11459,#11460);
#11458 = CARTESIAN_POINT('',(215.04,-191.75,1.51));
#11459 = DIRECTION('',(-0.,0.,-1.));
#11460 = DIRECTION('',(-0.,-1.,0.));
#11461 = FACE_BOUND('',#11462,.T.);
#11462 = EDGE_LOOP('',(#11463));
#11463 = ORIENTED_EDGE('',*,*,#11464,.T.);
#11464 = EDGE_CURVE('',#11465,#11465,#11467,.T.);
#11465 = VERTEX_POINT('',#11466);
#11466 = CARTESIAN_POINT('',(211.75,-186.356,1.51));
#11467 = CIRCLE('',#11468,0.15);
#11468 = AXIS2_PLACEMENT_3D('',#11469,#11470,#11471);
#11469 = CARTESIAN_POINT('',(211.75,-186.206,1.51));
#11470 = DIRECTION('',(-0.,0.,-1.));
#11471 = DIRECTION('',(-0.,-1.,0.));
#11472 = FACE_BOUND('',#11473,.T.);
#11473 = EDGE_LOOP('',(#11474));
#11474 = ORIENTED_EDGE('',*,*,#11475,.T.);
#11475 = EDGE_CURVE('',#11476,#11476,#11478,.T.);
#11476 = VERTEX_POINT('',#11477);
#11477 = CARTESIAN_POINT('',(214.25,-186.356,1.51));
#11478 = CIRCLE('',#11479,0.15);
#11479 = AXIS2_PLACEMENT_3D('',#11480,#11481,#11482);
#11480 = CARTESIAN_POINT('',(214.25,-186.206,1.51));
#11481 = DIRECTION('',(-0.,0.,-1.));
#11482 = DIRECTION('',(-0.,-1.,0.));
#11483 = FACE_BOUND('',#11484,.T.);
#11484 = EDGE_LOOP('',(#11485));
#11485 = ORIENTED_EDGE('',*,*,#11486,.T.);
#11486 = EDGE_CURVE('',#11487,#11487,#11489,.T.);
#11487 = VERTEX_POINT('',#11488);
#11488 = CARTESIAN_POINT('',(172.5,-168.46,1.51));
#11489 = CIRCLE('',#11490,0.8);
#11490 = AXIS2_PLACEMENT_3D('',#11491,#11492,#11493);
#11491 = CARTESIAN_POINT('',(172.5,-167.66,1.51));
#11492 = DIRECTION('',(-0.,0.,-1.));
#11493 = DIRECTION('',(-0.,-1.,0.));
#11494 = FACE_BOUND('',#11495,.T.);
#11495 = EDGE_LOOP('',(#11496));
#11496 = ORIENTED_EDGE('',*,*,#11497,.T.);
#11497 = EDGE_CURVE('',#11498,#11498,#11500,.T.);
#11498 = VERTEX_POINT('',#11499);
#11499 = CARTESIAN_POINT('',(178.5,-166.01,1.51));
#11500 = CIRCLE('',#11501,1.5);
#11501 = AXIS2_PLACEMENT_3D('',#11502,#11503,#11504);
#11502 = CARTESIAN_POINT('',(178.5,-164.51,1.51));
#11503 = DIRECTION('',(-0.,0.,-1.));
#11504 = DIRECTION('',(-0.,-1.,0.));
#11505 = FACE_BOUND('',#11506,.T.);
#11506 = EDGE_LOOP('',(#11507));
#11507 = ORIENTED_EDGE('',*,*,#11508,.T.);
#11508 = EDGE_CURVE('',#11509,#11509,#11511,.T.);
#11509 = VERTEX_POINT('',#11510);
#11510 = CARTESIAN_POINT('',(178.5,-158.81,1.51));
#11511 = CIRCLE('',#11512,1.5);
#11512 = AXIS2_PLACEMENT_3D('',#11513,#11514,#11515);
#11513 = CARTESIAN_POINT('',(178.5,-157.31,1.51));
#11514 = DIRECTION('',(-0.,0.,-1.));
#11515 = DIRECTION('',(-0.,-1.,0.));
#11516 = FACE_BOUND('',#11517,.T.);
#11517 = EDGE_LOOP('',(#11518));
#11518 = ORIENTED_EDGE('',*,*,#11519,.T.);
#11519 = EDGE_CURVE('',#11520,#11520,#11522,.T.);
#11520 = VERTEX_POINT('',#11521);
#11521 = CARTESIAN_POINT('',(172.5,-154.96,1.51));
#11522 = CIRCLE('',#11523,0.8);
#11523 = AXIS2_PLACEMENT_3D('',#11524,#11525,#11526);
#11524 = CARTESIAN_POINT('',(172.5,-154.16,1.51));
#11525 = DIRECTION('',(-0.,0.,-1.));
#11526 = DIRECTION('',(-0.,-1.,0.));
#11527 = FACE_BOUND('',#11528,.T.);
#11528 = EDGE_LOOP('',(#11529));
#11529 = ORIENTED_EDGE('',*,*,#11530,.T.);
#11530 = EDGE_CURVE('',#11531,#11531,#11533,.T.);
#11531 = VERTEX_POINT('',#11532);
#11532 = CARTESIAN_POINT('',(172.5,-150.61,1.51));
#11533 = CIRCLE('',#11534,0.8);
#11534 = AXIS2_PLACEMENT_3D('',#11535,#11536,#11537);
#11535 = CARTESIAN_POINT('',(172.5,-149.81,1.51));
#11536 = DIRECTION('',(-0.,0.,-1.));
#11537 = DIRECTION('',(-0.,-1.,0.));
#11538 = FACE_BOUND('',#11539,.T.);
#11539 = EDGE_LOOP('',(#11540));
#11540 = ORIENTED_EDGE('',*,*,#11541,.T.);
#11541 = EDGE_CURVE('',#11542,#11542,#11544,.T.);
#11542 = VERTEX_POINT('',#11543);
#11543 = CARTESIAN_POINT('',(178.5,-148.16,1.51));
#11544 = CIRCLE('',#11545,1.5);
#11545 = AXIS2_PLACEMENT_3D('',#11546,#11547,#11548);
#11546 = CARTESIAN_POINT('',(178.5,-146.66,1.51));
#11547 = DIRECTION('',(-0.,0.,-1.));
#11548 = DIRECTION('',(-0.,-1.,0.));
#11549 = FACE_BOUND('',#11550,.T.);
#11550 = EDGE_LOOP('',(#11551));
#11551 = ORIENTED_EDGE('',*,*,#11552,.T.);
#11552 = EDGE_CURVE('',#11553,#11553,#11555,.T.);
#11553 = VERTEX_POINT('',#11554);
#11554 = CARTESIAN_POINT('',(186.4,-152.706,1.51));
#11555 = CIRCLE('',#11556,0.4);
#11556 = AXIS2_PLACEMENT_3D('',#11557,#11558,#11559);
#11557 = CARTESIAN_POINT('',(186.4,-152.306,1.51));
#11558 = DIRECTION('',(-0.,0.,-1.));
#11559 = DIRECTION('',(-0.,-1.,0.));
#11560 = FACE_BOUND('',#11561,.T.);
#11561 = EDGE_LOOP('',(#11562));
#11562 = ORIENTED_EDGE('',*,*,#11563,.T.);
#11563 = EDGE_CURVE('',#11564,#11564,#11566,.T.);
#11564 = VERTEX_POINT('',#11565);
#11565 = CARTESIAN_POINT('',(208.35,-158.306,1.51));
#11566 = CIRCLE('',#11567,0.25);
#11567 = AXIS2_PLACEMENT_3D('',#11568,#11569,#11570);
#11568 = CARTESIAN_POINT('',(208.35,-158.056,1.51));
#11569 = DIRECTION('',(-0.,0.,-1.));
#11570 = DIRECTION('',(-0.,-1.,0.));
#11571 = FACE_BOUND('',#11572,.T.);
#11572 = EDGE_LOOP('',(#11573));
#11573 = ORIENTED_EDGE('',*,*,#11574,.T.);
#11574 = EDGE_CURVE('',#11575,#11575,#11577,.T.);
#11575 = VERTEX_POINT('',#11576);
#11576 = CARTESIAN_POINT('',(216.,-156.856,1.51));
#11577 = CIRCLE('',#11578,0.4);
#11578 = AXIS2_PLACEMENT_3D('',#11579,#11580,#11581);
#11579 = CARTESIAN_POINT('',(216.,-156.456,1.51));
#11580 = DIRECTION('',(-0.,0.,-1.));
#11581 = DIRECTION('',(-0.,-1.,0.));
#11582 = FACE_BOUND('',#11583,.T.);
#11583 = EDGE_LOOP('',(#11584));
#11584 = ORIENTED_EDGE('',*,*,#11585,.T.);
#11585 = EDGE_CURVE('',#11586,#11586,#11588,.T.);
#11586 = VERTEX_POINT('',#11587);
#11587 = CARTESIAN_POINT('',(199.1,-152.706,1.51));
#11588 = CIRCLE('',#11589,0.4);
#11589 = AXIS2_PLACEMENT_3D('',#11590,#11591,#11592);
#11590 = CARTESIAN_POINT('',(199.1,-152.306,1.51));
#11591 = DIRECTION('',(-0.,0.,-1.));
#11592 = DIRECTION('',(-0.,-1.,0.));
#11593 = FACE_BOUND('',#11594,.T.);
#11594 = EDGE_LOOP('',(#11595));
#11595 = ORIENTED_EDGE('',*,*,#11596,.T.);
#11596 = EDGE_CURVE('',#11597,#11597,#11599,.T.);
#11597 = VERTEX_POINT('',#11598);
#11598 = CARTESIAN_POINT('',(197.,-146.162,1.51));
#11599 = CIRCLE('',#11600,0.15);
#11600 = AXIS2_PLACEMENT_3D('',#11601,#11602,#11603);
#11601 = CARTESIAN_POINT('',(197.,-146.012,1.51));
#11602 = DIRECTION('',(-0.,0.,-1.));
#11603 = DIRECTION('',(-0.,-1.,0.));
#11604 = FACE_BOUND('',#11605,.T.);
#11605 = EDGE_LOOP('',(#11606));
#11606 = ORIENTED_EDGE('',*,*,#11607,.T.);
#11607 = EDGE_CURVE('',#11608,#11608,#11610,.T.);
#11608 = VERTEX_POINT('',#11609);
#11609 = CARTESIAN_POINT('',(210.897,-146.162,1.51));
#11610 = CIRCLE('',#11611,0.15);
#11611 = AXIS2_PLACEMENT_3D('',#11612,#11613,#11614);
#11612 = CARTESIAN_POINT('',(210.897,-146.012,1.51));
#11613 = DIRECTION('',(-0.,0.,-1.));
#11614 = DIRECTION('',(-0.,-1.,0.));
#11615 = FACE_BOUND('',#11616,.T.);
#11616 = EDGE_LOOP('',(#11617));
#11617 = ORIENTED_EDGE('',*,*,#11618,.T.);
#11618 = EDGE_CURVE('',#11619,#11619,#11621,.T.);
#11619 = VERTEX_POINT('',#11620);
#11620 = CARTESIAN_POINT('',(207.25,-145.4445,1.51));
#11621 = CIRCLE('',#11622,0.4445);
#11622 = AXIS2_PLACEMENT_3D('',#11623,#11624,#11625);
#11623 = CARTESIAN_POINT('',(207.25,-145.,1.51));
#11624 = DIRECTION('',(-0.,0.,-1.));
#11625 = DIRECTION('',(-0.,-1.,0.));
#11626 = FACE_BOUND('',#11627,.T.);
#11627 = EDGE_LOOP('',(#11628));
#11628 = ORIENTED_EDGE('',*,*,#11629,.T.);
#11629 = EDGE_CURVE('',#11630,#11630,#11632,.T.);
#11630 = VERTEX_POINT('',#11631);
#11631 = CARTESIAN_POINT('',(216.3,-147.15,1.51));
#11632 = CIRCLE('',#11633,0.4);
#11633 = AXIS2_PLACEMENT_3D('',#11634,#11635,#11636);
#11634 = CARTESIAN_POINT('',(216.3,-146.75,1.51));
#11635 = DIRECTION('',(-0.,0.,-1.));
#11636 = DIRECTION('',(-0.,-1.,0.));
#11637 = FACE_BOUND('',#11638,.T.);
#11638 = EDGE_LOOP('',(#11639));
#11639 = ORIENTED_EDGE('',*,*,#11640,.T.);
#11640 = EDGE_CURVE('',#11641,#11641,#11643,.T.);
#11641 = VERTEX_POINT('',#11642);
#11642 = CARTESIAN_POINT('',(216.206,-142.9,1.51));
#11643 = CIRCLE('',#11644,0.15);
#11644 = AXIS2_PLACEMENT_3D('',#11645,#11646,#11647);
#11645 = CARTESIAN_POINT('',(216.206,-142.75,1.51));
#11646 = DIRECTION('',(-0.,0.,-1.));
#11647 = DIRECTION('',(-1.894780628694E-13,-1.,0.));
#11648 = FACE_BOUND('',#11649,.T.);
#11649 = EDGE_LOOP('',(#11650));
#11650 = ORIENTED_EDGE('',*,*,#11651,.T.);
#11651 = EDGE_CURVE('',#11652,#11652,#11654,.T.);
#11652 = VERTEX_POINT('',#11653);
#11653 = CARTESIAN_POINT('',(217.58,-192.1945,1.51));
#11654 = CIRCLE('',#11655,0.4445);
#11655 = AXIS2_PLACEMENT_3D('',#11656,#11657,#11658);
#11656 = CARTESIAN_POINT('',(217.58,-191.75,1.51));
#11657 = DIRECTION('',(-0.,0.,-1.));
#11658 = DIRECTION('',(6.39408536117E-14,-1.,-0.));
#11659 = FACE_BOUND('',#11660,.T.);
#11660 = EDGE_LOOP('',(#11661));
#11661 = ORIENTED_EDGE('',*,*,#11662,.T.);
#11662 = EDGE_CURVE('',#11663,#11663,#11665,.T.);
#11663 = VERTEX_POINT('',#11664);
#11664 = CARTESIAN_POINT('',(221.75,-192.1945,1.51));
#11665 = CIRCLE('',#11666,0.4445);
#11666 = AXIS2_PLACEMENT_3D('',#11667,#11668,#11669);
#11667 = CARTESIAN_POINT('',(221.75,-191.75,1.51));
#11668 = DIRECTION('',(-0.,0.,-1.));
#11669 = DIRECTION('',(-0.,-1.,0.));
#11670 = FACE_BOUND('',#11671,.T.);
#11671 = EDGE_LOOP('',(#11672));
#11672 = ORIENTED_EDGE('',*,*,#11673,.T.);
#11673 = EDGE_CURVE('',#11674,#11674,#11676,.T.);
#11674 = VERTEX_POINT('',#11675);
#11675 = CARTESIAN_POINT('',(224.29,-192.1945,1.51));
#11676 = CIRCLE('',#11677,0.4445);
#11677 = AXIS2_PLACEMENT_3D('',#11678,#11679,#11680);
#11678 = CARTESIAN_POINT('',(224.29,-191.75,1.51));
#11679 = DIRECTION('',(-0.,0.,-1.));
#11680 = DIRECTION('',(-0.,-1.,0.));
#11681 = FACE_BOUND('',#11682,.T.);
#11682 = EDGE_LOOP('',(#11683));
#11683 = ORIENTED_EDGE('',*,*,#11684,.T.);
#11684 = EDGE_CURVE('',#11685,#11685,#11687,.T.);
#11685 = VERTEX_POINT('',#11686);
#11686 = CARTESIAN_POINT('',(226.83,-192.1945,1.51));
#11687 = CIRCLE('',#11688,0.4445);
#11688 = AXIS2_PLACEMENT_3D('',#11689,#11690,#11691);
#11689 = CARTESIAN_POINT('',(226.83,-191.75,1.51));
#11690 = DIRECTION('',(-0.,0.,-1.));
#11691 = DIRECTION('',(6.39408536117E-14,-1.,-0.));
#11692 = FACE_BOUND('',#11693,.T.);
#11693 = EDGE_LOOP('',(#11694));
#11694 = ORIENTED_EDGE('',*,*,#11695,.T.);
#11695 = EDGE_CURVE('',#11696,#11696,#11698,.T.);
#11696 = VERTEX_POINT('',#11697);
#11697 = CARTESIAN_POINT('',(223.25,-182.4445,1.51));
#11698 = CIRCLE('',#11699,0.4445);
#11699 = AXIS2_PLACEMENT_3D('',#11700,#11701,#11702);
#11700 = CARTESIAN_POINT('',(223.25,-182.,1.51));
#11701 = DIRECTION('',(-0.,0.,-1.));
#11702 = DIRECTION('',(-0.,-1.,0.));
#11703 = FACE_BOUND('',#11704,.T.);
#11704 = EDGE_LOOP('',(#11705));
#11705 = ORIENTED_EDGE('',*,*,#11706,.T.);
#11706 = EDGE_CURVE('',#11707,#11707,#11709,.T.);
#11707 = VERTEX_POINT('',#11708);
#11708 = CARTESIAN_POINT('',(230.,-192.1945,1.51));
#11709 = CIRCLE('',#11710,0.4445);
#11710 = AXIS2_PLACEMENT_3D('',#11711,#11712,#11713);
#11711 = CARTESIAN_POINT('',(230.,-191.75,1.51));
#11712 = DIRECTION('',(-0.,0.,-1.));
#11713 = DIRECTION('',(-0.,-1.,0.));
#11714 = FACE_BOUND('',#11715,.T.);
#11715 = EDGE_LOOP('',(#11716));
#11716 = ORIENTED_EDGE('',*,*,#11717,.T.);
#11717 = EDGE_CURVE('',#11718,#11718,#11720,.T.);
#11718 = VERTEX_POINT('',#11719);
#11719 = CARTESIAN_POINT('',(232.54,-192.1945,1.51));
#11720 = CIRCLE('',#11721,0.4445);
#11721 = AXIS2_PLACEMENT_3D('',#11722,#11723,#11724);
#11722 = CARTESIAN_POINT('',(232.54,-191.75,1.51));
#11723 = DIRECTION('',(-0.,0.,-1.));
#11724 = DIRECTION('',(-0.,-1.,0.));
#11725 = FACE_BOUND('',#11726,.T.);
#11726 = EDGE_LOOP('',(#11727));
#11727 = ORIENTED_EDGE('',*,*,#11728,.T.);
#11728 = EDGE_CURVE('',#11729,#11729,#11731,.T.);
#11729 = VERTEX_POINT('',#11730);
#11730 = CARTESIAN_POINT('',(237.25,-192.1945,1.51));
#11731 = CIRCLE('',#11732,0.4445);
#11732 = AXIS2_PLACEMENT_3D('',#11733,#11734,#11735);
#11733 = CARTESIAN_POINT('',(237.25,-191.75,1.51));
#11734 = DIRECTION('',(-0.,0.,-1.));
#11735 = DIRECTION('',(-0.,-1.,0.));
#11736 = FACE_BOUND('',#11737,.T.);
#11737 = EDGE_LOOP('',(#11738));
#11738 = ORIENTED_EDGE('',*,*,#11739,.T.);
#11739 = EDGE_CURVE('',#11740,#11740,#11742,.T.);
#11740 = VERTEX_POINT('',#11741);
#11741 = CARTESIAN_POINT('',(238.25,-184.9,1.51));
#11742 = CIRCLE('',#11743,0.15);
#11743 = AXIS2_PLACEMENT_3D('',#11744,#11745,#11746);
#11744 = CARTESIAN_POINT('',(238.25,-184.75,1.51));
#11745 = DIRECTION('',(-0.,0.,-1.));
#11746 = DIRECTION('',(-0.,-1.,0.));
#11747 = FACE_BOUND('',#11748,.T.);
#11748 = EDGE_LOOP('',(#11749));
#11749 = ORIENTED_EDGE('',*,*,#11750,.T.);
#11750 = EDGE_CURVE('',#11751,#11751,#11753,.T.);
#11751 = VERTEX_POINT('',#11752);
#11752 = CARTESIAN_POINT('',(236.75,-178.4,1.51));
#11753 = CIRCLE('',#11754,0.15);
#11754 = AXIS2_PLACEMENT_3D('',#11755,#11756,#11757);
#11755 = CARTESIAN_POINT('',(236.75,-178.25,1.51));
#11756 = DIRECTION('',(-0.,0.,-1.));
#11757 = DIRECTION('',(-0.,-1.,0.));
#11758 = FACE_BOUND('',#11759,.T.);
#11759 = EDGE_LOOP('',(#11760));
#11760 = ORIENTED_EDGE('',*,*,#11761,.T.);
#11761 = EDGE_CURVE('',#11762,#11762,#11764,.T.);
#11762 = VERTEX_POINT('',#11763);
#11763 = CARTESIAN_POINT('',(229.,-171.6945,1.51));
#11764 = CIRCLE('',#11765,0.4445);
#11765 = AXIS2_PLACEMENT_3D('',#11766,#11767,#11768);
#11766 = CARTESIAN_POINT('',(229.,-171.25,1.51));
#11767 = DIRECTION('',(-0.,0.,-1.));
#11768 = DIRECTION('',(-0.,-1.,0.));
#11769 = FACE_BOUND('',#11770,.T.);
#11770 = EDGE_LOOP('',(#11771));
#11771 = ORIENTED_EDGE('',*,*,#11772,.T.);
#11772 = EDGE_CURVE('',#11773,#11773,#11775,.T.);
#11773 = VERTEX_POINT('',#11774);
#11774 = CARTESIAN_POINT('',(239.79,-192.1945,1.51));
#11775 = CIRCLE('',#11776,0.4445);
#11776 = AXIS2_PLACEMENT_3D('',#11777,#11778,#11779);
#11777 = CARTESIAN_POINT('',(239.79,-191.75,1.51));
#11778 = DIRECTION('',(-0.,0.,-1.));
#11779 = DIRECTION('',(-0.,-1.,0.));
#11780 = FACE_BOUND('',#11781,.T.);
#11781 = EDGE_LOOP('',(#11782));
#11782 = ORIENTED_EDGE('',*,*,#11783,.T.);
#11783 = EDGE_CURVE('',#11784,#11784,#11786,.T.);
#11784 = VERTEX_POINT('',#11785);
#11785 = CARTESIAN_POINT('',(242.33,-192.1945,1.51));
#11786 = CIRCLE('',#11787,0.4445);
#11787 = AXIS2_PLACEMENT_3D('',#11788,#11789,#11790);
#11788 = CARTESIAN_POINT('',(242.33,-191.75,1.51));
#11789 = DIRECTION('',(-0.,0.,-1.));
#11790 = DIRECTION('',(6.39408536117E-14,-1.,-0.));
#11791 = FACE_BOUND('',#11792,.T.);
#11792 = EDGE_LOOP('',(#11793));
#11793 = ORIENTED_EDGE('',*,*,#11794,.T.);
#11794 = EDGE_CURVE('',#11795,#11795,#11797,.T.);
#11795 = VERTEX_POINT('',#11796);
#11796 = CARTESIAN_POINT('',(244.87,-192.1945,1.51));
#11797 = CIRCLE('',#11798,0.4445);
#11798 = AXIS2_PLACEMENT_3D('',#11799,#11800,#11801);
#11799 = CARTESIAN_POINT('',(244.87,-191.75,1.51));
#11800 = DIRECTION('',(-0.,0.,-1.));
#11801 = DIRECTION('',(-0.,-1.,0.));
#11802 = FACE_BOUND('',#11803,.T.);
#11803 = EDGE_LOOP('',(#11804));
#11804 = ORIENTED_EDGE('',*,*,#11805,.T.);
#11805 = EDGE_CURVE('',#11806,#11806,#11808,.T.);
#11806 = VERTEX_POINT('',#11807);
#11807 = CARTESIAN_POINT('',(259.,-193.4,1.51));
#11808 = CIRCLE('',#11809,1.65);
#11809 = AXIS2_PLACEMENT_3D('',#11810,#11811,#11812);
#11810 = CARTESIAN_POINT('',(259.,-191.75,1.51));
#11811 = DIRECTION('',(-0.,0.,-1.));
#11812 = DIRECTION('',(-0.,-1.,0.));
#11813 = FACE_BOUND('',#11814,.T.);
#11814 = EDGE_LOOP('',(#11815));
#11815 = ORIENTED_EDGE('',*,*,#11816,.T.);
#11816 = EDGE_CURVE('',#11817,#11817,#11819,.T.);
#11817 = VERTEX_POINT('',#11818);
#11818 = CARTESIAN_POINT('',(260.5,-179.3145,1.51));
#11819 = CIRCLE('',#11820,0.4445);
#11820 = AXIS2_PLACEMENT_3D('',#11821,#11822,#11823);
#11821 = CARTESIAN_POINT('',(260.5,-178.87,1.51));
#11822 = DIRECTION('',(-0.,0.,-1.));
#11823 = DIRECTION('',(-0.,-1.,0.));
#11824 = FACE_BOUND('',#11825,.T.);
#11825 = EDGE_LOOP('',(#11826));
#11826 = ORIENTED_EDGE('',*,*,#11827,.T.);
#11827 = EDGE_CURVE('',#11828,#11828,#11830,.T.);
#11828 = VERTEX_POINT('',#11829);
#11829 = CARTESIAN_POINT('',(260.5,-176.7745,1.51));
#11830 = CIRCLE('',#11831,0.4445);
#11831 = AXIS2_PLACEMENT_3D('',#11832,#11833,#11834);
#11832 = CARTESIAN_POINT('',(260.5,-176.33,1.51));
#11833 = DIRECTION('',(-0.,0.,-1.));
#11834 = DIRECTION('',(-0.,-1.,0.));
#11835 = FACE_BOUND('',#11836,.T.);
#11836 = EDGE_LOOP('',(#11837));
#11837 = ORIENTED_EDGE('',*,*,#11838,.T.);
#11838 = EDGE_CURVE('',#11839,#11839,#11841,.T.);
#11839 = VERTEX_POINT('',#11840);
#11840 = CARTESIAN_POINT('',(260.5,-174.2345,1.51));
#11841 = CIRCLE('',#11842,0.4445);
#11842 = AXIS2_PLACEMENT_3D('',#11843,#11844,#11845);
#11843 = CARTESIAN_POINT('',(260.5,-173.79,1.51));
#11844 = DIRECTION('',(-0.,0.,-1.));
#11845 = DIRECTION('',(-0.,-1.,0.));
#11846 = FACE_BOUND('',#11847,.T.);
#11847 = EDGE_LOOP('',(#11848));
#11848 = ORIENTED_EDGE('',*,*,#11849,.T.);
#11849 = EDGE_CURVE('',#11850,#11850,#11852,.T.);
#11850 = VERTEX_POINT('',#11851);
#11851 = CARTESIAN_POINT('',(260.5,-171.6945,1.51));
#11852 = CIRCLE('',#11853,0.4445);
#11853 = AXIS2_PLACEMENT_3D('',#11854,#11855,#11856);
#11854 = CARTESIAN_POINT('',(260.5,-171.25,1.51));
#11855 = DIRECTION('',(-0.,0.,-1.));
#11856 = DIRECTION('',(-0.,-1.,0.));
#11857 = FACE_BOUND('',#11858,.T.);
#11858 = EDGE_LOOP('',(#11859));
#11859 = ORIENTED_EDGE('',*,*,#11860,.T.);
#11860 = EDGE_CURVE('',#11861,#11861,#11863,.T.);
#11861 = VERTEX_POINT('',#11862);
#11862 = CARTESIAN_POINT('',(260.5,-169.1545,1.51));
#11863 = CIRCLE('',#11864,0.4445);
#11864 = AXIS2_PLACEMENT_3D('',#11865,#11866,#11867);
#11865 = CARTESIAN_POINT('',(260.5,-168.71,1.51));
#11866 = DIRECTION('',(-0.,0.,-1.));
#11867 = DIRECTION('',(-0.,-1.,0.));
#11868 = FACE_BOUND('',#11869,.T.);
#11869 = EDGE_LOOP('',(#11870));
#11870 = ORIENTED_EDGE('',*,*,#11871,.T.);
#11871 = EDGE_CURVE('',#11872,#11872,#11874,.T.);
#11872 = VERTEX_POINT('',#11873);
#11873 = CARTESIAN_POINT('',(219.5,-156.856,1.51));
#11874 = CIRCLE('',#11875,0.4);
#11875 = AXIS2_PLACEMENT_3D('',#11876,#11877,#11878);
#11876 = CARTESIAN_POINT('',(219.5,-156.456,1.51));
#11877 = DIRECTION('',(-0.,0.,-1.));
#11878 = DIRECTION('',(-0.,-1.,0.));
#11879 = FACE_BOUND('',#11880,.T.);
#11880 = EDGE_LOOP('',(#11881));
#11881 = ORIENTED_EDGE('',*,*,#11882,.T.);
#11882 = EDGE_CURVE('',#11883,#11883,#11885,.T.);
#11883 = VERTEX_POINT('',#11884);
#11884 = CARTESIAN_POINT('',(236.623,-165.9,1.51));
#11885 = CIRCLE('',#11886,0.15);
#11886 = AXIS2_PLACEMENT_3D('',#11887,#11888,#11889);
#11887 = CARTESIAN_POINT('',(236.623,-165.75,1.51));
#11888 = DIRECTION('',(-0.,0.,-1.));
#11889 = DIRECTION('',(-0.,-1.,0.));
#11890 = FACE_BOUND('',#11891,.T.);
#11891 = EDGE_LOOP('',(#11892));
#11892 = ORIENTED_EDGE('',*,*,#11893,.T.);
#11893 = EDGE_CURVE('',#11894,#11894,#11896,.T.);
#11894 = VERTEX_POINT('',#11895);
#11895 = CARTESIAN_POINT('',(229.,-147.15,1.51));
#11896 = CIRCLE('',#11897,0.4);
#11897 = AXIS2_PLACEMENT_3D('',#11898,#11899,#11900);
#11898 = CARTESIAN_POINT('',(229.,-146.75,1.51));
#11899 = DIRECTION('',(-0.,0.,-1.));
#11900 = DIRECTION('',(-0.,-1.,0.));
#11901 = FACE_BOUND('',#11902,.T.);
#11902 = EDGE_LOOP('',(#11903));
#11903 = ORIENTED_EDGE('',*,*,#11904,.T.);
#11904 = EDGE_CURVE('',#11905,#11905,#11907,.T.);
#11905 = VERTEX_POINT('',#11906);
#11906 = CARTESIAN_POINT('',(239.417,-165.9,1.51));
#11907 = CIRCLE('',#11908,0.15);
#11908 = AXIS2_PLACEMENT_3D('',#11909,#11910,#11911);
#11909 = CARTESIAN_POINT('',(239.417,-165.75,1.51));
#11910 = DIRECTION('',(-0.,0.,-1.));
#11911 = DIRECTION('',(-0.,-1.,0.));
#11912 = FACE_BOUND('',#11913,.T.);
#11913 = EDGE_LOOP('',(#11914));
#11914 = ORIENTED_EDGE('',*,*,#11915,.T.);
#11915 = EDGE_CURVE('',#11916,#11916,#11918,.T.);
#11916 = VERTEX_POINT('',#11917);
#11917 = CARTESIAN_POINT('',(260.5,-166.6145,1.51));
#11918 = CIRCLE('',#11919,0.4445);
#11919 = AXIS2_PLACEMENT_3D('',#11920,#11921,#11922);
#11920 = CARTESIAN_POINT('',(260.5,-166.17,1.51));
#11921 = DIRECTION('',(-0.,0.,-1.));
#11922 = DIRECTION('',(-0.,-1.,0.));
#11923 = FACE_BOUND('',#11924,.T.);
#11924 = EDGE_LOOP('',(#11925));
#11925 = ORIENTED_EDGE('',*,*,#11926,.T.);
#11926 = EDGE_CURVE('',#11927,#11927,#11929,.T.);
#11927 = VERTEX_POINT('',#11928);
#11928 = CARTESIAN_POINT('',(260.5,-164.0745,1.51));
#11929 = CIRCLE('',#11930,0.4445);
#11930 = AXIS2_PLACEMENT_3D('',#11931,#11932,#11933);
#11931 = CARTESIAN_POINT('',(260.5,-163.63,1.51));
#11932 = DIRECTION('',(-0.,0.,-1.));
#11933 = DIRECTION('',(-0.,-1.,0.));
#11934 = FACE_BOUND('',#11935,.T.);
#11935 = EDGE_LOOP('',(#11936));
#11936 = ORIENTED_EDGE('',*,*,#11937,.T.);
#11937 = EDGE_CURVE('',#11938,#11938,#11940,.T.);
#11938 = VERTEX_POINT('',#11939);
#11939 = CARTESIAN_POINT('',(260.5,-159.7345,1.51));
#11940 = CIRCLE('',#11941,0.4445);
#11941 = AXIS2_PLACEMENT_3D('',#11942,#11943,#11944);
#11942 = CARTESIAN_POINT('',(260.5,-159.29,1.51));
#11943 = DIRECTION('',(-0.,0.,-1.));
#11944 = DIRECTION('',(-0.,-1.,0.));
#11945 = FACE_BOUND('',#11946,.T.);
#11946 = EDGE_LOOP('',(#11947));
#11947 = ORIENTED_EDGE('',*,*,#11948,.T.);
#11948 = EDGE_CURVE('',#11949,#11949,#11951,.T.);
#11949 = VERTEX_POINT('',#11950);
#11950 = CARTESIAN_POINT('',(260.5,-157.1945,1.51));
#11951 = CIRCLE('',#11952,0.4445);
#11952 = AXIS2_PLACEMENT_3D('',#11953,#11954,#11955);
#11953 = CARTESIAN_POINT('',(260.5,-156.75,1.51));
#11954 = DIRECTION('',(-0.,0.,-1.));
#11955 = DIRECTION('',(-0.,-1.,0.));
#11956 = FACE_BOUND('',#11957,.T.);
#11957 = EDGE_LOOP('',(#11958));
#11958 = ORIENTED_EDGE('',*,*,#11959,.T.);
#11959 = EDGE_CURVE('',#11960,#11960,#11962,.T.);
#11960 = VERTEX_POINT('',#11961);
#11961 = CARTESIAN_POINT('',(260.5,-154.6545,1.51));
#11962 = CIRCLE('',#11963,0.4445);
#11963 = AXIS2_PLACEMENT_3D('',#11964,#11965,#11966);
#11964 = CARTESIAN_POINT('',(260.5,-154.21,1.51));
#11965 = DIRECTION('',(-0.,0.,-1.));
#11966 = DIRECTION('',(-0.,-1.,0.));
#11967 = FACE_BOUND('',#11968,.T.);
#11968 = EDGE_LOOP('',(#11969));
#11969 = ORIENTED_EDGE('',*,*,#11970,.T.);
#11970 = EDGE_CURVE('',#11971,#11971,#11973,.T.);
#11971 = VERTEX_POINT('',#11972);
#11972 = CARTESIAN_POINT('',(260.5,-152.1145,1.51));
#11973 = CIRCLE('',#11974,0.4445);
#11974 = AXIS2_PLACEMENT_3D('',#11975,#11976,#11977);
#11975 = CARTESIAN_POINT('',(260.5,-151.67,1.51));
#11976 = DIRECTION('',(-0.,0.,-1.));
#11977 = DIRECTION('',(-0.,-1.,0.));
#11978 = FACE_BOUND('',#11979,.T.);
#11979 = EDGE_LOOP('',(#11980));
#11980 = ORIENTED_EDGE('',*,*,#11981,.T.);
#11981 = EDGE_CURVE('',#11982,#11982,#11984,.T.);
#11982 = VERTEX_POINT('',#11983);
#11983 = CARTESIAN_POINT('',(260.5,-149.5745,1.51));
#11984 = CIRCLE('',#11985,0.4445);
#11985 = AXIS2_PLACEMENT_3D('',#11986,#11987,#11988);
#11986 = CARTESIAN_POINT('',(260.5,-149.13,1.51));
#11987 = DIRECTION('',(-0.,0.,-1.));
#11988 = DIRECTION('',(-0.,-1.,0.));
#11989 = FACE_BOUND('',#11990,.T.);
#11990 = EDGE_LOOP('',(#11991));
#11991 = ORIENTED_EDGE('',*,*,#11992,.T.);
#11992 = EDGE_CURVE('',#11993,#11993,#11995,.T.);
#11993 = VERTEX_POINT('',#11994);
#11994 = CARTESIAN_POINT('',(260.5,-147.0345,1.51));
#11995 = CIRCLE('',#11996,0.4445);
#11996 = AXIS2_PLACEMENT_3D('',#11997,#11998,#11999);
#11997 = CARTESIAN_POINT('',(260.5,-146.59,1.51));
#11998 = DIRECTION('',(-0.,0.,-1.));
#11999 = DIRECTION('',(-0.,-1.,0.));
#12000 = FACE_BOUND('',#12001,.T.);
#12001 = EDGE_LOOP('',(#12002));
#12002 = ORIENTED_EDGE('',*,*,#12003,.T.);
#12003 = EDGE_CURVE('',#12004,#12004,#12006,.T.);
#12004 = VERTEX_POINT('',#12005);
#12005 = CARTESIAN_POINT('',(260.5,-144.4945,1.51));
#12006 = CIRCLE('',#12007,0.4445);
#12007 = AXIS2_PLACEMENT_3D('',#12008,#12009,#12010);
#12008 = CARTESIAN_POINT('',(260.5,-144.05,1.51));
#12009 = DIRECTION('',(-0.,0.,-1.));
#12010 = DIRECTION('',(-0.,-1.,0.));
#12011 = FACE_BOUND('',#12012,.T.);
#12012 = EDGE_LOOP('',(#12013));
#12013 = ORIENTED_EDGE('',*,*,#12014,.T.);
#12014 = EDGE_CURVE('',#12015,#12015,#12017,.T.);
#12015 = VERTEX_POINT('',#12016);
#12016 = CARTESIAN_POINT('',(172.5,-137.11,1.51));
#12017 = CIRCLE('',#12018,0.8);
#12018 = AXIS2_PLACEMENT_3D('',#12019,#12020,#12021);
#12019 = CARTESIAN_POINT('',(172.5,-136.31,1.51));
#12020 = DIRECTION('',(-0.,0.,-1.));
#12021 = DIRECTION('',(-0.,-1.,0.));
#12022 = FACE_BOUND('',#12023,.T.);
#12023 = EDGE_LOOP('',(#12024));
#12024 = ORIENTED_EDGE('',*,*,#12025,.T.);
#12025 = EDGE_CURVE('',#12026,#12026,#12028,.T.);
#12026 = VERTEX_POINT('',#12027);
#12027 = CARTESIAN_POINT('',(178.5,-140.96,1.51));
#12028 = CIRCLE('',#12029,1.5);
#12029 = AXIS2_PLACEMENT_3D('',#12030,#12031,#12032);
#12030 = CARTESIAN_POINT('',(178.5,-139.46,1.51));
#12031 = DIRECTION('',(-0.,0.,-1.));
#12032 = DIRECTION('',(-0.,-1.,0.));
#12033 = FACE_BOUND('',#12034,.T.);
#12034 = EDGE_LOOP('',(#12035));
#12035 = ORIENTED_EDGE('',*,*,#12036,.T.);
#12036 = EDGE_CURVE('',#12037,#12037,#12039,.T.);
#12037 = VERTEX_POINT('',#12038);
#12038 = CARTESIAN_POINT('',(172.5,-132.96,1.51));
#12039 = CIRCLE('',#12040,0.8);
#12040 = AXIS2_PLACEMENT_3D('',#12041,#12042,#12043);
#12041 = CARTESIAN_POINT('',(172.5,-132.16,1.51));
#12042 = DIRECTION('',(-0.,0.,-1.));
#12043 = DIRECTION('',(-0.,-1.,0.));
#12044 = FACE_BOUND('',#12045,.T.);
#12045 = EDGE_LOOP('',(#12046));
#12046 = ORIENTED_EDGE('',*,*,#12047,.T.);
#12047 = EDGE_CURVE('',#12048,#12048,#12050,.T.);
#12048 = VERTEX_POINT('',#12049);
#12049 = CARTESIAN_POINT('',(178.5,-130.51,1.51));
#12050 = CIRCLE('',#12051,1.5);
#12051 = AXIS2_PLACEMENT_3D('',#12052,#12053,#12054);
#12052 = CARTESIAN_POINT('',(178.5,-129.01,1.51));
#12053 = DIRECTION('',(-0.,0.,-1.));
#12054 = DIRECTION('',(-0.,-1.,0.));
#12055 = FACE_BOUND('',#12056,.T.);
#12056 = EDGE_LOOP('',(#12057));
#12057 = ORIENTED_EDGE('',*,*,#12058,.T.);
#12058 = EDGE_CURVE('',#12059,#12059,#12061,.T.);
#12059 = VERTEX_POINT('',#12060);
#12060 = CARTESIAN_POINT('',(172.5,-119.46,1.51));
#12061 = CIRCLE('',#12062,0.8);
#12062 = AXIS2_PLACEMENT_3D('',#12063,#12064,#12065);
#12063 = CARTESIAN_POINT('',(172.5,-118.66,1.51));
#12064 = DIRECTION('',(-0.,0.,-1.));
#12065 = DIRECTION('',(-0.,-1.,0.));
#12066 = FACE_BOUND('',#12067,.T.);
#12067 = EDGE_LOOP('',(#12068));
#12068 = ORIENTED_EDGE('',*,*,#12069,.T.);
#12069 = EDGE_CURVE('',#12070,#12070,#12072,.T.);
#12070 = VERTEX_POINT('',#12071);
#12071 = CARTESIAN_POINT('',(178.5,-123.31,1.51));
#12072 = CIRCLE('',#12073,1.5);
#12073 = AXIS2_PLACEMENT_3D('',#12074,#12075,#12076);
#12074 = CARTESIAN_POINT('',(178.5,-121.81,1.51));
#12075 = DIRECTION('',(-0.,0.,-1.));
#12076 = DIRECTION('',(-0.,-1.,0.));
#12077 = FACE_BOUND('',#12078,.T.);
#12078 = EDGE_LOOP('',(#12079));
#12079 = ORIENTED_EDGE('',*,*,#12080,.T.);
#12080 = EDGE_CURVE('',#12081,#12081,#12083,.T.);
#12081 = VERTEX_POINT('',#12082);
#12082 = CARTESIAN_POINT('',(199.5,-139.4445,1.51));
#12083 = CIRCLE('',#12084,0.4445);
#12084 = AXIS2_PLACEMENT_3D('',#12085,#12086,#12087);
#12085 = CARTESIAN_POINT('',(199.5,-139.,1.51));
#12086 = DIRECTION('',(-0.,0.,-1.));
#12087 = DIRECTION('',(-0.,-1.,0.));
#12088 = FACE_BOUND('',#12089,.T.);
#12089 = EDGE_LOOP('',(#12090));
#12090 = ORIENTED_EDGE('',*,*,#12091,.T.);
#12091 = EDGE_CURVE('',#12092,#12092,#12094,.T.);
#12092 = VERTEX_POINT('',#12093);
#12093 = CARTESIAN_POINT('',(213.5,-139.4,1.51));
#12094 = CIRCLE('',#12095,0.15);
#12095 = AXIS2_PLACEMENT_3D('',#12096,#12097,#12098);
#12096 = CARTESIAN_POINT('',(213.5,-139.25,1.51));
#12097 = DIRECTION('',(-0.,0.,-1.));
#12098 = DIRECTION('',(-0.,-1.,0.));
#12099 = FACE_BOUND('',#12100,.T.);
#12100 = EDGE_LOOP('',(#12101));
#12101 = ORIENTED_EDGE('',*,*,#12102,.T.);
#12102 = EDGE_CURVE('',#12103,#12103,#12105,.T.);
#12103 = VERTEX_POINT('',#12104);
#12104 = CARTESIAN_POINT('',(201.5,-123.65,1.51));
#12105 = CIRCLE('',#12106,0.4);
#12106 = AXIS2_PLACEMENT_3D('',#12107,#12108,#12109);
#12107 = CARTESIAN_POINT('',(201.5,-123.25,1.51));
#12108 = DIRECTION('',(-0.,0.,-1.));
#12109 = DIRECTION('',(-0.,-1.,0.));
#12110 = FACE_BOUND('',#12111,.T.);
#12111 = EDGE_LOOP('',(#12112));
#12112 = ORIENTED_EDGE('',*,*,#12113,.T.);
#12113 = EDGE_CURVE('',#12114,#12114,#12116,.T.);
#12114 = VERTEX_POINT('',#12115);
#12115 = CARTESIAN_POINT('',(201.5,-121.65,1.51));
#12116 = CIRCLE('',#12117,0.4);
#12117 = AXIS2_PLACEMENT_3D('',#12118,#12119,#12120);
#12118 = CARTESIAN_POINT('',(201.5,-121.25,1.51));
#12119 = DIRECTION('',(-0.,0.,-1.));
#12120 = DIRECTION('',(-0.,-1.,0.));
#12121 = FACE_BOUND('',#12122,.T.);
#12122 = EDGE_LOOP('',(#12123));
#12123 = ORIENTED_EDGE('',*,*,#12124,.T.);
#12124 = EDGE_CURVE('',#12125,#12125,#12127,.T.);
#12125 = VERTEX_POINT('',#12126);
#12126 = CARTESIAN_POINT('',(210.75,-127.694,1.51));
#12127 = CIRCLE('',#12128,0.15);
#12128 = AXIS2_PLACEMENT_3D('',#12129,#12130,#12131);
#12129 = CARTESIAN_POINT('',(210.75,-127.544,1.51));
#12130 = DIRECTION('',(-0.,0.,-1.));
#12131 = DIRECTION('',(-0.,-1.,0.));
#12132 = FACE_BOUND('',#12133,.T.);
#12133 = EDGE_LOOP('',(#12134));
#12134 = ORIENTED_EDGE('',*,*,#12135,.T.);
#12135 = EDGE_CURVE('',#12136,#12136,#12138,.T.);
#12136 = VERTEX_POINT('',#12137);
#12137 = CARTESIAN_POINT('',(172.5,-114.96,1.51));
#12138 = CIRCLE('',#12139,0.8);
#12139 = AXIS2_PLACEMENT_3D('',#12140,#12141,#12142);
#12140 = CARTESIAN_POINT('',(172.5,-114.16,1.51));
#12141 = DIRECTION('',(-0.,0.,-1.));
#12142 = DIRECTION('',(-0.,-1.,0.));
#12143 = FACE_BOUND('',#12144,.T.);
#12144 = EDGE_LOOP('',(#12145));
#12145 = ORIENTED_EDGE('',*,*,#12146,.T.);
#12146 = EDGE_CURVE('',#12147,#12147,#12149,.T.);
#12147 = VERTEX_POINT('',#12148);
#12148 = CARTESIAN_POINT('',(178.5,-112.51,1.51));
#12149 = CIRCLE('',#12150,1.5);
#12150 = AXIS2_PLACEMENT_3D('',#12151,#12152,#12153);
#12151 = CARTESIAN_POINT('',(178.5,-111.01,1.51));
#12152 = DIRECTION('',(-0.,0.,-1.));
#12153 = DIRECTION('',(-0.,-1.,0.));
#12154 = FACE_BOUND('',#12155,.T.);
#12155 = EDGE_LOOP('',(#12156));
#12156 = ORIENTED_EDGE('',*,*,#12157,.T.);
#12157 = EDGE_CURVE('',#12158,#12158,#12160,.T.);
#12158 = VERTEX_POINT('',#12159);
#12159 = CARTESIAN_POINT('',(187.25,-114.4445,1.51));
#12160 = CIRCLE('',#12161,0.4445);
#12161 = AXIS2_PLACEMENT_3D('',#12162,#12163,#12164);
#12162 = CARTESIAN_POINT('',(187.25,-114.,1.51));
#12163 = DIRECTION('',(-0.,0.,-1.));
#12164 = DIRECTION('',(-0.,-1.,0.));
#12165 = FACE_BOUND('',#12166,.T.);
#12166 = EDGE_LOOP('',(#12167));
#12167 = ORIENTED_EDGE('',*,*,#12168,.T.);
#12168 = EDGE_CURVE('',#12169,#12169,#12171,.T.);
#12169 = VERTEX_POINT('',#12170);
#12170 = CARTESIAN_POINT('',(190.75,-106.15,1.51));
#12171 = CIRCLE('',#12172,0.4);
#12172 = AXIS2_PLACEMENT_3D('',#12173,#12174,#12175);
#12173 = CARTESIAN_POINT('',(190.75,-105.75,1.51));
#12174 = DIRECTION('',(-0.,0.,-1.));
#12175 = DIRECTION('',(-0.,-1.,0.));
#12176 = FACE_BOUND('',#12177,.T.);
#12177 = EDGE_LOOP('',(#12178));
#12178 = ORIENTED_EDGE('',*,*,#12179,.T.);
#12179 = EDGE_CURVE('',#12180,#12180,#12182,.T.);
#12180 = VERTEX_POINT('',#12181);
#12181 = CARTESIAN_POINT('',(172.5,-101.46,1.51));
#12182 = CIRCLE('',#12183,0.8);
#12183 = AXIS2_PLACEMENT_3D('',#12184,#12185,#12186);
#12184 = CARTESIAN_POINT('',(172.5,-100.66,1.51));
#12185 = DIRECTION('',(-0.,0.,-1.));
#12186 = DIRECTION('',(-0.,-1.,0.));
#12187 = FACE_BOUND('',#12188,.T.);
#12188 = EDGE_LOOP('',(#12189));
#12189 = ORIENTED_EDGE('',*,*,#12190,.T.);
#12190 = EDGE_CURVE('',#12191,#12191,#12193,.T.);
#12191 = VERTEX_POINT('',#12192);
#12192 = CARTESIAN_POINT('',(178.5,-105.31,1.51));
#12193 = CIRCLE('',#12194,1.5);
#12194 = AXIS2_PLACEMENT_3D('',#12195,#12196,#12197);
#12195 = CARTESIAN_POINT('',(178.5,-103.81,1.51));
#12196 = DIRECTION('',(-0.,0.,-1.));
#12197 = DIRECTION('',(-0.,-1.,0.));
#12198 = FACE_BOUND('',#12199,.T.);
#12199 = EDGE_LOOP('',(#12200));
#12200 = ORIENTED_EDGE('',*,*,#12201,.T.);
#12201 = EDGE_CURVE('',#12202,#12202,#12204,.T.);
#12202 = VERTEX_POINT('',#12203);
#12203 = CARTESIAN_POINT('',(174.,-94.9,1.51));
#12204 = CIRCLE('',#12205,1.65);
#12205 = AXIS2_PLACEMENT_3D('',#12206,#12207,#12208);
#12206 = CARTESIAN_POINT('',(174.,-93.25,1.51));
#12207 = DIRECTION('',(-0.,0.,-1.));
#12208 = DIRECTION('',(-0.,-1.,0.));
#12209 = FACE_BOUND('',#12210,.T.);
#12210 = EDGE_LOOP('',(#12211));
#12211 = ORIENTED_EDGE('',*,*,#12212,.T.);
#12212 = EDGE_CURVE('',#12213,#12213,#12215,.T.);
#12213 = VERTEX_POINT('',#12214);
#12214 = CARTESIAN_POINT('',(190.75,-104.15,1.51));
#12215 = CIRCLE('',#12216,0.4);
#12216 = AXIS2_PLACEMENT_3D('',#12217,#12218,#12219);
#12217 = CARTESIAN_POINT('',(190.75,-103.75,1.51));
#12218 = DIRECTION('',(-0.,0.,-1.));
#12219 = DIRECTION('',(-0.,-1.,0.));
#12220 = FACE_BOUND('',#12221,.T.);
#12221 = EDGE_LOOP('',(#12222));
#12222 = ORIENTED_EDGE('',*,*,#12223,.T.);
#12223 = EDGE_CURVE('',#12224,#12224,#12226,.T.);
#12224 = VERTEX_POINT('',#12225);
#12225 = CARTESIAN_POINT('',(208.,-114.6945,1.51));
#12226 = CIRCLE('',#12227,0.4445);
#12227 = AXIS2_PLACEMENT_3D('',#12228,#12229,#12230);
#12228 = CARTESIAN_POINT('',(208.,-114.25,1.51));
#12229 = DIRECTION('',(-0.,0.,-1.));
#12230 = DIRECTION('',(-0.,-1.,0.));
#12231 = FACE_BOUND('',#12232,.T.);
#12232 = EDGE_LOOP('',(#12233));
#12233 = ORIENTED_EDGE('',*,*,#12234,.T.);
#12234 = EDGE_CURVE('',#12235,#12235,#12237,.T.);
#12235 = VERTEX_POINT('',#12236);
#12236 = CARTESIAN_POINT('',(213.606,-112.58,1.51));
#12237 = CIRCLE('',#12238,0.15);
#12238 = AXIS2_PLACEMENT_3D('',#12239,#12240,#12241);
#12239 = CARTESIAN_POINT('',(213.606,-112.43,1.51));
#12240 = DIRECTION('',(-0.,0.,-1.));
#12241 = DIRECTION('',(-0.,-1.,0.));
#12242 = FACE_BOUND('',#12243,.T.);
#12243 = EDGE_LOOP('',(#12244));
#12244 = ORIENTED_EDGE('',*,*,#12245,.T.);
#12245 = EDGE_CURVE('',#12246,#12246,#12248,.T.);
#12246 = VERTEX_POINT('',#12247);
#12247 = CARTESIAN_POINT('',(219.5,-139.6945,1.51));
#12248 = CIRCLE('',#12249,0.4445);
#12249 = AXIS2_PLACEMENT_3D('',#12250,#12251,#12252);
#12250 = CARTESIAN_POINT('',(219.5,-139.25,1.51));
#12251 = DIRECTION('',(-0.,0.,-1.));
#12252 = DIRECTION('',(-0.,-1.,0.));
#12253 = FACE_BOUND('',#12254,.T.);
#12254 = EDGE_LOOP('',(#12255));
#12255 = ORIENTED_EDGE('',*,*,#12256,.T.);
#12256 = EDGE_CURVE('',#12257,#12257,#12259,.T.);
#12257 = VERTEX_POINT('',#12258);
#12258 = CARTESIAN_POINT('',(222.75,-139.6945,1.51));
#12259 = CIRCLE('',#12260,0.4445);
#12260 = AXIS2_PLACEMENT_3D('',#12261,#12262,#12263);
#12261 = CARTESIAN_POINT('',(222.75,-139.25,1.51));
#12262 = DIRECTION('',(-0.,0.,-1.));
#12263 = DIRECTION('',(-0.,-1.,0.));
#12264 = FACE_BOUND('',#12265,.T.);
#12265 = EDGE_LOOP('',(#12266));
#12266 = ORIENTED_EDGE('',*,*,#12267,.T.);
#12267 = EDGE_CURVE('',#12268,#12268,#12270,.T.);
#12268 = VERTEX_POINT('',#12269);
#12269 = CARTESIAN_POINT('',(224.25,-130.4445,1.51));
#12270 = CIRCLE('',#12271,0.4445);
#12271 = AXIS2_PLACEMENT_3D('',#12272,#12273,#12274);
#12272 = CARTESIAN_POINT('',(224.25,-130.,1.51));
#12273 = DIRECTION('',(-0.,0.,-1.));
#12274 = DIRECTION('',(-0.,-1.,0.));
#12275 = FACE_BOUND('',#12276,.T.);
#12276 = EDGE_LOOP('',(#12277));
#12277 = ORIENTED_EDGE('',*,*,#12278,.T.);
#12278 = EDGE_CURVE('',#12279,#12279,#12281,.T.);
#12279 = VERTEX_POINT('',#12280);
#12280 = CARTESIAN_POINT('',(260.5,-140.2345,1.51));
#12281 = CIRCLE('',#12282,0.4445);
#12282 = AXIS2_PLACEMENT_3D('',#12283,#12284,#12285);
#12283 = CARTESIAN_POINT('',(260.5,-139.79,1.51));
#12284 = DIRECTION('',(-0.,0.,-1.));
#12285 = DIRECTION('',(-0.,-1.,0.));
#12286 = FACE_BOUND('',#12287,.T.);
#12287 = EDGE_LOOP('',(#12288));
#12288 = ORIENTED_EDGE('',*,*,#12289,.T.);
#12289 = EDGE_CURVE('',#12290,#12290,#12292,.T.);
#12290 = VERTEX_POINT('',#12291);
#12291 = CARTESIAN_POINT('',(260.5,-137.6945,1.51));
#12292 = CIRCLE('',#12293,0.4445);
#12293 = AXIS2_PLACEMENT_3D('',#12294,#12295,#12296);
#12294 = CARTESIAN_POINT('',(260.5,-137.25,1.51));
#12295 = DIRECTION('',(-0.,0.,-1.));
#12296 = DIRECTION('',(-0.,-1.,0.));
#12297 = FACE_BOUND('',#12298,.T.);
#12298 = EDGE_LOOP('',(#12299));
#12299 = ORIENTED_EDGE('',*,*,#12300,.T.);
#12300 = EDGE_CURVE('',#12301,#12301,#12303,.T.);
#12301 = VERTEX_POINT('',#12302);
#12302 = CARTESIAN_POINT('',(260.5,-135.1545,1.51));
#12303 = CIRCLE('',#12304,0.4445);
#12304 = AXIS2_PLACEMENT_3D('',#12305,#12306,#12307);
#12305 = CARTESIAN_POINT('',(260.5,-134.71,1.51));
#12306 = DIRECTION('',(-0.,0.,-1.));
#12307 = DIRECTION('',(-0.,-1.,0.));
#12308 = FACE_BOUND('',#12309,.T.);
#12309 = EDGE_LOOP('',(#12310));
#12310 = ORIENTED_EDGE('',*,*,#12311,.T.);
#12311 = EDGE_CURVE('',#12312,#12312,#12314,.T.);
#12312 = VERTEX_POINT('',#12313);
#12313 = CARTESIAN_POINT('',(260.5,-132.6145,1.51));
#12314 = CIRCLE('',#12315,0.4445);
#12315 = AXIS2_PLACEMENT_3D('',#12316,#12317,#12318);
#12316 = CARTESIAN_POINT('',(260.5,-132.17,1.51));
#12317 = DIRECTION('',(-0.,0.,-1.));
#12318 = DIRECTION('',(-0.,-1.,0.));
#12319 = FACE_BOUND('',#12320,.T.);
#12320 = EDGE_LOOP('',(#12321));
#12321 = ORIENTED_EDGE('',*,*,#12322,.T.);
#12322 = EDGE_CURVE('',#12323,#12323,#12325,.T.);
#12323 = VERTEX_POINT('',#12324);
#12324 = CARTESIAN_POINT('',(245.25,-122.9,1.51));
#12325 = CIRCLE('',#12326,0.15);
#12326 = AXIS2_PLACEMENT_3D('',#12327,#12328,#12329);
#12327 = CARTESIAN_POINT('',(245.25,-122.75,1.51));
#12328 = DIRECTION('',(-0.,0.,-1.));
#12329 = DIRECTION('',(-0.,-1.,0.));
#12330 = FACE_BOUND('',#12331,.T.);
#12331 = EDGE_LOOP('',(#12332));
#12332 = ORIENTED_EDGE('',*,*,#12333,.T.);
#12333 = EDGE_CURVE('',#12334,#12334,#12336,.T.);
#12334 = VERTEX_POINT('',#12335);
#12335 = CARTESIAN_POINT('',(260.5,-130.0745,1.51));
#12336 = CIRCLE('',#12337,0.4445);
#12337 = AXIS2_PLACEMENT_3D('',#12338,#12339,#12340);
#12338 = CARTESIAN_POINT('',(260.5,-129.63,1.51));
#12339 = DIRECTION('',(-0.,0.,-1.));
#12340 = DIRECTION('',(-0.,-1.,0.));
#12341 = FACE_BOUND('',#12342,.T.);
#12342 = EDGE_LOOP('',(#12343));
#12343 = ORIENTED_EDGE('',*,*,#12344,.T.);
#12344 = EDGE_CURVE('',#12345,#12345,#12347,.T.);
#12345 = VERTEX_POINT('',#12346);
#12346 = CARTESIAN_POINT('',(260.5,-127.5345,1.51));
#12347 = CIRCLE('',#12348,0.4445);
#12348 = AXIS2_PLACEMENT_3D('',#12349,#12350,#12351);
#12349 = CARTESIAN_POINT('',(260.5,-127.09,1.51));
#12350 = DIRECTION('',(-0.,0.,-1.));
#12351 = DIRECTION('',(-0.,-1.,0.));
#12352 = FACE_BOUND('',#12353,.T.);
#12353 = EDGE_LOOP('',(#12354));
#12354 = ORIENTED_EDGE('',*,*,#12355,.T.);
#12355 = EDGE_CURVE('',#12356,#12356,#12358,.T.);
#12356 = VERTEX_POINT('',#12357);
#12357 = CARTESIAN_POINT('',(260.5,-124.9945,1.51));
#12358 = CIRCLE('',#12359,0.4445);
#12359 = AXIS2_PLACEMENT_3D('',#12360,#12361,#12362);
#12360 = CARTESIAN_POINT('',(260.5,-124.55,1.51));
#12361 = DIRECTION('',(-0.,0.,-1.));
#12362 = DIRECTION('',(-0.,-1.,0.));
#12363 = FACE_BOUND('',#12364,.T.);
#12364 = EDGE_LOOP('',(#12365));
#12365 = ORIENTED_EDGE('',*,*,#12366,.T.);
#12366 = EDGE_CURVE('',#12367,#12367,#12369,.T.);
#12367 = VERTEX_POINT('',#12368);
#12368 = CARTESIAN_POINT('',(260.5,-120.7345,1.51));
#12369 = CIRCLE('',#12370,0.4445);
#12370 = AXIS2_PLACEMENT_3D('',#12371,#12372,#12373);
#12371 = CARTESIAN_POINT('',(260.5,-120.29,1.51));
#12372 = DIRECTION('',(-0.,0.,-1.));
#12373 = DIRECTION('',(-0.,-1.,0.));
#12374 = FACE_BOUND('',#12375,.T.);
#12375 = EDGE_LOOP('',(#12376));
#12376 = ORIENTED_EDGE('',*,*,#12377,.T.);
#12377 = EDGE_CURVE('',#12378,#12378,#12380,.T.);
#12378 = VERTEX_POINT('',#12379);
#12379 = CARTESIAN_POINT('',(260.5,-118.1945,1.51));
#12380 = CIRCLE('',#12381,0.4445);
#12381 = AXIS2_PLACEMENT_3D('',#12382,#12383,#12384);
#12382 = CARTESIAN_POINT('',(260.5,-117.75,1.51));
#12383 = DIRECTION('',(-0.,0.,-1.));
#12384 = DIRECTION('',(-0.,-1.,0.));
#12385 = FACE_BOUND('',#12386,.T.);
#12386 = EDGE_LOOP('',(#12387));
#12387 = ORIENTED_EDGE('',*,*,#12388,.T.);
#12388 = EDGE_CURVE('',#12389,#12389,#12391,.T.);
#12389 = VERTEX_POINT('',#12390);
#12390 = CARTESIAN_POINT('',(218.698,-112.949,1.51));
#12391 = CIRCLE('',#12392,0.4445);
#12392 = AXIS2_PLACEMENT_3D('',#12393,#12394,#12395);
#12393 = CARTESIAN_POINT('',(218.698,-112.5045,1.51));
#12394 = DIRECTION('',(-0.,0.,-1.));
#12395 = DIRECTION('',(-0.,-1.,0.));
#12396 = FACE_BOUND('',#12397,.T.);
#12397 = EDGE_LOOP('',(#12398));
#12398 = ORIENTED_EDGE('',*,*,#12399,.T.);
#12399 = EDGE_CURVE('',#12400,#12400,#12402,.T.);
#12400 = VERTEX_POINT('',#12401);
#12401 = CARTESIAN_POINT('',(221.238,-112.949,1.51));
#12402 = CIRCLE('',#12403,0.4445);
#12403 = AXIS2_PLACEMENT_3D('',#12404,#12405,#12406);
#12404 = CARTESIAN_POINT('',(221.238,-112.5045,1.51));
#12405 = DIRECTION('',(-0.,0.,-1.));
#12406 = DIRECTION('',(-0.,-1.,0.));
#12407 = FACE_BOUND('',#12408,.T.);
#12408 = EDGE_LOOP('',(#12409));
#12409 = ORIENTED_EDGE('',*,*,#12410,.T.);
#12410 = EDGE_CURVE('',#12411,#12411,#12413,.T.);
#12411 = VERTEX_POINT('',#12412);
#12412 = CARTESIAN_POINT('',(223.778,-112.949,1.51));
#12413 = CIRCLE('',#12414,0.4445);
#12414 = AXIS2_PLACEMENT_3D('',#12415,#12416,#12417);
#12415 = CARTESIAN_POINT('',(223.778,-112.5045,1.51));
#12416 = DIRECTION('',(-0.,0.,-1.));
#12417 = DIRECTION('',(-0.,-1.,0.));
#12418 = FACE_BOUND('',#12419,.T.);
#12419 = EDGE_LOOP('',(#12420));
#12420 = ORIENTED_EDGE('',*,*,#12421,.T.);
#12421 = EDGE_CURVE('',#12422,#12422,#12424,.T.);
#12422 = VERTEX_POINT('',#12423);
#12423 = CARTESIAN_POINT('',(226.318,-112.949,1.51));
#12424 = CIRCLE('',#12425,0.4445);
#12425 = AXIS2_PLACEMENT_3D('',#12426,#12427,#12428);
#12426 = CARTESIAN_POINT('',(226.318,-112.5045,1.51));
#12427 = DIRECTION('',(-0.,0.,-1.));
#12428 = DIRECTION('',(6.39408536117E-14,-1.,-0.));
#12429 = FACE_BOUND('',#12430,.T.);
#12430 = EDGE_LOOP('',(#12431));
#12431 = ORIENTED_EDGE('',*,*,#12432,.T.);
#12432 = EDGE_CURVE('',#12433,#12433,#12435,.T.);
#12433 = VERTEX_POINT('',#12434);
#12434 = CARTESIAN_POINT('',(228.858,-112.949,1.51));
#12435 = CIRCLE('',#12436,0.4445);
#12436 = AXIS2_PLACEMENT_3D('',#12437,#12438,#12439);
#12437 = CARTESIAN_POINT('',(228.858,-112.5045,1.51));
#12438 = DIRECTION('',(-0.,0.,-1.));
#12439 = DIRECTION('',(-0.,-1.,0.));
#12440 = FACE_BOUND('',#12441,.T.);
#12441 = EDGE_LOOP('',(#12442));
#12442 = ORIENTED_EDGE('',*,*,#12443,.T.);
#12443 = EDGE_CURVE('',#12444,#12444,#12446,.T.);
#12444 = VERTEX_POINT('',#12445);
#12445 = CARTESIAN_POINT('',(231.398,-112.949,1.51));
#12446 = CIRCLE('',#12447,0.4445);
#12447 = AXIS2_PLACEMENT_3D('',#12448,#12449,#12450);
#12448 = CARTESIAN_POINT('',(231.398,-112.5045,1.51));
#12449 = DIRECTION('',(-0.,0.,-1.));
#12450 = DIRECTION('',(-0.,-1.,0.));
#12451 = FACE_BOUND('',#12452,.T.);
#12452 = EDGE_LOOP('',(#12453));
#12453 = ORIENTED_EDGE('',*,*,#12454,.T.);
#12454 = EDGE_CURVE('',#12455,#12455,#12457,.T.);
#12455 = VERTEX_POINT('',#12456);
#12456 = CARTESIAN_POINT('',(238.,-105.4445,1.51));
#12457 = CIRCLE('',#12458,0.4445);
#12458 = AXIS2_PLACEMENT_3D('',#12459,#12460,#12461);
#12459 = CARTESIAN_POINT('',(238.,-105.,1.51));
#12460 = DIRECTION('',(-0.,0.,-1.));
#12461 = DIRECTION('',(-0.,-1.,0.));
#12462 = FACE_BOUND('',#12463,.T.);
#12463 = EDGE_LOOP('',(#12464));
#12464 = ORIENTED_EDGE('',*,*,#12465,.T.);
#12465 = EDGE_CURVE('',#12466,#12466,#12468,.T.);
#12466 = VERTEX_POINT('',#12467);
#12467 = CARTESIAN_POINT('',(242.25,-114.6945,1.51));
#12468 = CIRCLE('',#12469,0.4445);
#12469 = AXIS2_PLACEMENT_3D('',#12470,#12471,#12472);
#12470 = CARTESIAN_POINT('',(242.25,-114.25,1.51));
#12471 = DIRECTION('',(-0.,0.,-1.));
#12472 = DIRECTION('',(-0.,-1.,0.));
#12473 = FACE_BOUND('',#12474,.T.);
#12474 = EDGE_LOOP('',(#12475));
#12475 = ORIENTED_EDGE('',*,*,#12476,.T.);
#12476 = EDGE_CURVE('',#12477,#12477,#12479,.T.);
#12477 = VERTEX_POINT('',#12478);
#12478 = CARTESIAN_POINT('',(260.5,-115.6545,1.51));
#12479 = CIRCLE('',#12480,0.4445);
#12480 = AXIS2_PLACEMENT_3D('',#12481,#12482,#12483);
#12481 = CARTESIAN_POINT('',(260.5,-115.21,1.51));
#12482 = DIRECTION('',(-0.,0.,-1.));
#12483 = DIRECTION('',(-0.,-1.,0.));
#12484 = FACE_BOUND('',#12485,.T.);
#12485 = EDGE_LOOP('',(#12486));
#12486 = ORIENTED_EDGE('',*,*,#12487,.T.);
#12487 = EDGE_CURVE('',#12488,#12488,#12490,.T.);
#12488 = VERTEX_POINT('',#12489);
#12489 = CARTESIAN_POINT('',(260.5,-113.1145,1.51));
#12490 = CIRCLE('',#12491,0.4445);
#12491 = AXIS2_PLACEMENT_3D('',#12492,#12493,#12494);
#12492 = CARTESIAN_POINT('',(260.5,-112.67,1.51));
#12493 = DIRECTION('',(-0.,0.,-1.));
#12494 = DIRECTION('',(-0.,-1.,0.));
#12495 = FACE_BOUND('',#12496,.T.);
#12496 = EDGE_LOOP('',(#12497));
#12497 = ORIENTED_EDGE('',*,*,#12498,.T.);
#12498 = EDGE_CURVE('',#12499,#12499,#12501,.T.);
#12499 = VERTEX_POINT('',#12500);
#12500 = CARTESIAN_POINT('',(260.5,-110.5745,1.51));
#12501 = CIRCLE('',#12502,0.4445);
#12502 = AXIS2_PLACEMENT_3D('',#12503,#12504,#12505);
#12503 = CARTESIAN_POINT('',(260.5,-110.13,1.51));
#12504 = DIRECTION('',(-0.,0.,-1.));
#12505 = DIRECTION('',(-0.,-1.,0.));
#12506 = FACE_BOUND('',#12507,.T.);
#12507 = EDGE_LOOP('',(#12508));
#12508 = ORIENTED_EDGE('',*,*,#12509,.T.);
#12509 = EDGE_CURVE('',#12510,#12510,#12512,.T.);
#12510 = VERTEX_POINT('',#12511);
#12511 = CARTESIAN_POINT('',(260.5,-108.0345,1.51));
#12512 = CIRCLE('',#12513,0.4445);
#12513 = AXIS2_PLACEMENT_3D('',#12514,#12515,#12516);
#12514 = CARTESIAN_POINT('',(260.5,-107.59,1.51));
#12515 = DIRECTION('',(-0.,0.,-1.));
#12516 = DIRECTION('',(-0.,-1.,0.));
#12517 = FACE_BOUND('',#12518,.T.);
#12518 = EDGE_LOOP('',(#12519));
#12519 = ORIENTED_EDGE('',*,*,#12520,.T.);
#12520 = EDGE_CURVE('',#12521,#12521,#12523,.T.);
#12521 = VERTEX_POINT('',#12522);
#12522 = CARTESIAN_POINT('',(260.5,-105.4945,1.51));
#12523 = CIRCLE('',#12524,0.4445);
#12524 = AXIS2_PLACEMENT_3D('',#12525,#12526,#12527);
#12525 = CARTESIAN_POINT('',(260.5,-105.05,1.51));
#12526 = DIRECTION('',(-0.,0.,-1.));
#12527 = DIRECTION('',(-0.,-1.,0.));
#12528 = FACE_BOUND('',#12529,.T.);
#12529 = EDGE_LOOP('',(#12530));
#12530 = ORIENTED_EDGE('',*,*,#12531,.T.);
#12531 = EDGE_CURVE('',#12532,#12532,#12534,.T.);
#12532 = VERTEX_POINT('',#12533);
#12533 = CARTESIAN_POINT('',(259.75,-94.9,1.51));
#12534 = CIRCLE('',#12535,1.65);
#12535 = AXIS2_PLACEMENT_3D('',#12536,#12537,#12538);
#12536 = CARTESIAN_POINT('',(259.75,-93.25,1.51));
#12537 = DIRECTION('',(-0.,0.,-1.));
#12538 = DIRECTION('',(-0.,-1.,0.));
#12539 = PLANE('',#12540);
#12540 = AXIS2_PLACEMENT_3D('',#12541,#12542,#12543);
#12541 = CARTESIAN_POINT('',(0.,0.,1.51));
#12542 = DIRECTION('',(0.,0.,1.));
#12543 = DIRECTION('',(1.,0.,-0.));
#12544 = ADVANCED_FACE('',(#12545),#12551,.T.);
#12545 = FACE_BOUND('',#12546,.T.);
#12546 = EDGE_LOOP('',(#12547,#12548,#12549,#12550));
#12547 = ORIENTED_EDGE('',*,*,#9918,.T.);
#12548 = ORIENTED_EDGE('',*,*,#11246,.T.);
#12549 = ORIENTED_EDGE('',*,*,#9878,.F.);
#12550 = ORIENTED_EDGE('',*,*,#9942,.F.);
#12551 = PLANE('',#12552);
#12552 = AXIS2_PLACEMENT_3D('',#12553,#12554,#12555);
#12553 = CARTESIAN_POINT('',(170.5,-89.25,0.));
#12554 = DIRECTION('',(0.,1.,0.));
#12555 = DIRECTION('',(1.,0.,0.));
#12556 = ADVANCED_FACE('',(#12557),#12568,.F.);
#12557 = FACE_BOUND('',#12558,.T.);
#12558 = EDGE_LOOP('',(#12559,#12560,#12566,#12567));
#12559 = ORIENTED_EDGE('',*,*,#9951,.T.);
#12560 = ORIENTED_EDGE('',*,*,#12561,.T.);
#12561 = EDGE_CURVE('',#9952,#11256,#12562,.T.);
#12562 = LINE('',#12563,#12564);
#12563 = CARTESIAN_POINT('',(174.,-193.4,-4.6E-02));
#12564 = VECTOR('',#12565,1.);
#12565 = DIRECTION('',(0.,0.,1.));
#12566 = ORIENTED_EDGE('',*,*,#11255,.F.);
#12567 = ORIENTED_EDGE('',*,*,#12561,.F.);
#12568 = CYLINDRICAL_SURFACE('',#12569,1.65);
#12569 = AXIS2_PLACEMENT_3D('',#12570,#12571,#12572);
#12570 = CARTESIAN_POINT('',(174.,-191.75,-4.6E-02));
#12571 = DIRECTION('',(-0.,-0.,-1.));
#12572 = DIRECTION('',(-0.,-1.,0.));
#12573 = ADVANCED_FACE('',(#12574),#12585,.F.);
#12574 = FACE_BOUND('',#12575,.T.);
#12575 = EDGE_LOOP('',(#12576,#12577,#12583,#12584));
#12576 = ORIENTED_EDGE('',*,*,#9962,.T.);
#12577 = ORIENTED_EDGE('',*,*,#12578,.T.);
#12578 = EDGE_CURVE('',#9963,#11267,#12579,.T.);
#12579 = LINE('',#12580,#12581);
#12580 = CARTESIAN_POINT('',(172.5,-186.36,-4.6E-02));
#12581 = VECTOR('',#12582,1.);
#12582 = DIRECTION('',(0.,0.,1.));
#12583 = ORIENTED_EDGE('',*,*,#11266,.F.);
#12584 = ORIENTED_EDGE('',*,*,#12578,.F.);
#12585 = CYLINDRICAL_SURFACE('',#12586,0.8);
#12586 = AXIS2_PLACEMENT_3D('',#12587,#12588,#12589);
#12587 = CARTESIAN_POINT('',(172.5,-185.56,-4.6E-02));
#12588 = DIRECTION('',(-0.,-0.,-1.));
#12589 = DIRECTION('',(-0.,-1.,0.));
#12590 = ADVANCED_FACE('',(#12591),#12602,.F.);
#12591 = FACE_BOUND('',#12592,.T.);
#12592 = EDGE_LOOP('',(#12593,#12594,#12600,#12601));
#12593 = ORIENTED_EDGE('',*,*,#9973,.T.);
#12594 = ORIENTED_EDGE('',*,*,#12595,.T.);
#12595 = EDGE_CURVE('',#9974,#11278,#12596,.T.);
#12596 = LINE('',#12597,#12598);
#12597 = CARTESIAN_POINT('',(178.5,-183.91,-4.6E-02));
#12598 = VECTOR('',#12599,1.);
#12599 = DIRECTION('',(0.,0.,1.));
#12600 = ORIENTED_EDGE('',*,*,#11277,.F.);
#12601 = ORIENTED_EDGE('',*,*,#12595,.F.);
#12602 = CYLINDRICAL_SURFACE('',#12603,1.5);
#12603 = AXIS2_PLACEMENT_3D('',#12604,#12605,#12606);
#12604 = CARTESIAN_POINT('',(178.5,-182.41,-4.6E-02));
#12605 = DIRECTION('',(-0.,-0.,-1.));
#12606 = DIRECTION('',(-0.,-1.,0.));
#12607 = ADVANCED_FACE('',(#12608),#12619,.F.);
#12608 = FACE_BOUND('',#12609,.T.);
#12609 = EDGE_LOOP('',(#12610,#12611,#12617,#12618));
#12610 = ORIENTED_EDGE('',*,*,#9984,.T.);
#12611 = ORIENTED_EDGE('',*,*,#12612,.T.);
#12612 = EDGE_CURVE('',#9985,#11289,#12613,.T.);
#12613 = LINE('',#12614,#12615);
#12614 = CARTESIAN_POINT('',(186.71,-192.1945,-4.6E-02));
#12615 = VECTOR('',#12616,1.);
#12616 = DIRECTION('',(0.,0.,1.));
#12617 = ORIENTED_EDGE('',*,*,#11288,.F.);
#12618 = ORIENTED_EDGE('',*,*,#12612,.F.);
#12619 = CYLINDRICAL_SURFACE('',#12620,0.4445);
#12620 = AXIS2_PLACEMENT_3D('',#12621,#12622,#12623);
#12621 = CARTESIAN_POINT('',(186.71,-191.75,-4.6E-02));
#12622 = DIRECTION('',(-0.,-0.,-1.));
#12623 = DIRECTION('',(-0.,-1.,0.));
#12624 = ADVANCED_FACE('',(#12625),#12636,.F.);
#12625 = FACE_BOUND('',#12626,.T.);
#12626 = EDGE_LOOP('',(#12627,#12628,#12634,#12635));
#12627 = ORIENTED_EDGE('',*,*,#9995,.T.);
#12628 = ORIENTED_EDGE('',*,*,#12629,.T.);
#12629 = EDGE_CURVE('',#9996,#11300,#12630,.T.);
#12630 = LINE('',#12631,#12632);
#12631 = CARTESIAN_POINT('',(189.25,-192.1945,-4.6E-02));
#12632 = VECTOR('',#12633,1.);
#12633 = DIRECTION('',(0.,0.,1.));
#12634 = ORIENTED_EDGE('',*,*,#11299,.F.);
#12635 = ORIENTED_EDGE('',*,*,#12629,.F.);
#12636 = CYLINDRICAL_SURFACE('',#12637,0.4445);
#12637 = AXIS2_PLACEMENT_3D('',#12638,#12639,#12640);
#12638 = CARTESIAN_POINT('',(189.25,-191.75,-4.6E-02));
#12639 = DIRECTION('',(-0.,-0.,-1.));
#12640 = DIRECTION('',(-0.,-1.,0.));
#12641 = ADVANCED_FACE('',(#12642),#12653,.F.);
#12642 = FACE_BOUND('',#12643,.T.);
#12643 = EDGE_LOOP('',(#12644,#12645,#12651,#12652));
#12644 = ORIENTED_EDGE('',*,*,#10006,.T.);
#12645 = ORIENTED_EDGE('',*,*,#12646,.T.);
#12646 = EDGE_CURVE('',#10007,#11311,#12647,.T.);
#12647 = LINE('',#12648,#12649);
#12648 = CARTESIAN_POINT('',(191.79,-192.1945,-4.6E-02));
#12649 = VECTOR('',#12650,1.);
#12650 = DIRECTION('',(0.,0.,1.));
#12651 = ORIENTED_EDGE('',*,*,#11310,.F.);
#12652 = ORIENTED_EDGE('',*,*,#12646,.F.);
#12653 = CYLINDRICAL_SURFACE('',#12654,0.4445);
#12654 = AXIS2_PLACEMENT_3D('',#12655,#12656,#12657);
#12655 = CARTESIAN_POINT('',(191.79,-191.75,-4.6E-02));
#12656 = DIRECTION('',(-0.,-0.,-1.));
#12657 = DIRECTION('',(-0.,-1.,0.));
#12658 = ADVANCED_FACE('',(#12659),#12670,.F.);
#12659 = FACE_BOUND('',#12660,.T.);
#12660 = EDGE_LOOP('',(#12661,#12662,#12668,#12669));
#12661 = ORIENTED_EDGE('',*,*,#10017,.T.);
#12662 = ORIENTED_EDGE('',*,*,#12663,.T.);
#12663 = EDGE_CURVE('',#10018,#11322,#12664,.T.);
#12664 = LINE('',#12665,#12666);
#12665 = CARTESIAN_POINT('',(189.25,-189.1945,-4.6E-02));
#12666 = VECTOR('',#12667,1.);
#12667 = DIRECTION('',(0.,0.,1.));
#12668 = ORIENTED_EDGE('',*,*,#11321,.F.);
#12669 = ORIENTED_EDGE('',*,*,#12663,.F.);
#12670 = CYLINDRICAL_SURFACE('',#12671,0.4445);
#12671 = AXIS2_PLACEMENT_3D('',#12672,#12673,#12674);
#12672 = CARTESIAN_POINT('',(189.25,-188.75,-4.6E-02));
#12673 = DIRECTION('',(-0.,-0.,-1.));
#12674 = DIRECTION('',(-0.,-1.,0.));
#12675 = ADVANCED_FACE('',(#12676),#12687,.F.);
#12676 = FACE_BOUND('',#12677,.T.);
#12677 = EDGE_LOOP('',(#12678,#12679,#12685,#12686));
#12678 = ORIENTED_EDGE('',*,*,#10028,.T.);
#12679 = ORIENTED_EDGE('',*,*,#12680,.T.);
#12680 = EDGE_CURVE('',#10029,#11333,#12681,.T.);
#12681 = LINE('',#12682,#12683);
#12682 = CARTESIAN_POINT('',(191.75,-189.1945,-4.6E-02));
#12683 = VECTOR('',#12684,1.);
#12684 = DIRECTION('',(0.,0.,1.));
#12685 = ORIENTED_EDGE('',*,*,#11332,.F.);
#12686 = ORIENTED_EDGE('',*,*,#12680,.F.);
#12687 = CYLINDRICAL_SURFACE('',#12688,0.4445);
#12688 = AXIS2_PLACEMENT_3D('',#12689,#12690,#12691);
#12689 = CARTESIAN_POINT('',(191.75,-188.75,-4.6E-02));
#12690 = DIRECTION('',(-0.,-0.,-1.));
#12691 = DIRECTION('',(-0.,-1.,0.));
#12692 = ADVANCED_FACE('',(#12693),#12704,.F.);
#12693 = FACE_BOUND('',#12694,.T.);
#12694 = EDGE_LOOP('',(#12695,#12696,#12702,#12703));
#12695 = ORIENTED_EDGE('',*,*,#10039,.T.);
#12696 = ORIENTED_EDGE('',*,*,#12697,.T.);
#12697 = EDGE_CURVE('',#10040,#11344,#12698,.T.);
#12698 = LINE('',#12699,#12700);
#12699 = CARTESIAN_POINT('',(187.,-181.65,-4.6E-02));
#12700 = VECTOR('',#12701,1.);
#12701 = DIRECTION('',(0.,0.,1.));
#12702 = ORIENTED_EDGE('',*,*,#11343,.F.);
#12703 = ORIENTED_EDGE('',*,*,#12697,.F.);
#12704 = CYLINDRICAL_SURFACE('',#12705,0.15);
#12705 = AXIS2_PLACEMENT_3D('',#12706,#12707,#12708);
#12706 = CARTESIAN_POINT('',(187.,-181.5,-4.6E-02));
#12707 = DIRECTION('',(-0.,-0.,-1.));
#12708 = DIRECTION('',(-0.,-1.,0.));
#12709 = ADVANCED_FACE('',(#12710),#12721,.F.);
#12710 = FACE_BOUND('',#12711,.T.);
#12711 = EDGE_LOOP('',(#12712,#12713,#12719,#12720));
#12712 = ORIENTED_EDGE('',*,*,#10050,.T.);
#12713 = ORIENTED_EDGE('',*,*,#12714,.T.);
#12714 = EDGE_CURVE('',#10051,#11355,#12715,.T.);
#12715 = LINE('',#12716,#12717);
#12716 = CARTESIAN_POINT('',(178.5,-176.71,-4.6E-02));
#12717 = VECTOR('',#12718,1.);
#12718 = DIRECTION('',(0.,0.,1.));
#12719 = ORIENTED_EDGE('',*,*,#11354,.F.);
#12720 = ORIENTED_EDGE('',*,*,#12714,.F.);
#12721 = CYLINDRICAL_SURFACE('',#12722,1.5);
#12722 = AXIS2_PLACEMENT_3D('',#12723,#12724,#12725);
#12723 = CARTESIAN_POINT('',(178.5,-175.21,-4.6E-02));
#12724 = DIRECTION('',(-0.,-0.,-1.));
#12725 = DIRECTION('',(-0.,-1.,0.));
#12726 = ADVANCED_FACE('',(#12727),#12738,.F.);
#12727 = FACE_BOUND('',#12728,.T.);
#12728 = EDGE_LOOP('',(#12729,#12730,#12736,#12737));
#12729 = ORIENTED_EDGE('',*,*,#10061,.T.);
#12730 = ORIENTED_EDGE('',*,*,#12731,.T.);
#12731 = EDGE_CURVE('',#10062,#11366,#12732,.T.);
#12732 = LINE('',#12733,#12734);
#12733 = CARTESIAN_POINT('',(172.5,-172.86,-4.6E-02));
#12734 = VECTOR('',#12735,1.);
#12735 = DIRECTION('',(0.,0.,1.));
#12736 = ORIENTED_EDGE('',*,*,#11365,.F.);
#12737 = ORIENTED_EDGE('',*,*,#12731,.F.);
#12738 = CYLINDRICAL_SURFACE('',#12739,0.8);
#12739 = AXIS2_PLACEMENT_3D('',#12740,#12741,#12742);
#12740 = CARTESIAN_POINT('',(172.5,-172.06,-4.6E-02));
#12741 = DIRECTION('',(-0.,-0.,-1.));
#12742 = DIRECTION('',(-0.,-1.,0.));
#12743 = ADVANCED_FACE('',(#12744),#12755,.F.);
#12744 = FACE_BOUND('',#12745,.T.);
#12745 = EDGE_LOOP('',(#12746,#12747,#12753,#12754));
#12746 = ORIENTED_EDGE('',*,*,#10072,.T.);
#12747 = ORIENTED_EDGE('',*,*,#12748,.T.);
#12748 = EDGE_CURVE('',#10073,#11377,#12749,.T.);
#12749 = LINE('',#12750,#12751);
#12750 = CARTESIAN_POINT('',(194.33,-192.1945,-4.6E-02));
#12751 = VECTOR('',#12752,1.);
#12752 = DIRECTION('',(0.,0.,1.));
#12753 = ORIENTED_EDGE('',*,*,#11376,.F.);
#12754 = ORIENTED_EDGE('',*,*,#12748,.F.);
#12755 = CYLINDRICAL_SURFACE('',#12756,0.4445);
#12756 = AXIS2_PLACEMENT_3D('',#12757,#12758,#12759);
#12757 = CARTESIAN_POINT('',(194.33,-191.75,-4.6E-02));
#12758 = DIRECTION('',(-0.,0.,-1.));
#12759 = DIRECTION('',(6.39408536117E-14,-1.,-0.));
#12760 = ADVANCED_FACE('',(#12761),#12772,.F.);
#12761 = FACE_BOUND('',#12762,.T.);
#12762 = EDGE_LOOP('',(#12763,#12764,#12770,#12771));
#12763 = ORIENTED_EDGE('',*,*,#10083,.T.);
#12764 = ORIENTED_EDGE('',*,*,#12765,.T.);
#12765 = EDGE_CURVE('',#10084,#11388,#12766,.T.);
#12766 = LINE('',#12767,#12768);
#12767 = CARTESIAN_POINT('',(198.75,-192.1945,-4.6E-02));
#12768 = VECTOR('',#12769,1.);
#12769 = DIRECTION('',(0.,0.,1.));
#12770 = ORIENTED_EDGE('',*,*,#11387,.F.);
#12771 = ORIENTED_EDGE('',*,*,#12765,.F.);
#12772 = CYLINDRICAL_SURFACE('',#12773,0.4445);
#12773 = AXIS2_PLACEMENT_3D('',#12774,#12775,#12776);
#12774 = CARTESIAN_POINT('',(198.75,-191.75,-4.6E-02));
#12775 = DIRECTION('',(-0.,-0.,-1.));
#12776 = DIRECTION('',(-0.,-1.,0.));
#12777 = ADVANCED_FACE('',(#12778),#12789,.F.);
#12778 = FACE_BOUND('',#12779,.T.);
#12779 = EDGE_LOOP('',(#12780,#12781,#12787,#12788));
#12780 = ORIENTED_EDGE('',*,*,#10094,.T.);
#12781 = ORIENTED_EDGE('',*,*,#12782,.T.);
#12782 = EDGE_CURVE('',#10095,#11399,#12783,.T.);
#12783 = LINE('',#12784,#12785);
#12784 = CARTESIAN_POINT('',(201.29,-192.1945,-4.6E-02));
#12785 = VECTOR('',#12786,1.);
#12786 = DIRECTION('',(0.,0.,1.));
#12787 = ORIENTED_EDGE('',*,*,#11398,.F.);
#12788 = ORIENTED_EDGE('',*,*,#12782,.F.);
#12789 = CYLINDRICAL_SURFACE('',#12790,0.4445);
#12790 = AXIS2_PLACEMENT_3D('',#12791,#12792,#12793);
#12791 = CARTESIAN_POINT('',(201.29,-191.75,-4.6E-02));
#12792 = DIRECTION('',(-0.,-0.,-1.));
#12793 = DIRECTION('',(-0.,-1.,0.));
#12794 = ADVANCED_FACE('',(#12795),#12806,.F.);
#12795 = FACE_BOUND('',#12796,.T.);
#12796 = EDGE_LOOP('',(#12797,#12798,#12804,#12805));
#12797 = ORIENTED_EDGE('',*,*,#10105,.T.);
#12798 = ORIENTED_EDGE('',*,*,#12799,.T.);
#12799 = EDGE_CURVE('',#10106,#11410,#12800,.T.);
#12800 = LINE('',#12801,#12802);
#12801 = CARTESIAN_POINT('',(203.83,-192.1945,-4.6E-02));
#12802 = VECTOR('',#12803,1.);
#12803 = DIRECTION('',(0.,0.,1.));
#12804 = ORIENTED_EDGE('',*,*,#11409,.F.);
#12805 = ORIENTED_EDGE('',*,*,#12799,.F.);
#12806 = CYLINDRICAL_SURFACE('',#12807,0.4445);
#12807 = AXIS2_PLACEMENT_3D('',#12808,#12809,#12810);
#12808 = CARTESIAN_POINT('',(203.83,-191.75,-4.6E-02));
#12809 = DIRECTION('',(-0.,0.,-1.));
#12810 = DIRECTION('',(6.39408536117E-14,-1.,-0.));
#12811 = ADVANCED_FACE('',(#12812),#12823,.F.);
#12812 = FACE_BOUND('',#12813,.T.);
#12813 = EDGE_LOOP('',(#12814,#12815,#12821,#12822));
#12814 = ORIENTED_EDGE('',*,*,#10116,.T.);
#12815 = ORIENTED_EDGE('',*,*,#12816,.T.);
#12816 = EDGE_CURVE('',#10117,#11421,#12817,.T.);
#12817 = LINE('',#12818,#12819);
#12818 = CARTESIAN_POINT('',(206.37,-192.1945,-4.6E-02));
#12819 = VECTOR('',#12820,1.);
#12820 = DIRECTION('',(0.,0.,1.));
#12821 = ORIENTED_EDGE('',*,*,#11420,.F.);
#12822 = ORIENTED_EDGE('',*,*,#12816,.F.);
#12823 = CYLINDRICAL_SURFACE('',#12824,0.4445);
#12824 = AXIS2_PLACEMENT_3D('',#12825,#12826,#12827);
#12825 = CARTESIAN_POINT('',(206.37,-191.75,-4.6E-02));
#12826 = DIRECTION('',(-0.,-0.,-1.));
#12827 = DIRECTION('',(-0.,-1.,0.));
#12828 = ADVANCED_FACE('',(#12829),#12840,.F.);
#12829 = FACE_BOUND('',#12830,.T.);
#12830 = EDGE_LOOP('',(#12831,#12832,#12838,#12839));
#12831 = ORIENTED_EDGE('',*,*,#10127,.T.);
#12832 = ORIENTED_EDGE('',*,*,#12833,.T.);
#12833 = EDGE_CURVE('',#10128,#11432,#12834,.T.);
#12834 = LINE('',#12835,#12836);
#12835 = CARTESIAN_POINT('',(209.96,-192.1945,-4.6E-02));
#12836 = VECTOR('',#12837,1.);
#12837 = DIRECTION('',(0.,0.,1.));
#12838 = ORIENTED_EDGE('',*,*,#11431,.F.);
#12839 = ORIENTED_EDGE('',*,*,#12833,.F.);
#12840 = CYLINDRICAL_SURFACE('',#12841,0.4445);
#12841 = AXIS2_PLACEMENT_3D('',#12842,#12843,#12844);
#12842 = CARTESIAN_POINT('',(209.96,-191.75,-4.6E-02));
#12843 = DIRECTION('',(-0.,-0.,-1.));
#12844 = DIRECTION('',(-0.,-1.,0.));
#12845 = ADVANCED_FACE('',(#12846),#12857,.F.);
#12846 = FACE_BOUND('',#12847,.T.);
#12847 = EDGE_LOOP('',(#12848,#12849,#12855,#12856));
#12848 = ORIENTED_EDGE('',*,*,#10138,.T.);
#12849 = ORIENTED_EDGE('',*,*,#12850,.T.);
#12850 = EDGE_CURVE('',#10139,#11443,#12851,.T.);
#12851 = LINE('',#12852,#12853);
#12852 = CARTESIAN_POINT('',(212.5,-192.1945,-4.6E-02));
#12853 = VECTOR('',#12854,1.);
#12854 = DIRECTION('',(0.,0.,1.));
#12855 = ORIENTED_EDGE('',*,*,#11442,.F.);
#12856 = ORIENTED_EDGE('',*,*,#12850,.F.);
#12857 = CYLINDRICAL_SURFACE('',#12858,0.4445);
#12858 = AXIS2_PLACEMENT_3D('',#12859,#12860,#12861);
#12859 = CARTESIAN_POINT('',(212.5,-191.75,-4.6E-02));
#12860 = DIRECTION('',(-0.,-0.,-1.));
#12861 = DIRECTION('',(-0.,-1.,0.));
#12862 = ADVANCED_FACE('',(#12863),#12874,.F.);
#12863 = FACE_BOUND('',#12864,.T.);
#12864 = EDGE_LOOP('',(#12865,#12866,#12872,#12873));
#12865 = ORIENTED_EDGE('',*,*,#10149,.T.);
#12866 = ORIENTED_EDGE('',*,*,#12867,.T.);
#12867 = EDGE_CURVE('',#10150,#11454,#12868,.T.);
#12868 = LINE('',#12869,#12870);
#12869 = CARTESIAN_POINT('',(215.04,-192.1945,-4.6E-02));
#12870 = VECTOR('',#12871,1.);
#12871 = DIRECTION('',(0.,0.,1.));
#12872 = ORIENTED_EDGE('',*,*,#11453,.F.);
#12873 = ORIENTED_EDGE('',*,*,#12867,.F.);
#12874 = CYLINDRICAL_SURFACE('',#12875,0.4445);
#12875 = AXIS2_PLACEMENT_3D('',#12876,#12877,#12878);
#12876 = CARTESIAN_POINT('',(215.04,-191.75,-4.6E-02));
#12877 = DIRECTION('',(-0.,-0.,-1.));
#12878 = DIRECTION('',(-0.,-1.,0.));
#12879 = ADVANCED_FACE('',(#12880),#12891,.F.);
#12880 = FACE_BOUND('',#12881,.T.);
#12881 = EDGE_LOOP('',(#12882,#12883,#12889,#12890));
#12882 = ORIENTED_EDGE('',*,*,#10160,.T.);
#12883 = ORIENTED_EDGE('',*,*,#12884,.T.);
#12884 = EDGE_CURVE('',#10161,#11465,#12885,.T.);
#12885 = LINE('',#12886,#12887);
#12886 = CARTESIAN_POINT('',(211.75,-186.356,-4.6E-02));
#12887 = VECTOR('',#12888,1.);
#12888 = DIRECTION('',(0.,0.,1.));
#12889 = ORIENTED_EDGE('',*,*,#11464,.F.);
#12890 = ORIENTED_EDGE('',*,*,#12884,.F.);
#12891 = CYLINDRICAL_SURFACE('',#12892,0.15);
#12892 = AXIS2_PLACEMENT_3D('',#12893,#12894,#12895);
#12893 = CARTESIAN_POINT('',(211.75,-186.206,-4.6E-02));
#12894 = DIRECTION('',(-0.,-0.,-1.));
#12895 = DIRECTION('',(-0.,-1.,0.));
#12896 = ADVANCED_FACE('',(#12897),#12908,.F.);
#12897 = FACE_BOUND('',#12898,.T.);
#12898 = EDGE_LOOP('',(#12899,#12900,#12906,#12907));
#12899 = ORIENTED_EDGE('',*,*,#10171,.T.);
#12900 = ORIENTED_EDGE('',*,*,#12901,.T.);
#12901 = EDGE_CURVE('',#10172,#11476,#12902,.T.);
#12902 = LINE('',#12903,#12904);
#12903 = CARTESIAN_POINT('',(214.25,-186.356,-4.6E-02));
#12904 = VECTOR('',#12905,1.);
#12905 = DIRECTION('',(0.,0.,1.));
#12906 = ORIENTED_EDGE('',*,*,#11475,.F.);
#12907 = ORIENTED_EDGE('',*,*,#12901,.F.);
#12908 = CYLINDRICAL_SURFACE('',#12909,0.15);
#12909 = AXIS2_PLACEMENT_3D('',#12910,#12911,#12912);
#12910 = CARTESIAN_POINT('',(214.25,-186.206,-4.6E-02));
#12911 = DIRECTION('',(-0.,-0.,-1.));
#12912 = DIRECTION('',(-0.,-1.,0.));
#12913 = ADVANCED_FACE('',(#12914),#12925,.F.);
#12914 = FACE_BOUND('',#12915,.T.);
#12915 = EDGE_LOOP('',(#12916,#12917,#12923,#12924));
#12916 = ORIENTED_EDGE('',*,*,#10182,.T.);
#12917 = ORIENTED_EDGE('',*,*,#12918,.T.);
#12918 = EDGE_CURVE('',#10183,#11487,#12919,.T.);
#12919 = LINE('',#12920,#12921);
#12920 = CARTESIAN_POINT('',(172.5,-168.46,-4.6E-02));
#12921 = VECTOR('',#12922,1.);
#12922 = DIRECTION('',(0.,0.,1.));
#12923 = ORIENTED_EDGE('',*,*,#11486,.F.);
#12924 = ORIENTED_EDGE('',*,*,#12918,.F.);
#12925 = CYLINDRICAL_SURFACE('',#12926,0.8);
#12926 = AXIS2_PLACEMENT_3D('',#12927,#12928,#12929);
#12927 = CARTESIAN_POINT('',(172.5,-167.66,-4.6E-02));
#12928 = DIRECTION('',(-0.,-0.,-1.));
#12929 = DIRECTION('',(-0.,-1.,0.));
#12930 = ADVANCED_FACE('',(#12931),#12942,.F.);
#12931 = FACE_BOUND('',#12932,.T.);
#12932 = EDGE_LOOP('',(#12933,#12934,#12940,#12941));
#12933 = ORIENTED_EDGE('',*,*,#10193,.T.);
#12934 = ORIENTED_EDGE('',*,*,#12935,.T.);
#12935 = EDGE_CURVE('',#10194,#11498,#12936,.T.);
#12936 = LINE('',#12937,#12938);
#12937 = CARTESIAN_POINT('',(178.5,-166.01,-4.6E-02));
#12938 = VECTOR('',#12939,1.);
#12939 = DIRECTION('',(0.,0.,1.));
#12940 = ORIENTED_EDGE('',*,*,#11497,.F.);
#12941 = ORIENTED_EDGE('',*,*,#12935,.F.);
#12942 = CYLINDRICAL_SURFACE('',#12943,1.5);
#12943 = AXIS2_PLACEMENT_3D('',#12944,#12945,#12946);
#12944 = CARTESIAN_POINT('',(178.5,-164.51,-4.6E-02));
#12945 = DIRECTION('',(-0.,-0.,-1.));
#12946 = DIRECTION('',(-0.,-1.,0.));
#12947 = ADVANCED_FACE('',(#12948),#12959,.F.);
#12948 = FACE_BOUND('',#12949,.T.);
#12949 = EDGE_LOOP('',(#12950,#12951,#12957,#12958));
#12950 = ORIENTED_EDGE('',*,*,#10204,.T.);
#12951 = ORIENTED_EDGE('',*,*,#12952,.T.);
#12952 = EDGE_CURVE('',#10205,#11509,#12953,.T.);
#12953 = LINE('',#12954,#12955);
#12954 = CARTESIAN_POINT('',(178.5,-158.81,-4.6E-02));
#12955 = VECTOR('',#12956,1.);
#12956 = DIRECTION('',(0.,0.,1.));
#12957 = ORIENTED_EDGE('',*,*,#11508,.F.);
#12958 = ORIENTED_EDGE('',*,*,#12952,.F.);
#12959 = CYLINDRICAL_SURFACE('',#12960,1.5);
#12960 = AXIS2_PLACEMENT_3D('',#12961,#12962,#12963);
#12961 = CARTESIAN_POINT('',(178.5,-157.31,-4.6E-02));
#12962 = DIRECTION('',(-0.,-0.,-1.));
#12963 = DIRECTION('',(-0.,-1.,0.));
#12964 = ADVANCED_FACE('',(#12965),#12976,.F.);
#12965 = FACE_BOUND('',#12966,.T.);
#12966 = EDGE_LOOP('',(#12967,#12968,#12974,#12975));
#12967 = ORIENTED_EDGE('',*,*,#10215,.T.);
#12968 = ORIENTED_EDGE('',*,*,#12969,.T.);
#12969 = EDGE_CURVE('',#10216,#11520,#12970,.T.);
#12970 = LINE('',#12971,#12972);
#12971 = CARTESIAN_POINT('',(172.5,-154.96,-4.6E-02));
#12972 = VECTOR('',#12973,1.);
#12973 = DIRECTION('',(0.,0.,1.));
#12974 = ORIENTED_EDGE('',*,*,#11519,.F.);
#12975 = ORIENTED_EDGE('',*,*,#12969,.F.);
#12976 = CYLINDRICAL_SURFACE('',#12977,0.8);
#12977 = AXIS2_PLACEMENT_3D('',#12978,#12979,#12980);
#12978 = CARTESIAN_POINT('',(172.5,-154.16,-4.6E-02));
#12979 = DIRECTION('',(-0.,-0.,-1.));
#12980 = DIRECTION('',(-0.,-1.,0.));
#12981 = ADVANCED_FACE('',(#12982),#12993,.F.);
#12982 = FACE_BOUND('',#12983,.T.);
#12983 = EDGE_LOOP('',(#12984,#12985,#12991,#12992));
#12984 = ORIENTED_EDGE('',*,*,#10226,.T.);
#12985 = ORIENTED_EDGE('',*,*,#12986,.T.);
#12986 = EDGE_CURVE('',#10227,#11531,#12987,.T.);
#12987 = LINE('',#12988,#12989);
#12988 = CARTESIAN_POINT('',(172.5,-150.61,-4.6E-02));
#12989 = VECTOR('',#12990,1.);
#12990 = DIRECTION('',(0.,0.,1.));
#12991 = ORIENTED_EDGE('',*,*,#11530,.F.);
#12992 = ORIENTED_EDGE('',*,*,#12986,.F.);
#12993 = CYLINDRICAL_SURFACE('',#12994,0.8);
#12994 = AXIS2_PLACEMENT_3D('',#12995,#12996,#12997);
#12995 = CARTESIAN_POINT('',(172.5,-149.81,-4.6E-02));
#12996 = DIRECTION('',(-0.,-0.,-1.));
#12997 = DIRECTION('',(-0.,-1.,0.));
#12998 = ADVANCED_FACE('',(#12999),#13010,.F.);
#12999 = FACE_BOUND('',#13000,.T.);
#13000 = EDGE_LOOP('',(#13001,#13002,#13008,#13009));
#13001 = ORIENTED_EDGE('',*,*,#10237,.T.);
#13002 = ORIENTED_EDGE('',*,*,#13003,.T.);
#13003 = EDGE_CURVE('',#10238,#11542,#13004,.T.);
#13004 = LINE('',#13005,#13006);
#13005 = CARTESIAN_POINT('',(178.5,-148.16,-4.6E-02));
#13006 = VECTOR('',#13007,1.);
#13007 = DIRECTION('',(0.,0.,1.));
#13008 = ORIENTED_EDGE('',*,*,#11541,.F.);
#13009 = ORIENTED_EDGE('',*,*,#13003,.F.);
#13010 = CYLINDRICAL_SURFACE('',#13011,1.5);
#13011 = AXIS2_PLACEMENT_3D('',#13012,#13013,#13014);
#13012 = CARTESIAN_POINT('',(178.5,-146.66,-4.6E-02));
#13013 = DIRECTION('',(-0.,-0.,-1.));
#13014 = DIRECTION('',(-0.,-1.,0.));
#13015 = ADVANCED_FACE('',(#13016),#13027,.F.);
#13016 = FACE_BOUND('',#13017,.T.);
#13017 = EDGE_LOOP('',(#13018,#13019,#13025,#13026));
#13018 = ORIENTED_EDGE('',*,*,#10248,.T.);
#13019 = ORIENTED_EDGE('',*,*,#13020,.T.);
#13020 = EDGE_CURVE('',#10249,#11553,#13021,.T.);
#13021 = LINE('',#13022,#13023);
#13022 = CARTESIAN_POINT('',(186.4,-152.706,-4.6E-02));
#13023 = VECTOR('',#13024,1.);
#13024 = DIRECTION('',(0.,0.,1.));
#13025 = ORIENTED_EDGE('',*,*,#11552,.F.);
#13026 = ORIENTED_EDGE('',*,*,#13020,.F.);
#13027 = CYLINDRICAL_SURFACE('',#13028,0.4);
#13028 = AXIS2_PLACEMENT_3D('',#13029,#13030,#13031);
#13029 = CARTESIAN_POINT('',(186.4,-152.306,-4.6E-02));
#13030 = DIRECTION('',(-0.,-0.,-1.));
#13031 = DIRECTION('',(-0.,-1.,0.));
#13032 = ADVANCED_FACE('',(#13033),#13044,.F.);
#13033 = FACE_BOUND('',#13034,.T.);
#13034 = EDGE_LOOP('',(#13035,#13036,#13042,#13043));
#13035 = ORIENTED_EDGE('',*,*,#10259,.T.);
#13036 = ORIENTED_EDGE('',*,*,#13037,.T.);
#13037 = EDGE_CURVE('',#10260,#11564,#13038,.T.);
#13038 = LINE('',#13039,#13040);
#13039 = CARTESIAN_POINT('',(208.35,-158.306,-4.6E-02));
#13040 = VECTOR('',#13041,1.);
#13041 = DIRECTION('',(0.,0.,1.));
#13042 = ORIENTED_EDGE('',*,*,#11563,.F.);
#13043 = ORIENTED_EDGE('',*,*,#13037,.F.);
#13044 = CYLINDRICAL_SURFACE('',#13045,0.25);
#13045 = AXIS2_PLACEMENT_3D('',#13046,#13047,#13048);
#13046 = CARTESIAN_POINT('',(208.35,-158.056,-4.6E-02));
#13047 = DIRECTION('',(-0.,-0.,-1.));
#13048 = DIRECTION('',(-0.,-1.,0.));
#13049 = ADVANCED_FACE('',(#13050),#13061,.F.);
#13050 = FACE_BOUND('',#13051,.T.);
#13051 = EDGE_LOOP('',(#13052,#13053,#13059,#13060));
#13052 = ORIENTED_EDGE('',*,*,#10270,.T.);
#13053 = ORIENTED_EDGE('',*,*,#13054,.T.);
#13054 = EDGE_CURVE('',#10271,#11575,#13055,.T.);
#13055 = LINE('',#13056,#13057);
#13056 = CARTESIAN_POINT('',(216.,-156.856,-4.6E-02));
#13057 = VECTOR('',#13058,1.);
#13058 = DIRECTION('',(0.,0.,1.));
#13059 = ORIENTED_EDGE('',*,*,#11574,.F.);
#13060 = ORIENTED_EDGE('',*,*,#13054,.F.);
#13061 = CYLINDRICAL_SURFACE('',#13062,0.4);
#13062 = AXIS2_PLACEMENT_3D('',#13063,#13064,#13065);
#13063 = CARTESIAN_POINT('',(216.,-156.456,-4.6E-02));
#13064 = DIRECTION('',(-0.,-0.,-1.));
#13065 = DIRECTION('',(-0.,-1.,0.));
#13066 = ADVANCED_FACE('',(#13067),#13078,.F.);
#13067 = FACE_BOUND('',#13068,.T.);
#13068 = EDGE_LOOP('',(#13069,#13070,#13076,#13077));
#13069 = ORIENTED_EDGE('',*,*,#10281,.T.);
#13070 = ORIENTED_EDGE('',*,*,#13071,.T.);
#13071 = EDGE_CURVE('',#10282,#11586,#13072,.T.);
#13072 = LINE('',#13073,#13074);
#13073 = CARTESIAN_POINT('',(199.1,-152.706,-4.6E-02));
#13074 = VECTOR('',#13075,1.);
#13075 = DIRECTION('',(0.,0.,1.));
#13076 = ORIENTED_EDGE('',*,*,#11585,.F.);
#13077 = ORIENTED_EDGE('',*,*,#13071,.F.);
#13078 = CYLINDRICAL_SURFACE('',#13079,0.4);
#13079 = AXIS2_PLACEMENT_3D('',#13080,#13081,#13082);
#13080 = CARTESIAN_POINT('',(199.1,-152.306,-4.6E-02));
#13081 = DIRECTION('',(-0.,-0.,-1.));
#13082 = DIRECTION('',(-0.,-1.,0.));
#13083 = ADVANCED_FACE('',(#13084),#13095,.F.);
#13084 = FACE_BOUND('',#13085,.T.);
#13085 = EDGE_LOOP('',(#13086,#13087,#13093,#13094));
#13086 = ORIENTED_EDGE('',*,*,#10292,.T.);
#13087 = ORIENTED_EDGE('',*,*,#13088,.T.);
#13088 = EDGE_CURVE('',#10293,#11597,#13089,.T.);
#13089 = LINE('',#13090,#13091);
#13090 = CARTESIAN_POINT('',(197.,-146.162,-4.6E-02));
#13091 = VECTOR('',#13092,1.);
#13092 = DIRECTION('',(0.,0.,1.));
#13093 = ORIENTED_EDGE('',*,*,#11596,.F.);
#13094 = ORIENTED_EDGE('',*,*,#13088,.F.);
#13095 = CYLINDRICAL_SURFACE('',#13096,0.15);
#13096 = AXIS2_PLACEMENT_3D('',#13097,#13098,#13099);
#13097 = CARTESIAN_POINT('',(197.,-146.012,-4.6E-02));
#13098 = DIRECTION('',(-0.,-0.,-1.));
#13099 = DIRECTION('',(-0.,-1.,0.));
#13100 = ADVANCED_FACE('',(#13101),#13112,.F.);
#13101 = FACE_BOUND('',#13102,.T.);
#13102 = EDGE_LOOP('',(#13103,#13104,#13110,#13111));
#13103 = ORIENTED_EDGE('',*,*,#10303,.T.);
#13104 = ORIENTED_EDGE('',*,*,#13105,.T.);
#13105 = EDGE_CURVE('',#10304,#11608,#13106,.T.);
#13106 = LINE('',#13107,#13108);
#13107 = CARTESIAN_POINT('',(210.897,-146.162,-4.6E-02));
#13108 = VECTOR('',#13109,1.);
#13109 = DIRECTION('',(0.,0.,1.));
#13110 = ORIENTED_EDGE('',*,*,#11607,.F.);
#13111 = ORIENTED_EDGE('',*,*,#13105,.F.);
#13112 = CYLINDRICAL_SURFACE('',#13113,0.15);
#13113 = AXIS2_PLACEMENT_3D('',#13114,#13115,#13116);
#13114 = CARTESIAN_POINT('',(210.897,-146.012,-4.6E-02));
#13115 = DIRECTION('',(-0.,-0.,-1.));
#13116 = DIRECTION('',(-0.,-1.,0.));
#13117 = ADVANCED_FACE('',(#13118),#13129,.F.);
#13118 = FACE_BOUND('',#13119,.T.);
#13119 = EDGE_LOOP('',(#13120,#13121,#13127,#13128));
#13120 = ORIENTED_EDGE('',*,*,#10314,.T.);
#13121 = ORIENTED_EDGE('',*,*,#13122,.T.);
#13122 = EDGE_CURVE('',#10315,#11619,#13123,.T.);
#13123 = LINE('',#13124,#13125);
#13124 = CARTESIAN_POINT('',(207.25,-145.4445,-4.6E-02));
#13125 = VECTOR('',#13126,1.);
#13126 = DIRECTION('',(0.,0.,1.));
#13127 = ORIENTED_EDGE('',*,*,#11618,.F.);
#13128 = ORIENTED_EDGE('',*,*,#13122,.F.);
#13129 = CYLINDRICAL_SURFACE('',#13130,0.4445);
#13130 = AXIS2_PLACEMENT_3D('',#13131,#13132,#13133);
#13131 = CARTESIAN_POINT('',(207.25,-145.,-4.6E-02));
#13132 = DIRECTION('',(-0.,-0.,-1.));
#13133 = DIRECTION('',(-0.,-1.,0.));
#13134 = ADVANCED_FACE('',(#13135),#13146,.F.);
#13135 = FACE_BOUND('',#13136,.T.);
#13136 = EDGE_LOOP('',(#13137,#13138,#13144,#13145));
#13137 = ORIENTED_EDGE('',*,*,#10325,.T.);
#13138 = ORIENTED_EDGE('',*,*,#13139,.T.);
#13139 = EDGE_CURVE('',#10326,#11630,#13140,.T.);
#13140 = LINE('',#13141,#13142);
#13141 = CARTESIAN_POINT('',(216.3,-147.15,-4.6E-02));
#13142 = VECTOR('',#13143,1.);
#13143 = DIRECTION('',(0.,0.,1.));
#13144 = ORIENTED_EDGE('',*,*,#11629,.F.);
#13145 = ORIENTED_EDGE('',*,*,#13139,.F.);
#13146 = CYLINDRICAL_SURFACE('',#13147,0.4);
#13147 = AXIS2_PLACEMENT_3D('',#13148,#13149,#13150);
#13148 = CARTESIAN_POINT('',(216.3,-146.75,-4.6E-02));
#13149 = DIRECTION('',(-0.,-0.,-1.));
#13150 = DIRECTION('',(-0.,-1.,0.));
#13151 = ADVANCED_FACE('',(#13152),#13163,.F.);
#13152 = FACE_BOUND('',#13153,.T.);
#13153 = EDGE_LOOP('',(#13154,#13155,#13161,#13162));
#13154 = ORIENTED_EDGE('',*,*,#10336,.T.);
#13155 = ORIENTED_EDGE('',*,*,#13156,.T.);
#13156 = EDGE_CURVE('',#10337,#11641,#13157,.T.);
#13157 = LINE('',#13158,#13159);
#13158 = CARTESIAN_POINT('',(216.206,-142.9,-4.6E-02));
#13159 = VECTOR('',#13160,1.);
#13160 = DIRECTION('',(0.,0.,1.));
#13161 = ORIENTED_EDGE('',*,*,#11640,.F.);
#13162 = ORIENTED_EDGE('',*,*,#13156,.F.);
#13163 = CYLINDRICAL_SURFACE('',#13164,0.15);
#13164 = AXIS2_PLACEMENT_3D('',#13165,#13166,#13167);
#13165 = CARTESIAN_POINT('',(216.206,-142.75,-4.6E-02));
#13166 = DIRECTION('',(-0.,-0.,-1.));
#13167 = DIRECTION('',(-1.894780628694E-13,-1.,0.));
#13168 = ADVANCED_FACE('',(#13169),#13180,.F.);
#13169 = FACE_BOUND('',#13170,.T.);
#13170 = EDGE_LOOP('',(#13171,#13172,#13178,#13179));
#13171 = ORIENTED_EDGE('',*,*,#10347,.T.);
#13172 = ORIENTED_EDGE('',*,*,#13173,.T.);
#13173 = EDGE_CURVE('',#10348,#11652,#13174,.T.);
#13174 = LINE('',#13175,#13176);
#13175 = CARTESIAN_POINT('',(217.58,-192.1945,-4.6E-02));
#13176 = VECTOR('',#13177,1.);
#13177 = DIRECTION('',(0.,0.,1.));
#13178 = ORIENTED_EDGE('',*,*,#11651,.F.);
#13179 = ORIENTED_EDGE('',*,*,#13173,.F.);
#13180 = CYLINDRICAL_SURFACE('',#13181,0.4445);
#13181 = AXIS2_PLACEMENT_3D('',#13182,#13183,#13184);
#13182 = CARTESIAN_POINT('',(217.58,-191.75,-4.6E-02));
#13183 = DIRECTION('',(-0.,0.,-1.));
#13184 = DIRECTION('',(6.39408536117E-14,-1.,-0.));
#13185 = ADVANCED_FACE('',(#13186),#13197,.F.);
#13186 = FACE_BOUND('',#13187,.T.);
#13187 = EDGE_LOOP('',(#13188,#13189,#13195,#13196));
#13188 = ORIENTED_EDGE('',*,*,#10358,.T.);
#13189 = ORIENTED_EDGE('',*,*,#13190,.T.);
#13190 = EDGE_CURVE('',#10359,#11663,#13191,.T.);
#13191 = LINE('',#13192,#13193);
#13192 = CARTESIAN_POINT('',(221.75,-192.1945,-4.6E-02));
#13193 = VECTOR('',#13194,1.);
#13194 = DIRECTION('',(0.,0.,1.));
#13195 = ORIENTED_EDGE('',*,*,#11662,.F.);
#13196 = ORIENTED_EDGE('',*,*,#13190,.F.);
#13197 = CYLINDRICAL_SURFACE('',#13198,0.4445);
#13198 = AXIS2_PLACEMENT_3D('',#13199,#13200,#13201);
#13199 = CARTESIAN_POINT('',(221.75,-191.75,-4.6E-02));
#13200 = DIRECTION('',(-0.,-0.,-1.));
#13201 = DIRECTION('',(-0.,-1.,0.));
#13202 = ADVANCED_FACE('',(#13203),#13214,.F.);
#13203 = FACE_BOUND('',#13204,.T.);
#13204 = EDGE_LOOP('',(#13205,#13206,#13212,#13213));
#13205 = ORIENTED_EDGE('',*,*,#10369,.T.);
#13206 = ORIENTED_EDGE('',*,*,#13207,.T.);
#13207 = EDGE_CURVE('',#10370,#11674,#13208,.T.);
#13208 = LINE('',#13209,#13210);
#13209 = CARTESIAN_POINT('',(224.29,-192.1945,-4.6E-02));
#13210 = VECTOR('',#13211,1.);
#13211 = DIRECTION('',(0.,0.,1.));
#13212 = ORIENTED_EDGE('',*,*,#11673,.F.);
#13213 = ORIENTED_EDGE('',*,*,#13207,.F.);
#13214 = CYLINDRICAL_SURFACE('',#13215,0.4445);
#13215 = AXIS2_PLACEMENT_3D('',#13216,#13217,#13218);
#13216 = CARTESIAN_POINT('',(224.29,-191.75,-4.6E-02));
#13217 = DIRECTION('',(-0.,-0.,-1.));
#13218 = DIRECTION('',(-0.,-1.,0.));
#13219 = ADVANCED_FACE('',(#13220),#13231,.F.);
#13220 = FACE_BOUND('',#13221,.T.);
#13221 = EDGE_LOOP('',(#13222,#13223,#13229,#13230));
#13222 = ORIENTED_EDGE('',*,*,#10380,.T.);
#13223 = ORIENTED_EDGE('',*,*,#13224,.T.);
#13224 = EDGE_CURVE('',#10381,#11685,#13225,.T.);
#13225 = LINE('',#13226,#13227);
#13226 = CARTESIAN_POINT('',(226.83,-192.1945,-4.6E-02));
#13227 = VECTOR('',#13228,1.);
#13228 = DIRECTION('',(0.,0.,1.));
#13229 = ORIENTED_EDGE('',*,*,#11684,.F.);
#13230 = ORIENTED_EDGE('',*,*,#13224,.F.);
#13231 = CYLINDRICAL_SURFACE('',#13232,0.4445);
#13232 = AXIS2_PLACEMENT_3D('',#13233,#13234,#13235);
#13233 = CARTESIAN_POINT('',(226.83,-191.75,-4.6E-02));
#13234 = DIRECTION('',(-0.,0.,-1.));
#13235 = DIRECTION('',(6.39408536117E-14,-1.,-0.));
#13236 = ADVANCED_FACE('',(#13237),#13248,.F.);
#13237 = FACE_BOUND('',#13238,.T.);
#13238 = EDGE_LOOP('',(#13239,#13240,#13246,#13247));
#13239 = ORIENTED_EDGE('',*,*,#10391,.T.);
#13240 = ORIENTED_EDGE('',*,*,#13241,.T.);
#13241 = EDGE_CURVE('',#10392,#11696,#13242,.T.);
#13242 = LINE('',#13243,#13244);
#13243 = CARTESIAN_POINT('',(223.25,-182.4445,-4.6E-02));
#13244 = VECTOR('',#13245,1.);
#13245 = DIRECTION('',(0.,0.,1.));
#13246 = ORIENTED_EDGE('',*,*,#11695,.F.);
#13247 = ORIENTED_EDGE('',*,*,#13241,.F.);
#13248 = CYLINDRICAL_SURFACE('',#13249,0.4445);
#13249 = AXIS2_PLACEMENT_3D('',#13250,#13251,#13252);
#13250 = CARTESIAN_POINT('',(223.25,-182.,-4.6E-02));
#13251 = DIRECTION('',(-0.,-0.,-1.));
#13252 = DIRECTION('',(-0.,-1.,0.));
#13253 = ADVANCED_FACE('',(#13254),#13265,.F.);
#13254 = FACE_BOUND('',#13255,.T.);
#13255 = EDGE_LOOP('',(#13256,#13257,#13263,#13264));
#13256 = ORIENTED_EDGE('',*,*,#10402,.T.);
#13257 = ORIENTED_EDGE('',*,*,#13258,.T.);
#13258 = EDGE_CURVE('',#10403,#11707,#13259,.T.);
#13259 = LINE('',#13260,#13261);
#13260 = CARTESIAN_POINT('',(230.,-192.1945,-4.6E-02));
#13261 = VECTOR('',#13262,1.);
#13262 = DIRECTION('',(0.,0.,1.));
#13263 = ORIENTED_EDGE('',*,*,#11706,.F.);
#13264 = ORIENTED_EDGE('',*,*,#13258,.F.);
#13265 = CYLINDRICAL_SURFACE('',#13266,0.4445);
#13266 = AXIS2_PLACEMENT_3D('',#13267,#13268,#13269);
#13267 = CARTESIAN_POINT('',(230.,-191.75,-4.6E-02));
#13268 = DIRECTION('',(-0.,-0.,-1.));
#13269 = DIRECTION('',(-0.,-1.,0.));
#13270 = ADVANCED_FACE('',(#13271),#13282,.F.);
#13271 = FACE_BOUND('',#13272,.T.);
#13272 = EDGE_LOOP('',(#13273,#13274,#13280,#13281));
#13273 = ORIENTED_EDGE('',*,*,#10413,.T.);
#13274 = ORIENTED_EDGE('',*,*,#13275,.T.);
#13275 = EDGE_CURVE('',#10414,#11718,#13276,.T.);
#13276 = LINE('',#13277,#13278);
#13277 = CARTESIAN_POINT('',(232.54,-192.1945,-4.6E-02));
#13278 = VECTOR('',#13279,1.);
#13279 = DIRECTION('',(0.,0.,1.));
#13280 = ORIENTED_EDGE('',*,*,#11717,.F.);
#13281 = ORIENTED_EDGE('',*,*,#13275,.F.);
#13282 = CYLINDRICAL_SURFACE('',#13283,0.4445);
#13283 = AXIS2_PLACEMENT_3D('',#13284,#13285,#13286);
#13284 = CARTESIAN_POINT('',(232.54,-191.75,-4.6E-02));
#13285 = DIRECTION('',(-0.,-0.,-1.));
#13286 = DIRECTION('',(-0.,-1.,0.));
#13287 = ADVANCED_FACE('',(#13288),#13299,.F.);
#13288 = FACE_BOUND('',#13289,.T.);
#13289 = EDGE_LOOP('',(#13290,#13291,#13297,#13298));
#13290 = ORIENTED_EDGE('',*,*,#10424,.T.);
#13291 = ORIENTED_EDGE('',*,*,#13292,.T.);
#13292 = EDGE_CURVE('',#10425,#11729,#13293,.T.);
#13293 = LINE('',#13294,#13295);
#13294 = CARTESIAN_POINT('',(237.25,-192.1945,-4.6E-02));
#13295 = VECTOR('',#13296,1.);
#13296 = DIRECTION('',(0.,0.,1.));
#13297 = ORIENTED_EDGE('',*,*,#11728,.F.);
#13298 = ORIENTED_EDGE('',*,*,#13292,.F.);
#13299 = CYLINDRICAL_SURFACE('',#13300,0.4445);
#13300 = AXIS2_PLACEMENT_3D('',#13301,#13302,#13303);
#13301 = CARTESIAN_POINT('',(237.25,-191.75,-4.6E-02));
#13302 = DIRECTION('',(-0.,-0.,-1.));
#13303 = DIRECTION('',(-0.,-1.,0.));
#13304 = ADVANCED_FACE('',(#13305),#13316,.F.);
#13305 = FACE_BOUND('',#13306,.T.);
#13306 = EDGE_LOOP('',(#13307,#13308,#13314,#13315));
#13307 = ORIENTED_EDGE('',*,*,#10435,.T.);
#13308 = ORIENTED_EDGE('',*,*,#13309,.T.);
#13309 = EDGE_CURVE('',#10436,#11740,#13310,.T.);
#13310 = LINE('',#13311,#13312);
#13311 = CARTESIAN_POINT('',(238.25,-184.9,-4.6E-02));
#13312 = VECTOR('',#13313,1.);
#13313 = DIRECTION('',(0.,0.,1.));
#13314 = ORIENTED_EDGE('',*,*,#11739,.F.);
#13315 = ORIENTED_EDGE('',*,*,#13309,.F.);
#13316 = CYLINDRICAL_SURFACE('',#13317,0.15);
#13317 = AXIS2_PLACEMENT_3D('',#13318,#13319,#13320);
#13318 = CARTESIAN_POINT('',(238.25,-184.75,-4.6E-02));
#13319 = DIRECTION('',(-0.,-0.,-1.));
#13320 = DIRECTION('',(-0.,-1.,0.));
#13321 = ADVANCED_FACE('',(#13322),#13333,.F.);
#13322 = FACE_BOUND('',#13323,.T.);
#13323 = EDGE_LOOP('',(#13324,#13325,#13331,#13332));
#13324 = ORIENTED_EDGE('',*,*,#10446,.T.);
#13325 = ORIENTED_EDGE('',*,*,#13326,.T.);
#13326 = EDGE_CURVE('',#10447,#11751,#13327,.T.);
#13327 = LINE('',#13328,#13329);
#13328 = CARTESIAN_POINT('',(236.75,-178.4,-4.6E-02));
#13329 = VECTOR('',#13330,1.);
#13330 = DIRECTION('',(0.,0.,1.));
#13331 = ORIENTED_EDGE('',*,*,#11750,.F.);
#13332 = ORIENTED_EDGE('',*,*,#13326,.F.);
#13333 = CYLINDRICAL_SURFACE('',#13334,0.15);
#13334 = AXIS2_PLACEMENT_3D('',#13335,#13336,#13337);
#13335 = CARTESIAN_POINT('',(236.75,-178.25,-4.6E-02));
#13336 = DIRECTION('',(-0.,-0.,-1.));
#13337 = DIRECTION('',(-0.,-1.,0.));
#13338 = ADVANCED_FACE('',(#13339),#13350,.F.);
#13339 = FACE_BOUND('',#13340,.T.);
#13340 = EDGE_LOOP('',(#13341,#13342,#13348,#13349));
#13341 = ORIENTED_EDGE('',*,*,#10457,.T.);
#13342 = ORIENTED_EDGE('',*,*,#13343,.T.);
#13343 = EDGE_CURVE('',#10458,#11762,#13344,.T.);
#13344 = LINE('',#13345,#13346);
#13345 = CARTESIAN_POINT('',(229.,-171.6945,-4.6E-02));
#13346 = VECTOR('',#13347,1.);
#13347 = DIRECTION('',(0.,0.,1.));
#13348 = ORIENTED_EDGE('',*,*,#11761,.F.);
#13349 = ORIENTED_EDGE('',*,*,#13343,.F.);
#13350 = CYLINDRICAL_SURFACE('',#13351,0.4445);
#13351 = AXIS2_PLACEMENT_3D('',#13352,#13353,#13354);
#13352 = CARTESIAN_POINT('',(229.,-171.25,-4.6E-02));
#13353 = DIRECTION('',(-0.,-0.,-1.));
#13354 = DIRECTION('',(-0.,-1.,0.));
#13355 = ADVANCED_FACE('',(#13356),#13367,.F.);
#13356 = FACE_BOUND('',#13357,.T.);
#13357 = EDGE_LOOP('',(#13358,#13359,#13365,#13366));
#13358 = ORIENTED_EDGE('',*,*,#10468,.T.);
#13359 = ORIENTED_EDGE('',*,*,#13360,.T.);
#13360 = EDGE_CURVE('',#10469,#11773,#13361,.T.);
#13361 = LINE('',#13362,#13363);
#13362 = CARTESIAN_POINT('',(239.79,-192.1945,-4.6E-02));
#13363 = VECTOR('',#13364,1.);
#13364 = DIRECTION('',(0.,0.,1.));
#13365 = ORIENTED_EDGE('',*,*,#11772,.F.);
#13366 = ORIENTED_EDGE('',*,*,#13360,.F.);
#13367 = CYLINDRICAL_SURFACE('',#13368,0.4445);
#13368 = AXIS2_PLACEMENT_3D('',#13369,#13370,#13371);
#13369 = CARTESIAN_POINT('',(239.79,-191.75,-4.6E-02));
#13370 = DIRECTION('',(-0.,-0.,-1.));
#13371 = DIRECTION('',(-0.,-1.,0.));
#13372 = ADVANCED_FACE('',(#13373),#13384,.F.);
#13373 = FACE_BOUND('',#13374,.T.);
#13374 = EDGE_LOOP('',(#13375,#13376,#13382,#13383));
#13375 = ORIENTED_EDGE('',*,*,#10479,.T.);
#13376 = ORIENTED_EDGE('',*,*,#13377,.T.);
#13377 = EDGE_CURVE('',#10480,#11784,#13378,.T.);
#13378 = LINE('',#13379,#13380);
#13379 = CARTESIAN_POINT('',(242.33,-192.1945,-4.6E-02));
#13380 = VECTOR('',#13381,1.);
#13381 = DIRECTION('',(0.,0.,1.));
#13382 = ORIENTED_EDGE('',*,*,#11783,.F.);
#13383 = ORIENTED_EDGE('',*,*,#13377,.F.);
#13384 = CYLINDRICAL_SURFACE('',#13385,0.4445);
#13385 = AXIS2_PLACEMENT_3D('',#13386,#13387,#13388);
#13386 = CARTESIAN_POINT('',(242.33,-191.75,-4.6E-02));
#13387 = DIRECTION('',(-0.,0.,-1.));
#13388 = DIRECTION('',(6.39408536117E-14,-1.,-0.));
#13389 = ADVANCED_FACE('',(#13390),#13401,.F.);
#13390 = FACE_BOUND('',#13391,.T.);
#13391 = EDGE_LOOP('',(#13392,#13393,#13399,#13400));
#13392 = ORIENTED_EDGE('',*,*,#10490,.T.);
#13393 = ORIENTED_EDGE('',*,*,#13394,.T.);
#13394 = EDGE_CURVE('',#10491,#11795,#13395,.T.);
#13395 = LINE('',#13396,#13397);
#13396 = CARTESIAN_POINT('',(244.87,-192.1945,-4.6E-02));
#13397 = VECTOR('',#13398,1.);
#13398 = DIRECTION('',(0.,0.,1.));
#13399 = ORIENTED_EDGE('',*,*,#11794,.F.);
#13400 = ORIENTED_EDGE('',*,*,#13394,.F.);
#13401 = CYLINDRICAL_SURFACE('',#13402,0.4445);
#13402 = AXIS2_PLACEMENT_3D('',#13403,#13404,#13405);
#13403 = CARTESIAN_POINT('',(244.87,-191.75,-4.6E-02));
#13404 = DIRECTION('',(-0.,-0.,-1.));
#13405 = DIRECTION('',(-0.,-1.,0.));
#13406 = ADVANCED_FACE('',(#13407),#13418,.F.);
#13407 = FACE_BOUND('',#13408,.T.);
#13408 = EDGE_LOOP('',(#13409,#13410,#13416,#13417));
#13409 = ORIENTED_EDGE('',*,*,#10501,.T.);
#13410 = ORIENTED_EDGE('',*,*,#13411,.T.);
#13411 = EDGE_CURVE('',#10502,#11806,#13412,.T.);
#13412 = LINE('',#13413,#13414);
#13413 = CARTESIAN_POINT('',(259.,-193.4,-4.6E-02));
#13414 = VECTOR('',#13415,1.);
#13415 = DIRECTION('',(0.,0.,1.));
#13416 = ORIENTED_EDGE('',*,*,#11805,.F.);
#13417 = ORIENTED_EDGE('',*,*,#13411,.F.);
#13418 = CYLINDRICAL_SURFACE('',#13419,1.65);
#13419 = AXIS2_PLACEMENT_3D('',#13420,#13421,#13422);
#13420 = CARTESIAN_POINT('',(259.,-191.75,-4.6E-02));
#13421 = DIRECTION('',(-0.,-0.,-1.));
#13422 = DIRECTION('',(-0.,-1.,0.));
#13423 = ADVANCED_FACE('',(#13424),#13435,.F.);
#13424 = FACE_BOUND('',#13425,.T.);
#13425 = EDGE_LOOP('',(#13426,#13427,#13433,#13434));
#13426 = ORIENTED_EDGE('',*,*,#10512,.T.);
#13427 = ORIENTED_EDGE('',*,*,#13428,.T.);
#13428 = EDGE_CURVE('',#10513,#11817,#13429,.T.);
#13429 = LINE('',#13430,#13431);
#13430 = CARTESIAN_POINT('',(260.5,-179.3145,-4.6E-02));
#13431 = VECTOR('',#13432,1.);
#13432 = DIRECTION('',(0.,0.,1.));
#13433 = ORIENTED_EDGE('',*,*,#11816,.F.);
#13434 = ORIENTED_EDGE('',*,*,#13428,.F.);
#13435 = CYLINDRICAL_SURFACE('',#13436,0.4445);
#13436 = AXIS2_PLACEMENT_3D('',#13437,#13438,#13439);
#13437 = CARTESIAN_POINT('',(260.5,-178.87,-4.6E-02));
#13438 = DIRECTION('',(-0.,-0.,-1.));
#13439 = DIRECTION('',(-0.,-1.,0.));
#13440 = ADVANCED_FACE('',(#13441),#13452,.F.);
#13441 = FACE_BOUND('',#13442,.T.);
#13442 = EDGE_LOOP('',(#13443,#13444,#13450,#13451));
#13443 = ORIENTED_EDGE('',*,*,#10523,.T.);
#13444 = ORIENTED_EDGE('',*,*,#13445,.T.);
#13445 = EDGE_CURVE('',#10524,#11828,#13446,.T.);
#13446 = LINE('',#13447,#13448);
#13447 = CARTESIAN_POINT('',(260.5,-176.7745,-4.6E-02));
#13448 = VECTOR('',#13449,1.);
#13449 = DIRECTION('',(0.,0.,1.));
#13450 = ORIENTED_EDGE('',*,*,#11827,.F.);
#13451 = ORIENTED_EDGE('',*,*,#13445,.F.);
#13452 = CYLINDRICAL_SURFACE('',#13453,0.4445);
#13453 = AXIS2_PLACEMENT_3D('',#13454,#13455,#13456);
#13454 = CARTESIAN_POINT('',(260.5,-176.33,-4.6E-02));
#13455 = DIRECTION('',(-0.,-0.,-1.));
#13456 = DIRECTION('',(-0.,-1.,0.));
#13457 = ADVANCED_FACE('',(#13458),#13469,.F.);
#13458 = FACE_BOUND('',#13459,.T.);
#13459 = EDGE_LOOP('',(#13460,#13461,#13467,#13468));
#13460 = ORIENTED_EDGE('',*,*,#10534,.T.);
#13461 = ORIENTED_EDGE('',*,*,#13462,.T.);
#13462 = EDGE_CURVE('',#10535,#11839,#13463,.T.);
#13463 = LINE('',#13464,#13465);
#13464 = CARTESIAN_POINT('',(260.5,-174.2345,-4.6E-02));
#13465 = VECTOR('',#13466,1.);
#13466 = DIRECTION('',(0.,0.,1.));
#13467 = ORIENTED_EDGE('',*,*,#11838,.F.);
#13468 = ORIENTED_EDGE('',*,*,#13462,.F.);
#13469 = CYLINDRICAL_SURFACE('',#13470,0.4445);
#13470 = AXIS2_PLACEMENT_3D('',#13471,#13472,#13473);
#13471 = CARTESIAN_POINT('',(260.5,-173.79,-4.6E-02));
#13472 = DIRECTION('',(-0.,-0.,-1.));
#13473 = DIRECTION('',(-0.,-1.,0.));
#13474 = ADVANCED_FACE('',(#13475),#13486,.F.);
#13475 = FACE_BOUND('',#13476,.T.);
#13476 = EDGE_LOOP('',(#13477,#13478,#13484,#13485));
#13477 = ORIENTED_EDGE('',*,*,#10545,.T.);
#13478 = ORIENTED_EDGE('',*,*,#13479,.T.);
#13479 = EDGE_CURVE('',#10546,#11850,#13480,.T.);
#13480 = LINE('',#13481,#13482);
#13481 = CARTESIAN_POINT('',(260.5,-171.6945,-4.6E-02));
#13482 = VECTOR('',#13483,1.);
#13483 = DIRECTION('',(0.,0.,1.));
#13484 = ORIENTED_EDGE('',*,*,#11849,.F.);
#13485 = ORIENTED_EDGE('',*,*,#13479,.F.);
#13486 = CYLINDRICAL_SURFACE('',#13487,0.4445);
#13487 = AXIS2_PLACEMENT_3D('',#13488,#13489,#13490);
#13488 = CARTESIAN_POINT('',(260.5,-171.25,-4.6E-02));
#13489 = DIRECTION('',(-0.,-0.,-1.));
#13490 = DIRECTION('',(-0.,-1.,0.));
#13491 = ADVANCED_FACE('',(#13492),#13503,.F.);
#13492 = FACE_BOUND('',#13493,.T.);
#13493 = EDGE_LOOP('',(#13494,#13495,#13501,#13502));
#13494 = ORIENTED_EDGE('',*,*,#10556,.T.);
#13495 = ORIENTED_EDGE('',*,*,#13496,.T.);
#13496 = EDGE_CURVE('',#10557,#11861,#13497,.T.);
#13497 = LINE('',#13498,#13499);
#13498 = CARTESIAN_POINT('',(260.5,-169.1545,-4.6E-02));
#13499 = VECTOR('',#13500,1.);
#13500 = DIRECTION('',(0.,0.,1.));
#13501 = ORIENTED_EDGE('',*,*,#11860,.F.);
#13502 = ORIENTED_EDGE('',*,*,#13496,.F.);
#13503 = CYLINDRICAL_SURFACE('',#13504,0.4445);
#13504 = AXIS2_PLACEMENT_3D('',#13505,#13506,#13507);
#13505 = CARTESIAN_POINT('',(260.5,-168.71,-4.6E-02));
#13506 = DIRECTION('',(-0.,-0.,-1.));
#13507 = DIRECTION('',(-0.,-1.,0.));
#13508 = ADVANCED_FACE('',(#13509),#13520,.F.);
#13509 = FACE_BOUND('',#13510,.T.);
#13510 = EDGE_LOOP('',(#13511,#13512,#13518,#13519));
#13511 = ORIENTED_EDGE('',*,*,#10567,.T.);
#13512 = ORIENTED_EDGE('',*,*,#13513,.T.);
#13513 = EDGE_CURVE('',#10568,#11872,#13514,.T.);
#13514 = LINE('',#13515,#13516);
#13515 = CARTESIAN_POINT('',(219.5,-156.856,-4.6E-02));
#13516 = VECTOR('',#13517,1.);
#13517 = DIRECTION('',(0.,0.,1.));
#13518 = ORIENTED_EDGE('',*,*,#11871,.F.);
#13519 = ORIENTED_EDGE('',*,*,#13513,.F.);
#13520 = CYLINDRICAL_SURFACE('',#13521,0.4);
#13521 = AXIS2_PLACEMENT_3D('',#13522,#13523,#13524);
#13522 = CARTESIAN_POINT('',(219.5,-156.456,-4.6E-02));
#13523 = DIRECTION('',(-0.,-0.,-1.));
#13524 = DIRECTION('',(-0.,-1.,0.));
#13525 = ADVANCED_FACE('',(#13526),#13537,.F.);
#13526 = FACE_BOUND('',#13527,.T.);
#13527 = EDGE_LOOP('',(#13528,#13529,#13535,#13536));
#13528 = ORIENTED_EDGE('',*,*,#10578,.T.);
#13529 = ORIENTED_EDGE('',*,*,#13530,.T.);
#13530 = EDGE_CURVE('',#10579,#11883,#13531,.T.);
#13531 = LINE('',#13532,#13533);
#13532 = CARTESIAN_POINT('',(236.623,-165.9,-4.6E-02));
#13533 = VECTOR('',#13534,1.);
#13534 = DIRECTION('',(0.,0.,1.));
#13535 = ORIENTED_EDGE('',*,*,#11882,.F.);
#13536 = ORIENTED_EDGE('',*,*,#13530,.F.);
#13537 = CYLINDRICAL_SURFACE('',#13538,0.15);
#13538 = AXIS2_PLACEMENT_3D('',#13539,#13540,#13541);
#13539 = CARTESIAN_POINT('',(236.623,-165.75,-4.6E-02));
#13540 = DIRECTION('',(-0.,-0.,-1.));
#13541 = DIRECTION('',(-0.,-1.,0.));
#13542 = ADVANCED_FACE('',(#13543),#13554,.F.);
#13543 = FACE_BOUND('',#13544,.T.);
#13544 = EDGE_LOOP('',(#13545,#13546,#13552,#13553));
#13545 = ORIENTED_EDGE('',*,*,#10589,.T.);
#13546 = ORIENTED_EDGE('',*,*,#13547,.T.);
#13547 = EDGE_CURVE('',#10590,#11894,#13548,.T.);
#13548 = LINE('',#13549,#13550);
#13549 = CARTESIAN_POINT('',(229.,-147.15,-4.6E-02));
#13550 = VECTOR('',#13551,1.);
#13551 = DIRECTION('',(0.,0.,1.));
#13552 = ORIENTED_EDGE('',*,*,#11893,.F.);
#13553 = ORIENTED_EDGE('',*,*,#13547,.F.);
#13554 = CYLINDRICAL_SURFACE('',#13555,0.4);
#13555 = AXIS2_PLACEMENT_3D('',#13556,#13557,#13558);
#13556 = CARTESIAN_POINT('',(229.,-146.75,-4.6E-02));
#13557 = DIRECTION('',(-0.,-0.,-1.));
#13558 = DIRECTION('',(-0.,-1.,0.));
#13559 = ADVANCED_FACE('',(#13560),#13571,.F.);
#13560 = FACE_BOUND('',#13561,.T.);
#13561 = EDGE_LOOP('',(#13562,#13563,#13569,#13570));
#13562 = ORIENTED_EDGE('',*,*,#10600,.T.);
#13563 = ORIENTED_EDGE('',*,*,#13564,.T.);
#13564 = EDGE_CURVE('',#10601,#11905,#13565,.T.);
#13565 = LINE('',#13566,#13567);
#13566 = CARTESIAN_POINT('',(239.417,-165.9,-4.6E-02));
#13567 = VECTOR('',#13568,1.);
#13568 = DIRECTION('',(0.,0.,1.));
#13569 = ORIENTED_EDGE('',*,*,#11904,.F.);
#13570 = ORIENTED_EDGE('',*,*,#13564,.F.);
#13571 = CYLINDRICAL_SURFACE('',#13572,0.15);
#13572 = AXIS2_PLACEMENT_3D('',#13573,#13574,#13575);
#13573 = CARTESIAN_POINT('',(239.417,-165.75,-4.6E-02));
#13574 = DIRECTION('',(-0.,-0.,-1.));
#13575 = DIRECTION('',(-0.,-1.,0.));
#13576 = ADVANCED_FACE('',(#13577),#13588,.F.);
#13577 = FACE_BOUND('',#13578,.T.);
#13578 = EDGE_LOOP('',(#13579,#13580,#13586,#13587));
#13579 = ORIENTED_EDGE('',*,*,#10611,.T.);
#13580 = ORIENTED_EDGE('',*,*,#13581,.T.);
#13581 = EDGE_CURVE('',#10612,#11916,#13582,.T.);
#13582 = LINE('',#13583,#13584);
#13583 = CARTESIAN_POINT('',(260.5,-166.6145,-4.6E-02));
#13584 = VECTOR('',#13585,1.);
#13585 = DIRECTION('',(0.,0.,1.));
#13586 = ORIENTED_EDGE('',*,*,#11915,.F.);
#13587 = ORIENTED_EDGE('',*,*,#13581,.F.);
#13588 = CYLINDRICAL_SURFACE('',#13589,0.4445);
#13589 = AXIS2_PLACEMENT_3D('',#13590,#13591,#13592);
#13590 = CARTESIAN_POINT('',(260.5,-166.17,-4.6E-02));
#13591 = DIRECTION('',(-0.,-0.,-1.));
#13592 = DIRECTION('',(-0.,-1.,0.));
#13593 = ADVANCED_FACE('',(#13594),#13605,.F.);
#13594 = FACE_BOUND('',#13595,.T.);
#13595 = EDGE_LOOP('',(#13596,#13597,#13603,#13604));
#13596 = ORIENTED_EDGE('',*,*,#10622,.T.);
#13597 = ORIENTED_EDGE('',*,*,#13598,.T.);
#13598 = EDGE_CURVE('',#10623,#11927,#13599,.T.);
#13599 = LINE('',#13600,#13601);
#13600 = CARTESIAN_POINT('',(260.5,-164.0745,-4.6E-02));
#13601 = VECTOR('',#13602,1.);
#13602 = DIRECTION('',(0.,0.,1.));
#13603 = ORIENTED_EDGE('',*,*,#11926,.F.);
#13604 = ORIENTED_EDGE('',*,*,#13598,.F.);
#13605 = CYLINDRICAL_SURFACE('',#13606,0.4445);
#13606 = AXIS2_PLACEMENT_3D('',#13607,#13608,#13609);
#13607 = CARTESIAN_POINT('',(260.5,-163.63,-4.6E-02));
#13608 = DIRECTION('',(-0.,-0.,-1.));
#13609 = DIRECTION('',(-0.,-1.,0.));
#13610 = ADVANCED_FACE('',(#13611),#13622,.F.);
#13611 = FACE_BOUND('',#13612,.T.);
#13612 = EDGE_LOOP('',(#13613,#13614,#13620,#13621));
#13613 = ORIENTED_EDGE('',*,*,#10633,.T.);
#13614 = ORIENTED_EDGE('',*,*,#13615,.T.);
#13615 = EDGE_CURVE('',#10634,#11938,#13616,.T.);
#13616 = LINE('',#13617,#13618);
#13617 = CARTESIAN_POINT('',(260.5,-159.7345,-4.6E-02));
#13618 = VECTOR('',#13619,1.);
#13619 = DIRECTION('',(0.,0.,1.));
#13620 = ORIENTED_EDGE('',*,*,#11937,.F.);
#13621 = ORIENTED_EDGE('',*,*,#13615,.F.);
#13622 = CYLINDRICAL_SURFACE('',#13623,0.4445);
#13623 = AXIS2_PLACEMENT_3D('',#13624,#13625,#13626);
#13624 = CARTESIAN_POINT('',(260.5,-159.29,-4.6E-02));
#13625 = DIRECTION('',(-0.,-0.,-1.));
#13626 = DIRECTION('',(-0.,-1.,0.));
#13627 = ADVANCED_FACE('',(#13628),#13639,.F.);
#13628 = FACE_BOUND('',#13629,.T.);
#13629 = EDGE_LOOP('',(#13630,#13631,#13637,#13638));
#13630 = ORIENTED_EDGE('',*,*,#10644,.T.);
#13631 = ORIENTED_EDGE('',*,*,#13632,.T.);
#13632 = EDGE_CURVE('',#10645,#11949,#13633,.T.);
#13633 = LINE('',#13634,#13635);
#13634 = CARTESIAN_POINT('',(260.5,-157.1945,-4.6E-02));
#13635 = VECTOR('',#13636,1.);
#13636 = DIRECTION('',(0.,0.,1.));
#13637 = ORIENTED_EDGE('',*,*,#11948,.F.);
#13638 = ORIENTED_EDGE('',*,*,#13632,.F.);
#13639 = CYLINDRICAL_SURFACE('',#13640,0.4445);
#13640 = AXIS2_PLACEMENT_3D('',#13641,#13642,#13643);
#13641 = CARTESIAN_POINT('',(260.5,-156.75,-4.6E-02));
#13642 = DIRECTION('',(-0.,-0.,-1.));
#13643 = DIRECTION('',(-0.,-1.,0.));
#13644 = ADVANCED_FACE('',(#13645),#13656,.F.);
#13645 = FACE_BOUND('',#13646,.T.);
#13646 = EDGE_LOOP('',(#13647,#13648,#13654,#13655));
#13647 = ORIENTED_EDGE('',*,*,#10655,.T.);
#13648 = ORIENTED_EDGE('',*,*,#13649,.T.);
#13649 = EDGE_CURVE('',#10656,#11960,#13650,.T.);
#13650 = LINE('',#13651,#13652);
#13651 = CARTESIAN_POINT('',(260.5,-154.6545,-4.6E-02));
#13652 = VECTOR('',#13653,1.);
#13653 = DIRECTION('',(0.,0.,1.));
#13654 = ORIENTED_EDGE('',*,*,#11959,.F.);
#13655 = ORIENTED_EDGE('',*,*,#13649,.F.);
#13656 = CYLINDRICAL_SURFACE('',#13657,0.4445);
#13657 = AXIS2_PLACEMENT_3D('',#13658,#13659,#13660);
#13658 = CARTESIAN_POINT('',(260.5,-154.21,-4.6E-02));
#13659 = DIRECTION('',(-0.,-0.,-1.));
#13660 = DIRECTION('',(-0.,-1.,0.));
#13661 = ADVANCED_FACE('',(#13662),#13673,.F.);
#13662 = FACE_BOUND('',#13663,.T.);
#13663 = EDGE_LOOP('',(#13664,#13665,#13671,#13672));
#13664 = ORIENTED_EDGE('',*,*,#10666,.T.);
#13665 = ORIENTED_EDGE('',*,*,#13666,.T.);
#13666 = EDGE_CURVE('',#10667,#11971,#13667,.T.);
#13667 = LINE('',#13668,#13669);
#13668 = CARTESIAN_POINT('',(260.5,-152.1145,-4.6E-02));
#13669 = VECTOR('',#13670,1.);
#13670 = DIRECTION('',(0.,0.,1.));
#13671 = ORIENTED_EDGE('',*,*,#11970,.F.);
#13672 = ORIENTED_EDGE('',*,*,#13666,.F.);
#13673 = CYLINDRICAL_SURFACE('',#13674,0.4445);
#13674 = AXIS2_PLACEMENT_3D('',#13675,#13676,#13677);
#13675 = CARTESIAN_POINT('',(260.5,-151.67,-4.6E-02));
#13676 = DIRECTION('',(-0.,-0.,-1.));
#13677 = DIRECTION('',(-0.,-1.,0.));
#13678 = ADVANCED_FACE('',(#13679),#13690,.F.);
#13679 = FACE_BOUND('',#13680,.T.);
#13680 = EDGE_LOOP('',(#13681,#13682,#13688,#13689));
#13681 = ORIENTED_EDGE('',*,*,#10677,.T.);
#13682 = ORIENTED_EDGE('',*,*,#13683,.T.);
#13683 = EDGE_CURVE('',#10678,#11982,#13684,.T.);
#13684 = LINE('',#13685,#13686);
#13685 = CARTESIAN_POINT('',(260.5,-149.5745,-4.6E-02));
#13686 = VECTOR('',#13687,1.);
#13687 = DIRECTION('',(0.,0.,1.));
#13688 = ORIENTED_EDGE('',*,*,#11981,.F.);
#13689 = ORIENTED_EDGE('',*,*,#13683,.F.);
#13690 = CYLINDRICAL_SURFACE('',#13691,0.4445);
#13691 = AXIS2_PLACEMENT_3D('',#13692,#13693,#13694);
#13692 = CARTESIAN_POINT('',(260.5,-149.13,-4.6E-02));
#13693 = DIRECTION('',(-0.,-0.,-1.));
#13694 = DIRECTION('',(-0.,-1.,0.));
#13695 = ADVANCED_FACE('',(#13696),#13707,.F.);
#13696 = FACE_BOUND('',#13697,.T.);
#13697 = EDGE_LOOP('',(#13698,#13699,#13705,#13706));
#13698 = ORIENTED_EDGE('',*,*,#10688,.T.);
#13699 = ORIENTED_EDGE('',*,*,#13700,.T.);
#13700 = EDGE_CURVE('',#10689,#11993,#13701,.T.);
#13701 = LINE('',#13702,#13703);
#13702 = CARTESIAN_POINT('',(260.5,-147.0345,-4.6E-02));
#13703 = VECTOR('',#13704,1.);
#13704 = DIRECTION('',(0.,0.,1.));
#13705 = ORIENTED_EDGE('',*,*,#11992,.F.);
#13706 = ORIENTED_EDGE('',*,*,#13700,.F.);
#13707 = CYLINDRICAL_SURFACE('',#13708,0.4445);
#13708 = AXIS2_PLACEMENT_3D('',#13709,#13710,#13711);
#13709 = CARTESIAN_POINT('',(260.5,-146.59,-4.6E-02));
#13710 = DIRECTION('',(-0.,-0.,-1.));
#13711 = DIRECTION('',(-0.,-1.,0.));
#13712 = ADVANCED_FACE('',(#13713),#13724,.F.);
#13713 = FACE_BOUND('',#13714,.T.);
#13714 = EDGE_LOOP('',(#13715,#13716,#13722,#13723));
#13715 = ORIENTED_EDGE('',*,*,#10699,.T.);
#13716 = ORIENTED_EDGE('',*,*,#13717,.T.);
#13717 = EDGE_CURVE('',#10700,#12004,#13718,.T.);
#13718 = LINE('',#13719,#13720);
#13719 = CARTESIAN_POINT('',(260.5,-144.4945,-4.6E-02));
#13720 = VECTOR('',#13721,1.);
#13721 = DIRECTION('',(0.,0.,1.));
#13722 = ORIENTED_EDGE('',*,*,#12003,.F.);
#13723 = ORIENTED_EDGE('',*,*,#13717,.F.);
#13724 = CYLINDRICAL_SURFACE('',#13725,0.4445);
#13725 = AXIS2_PLACEMENT_3D('',#13726,#13727,#13728);
#13726 = CARTESIAN_POINT('',(260.5,-144.05,-4.6E-02));
#13727 = DIRECTION('',(-0.,-0.,-1.));
#13728 = DIRECTION('',(-0.,-1.,0.));
#13729 = ADVANCED_FACE('',(#13730),#13741,.F.);
#13730 = FACE_BOUND('',#13731,.T.);
#13731 = EDGE_LOOP('',(#13732,#13733,#13739,#13740));
#13732 = ORIENTED_EDGE('',*,*,#10710,.T.);
#13733 = ORIENTED_EDGE('',*,*,#13734,.T.);
#13734 = EDGE_CURVE('',#10711,#12015,#13735,.T.);
#13735 = LINE('',#13736,#13737);
#13736 = CARTESIAN_POINT('',(172.5,-137.11,-4.6E-02));
#13737 = VECTOR('',#13738,1.);
#13738 = DIRECTION('',(0.,0.,1.));
#13739 = ORIENTED_EDGE('',*,*,#12014,.F.);
#13740 = ORIENTED_EDGE('',*,*,#13734,.F.);
#13741 = CYLINDRICAL_SURFACE('',#13742,0.8);
#13742 = AXIS2_PLACEMENT_3D('',#13743,#13744,#13745);
#13743 = CARTESIAN_POINT('',(172.5,-136.31,-4.6E-02));
#13744 = DIRECTION('',(-0.,-0.,-1.));
#13745 = DIRECTION('',(-0.,-1.,0.));
#13746 = ADVANCED_FACE('',(#13747),#13758,.F.);
#13747 = FACE_BOUND('',#13748,.T.);
#13748 = EDGE_LOOP('',(#13749,#13750,#13756,#13757));
#13749 = ORIENTED_EDGE('',*,*,#10721,.T.);
#13750 = ORIENTED_EDGE('',*,*,#13751,.T.);
#13751 = EDGE_CURVE('',#10722,#12026,#13752,.T.);
#13752 = LINE('',#13753,#13754);
#13753 = CARTESIAN_POINT('',(178.5,-140.96,-4.6E-02));
#13754 = VECTOR('',#13755,1.);
#13755 = DIRECTION('',(0.,0.,1.));
#13756 = ORIENTED_EDGE('',*,*,#12025,.F.);
#13757 = ORIENTED_EDGE('',*,*,#13751,.F.);
#13758 = CYLINDRICAL_SURFACE('',#13759,1.5);
#13759 = AXIS2_PLACEMENT_3D('',#13760,#13761,#13762);
#13760 = CARTESIAN_POINT('',(178.5,-139.46,-4.6E-02));
#13761 = DIRECTION('',(-0.,-0.,-1.));
#13762 = DIRECTION('',(-0.,-1.,0.));
#13763 = ADVANCED_FACE('',(#13764),#13775,.F.);
#13764 = FACE_BOUND('',#13765,.T.);
#13765 = EDGE_LOOP('',(#13766,#13767,#13773,#13774));
#13766 = ORIENTED_EDGE('',*,*,#10732,.T.);
#13767 = ORIENTED_EDGE('',*,*,#13768,.T.);
#13768 = EDGE_CURVE('',#10733,#12037,#13769,.T.);
#13769 = LINE('',#13770,#13771);
#13770 = CARTESIAN_POINT('',(172.5,-132.96,-4.6E-02));
#13771 = VECTOR('',#13772,1.);
#13772 = DIRECTION('',(0.,0.,1.));
#13773 = ORIENTED_EDGE('',*,*,#12036,.F.);
#13774 = ORIENTED_EDGE('',*,*,#13768,.F.);
#13775 = CYLINDRICAL_SURFACE('',#13776,0.8);
#13776 = AXIS2_PLACEMENT_3D('',#13777,#13778,#13779);
#13777 = CARTESIAN_POINT('',(172.5,-132.16,-4.6E-02));
#13778 = DIRECTION('',(-0.,-0.,-1.));
#13779 = DIRECTION('',(-0.,-1.,0.));
#13780 = ADVANCED_FACE('',(#13781),#13792,.F.);
#13781 = FACE_BOUND('',#13782,.T.);
#13782 = EDGE_LOOP('',(#13783,#13784,#13790,#13791));
#13783 = ORIENTED_EDGE('',*,*,#10743,.T.);
#13784 = ORIENTED_EDGE('',*,*,#13785,.T.);
#13785 = EDGE_CURVE('',#10744,#12048,#13786,.T.);
#13786 = LINE('',#13787,#13788);
#13787 = CARTESIAN_POINT('',(178.5,-130.51,-4.6E-02));
#13788 = VECTOR('',#13789,1.);
#13789 = DIRECTION('',(0.,0.,1.));
#13790 = ORIENTED_EDGE('',*,*,#12047,.F.);
#13791 = ORIENTED_EDGE('',*,*,#13785,.F.);
#13792 = CYLINDRICAL_SURFACE('',#13793,1.5);
#13793 = AXIS2_PLACEMENT_3D('',#13794,#13795,#13796);
#13794 = CARTESIAN_POINT('',(178.5,-129.01,-4.6E-02));
#13795 = DIRECTION('',(-0.,-0.,-1.));
#13796 = DIRECTION('',(-0.,-1.,0.));
#13797 = ADVANCED_FACE('',(#13798),#13809,.F.);
#13798 = FACE_BOUND('',#13799,.T.);
#13799 = EDGE_LOOP('',(#13800,#13801,#13807,#13808));
#13800 = ORIENTED_EDGE('',*,*,#10754,.T.);
#13801 = ORIENTED_EDGE('',*,*,#13802,.T.);
#13802 = EDGE_CURVE('',#10755,#12059,#13803,.T.);
#13803 = LINE('',#13804,#13805);
#13804 = CARTESIAN_POINT('',(172.5,-119.46,-4.6E-02));
#13805 = VECTOR('',#13806,1.);
#13806 = DIRECTION('',(0.,0.,1.));
#13807 = ORIENTED_EDGE('',*,*,#12058,.F.);
#13808 = ORIENTED_EDGE('',*,*,#13802,.F.);
#13809 = CYLINDRICAL_SURFACE('',#13810,0.8);
#13810 = AXIS2_PLACEMENT_3D('',#13811,#13812,#13813);
#13811 = CARTESIAN_POINT('',(172.5,-118.66,-4.6E-02));
#13812 = DIRECTION('',(-0.,-0.,-1.));
#13813 = DIRECTION('',(-0.,-1.,0.));
#13814 = ADVANCED_FACE('',(#13815),#13826,.F.);
#13815 = FACE_BOUND('',#13816,.T.);
#13816 = EDGE_LOOP('',(#13817,#13818,#13824,#13825));
#13817 = ORIENTED_EDGE('',*,*,#10765,.T.);
#13818 = ORIENTED_EDGE('',*,*,#13819,.T.);
#13819 = EDGE_CURVE('',#10766,#12070,#13820,.T.);
#13820 = LINE('',#13821,#13822);
#13821 = CARTESIAN_POINT('',(178.5,-123.31,-4.6E-02));
#13822 = VECTOR('',#13823,1.);
#13823 = DIRECTION('',(0.,0.,1.));
#13824 = ORIENTED_EDGE('',*,*,#12069,.F.);
#13825 = ORIENTED_EDGE('',*,*,#13819,.F.);
#13826 = CYLINDRICAL_SURFACE('',#13827,1.5);
#13827 = AXIS2_PLACEMENT_3D('',#13828,#13829,#13830);
#13828 = CARTESIAN_POINT('',(178.5,-121.81,-4.6E-02));
#13829 = DIRECTION('',(-0.,-0.,-1.));
#13830 = DIRECTION('',(-0.,-1.,0.));
#13831 = ADVANCED_FACE('',(#13832),#13843,.F.);
#13832 = FACE_BOUND('',#13833,.T.);
#13833 = EDGE_LOOP('',(#13834,#13835,#13841,#13842));
#13834 = ORIENTED_EDGE('',*,*,#10776,.T.);
#13835 = ORIENTED_EDGE('',*,*,#13836,.T.);
#13836 = EDGE_CURVE('',#10777,#12081,#13837,.T.);
#13837 = LINE('',#13838,#13839);
#13838 = CARTESIAN_POINT('',(199.5,-139.4445,-4.6E-02));
#13839 = VECTOR('',#13840,1.);
#13840 = DIRECTION('',(0.,0.,1.));
#13841 = ORIENTED_EDGE('',*,*,#12080,.F.);
#13842 = ORIENTED_EDGE('',*,*,#13836,.F.);
#13843 = CYLINDRICAL_SURFACE('',#13844,0.4445);
#13844 = AXIS2_PLACEMENT_3D('',#13845,#13846,#13847);
#13845 = CARTESIAN_POINT('',(199.5,-139.,-4.6E-02));
#13846 = DIRECTION('',(-0.,-0.,-1.));
#13847 = DIRECTION('',(-0.,-1.,0.));
#13848 = ADVANCED_FACE('',(#13849),#13860,.F.);
#13849 = FACE_BOUND('',#13850,.T.);
#13850 = EDGE_LOOP('',(#13851,#13852,#13858,#13859));
#13851 = ORIENTED_EDGE('',*,*,#10787,.T.);
#13852 = ORIENTED_EDGE('',*,*,#13853,.T.);
#13853 = EDGE_CURVE('',#10788,#12092,#13854,.T.);
#13854 = LINE('',#13855,#13856);
#13855 = CARTESIAN_POINT('',(213.5,-139.4,-4.6E-02));
#13856 = VECTOR('',#13857,1.);
#13857 = DIRECTION('',(0.,0.,1.));
#13858 = ORIENTED_EDGE('',*,*,#12091,.F.);
#13859 = ORIENTED_EDGE('',*,*,#13853,.F.);
#13860 = CYLINDRICAL_SURFACE('',#13861,0.15);
#13861 = AXIS2_PLACEMENT_3D('',#13862,#13863,#13864);
#13862 = CARTESIAN_POINT('',(213.5,-139.25,-4.6E-02));
#13863 = DIRECTION('',(-0.,-0.,-1.));
#13864 = DIRECTION('',(-0.,-1.,0.));
#13865 = ADVANCED_FACE('',(#13866),#13877,.F.);
#13866 = FACE_BOUND('',#13867,.T.);
#13867 = EDGE_LOOP('',(#13868,#13869,#13875,#13876));
#13868 = ORIENTED_EDGE('',*,*,#10798,.T.);
#13869 = ORIENTED_EDGE('',*,*,#13870,.T.);
#13870 = EDGE_CURVE('',#10799,#12103,#13871,.T.);
#13871 = LINE('',#13872,#13873);
#13872 = CARTESIAN_POINT('',(201.5,-123.65,-4.6E-02));
#13873 = VECTOR('',#13874,1.);
#13874 = DIRECTION('',(0.,0.,1.));
#13875 = ORIENTED_EDGE('',*,*,#12102,.F.);
#13876 = ORIENTED_EDGE('',*,*,#13870,.F.);
#13877 = CYLINDRICAL_SURFACE('',#13878,0.4);
#13878 = AXIS2_PLACEMENT_3D('',#13879,#13880,#13881);
#13879 = CARTESIAN_POINT('',(201.5,-123.25,-4.6E-02));
#13880 = DIRECTION('',(-0.,-0.,-1.));
#13881 = DIRECTION('',(-0.,-1.,0.));
#13882 = ADVANCED_FACE('',(#13883),#13894,.F.);
#13883 = FACE_BOUND('',#13884,.T.);
#13884 = EDGE_LOOP('',(#13885,#13886,#13892,#13893));
#13885 = ORIENTED_EDGE('',*,*,#10809,.T.);
#13886 = ORIENTED_EDGE('',*,*,#13887,.T.);
#13887 = EDGE_CURVE('',#10810,#12114,#13888,.T.);
#13888 = LINE('',#13889,#13890);
#13889 = CARTESIAN_POINT('',(201.5,-121.65,-4.6E-02));
#13890 = VECTOR('',#13891,1.);
#13891 = DIRECTION('',(0.,0.,1.));
#13892 = ORIENTED_EDGE('',*,*,#12113,.F.);
#13893 = ORIENTED_EDGE('',*,*,#13887,.F.);
#13894 = CYLINDRICAL_SURFACE('',#13895,0.4);
#13895 = AXIS2_PLACEMENT_3D('',#13896,#13897,#13898);
#13896 = CARTESIAN_POINT('',(201.5,-121.25,-4.6E-02));
#13897 = DIRECTION('',(-0.,-0.,-1.));
#13898 = DIRECTION('',(-0.,-1.,0.));
#13899 = ADVANCED_FACE('',(#13900),#13911,.F.);
#13900 = FACE_BOUND('',#13901,.T.);
#13901 = EDGE_LOOP('',(#13902,#13903,#13909,#13910));
#13902 = ORIENTED_EDGE('',*,*,#10820,.T.);
#13903 = ORIENTED_EDGE('',*,*,#13904,.T.);
#13904 = EDGE_CURVE('',#10821,#12125,#13905,.T.);
#13905 = LINE('',#13906,#13907);
#13906 = CARTESIAN_POINT('',(210.75,-127.694,-4.6E-02));
#13907 = VECTOR('',#13908,1.);
#13908 = DIRECTION('',(0.,0.,1.));
#13909 = ORIENTED_EDGE('',*,*,#12124,.F.);
#13910 = ORIENTED_EDGE('',*,*,#13904,.F.);
#13911 = CYLINDRICAL_SURFACE('',#13912,0.15);
#13912 = AXIS2_PLACEMENT_3D('',#13913,#13914,#13915);
#13913 = CARTESIAN_POINT('',(210.75,-127.544,-4.6E-02));
#13914 = DIRECTION('',(-0.,-0.,-1.));
#13915 = DIRECTION('',(-0.,-1.,0.));
#13916 = ADVANCED_FACE('',(#13917),#13928,.F.);
#13917 = FACE_BOUND('',#13918,.T.);
#13918 = EDGE_LOOP('',(#13919,#13920,#13926,#13927));
#13919 = ORIENTED_EDGE('',*,*,#10831,.T.);
#13920 = ORIENTED_EDGE('',*,*,#13921,.T.);
#13921 = EDGE_CURVE('',#10832,#12136,#13922,.T.);
#13922 = LINE('',#13923,#13924);
#13923 = CARTESIAN_POINT('',(172.5,-114.96,-4.6E-02));
#13924 = VECTOR('',#13925,1.);
#13925 = DIRECTION('',(0.,0.,1.));
#13926 = ORIENTED_EDGE('',*,*,#12135,.F.);
#13927 = ORIENTED_EDGE('',*,*,#13921,.F.);
#13928 = CYLINDRICAL_SURFACE('',#13929,0.8);
#13929 = AXIS2_PLACEMENT_3D('',#13930,#13931,#13932);
#13930 = CARTESIAN_POINT('',(172.5,-114.16,-4.6E-02));
#13931 = DIRECTION('',(-0.,-0.,-1.));
#13932 = DIRECTION('',(-0.,-1.,0.));
#13933 = ADVANCED_FACE('',(#13934),#13945,.F.);
#13934 = FACE_BOUND('',#13935,.T.);
#13935 = EDGE_LOOP('',(#13936,#13937,#13943,#13944));
#13936 = ORIENTED_EDGE('',*,*,#10842,.T.);
#13937 = ORIENTED_EDGE('',*,*,#13938,.T.);
#13938 = EDGE_CURVE('',#10843,#12147,#13939,.T.);
#13939 = LINE('',#13940,#13941);
#13940 = CARTESIAN_POINT('',(178.5,-112.51,-4.6E-02));
#13941 = VECTOR('',#13942,1.);
#13942 = DIRECTION('',(0.,0.,1.));
#13943 = ORIENTED_EDGE('',*,*,#12146,.F.);
#13944 = ORIENTED_EDGE('',*,*,#13938,.F.);
#13945 = CYLINDRICAL_SURFACE('',#13946,1.5);
#13946 = AXIS2_PLACEMENT_3D('',#13947,#13948,#13949);
#13947 = CARTESIAN_POINT('',(178.5,-111.01,-4.6E-02));
#13948 = DIRECTION('',(-0.,-0.,-1.));
#13949 = DIRECTION('',(-0.,-1.,0.));
#13950 = ADVANCED_FACE('',(#13951),#13962,.F.);
#13951 = FACE_BOUND('',#13952,.T.);
#13952 = EDGE_LOOP('',(#13953,#13954,#13960,#13961));
#13953 = ORIENTED_EDGE('',*,*,#10853,.T.);
#13954 = ORIENTED_EDGE('',*,*,#13955,.T.);
#13955 = EDGE_CURVE('',#10854,#12158,#13956,.T.);
#13956 = LINE('',#13957,#13958);
#13957 = CARTESIAN_POINT('',(187.25,-114.4445,-4.6E-02));
#13958 = VECTOR('',#13959,1.);
#13959 = DIRECTION('',(0.,0.,1.));
#13960 = ORIENTED_EDGE('',*,*,#12157,.F.);
#13961 = ORIENTED_EDGE('',*,*,#13955,.F.);
#13962 = CYLINDRICAL_SURFACE('',#13963,0.4445);
#13963 = AXIS2_PLACEMENT_3D('',#13964,#13965,#13966);
#13964 = CARTESIAN_POINT('',(187.25,-114.,-4.6E-02));
#13965 = DIRECTION('',(-0.,-0.,-1.));
#13966 = DIRECTION('',(-0.,-1.,0.));
#13967 = ADVANCED_FACE('',(#13968),#13979,.F.);
#13968 = FACE_BOUND('',#13969,.T.);
#13969 = EDGE_LOOP('',(#13970,#13971,#13977,#13978));
#13970 = ORIENTED_EDGE('',*,*,#10864,.T.);
#13971 = ORIENTED_EDGE('',*,*,#13972,.T.);
#13972 = EDGE_CURVE('',#10865,#12169,#13973,.T.);
#13973 = LINE('',#13974,#13975);
#13974 = CARTESIAN_POINT('',(190.75,-106.15,-4.6E-02));
#13975 = VECTOR('',#13976,1.);
#13976 = DIRECTION('',(0.,0.,1.));
#13977 = ORIENTED_EDGE('',*,*,#12168,.F.);
#13978 = ORIENTED_EDGE('',*,*,#13972,.F.);
#13979 = CYLINDRICAL_SURFACE('',#13980,0.4);
#13980 = AXIS2_PLACEMENT_3D('',#13981,#13982,#13983);
#13981 = CARTESIAN_POINT('',(190.75,-105.75,-4.6E-02));
#13982 = DIRECTION('',(-0.,-0.,-1.));
#13983 = DIRECTION('',(-0.,-1.,0.));
#13984 = ADVANCED_FACE('',(#13985),#13996,.F.);
#13985 = FACE_BOUND('',#13986,.T.);
#13986 = EDGE_LOOP('',(#13987,#13988,#13994,#13995));
#13987 = ORIENTED_EDGE('',*,*,#10875,.T.);
#13988 = ORIENTED_EDGE('',*,*,#13989,.T.);
#13989 = EDGE_CURVE('',#10876,#12180,#13990,.T.);
#13990 = LINE('',#13991,#13992);
#13991 = CARTESIAN_POINT('',(172.5,-101.46,-4.6E-02));
#13992 = VECTOR('',#13993,1.);
#13993 = DIRECTION('',(0.,0.,1.));
#13994 = ORIENTED_EDGE('',*,*,#12179,.F.);
#13995 = ORIENTED_EDGE('',*,*,#13989,.F.);
#13996 = CYLINDRICAL_SURFACE('',#13997,0.8);
#13997 = AXIS2_PLACEMENT_3D('',#13998,#13999,#14000);
#13998 = CARTESIAN_POINT('',(172.5,-100.66,-4.6E-02));
#13999 = DIRECTION('',(-0.,-0.,-1.));
#14000 = DIRECTION('',(-0.,-1.,0.));
#14001 = ADVANCED_FACE('',(#14002),#14013,.F.);
#14002 = FACE_BOUND('',#14003,.T.);
#14003 = EDGE_LOOP('',(#14004,#14005,#14011,#14012));
#14004 = ORIENTED_EDGE('',*,*,#10886,.T.);
#14005 = ORIENTED_EDGE('',*,*,#14006,.T.);
#14006 = EDGE_CURVE('',#10887,#12191,#14007,.T.);
#14007 = LINE('',#14008,#14009);
#14008 = CARTESIAN_POINT('',(178.5,-105.31,-4.6E-02));
#14009 = VECTOR('',#14010,1.);
#14010 = DIRECTION('',(0.,0.,1.));
#14011 = ORIENTED_EDGE('',*,*,#12190,.F.);
#14012 = ORIENTED_EDGE('',*,*,#14006,.F.);
#14013 = CYLINDRICAL_SURFACE('',#14014,1.5);
#14014 = AXIS2_PLACEMENT_3D('',#14015,#14016,#14017);
#14015 = CARTESIAN_POINT('',(178.5,-103.81,-4.6E-02));
#14016 = DIRECTION('',(-0.,-0.,-1.));
#14017 = DIRECTION('',(-0.,-1.,0.));
#14018 = ADVANCED_FACE('',(#14019),#14030,.F.);
#14019 = FACE_BOUND('',#14020,.T.);
#14020 = EDGE_LOOP('',(#14021,#14022,#14028,#14029));
#14021 = ORIENTED_EDGE('',*,*,#10897,.T.);
#14022 = ORIENTED_EDGE('',*,*,#14023,.T.);
#14023 = EDGE_CURVE('',#10898,#12202,#14024,.T.);
#14024 = LINE('',#14025,#14026);
#14025 = CARTESIAN_POINT('',(174.,-94.9,-4.6E-02));
#14026 = VECTOR('',#14027,1.);
#14027 = DIRECTION('',(0.,0.,1.));
#14028 = ORIENTED_EDGE('',*,*,#12201,.F.);
#14029 = ORIENTED_EDGE('',*,*,#14023,.F.);
#14030 = CYLINDRICAL_SURFACE('',#14031,1.65);
#14031 = AXIS2_PLACEMENT_3D('',#14032,#14033,#14034);
#14032 = CARTESIAN_POINT('',(174.,-93.25,-4.6E-02));
#14033 = DIRECTION('',(-0.,-0.,-1.));
#14034 = DIRECTION('',(-0.,-1.,0.));
#14035 = ADVANCED_FACE('',(#14036),#14047,.F.);
#14036 = FACE_BOUND('',#14037,.T.);
#14037 = EDGE_LOOP('',(#14038,#14039,#14045,#14046));
#14038 = ORIENTED_EDGE('',*,*,#10908,.T.);
#14039 = ORIENTED_EDGE('',*,*,#14040,.T.);
#14040 = EDGE_CURVE('',#10909,#12213,#14041,.T.);
#14041 = LINE('',#14042,#14043);
#14042 = CARTESIAN_POINT('',(190.75,-104.15,-4.6E-02));
#14043 = VECTOR('',#14044,1.);
#14044 = DIRECTION('',(0.,0.,1.));
#14045 = ORIENTED_EDGE('',*,*,#12212,.F.);
#14046 = ORIENTED_EDGE('',*,*,#14040,.F.);
#14047 = CYLINDRICAL_SURFACE('',#14048,0.4);
#14048 = AXIS2_PLACEMENT_3D('',#14049,#14050,#14051);
#14049 = CARTESIAN_POINT('',(190.75,-103.75,-4.6E-02));
#14050 = DIRECTION('',(-0.,-0.,-1.));
#14051 = DIRECTION('',(-0.,-1.,0.));
#14052 = ADVANCED_FACE('',(#14053),#14064,.F.);
#14053 = FACE_BOUND('',#14054,.T.);
#14054 = EDGE_LOOP('',(#14055,#14056,#14062,#14063));
#14055 = ORIENTED_EDGE('',*,*,#10919,.T.);
#14056 = ORIENTED_EDGE('',*,*,#14057,.T.);
#14057 = EDGE_CURVE('',#10920,#12224,#14058,.T.);
#14058 = LINE('',#14059,#14060);
#14059 = CARTESIAN_POINT('',(208.,-114.6945,-4.6E-02));
#14060 = VECTOR('',#14061,1.);
#14061 = DIRECTION('',(0.,0.,1.));
#14062 = ORIENTED_EDGE('',*,*,#12223,.F.);
#14063 = ORIENTED_EDGE('',*,*,#14057,.F.);
#14064 = CYLINDRICAL_SURFACE('',#14065,0.4445);
#14065 = AXIS2_PLACEMENT_3D('',#14066,#14067,#14068);
#14066 = CARTESIAN_POINT('',(208.,-114.25,-4.6E-02));
#14067 = DIRECTION('',(-0.,-0.,-1.));
#14068 = DIRECTION('',(-0.,-1.,0.));
#14069 = ADVANCED_FACE('',(#14070),#14081,.F.);
#14070 = FACE_BOUND('',#14071,.T.);
#14071 = EDGE_LOOP('',(#14072,#14073,#14079,#14080));
#14072 = ORIENTED_EDGE('',*,*,#10930,.T.);
#14073 = ORIENTED_EDGE('',*,*,#14074,.T.);
#14074 = EDGE_CURVE('',#10931,#12235,#14075,.T.);
#14075 = LINE('',#14076,#14077);
#14076 = CARTESIAN_POINT('',(213.606,-112.58,-4.6E-02));
#14077 = VECTOR('',#14078,1.);
#14078 = DIRECTION('',(0.,0.,1.));
#14079 = ORIENTED_EDGE('',*,*,#12234,.F.);
#14080 = ORIENTED_EDGE('',*,*,#14074,.F.);
#14081 = CYLINDRICAL_SURFACE('',#14082,0.15);
#14082 = AXIS2_PLACEMENT_3D('',#14083,#14084,#14085);
#14083 = CARTESIAN_POINT('',(213.606,-112.43,-4.6E-02));
#14084 = DIRECTION('',(-0.,-0.,-1.));
#14085 = DIRECTION('',(-0.,-1.,0.));
#14086 = ADVANCED_FACE('',(#14087),#14098,.F.);
#14087 = FACE_BOUND('',#14088,.T.);
#14088 = EDGE_LOOP('',(#14089,#14090,#14096,#14097));
#14089 = ORIENTED_EDGE('',*,*,#10941,.T.);
#14090 = ORIENTED_EDGE('',*,*,#14091,.T.);
#14091 = EDGE_CURVE('',#10942,#12246,#14092,.T.);
#14092 = LINE('',#14093,#14094);
#14093 = CARTESIAN_POINT('',(219.5,-139.6945,-4.6E-02));
#14094 = VECTOR('',#14095,1.);
#14095 = DIRECTION('',(0.,0.,1.));
#14096 = ORIENTED_EDGE('',*,*,#12245,.F.);
#14097 = ORIENTED_EDGE('',*,*,#14091,.F.);
#14098 = CYLINDRICAL_SURFACE('',#14099,0.4445);
#14099 = AXIS2_PLACEMENT_3D('',#14100,#14101,#14102);
#14100 = CARTESIAN_POINT('',(219.5,-139.25,-4.6E-02));
#14101 = DIRECTION('',(-0.,-0.,-1.));
#14102 = DIRECTION('',(-0.,-1.,0.));
#14103 = ADVANCED_FACE('',(#14104),#14115,.F.);
#14104 = FACE_BOUND('',#14105,.T.);
#14105 = EDGE_LOOP('',(#14106,#14107,#14113,#14114));
#14106 = ORIENTED_EDGE('',*,*,#10952,.T.);
#14107 = ORIENTED_EDGE('',*,*,#14108,.T.);
#14108 = EDGE_CURVE('',#10953,#12257,#14109,.T.);
#14109 = LINE('',#14110,#14111);
#14110 = CARTESIAN_POINT('',(222.75,-139.6945,-4.6E-02));
#14111 = VECTOR('',#14112,1.);
#14112 = DIRECTION('',(0.,0.,1.));
#14113 = ORIENTED_EDGE('',*,*,#12256,.F.);
#14114 = ORIENTED_EDGE('',*,*,#14108,.F.);
#14115 = CYLINDRICAL_SURFACE('',#14116,0.4445);
#14116 = AXIS2_PLACEMENT_3D('',#14117,#14118,#14119);
#14117 = CARTESIAN_POINT('',(222.75,-139.25,-4.6E-02));
#14118 = DIRECTION('',(-0.,-0.,-1.));
#14119 = DIRECTION('',(-0.,-1.,0.));
#14120 = ADVANCED_FACE('',(#14121),#14132,.F.);
#14121 = FACE_BOUND('',#14122,.T.);
#14122 = EDGE_LOOP('',(#14123,#14124,#14130,#14131));
#14123 = ORIENTED_EDGE('',*,*,#10963,.T.);
#14124 = ORIENTED_EDGE('',*,*,#14125,.T.);
#14125 = EDGE_CURVE('',#10964,#12268,#14126,.T.);
#14126 = LINE('',#14127,#14128);
#14127 = CARTESIAN_POINT('',(224.25,-130.4445,-4.6E-02));
#14128 = VECTOR('',#14129,1.);
#14129 = DIRECTION('',(0.,0.,1.));
#14130 = ORIENTED_EDGE('',*,*,#12267,.F.);
#14131 = ORIENTED_EDGE('',*,*,#14125,.F.);
#14132 = CYLINDRICAL_SURFACE('',#14133,0.4445);
#14133 = AXIS2_PLACEMENT_3D('',#14134,#14135,#14136);
#14134 = CARTESIAN_POINT('',(224.25,-130.,-4.6E-02));
#14135 = DIRECTION('',(-0.,-0.,-1.));
#14136 = DIRECTION('',(-0.,-1.,0.));
#14137 = ADVANCED_FACE('',(#14138),#14149,.F.);
#14138 = FACE_BOUND('',#14139,.T.);
#14139 = EDGE_LOOP('',(#14140,#14141,#14147,#14148));
#14140 = ORIENTED_EDGE('',*,*,#10974,.T.);
#14141 = ORIENTED_EDGE('',*,*,#14142,.T.);
#14142 = EDGE_CURVE('',#10975,#12279,#14143,.T.);
#14143 = LINE('',#14144,#14145);
#14144 = CARTESIAN_POINT('',(260.5,-140.2345,-4.6E-02));
#14145 = VECTOR('',#14146,1.);
#14146 = DIRECTION('',(0.,0.,1.));
#14147 = ORIENTED_EDGE('',*,*,#12278,.F.);
#14148 = ORIENTED_EDGE('',*,*,#14142,.F.);
#14149 = CYLINDRICAL_SURFACE('',#14150,0.4445);
#14150 = AXIS2_PLACEMENT_3D('',#14151,#14152,#14153);
#14151 = CARTESIAN_POINT('',(260.5,-139.79,-4.6E-02));
#14152 = DIRECTION('',(-0.,-0.,-1.));
#14153 = DIRECTION('',(-0.,-1.,0.));
#14154 = ADVANCED_FACE('',(#14155),#14166,.F.);
#14155 = FACE_BOUND('',#14156,.T.);
#14156 = EDGE_LOOP('',(#14157,#14158,#14164,#14165));
#14157 = ORIENTED_EDGE('',*,*,#10985,.T.);
#14158 = ORIENTED_EDGE('',*,*,#14159,.T.);
#14159 = EDGE_CURVE('',#10986,#12290,#14160,.T.);
#14160 = LINE('',#14161,#14162);
#14161 = CARTESIAN_POINT('',(260.5,-137.6945,-4.6E-02));
#14162 = VECTOR('',#14163,1.);
#14163 = DIRECTION('',(0.,0.,1.));
#14164 = ORIENTED_EDGE('',*,*,#12289,.F.);
#14165 = ORIENTED_EDGE('',*,*,#14159,.F.);
#14166 = CYLINDRICAL_SURFACE('',#14167,0.4445);
#14167 = AXIS2_PLACEMENT_3D('',#14168,#14169,#14170);
#14168 = CARTESIAN_POINT('',(260.5,-137.25,-4.6E-02));
#14169 = DIRECTION('',(-0.,-0.,-1.));
#14170 = DIRECTION('',(-0.,-1.,0.));
#14171 = ADVANCED_FACE('',(#14172),#14183,.F.);
#14172 = FACE_BOUND('',#14173,.T.);
#14173 = EDGE_LOOP('',(#14174,#14175,#14181,#14182));
#14174 = ORIENTED_EDGE('',*,*,#10996,.T.);
#14175 = ORIENTED_EDGE('',*,*,#14176,.T.);
#14176 = EDGE_CURVE('',#10997,#12301,#14177,.T.);
#14177 = LINE('',#14178,#14179);
#14178 = CARTESIAN_POINT('',(260.5,-135.1545,-4.6E-02));
#14179 = VECTOR('',#14180,1.);
#14180 = DIRECTION('',(0.,0.,1.));
#14181 = ORIENTED_EDGE('',*,*,#12300,.F.);
#14182 = ORIENTED_EDGE('',*,*,#14176,.F.);
#14183 = CYLINDRICAL_SURFACE('',#14184,0.4445);
#14184 = AXIS2_PLACEMENT_3D('',#14185,#14186,#14187);
#14185 = CARTESIAN_POINT('',(260.5,-134.71,-4.6E-02));
#14186 = DIRECTION('',(-0.,-0.,-1.));
#14187 = DIRECTION('',(-0.,-1.,0.));
#14188 = ADVANCED_FACE('',(#14189),#14200,.F.);
#14189 = FACE_BOUND('',#14190,.T.);
#14190 = EDGE_LOOP('',(#14191,#14192,#14198,#14199));
#14191 = ORIENTED_EDGE('',*,*,#11007,.T.);
#14192 = ORIENTED_EDGE('',*,*,#14193,.T.);
#14193 = EDGE_CURVE('',#11008,#12312,#14194,.T.);
#14194 = LINE('',#14195,#14196);
#14195 = CARTESIAN_POINT('',(260.5,-132.6145,-4.6E-02));
#14196 = VECTOR('',#14197,1.);
#14197 = DIRECTION('',(0.,0.,1.));
#14198 = ORIENTED_EDGE('',*,*,#12311,.F.);
#14199 = ORIENTED_EDGE('',*,*,#14193,.F.);
#14200 = CYLINDRICAL_SURFACE('',#14201,0.4445);
#14201 = AXIS2_PLACEMENT_3D('',#14202,#14203,#14204);
#14202 = CARTESIAN_POINT('',(260.5,-132.17,-4.6E-02));
#14203 = DIRECTION('',(-0.,-0.,-1.));
#14204 = DIRECTION('',(-0.,-1.,0.));
#14205 = ADVANCED_FACE('',(#14206),#14217,.F.);
#14206 = FACE_BOUND('',#14207,.T.);
#14207 = EDGE_LOOP('',(#14208,#14209,#14215,#14216));
#14208 = ORIENTED_EDGE('',*,*,#11018,.T.);
#14209 = ORIENTED_EDGE('',*,*,#14210,.T.);
#14210 = EDGE_CURVE('',#11019,#12323,#14211,.T.);
#14211 = LINE('',#14212,#14213);
#14212 = CARTESIAN_POINT('',(245.25,-122.9,-4.6E-02));
#14213 = VECTOR('',#14214,1.);
#14214 = DIRECTION('',(0.,0.,1.));
#14215 = ORIENTED_EDGE('',*,*,#12322,.F.);
#14216 = ORIENTED_EDGE('',*,*,#14210,.F.);
#14217 = CYLINDRICAL_SURFACE('',#14218,0.15);
#14218 = AXIS2_PLACEMENT_3D('',#14219,#14220,#14221);
#14219 = CARTESIAN_POINT('',(245.25,-122.75,-4.6E-02));
#14220 = DIRECTION('',(-0.,-0.,-1.));
#14221 = DIRECTION('',(-0.,-1.,0.));
#14222 = ADVANCED_FACE('',(#14223),#14234,.F.);
#14223 = FACE_BOUND('',#14224,.T.);
#14224 = EDGE_LOOP('',(#14225,#14226,#14232,#14233));
#14225 = ORIENTED_EDGE('',*,*,#11029,.T.);
#14226 = ORIENTED_EDGE('',*,*,#14227,.T.);
#14227 = EDGE_CURVE('',#11030,#12334,#14228,.T.);
#14228 = LINE('',#14229,#14230);
#14229 = CARTESIAN_POINT('',(260.5,-130.0745,-4.6E-02));
#14230 = VECTOR('',#14231,1.);
#14231 = DIRECTION('',(0.,0.,1.));
#14232 = ORIENTED_EDGE('',*,*,#12333,.F.);
#14233 = ORIENTED_EDGE('',*,*,#14227,.F.);
#14234 = CYLINDRICAL_SURFACE('',#14235,0.4445);
#14235 = AXIS2_PLACEMENT_3D('',#14236,#14237,#14238);
#14236 = CARTESIAN_POINT('',(260.5,-129.63,-4.6E-02));
#14237 = DIRECTION('',(-0.,-0.,-1.));
#14238 = DIRECTION('',(-0.,-1.,0.));
#14239 = ADVANCED_FACE('',(#14240),#14251,.F.);
#14240 = FACE_BOUND('',#14241,.T.);
#14241 = EDGE_LOOP('',(#14242,#14243,#14249,#14250));
#14242 = ORIENTED_EDGE('',*,*,#11040,.T.);
#14243 = ORIENTED_EDGE('',*,*,#14244,.T.);
#14244 = EDGE_CURVE('',#11041,#12345,#14245,.T.);
#14245 = LINE('',#14246,#14247);
#14246 = CARTESIAN_POINT('',(260.5,-127.5345,-4.6E-02));
#14247 = VECTOR('',#14248,1.);
#14248 = DIRECTION('',(0.,0.,1.));
#14249 = ORIENTED_EDGE('',*,*,#12344,.F.);
#14250 = ORIENTED_EDGE('',*,*,#14244,.F.);
#14251 = CYLINDRICAL_SURFACE('',#14252,0.4445);
#14252 = AXIS2_PLACEMENT_3D('',#14253,#14254,#14255);
#14253 = CARTESIAN_POINT('',(260.5,-127.09,-4.6E-02));
#14254 = DIRECTION('',(-0.,-0.,-1.));
#14255 = DIRECTION('',(-0.,-1.,0.));
#14256 = ADVANCED_FACE('',(#14257),#14268,.F.);
#14257 = FACE_BOUND('',#14258,.T.);
#14258 = EDGE_LOOP('',(#14259,#14260,#14266,#14267));
#14259 = ORIENTED_EDGE('',*,*,#11051,.T.);
#14260 = ORIENTED_EDGE('',*,*,#14261,.T.);
#14261 = EDGE_CURVE('',#11052,#12356,#14262,.T.);
#14262 = LINE('',#14263,#14264);
#14263 = CARTESIAN_POINT('',(260.5,-124.9945,-4.6E-02));
#14264 = VECTOR('',#14265,1.);
#14265 = DIRECTION('',(0.,0.,1.));
#14266 = ORIENTED_EDGE('',*,*,#12355,.F.);
#14267 = ORIENTED_EDGE('',*,*,#14261,.F.);
#14268 = CYLINDRICAL_SURFACE('',#14269,0.4445);
#14269 = AXIS2_PLACEMENT_3D('',#14270,#14271,#14272);
#14270 = CARTESIAN_POINT('',(260.5,-124.55,-4.6E-02));
#14271 = DIRECTION('',(-0.,-0.,-1.));
#14272 = DIRECTION('',(-0.,-1.,0.));
#14273 = ADVANCED_FACE('',(#14274),#14285,.F.);
#14274 = FACE_BOUND('',#14275,.T.);
#14275 = EDGE_LOOP('',(#14276,#14277,#14283,#14284));
#14276 = ORIENTED_EDGE('',*,*,#11062,.T.);
#14277 = ORIENTED_EDGE('',*,*,#14278,.T.);
#14278 = EDGE_CURVE('',#11063,#12367,#14279,.T.);
#14279 = LINE('',#14280,#14281);
#14280 = CARTESIAN_POINT('',(260.5,-120.7345,-4.6E-02));
#14281 = VECTOR('',#14282,1.);
#14282 = DIRECTION('',(0.,0.,1.));
#14283 = ORIENTED_EDGE('',*,*,#12366,.F.);
#14284 = ORIENTED_EDGE('',*,*,#14278,.F.);
#14285 = CYLINDRICAL_SURFACE('',#14286,0.4445);
#14286 = AXIS2_PLACEMENT_3D('',#14287,#14288,#14289);
#14287 = CARTESIAN_POINT('',(260.5,-120.29,-4.6E-02));
#14288 = DIRECTION('',(-0.,-0.,-1.));
#14289 = DIRECTION('',(-0.,-1.,0.));
#14290 = ADVANCED_FACE('',(#14291),#14302,.F.);
#14291 = FACE_BOUND('',#14292,.T.);
#14292 = EDGE_LOOP('',(#14293,#14294,#14300,#14301));
#14293 = ORIENTED_EDGE('',*,*,#11073,.T.);
#14294 = ORIENTED_EDGE('',*,*,#14295,.T.);
#14295 = EDGE_CURVE('',#11074,#12378,#14296,.T.);
#14296 = LINE('',#14297,#14298);
#14297 = CARTESIAN_POINT('',(260.5,-118.1945,-4.6E-02));
#14298 = VECTOR('',#14299,1.);
#14299 = DIRECTION('',(0.,0.,1.));
#14300 = ORIENTED_EDGE('',*,*,#12377,.F.);
#14301 = ORIENTED_EDGE('',*,*,#14295,.F.);
#14302 = CYLINDRICAL_SURFACE('',#14303,0.4445);
#14303 = AXIS2_PLACEMENT_3D('',#14304,#14305,#14306);
#14304 = CARTESIAN_POINT('',(260.5,-117.75,-4.6E-02));
#14305 = DIRECTION('',(-0.,-0.,-1.));
#14306 = DIRECTION('',(-0.,-1.,0.));
#14307 = ADVANCED_FACE('',(#14308),#14319,.F.);
#14308 = FACE_BOUND('',#14309,.T.);
#14309 = EDGE_LOOP('',(#14310,#14311,#14317,#14318));
#14310 = ORIENTED_EDGE('',*,*,#11084,.T.);
#14311 = ORIENTED_EDGE('',*,*,#14312,.T.);
#14312 = EDGE_CURVE('',#11085,#12389,#14313,.T.);
#14313 = LINE('',#14314,#14315);
#14314 = CARTESIAN_POINT('',(218.698,-112.949,-4.6E-02));
#14315 = VECTOR('',#14316,1.);
#14316 = DIRECTION('',(0.,0.,1.));
#14317 = ORIENTED_EDGE('',*,*,#12388,.F.);
#14318 = ORIENTED_EDGE('',*,*,#14312,.F.);
#14319 = CYLINDRICAL_SURFACE('',#14320,0.4445);
#14320 = AXIS2_PLACEMENT_3D('',#14321,#14322,#14323);
#14321 = CARTESIAN_POINT('',(218.698,-112.5045,-4.6E-02));
#14322 = DIRECTION('',(-0.,-0.,-1.));
#14323 = DIRECTION('',(-0.,-1.,0.));
#14324 = ADVANCED_FACE('',(#14325),#14336,.F.);
#14325 = FACE_BOUND('',#14326,.T.);
#14326 = EDGE_LOOP('',(#14327,#14328,#14334,#14335));
#14327 = ORIENTED_EDGE('',*,*,#11095,.T.);
#14328 = ORIENTED_EDGE('',*,*,#14329,.T.);
#14329 = EDGE_CURVE('',#11096,#12400,#14330,.T.);
#14330 = LINE('',#14331,#14332);
#14331 = CARTESIAN_POINT('',(221.238,-112.949,-4.6E-02));
#14332 = VECTOR('',#14333,1.);
#14333 = DIRECTION('',(0.,0.,1.));
#14334 = ORIENTED_EDGE('',*,*,#12399,.F.);
#14335 = ORIENTED_EDGE('',*,*,#14329,.F.);
#14336 = CYLINDRICAL_SURFACE('',#14337,0.4445);
#14337 = AXIS2_PLACEMENT_3D('',#14338,#14339,#14340);
#14338 = CARTESIAN_POINT('',(221.238,-112.5045,-4.6E-02));
#14339 = DIRECTION('',(-0.,-0.,-1.));
#14340 = DIRECTION('',(-0.,-1.,0.));
#14341 = ADVANCED_FACE('',(#14342),#14353,.F.);
#14342 = FACE_BOUND('',#14343,.T.);
#14343 = EDGE_LOOP('',(#14344,#14345,#14351,#14352));
#14344 = ORIENTED_EDGE('',*,*,#11106,.T.);
#14345 = ORIENTED_EDGE('',*,*,#14346,.T.);
#14346 = EDGE_CURVE('',#11107,#12411,#14347,.T.);
#14347 = LINE('',#14348,#14349);
#14348 = CARTESIAN_POINT('',(223.778,-112.949,-4.6E-02));
#14349 = VECTOR('',#14350,1.);
#14350 = DIRECTION('',(0.,0.,1.));
#14351 = ORIENTED_EDGE('',*,*,#12410,.F.);
#14352 = ORIENTED_EDGE('',*,*,#14346,.F.);
#14353 = CYLINDRICAL_SURFACE('',#14354,0.4445);
#14354 = AXIS2_PLACEMENT_3D('',#14355,#14356,#14357);
#14355 = CARTESIAN_POINT('',(223.778,-112.5045,-4.6E-02));
#14356 = DIRECTION('',(-0.,-0.,-1.));
#14357 = DIRECTION('',(-0.,-1.,0.));
#14358 = ADVANCED_FACE('',(#14359),#14370,.F.);
#14359 = FACE_BOUND('',#14360,.T.);
#14360 = EDGE_LOOP('',(#14361,#14362,#14368,#14369));
#14361 = ORIENTED_EDGE('',*,*,#11117,.T.);
#14362 = ORIENTED_EDGE('',*,*,#14363,.T.);
#14363 = EDGE_CURVE('',#11118,#12422,#14364,.T.);
#14364 = LINE('',#14365,#14366);
#14365 = CARTESIAN_POINT('',(226.318,-112.949,-4.6E-02));
#14366 = VECTOR('',#14367,1.);
#14367 = DIRECTION('',(0.,0.,1.));
#14368 = ORIENTED_EDGE('',*,*,#12421,.F.);
#14369 = ORIENTED_EDGE('',*,*,#14363,.F.);
#14370 = CYLINDRICAL_SURFACE('',#14371,0.4445);
#14371 = AXIS2_PLACEMENT_3D('',#14372,#14373,#14374);
#14372 = CARTESIAN_POINT('',(226.318,-112.5045,-4.6E-02));
#14373 = DIRECTION('',(-0.,0.,-1.));
#14374 = DIRECTION('',(6.39408536117E-14,-1.,-0.));
#14375 = ADVANCED_FACE('',(#14376),#14387,.F.);
#14376 = FACE_BOUND('',#14377,.T.);
#14377 = EDGE_LOOP('',(#14378,#14379,#14385,#14386));
#14378 = ORIENTED_EDGE('',*,*,#11128,.T.);
#14379 = ORIENTED_EDGE('',*,*,#14380,.T.);
#14380 = EDGE_CURVE('',#11129,#12433,#14381,.T.);
#14381 = LINE('',#14382,#14383);
#14382 = CARTESIAN_POINT('',(228.858,-112.949,-4.6E-02));
#14383 = VECTOR('',#14384,1.);
#14384 = DIRECTION('',(0.,0.,1.));
#14385 = ORIENTED_EDGE('',*,*,#12432,.F.);
#14386 = ORIENTED_EDGE('',*,*,#14380,.F.);
#14387 = CYLINDRICAL_SURFACE('',#14388,0.4445);
#14388 = AXIS2_PLACEMENT_3D('',#14389,#14390,#14391);
#14389 = CARTESIAN_POINT('',(228.858,-112.5045,-4.6E-02));
#14390 = DIRECTION('',(-0.,-0.,-1.));
#14391 = DIRECTION('',(-0.,-1.,0.));
#14392 = ADVANCED_FACE('',(#14393),#14404,.F.);
#14393 = FACE_BOUND('',#14394,.T.);
#14394 = EDGE_LOOP('',(#14395,#14396,#14402,#14403));
#14395 = ORIENTED_EDGE('',*,*,#11139,.T.);
#14396 = ORIENTED_EDGE('',*,*,#14397,.T.);
#14397 = EDGE_CURVE('',#11140,#12444,#14398,.T.);
#14398 = LINE('',#14399,#14400);
#14399 = CARTESIAN_POINT('',(231.398,-112.949,-4.6E-02));
#14400 = VECTOR('',#14401,1.);
#14401 = DIRECTION('',(0.,0.,1.));
#14402 = ORIENTED_EDGE('',*,*,#12443,.F.);
#14403 = ORIENTED_EDGE('',*,*,#14397,.F.);
#14404 = CYLINDRICAL_SURFACE('',#14405,0.4445);
#14405 = AXIS2_PLACEMENT_3D('',#14406,#14407,#14408);
#14406 = CARTESIAN_POINT('',(231.398,-112.5045,-4.6E-02));
#14407 = DIRECTION('',(-0.,-0.,-1.));
#14408 = DIRECTION('',(-0.,-1.,0.));
#14409 = ADVANCED_FACE('',(#14410),#14421,.F.);
#14410 = FACE_BOUND('',#14411,.T.);
#14411 = EDGE_LOOP('',(#14412,#14413,#14419,#14420));
#14412 = ORIENTED_EDGE('',*,*,#11150,.T.);
#14413 = ORIENTED_EDGE('',*,*,#14414,.T.);
#14414 = EDGE_CURVE('',#11151,#12455,#14415,.T.);
#14415 = LINE('',#14416,#14417);
#14416 = CARTESIAN_POINT('',(238.,-105.4445,-4.6E-02));
#14417 = VECTOR('',#14418,1.);
#14418 = DIRECTION('',(0.,0.,1.));
#14419 = ORIENTED_EDGE('',*,*,#12454,.F.);
#14420 = ORIENTED_EDGE('',*,*,#14414,.F.);
#14421 = CYLINDRICAL_SURFACE('',#14422,0.4445);
#14422 = AXIS2_PLACEMENT_3D('',#14423,#14424,#14425);
#14423 = CARTESIAN_POINT('',(238.,-105.,-4.6E-02));
#14424 = DIRECTION('',(-0.,-0.,-1.));
#14425 = DIRECTION('',(-0.,-1.,0.));
#14426 = ADVANCED_FACE('',(#14427),#14438,.F.);
#14427 = FACE_BOUND('',#14428,.T.);
#14428 = EDGE_LOOP('',(#14429,#14430,#14436,#14437));
#14429 = ORIENTED_EDGE('',*,*,#11161,.T.);
#14430 = ORIENTED_EDGE('',*,*,#14431,.T.);
#14431 = EDGE_CURVE('',#11162,#12466,#14432,.T.);
#14432 = LINE('',#14433,#14434);
#14433 = CARTESIAN_POINT('',(242.25,-114.6945,-4.6E-02));
#14434 = VECTOR('',#14435,1.);
#14435 = DIRECTION('',(0.,0.,1.));
#14436 = ORIENTED_EDGE('',*,*,#12465,.F.);
#14437 = ORIENTED_EDGE('',*,*,#14431,.F.);
#14438 = CYLINDRICAL_SURFACE('',#14439,0.4445);
#14439 = AXIS2_PLACEMENT_3D('',#14440,#14441,#14442);
#14440 = CARTESIAN_POINT('',(242.25,-114.25,-4.6E-02));
#14441 = DIRECTION('',(-0.,-0.,-1.));
#14442 = DIRECTION('',(-0.,-1.,0.));
#14443 = ADVANCED_FACE('',(#14444),#14455,.F.);
#14444 = FACE_BOUND('',#14445,.T.);
#14445 = EDGE_LOOP('',(#14446,#14447,#14453,#14454));
#14446 = ORIENTED_EDGE('',*,*,#11172,.T.);
#14447 = ORIENTED_EDGE('',*,*,#14448,.T.);
#14448 = EDGE_CURVE('',#11173,#12477,#14449,.T.);
#14449 = LINE('',#14450,#14451);
#14450 = CARTESIAN_POINT('',(260.5,-115.6545,-4.6E-02));
#14451 = VECTOR('',#14452,1.);
#14452 = DIRECTION('',(0.,0.,1.));
#14453 = ORIENTED_EDGE('',*,*,#12476,.F.);
#14454 = ORIENTED_EDGE('',*,*,#14448,.F.);
#14455 = CYLINDRICAL_SURFACE('',#14456,0.4445);
#14456 = AXIS2_PLACEMENT_3D('',#14457,#14458,#14459);
#14457 = CARTESIAN_POINT('',(260.5,-115.21,-4.6E-02));
#14458 = DIRECTION('',(-0.,-0.,-1.));
#14459 = DIRECTION('',(-0.,-1.,0.));
#14460 = ADVANCED_FACE('',(#14461),#14472,.F.);
#14461 = FACE_BOUND('',#14462,.T.);
#14462 = EDGE_LOOP('',(#14463,#14464,#14470,#14471));
#14463 = ORIENTED_EDGE('',*,*,#11183,.T.);
#14464 = ORIENTED_EDGE('',*,*,#14465,.T.);
#14465 = EDGE_CURVE('',#11184,#12488,#14466,.T.);
#14466 = LINE('',#14467,#14468);
#14467 = CARTESIAN_POINT('',(260.5,-113.1145,-4.6E-02));
#14468 = VECTOR('',#14469,1.);
#14469 = DIRECTION('',(0.,0.,1.));
#14470 = ORIENTED_EDGE('',*,*,#12487,.F.);
#14471 = ORIENTED_EDGE('',*,*,#14465,.F.);
#14472 = CYLINDRICAL_SURFACE('',#14473,0.4445);
#14473 = AXIS2_PLACEMENT_3D('',#14474,#14475,#14476);
#14474 = CARTESIAN_POINT('',(260.5,-112.67,-4.6E-02));
#14475 = DIRECTION('',(-0.,-0.,-1.));
#14476 = DIRECTION('',(-0.,-1.,0.));
#14477 = ADVANCED_FACE('',(#14478),#14489,.F.);
#14478 = FACE_BOUND('',#14479,.T.);
#14479 = EDGE_LOOP('',(#14480,#14481,#14487,#14488));
#14480 = ORIENTED_EDGE('',*,*,#11194,.T.);
#14481 = ORIENTED_EDGE('',*,*,#14482,.T.);
#14482 = EDGE_CURVE('',#11195,#12499,#14483,.T.);
#14483 = LINE('',#14484,#14485);
#14484 = CARTESIAN_POINT('',(260.5,-110.5745,-4.6E-02));
#14485 = VECTOR('',#14486,1.);
#14486 = DIRECTION('',(0.,0.,1.));
#14487 = ORIENTED_EDGE('',*,*,#12498,.F.);
#14488 = ORIENTED_EDGE('',*,*,#14482,.F.);
#14489 = CYLINDRICAL_SURFACE('',#14490,0.4445);
#14490 = AXIS2_PLACEMENT_3D('',#14491,#14492,#14493);
#14491 = CARTESIAN_POINT('',(260.5,-110.13,-4.6E-02));
#14492 = DIRECTION('',(-0.,-0.,-1.));
#14493 = DIRECTION('',(-0.,-1.,0.));
#14494 = ADVANCED_FACE('',(#14495),#14506,.F.);
#14495 = FACE_BOUND('',#14496,.T.);
#14496 = EDGE_LOOP('',(#14497,#14498,#14504,#14505));
#14497 = ORIENTED_EDGE('',*,*,#11205,.T.);
#14498 = ORIENTED_EDGE('',*,*,#14499,.T.);
#14499 = EDGE_CURVE('',#11206,#12510,#14500,.T.);
#14500 = LINE('',#14501,#14502);
#14501 = CARTESIAN_POINT('',(260.5,-108.0345,-4.6E-02));
#14502 = VECTOR('',#14503,1.);
#14503 = DIRECTION('',(0.,0.,1.));
#14504 = ORIENTED_EDGE('',*,*,#12509,.F.);
#14505 = ORIENTED_EDGE('',*,*,#14499,.F.);
#14506 = CYLINDRICAL_SURFACE('',#14507,0.4445);
#14507 = AXIS2_PLACEMENT_3D('',#14508,#14509,#14510);
#14508 = CARTESIAN_POINT('',(260.5,-107.59,-4.6E-02));
#14509 = DIRECTION('',(-0.,-0.,-1.));
#14510 = DIRECTION('',(-0.,-1.,0.));
#14511 = ADVANCED_FACE('',(#14512),#14523,.F.);
#14512 = FACE_BOUND('',#14513,.T.);
#14513 = EDGE_LOOP('',(#14514,#14515,#14521,#14522));
#14514 = ORIENTED_EDGE('',*,*,#11216,.T.);
#14515 = ORIENTED_EDGE('',*,*,#14516,.T.);
#14516 = EDGE_CURVE('',#11217,#12521,#14517,.T.);
#14517 = LINE('',#14518,#14519);
#14518 = CARTESIAN_POINT('',(260.5,-105.4945,-4.6E-02));
#14519 = VECTOR('',#14520,1.);
#14520 = DIRECTION('',(0.,0.,1.));
#14521 = ORIENTED_EDGE('',*,*,#12520,.F.);
#14522 = ORIENTED_EDGE('',*,*,#14516,.F.);
#14523 = CYLINDRICAL_SURFACE('',#14524,0.4445);
#14524 = AXIS2_PLACEMENT_3D('',#14525,#14526,#14527);
#14525 = CARTESIAN_POINT('',(260.5,-105.05,-4.6E-02));
#14526 = DIRECTION('',(-0.,-0.,-1.));
#14527 = DIRECTION('',(-0.,-1.,0.));
#14528 = ADVANCED_FACE('',(#14529),#14540,.F.);
#14529 = FACE_BOUND('',#14530,.T.);
#14530 = EDGE_LOOP('',(#14531,#14532,#14538,#14539));
#14531 = ORIENTED_EDGE('',*,*,#11227,.T.);
#14532 = ORIENTED_EDGE('',*,*,#14533,.T.);
#14533 = EDGE_CURVE('',#11228,#12532,#14534,.T.);
#14534 = LINE('',#14535,#14536);
#14535 = CARTESIAN_POINT('',(259.75,-94.9,-4.6E-02));
#14536 = VECTOR('',#14537,1.);
#14537 = DIRECTION('',(0.,0.,1.));
#14538 = ORIENTED_EDGE('',*,*,#12531,.F.);
#14539 = ORIENTED_EDGE('',*,*,#14533,.F.);
#14540 = CYLINDRICAL_SURFACE('',#14541,1.65);
#14541 = AXIS2_PLACEMENT_3D('',#14542,#14543,#14544);
#14542 = CARTESIAN_POINT('',(259.75,-93.25,-4.6E-02));
#14543 = DIRECTION('',(-0.,-0.,-1.));
#14544 = DIRECTION('',(-0.,-1.,0.));
#14545 = ( GEOMETRIC_REPRESENTATION_CONTEXT(3) 
GLOBAL_UNCERTAINTY_ASSIGNED_CONTEXT((#14549)) 
GLOBAL_UNIT_ASSIGNED_CONTEXT((#14546,#14547,#14548)) 
REPRESENTATION_CONTEXT('Context #1',
  '3D Context with UNIT and UNCERTAINTY') );
#14546 = ( LENGTH_UNIT() NAMED_UNIT(*) SI_UNIT(.MILLI.,.METRE.) );
#14547 = ( NAMED_UNIT(*) PLANE_ANGLE_UNIT() SI_UNIT($,.RADIAN.) );
#14548 = ( NAMED_UNIT(*) SI_UNIT($,.STERADIAN.) SOLID_ANGLE_UNIT() );
#14549 = UNCERTAINTY_MEASURE_WITH_UNIT(LENGTH_MEASURE(1.E-07),#14546,
  'distance_accuracy_value','confusion accuracy');
#14550 = CONTEXT_DEPENDENT_SHAPE_REPRESENTATION(#14551,#14553);
#14551 = ( REPRESENTATION_RELATIONSHIP('','',#9831,#10) 
REPRESENTATION_RELATIONSHIP_WITH_TRANSFORMATION(#14552) 
SHAPE_REPRESENTATION_RELATIONSHIP() );
#14552 = ITEM_DEFINED_TRANSFORMATION('','',#11,#159);
#14553 = PRODUCT_DEFINITION_SHAPE('Placement','Placement of an item',
  #14554);
#14554 = NEXT_ASSEMBLY_USAGE_OCCURRENCE('37','=>[0:1:1:9]','',#5,#9826,$
  );
#14555 = PRODUCT_RELATED_PRODUCT_CATEGORY('part',$,(#9828));
#14556 = MECHANICAL_DESIGN_GEOMETRIC_PRESENTATION_REPRESENTATION('',(
    #14557),#14545);
#14557 = STYLED_ITEM('color',(#14558),#9832);
#14558 = PRESENTATION_STYLE_ASSIGNMENT((#14559));
#14559 = SURFACE_STYLE_USAGE(.BOTH.,#14560);
#14560 = SURFACE_SIDE_STYLE('',(#14561));
#14561 = SURFACE_STYLE_FILL_AREA(#14562);
#14562 = FILL_AREA_STYLE('',(#14563));
#14563 = FILL_AREA_STYLE_COLOUR('',#14564);
#14564 = COLOUR_RGB('',0.313304153717,0.484529207832,0.410020903123);
#14565 = MECHANICAL_DESIGN_GEOMETRIC_PRESENTATION_REPRESENTATION('',(
    #14566,#14574,#14581,#14588,#14595,#14602,#14609,#14616,#14623,
    #14630,#14637,#14644,#14651,#14658,#14665,#14672,#14679,#14686,
    #14693,#14700,#14707,#14714,#14721,#14728,#14735,#14742,#14749,
    #14756,#14763,#14771,#14778,#14785,#14792,#14799,#14806,#14813,
    #14820,#14827,#14834,#14841,#14848,#14855,#14862,#14869,#14876,
    #14883,#14890,#14897,#14904,#14911,#14918,#14925,#14932,#14939,
    #14946,#14953,#14960,#14967,#14974,#14981,#14988,#14995,#15002,
    #15009,#15016,#15023,#15030,#15037,#15044,#15051,#15058,#15065,
    #15072,#15079,#15086,#15093,#15100,#15107,#15114,#15121,#15128,
    #15135,#15142,#15149,#15156,#15163,#15170,#15177,#15184,#15191,
    #15198,#15205,#15212,#15219,#15226,#15233,#15240,#15247,#15254,
    #15261),#7260);
#14566 = STYLED_ITEM('color',(#14567),#4482);
#14567 = PRESENTATION_STYLE_ASSIGNMENT((#14568));
#14568 = SURFACE_STYLE_USAGE(.BOTH.,#14569);
#14569 = SURFACE_SIDE_STYLE('',(#14570));
#14570 = SURFACE_STYLE_FILL_AREA(#14571);
#14571 = FILL_AREA_STYLE('',(#14572));
#14572 = FILL_AREA_STYLE_COLOUR('',#14573);
#14573 = COLOUR_RGB('',0.147999998088,0.144999993226,0.144999993226);
#14574 = STYLED_ITEM('color',(#14575),#4522);
#14575 = PRESENTATION_STYLE_ASSIGNMENT((#14576));
#14576 = SURFACE_STYLE_USAGE(.BOTH.,#14577);
#14577 = SURFACE_SIDE_STYLE('',(#14578));
#14578 = SURFACE_STYLE_FILL_AREA(#14579);
#14579 = FILL_AREA_STYLE('',(#14580));
#14580 = FILL_AREA_STYLE_COLOUR('',#14573);
#14581 = STYLED_ITEM('color',(#14582),#4553);
#14582 = PRESENTATION_STYLE_ASSIGNMENT((#14583));
#14583 = SURFACE_STYLE_USAGE(.BOTH.,#14584);
#14584 = SURFACE_SIDE_STYLE('',(#14585));
#14585 = SURFACE_STYLE_FILL_AREA(#14586);
#14586 = FILL_AREA_STYLE('',(#14587));
#14587 = FILL_AREA_STYLE_COLOUR('',#14573);
#14588 = STYLED_ITEM('color',(#14589),#4584);
#14589 = PRESENTATION_STYLE_ASSIGNMENT((#14590));
#14590 = SURFACE_STYLE_USAGE(.BOTH.,#14591);
#14591 = SURFACE_SIDE_STYLE('',(#14592));
#14592 = SURFACE_STYLE_FILL_AREA(#14593);
#14593 = FILL_AREA_STYLE('',(#14594));
#14594 = FILL_AREA_STYLE_COLOUR('',#14573);
#14595 = STYLED_ITEM('color',(#14596),#4913);
#14596 = PRESENTATION_STYLE_ASSIGNMENT((#14597));
#14597 = SURFACE_STYLE_USAGE(.BOTH.,#14598);
#14598 = SURFACE_SIDE_STYLE('',(#14599));
#14599 = SURFACE_STYLE_FILL_AREA(#14600);
#14600 = FILL_AREA_STYLE('',(#14601));
#14601 = FILL_AREA_STYLE_COLOUR('',#14573);
#14602 = STYLED_ITEM('color',(#14603),#5242);
#14603 = PRESENTATION_STYLE_ASSIGNMENT((#14604));
#14604 = SURFACE_STYLE_USAGE(.BOTH.,#14605);
#14605 = SURFACE_SIDE_STYLE('',(#14606));
#14606 = SURFACE_STYLE_FILL_AREA(#14607);
#14607 = FILL_AREA_STYLE('',(#14608));
#14608 = FILL_AREA_STYLE_COLOUR('',#14573);
#14609 = STYLED_ITEM('color',(#14610),#5259);
#14610 = PRESENTATION_STYLE_ASSIGNMENT((#14611));
#14611 = SURFACE_STYLE_USAGE(.BOTH.,#14612);
#14612 = SURFACE_SIDE_STYLE('',(#14613));
#14613 = SURFACE_STYLE_FILL_AREA(#14614);
#14614 = FILL_AREA_STYLE('',(#14615));
#14615 = FILL_AREA_STYLE_COLOUR('',#14573);
#14616 = STYLED_ITEM('color',(#14617),#5276);
#14617 = PRESENTATION_STYLE_ASSIGNMENT((#14618));
#14618 = SURFACE_STYLE_USAGE(.BOTH.,#14619);
#14619 = SURFACE_SIDE_STYLE('',(#14620));
#14620 = SURFACE_STYLE_FILL_AREA(#14621);
#14621 = FILL_AREA_STYLE('',(#14622));
#14622 = FILL_AREA_STYLE_COLOUR('',#14573);
#14623 = STYLED_ITEM('color',(#14624),#5293);
#14624 = PRESENTATION_STYLE_ASSIGNMENT((#14625));
#14625 = SURFACE_STYLE_USAGE(.BOTH.,#14626);
#14626 = SURFACE_SIDE_STYLE('',(#14627));
#14627 = SURFACE_STYLE_FILL_AREA(#14628);
#14628 = FILL_AREA_STYLE('',(#14629));
#14629 = FILL_AREA_STYLE_COLOUR('',#14573);
#14630 = STYLED_ITEM('color',(#14631),#5310);
#14631 = PRESENTATION_STYLE_ASSIGNMENT((#14632));
#14632 = SURFACE_STYLE_USAGE(.BOTH.,#14633);
#14633 = SURFACE_SIDE_STYLE('',(#14634));
#14634 = SURFACE_STYLE_FILL_AREA(#14635);
#14635 = FILL_AREA_STYLE('',(#14636));
#14636 = FILL_AREA_STYLE_COLOUR('',#14573);
#14637 = STYLED_ITEM('color',(#14638),#5327);
#14638 = PRESENTATION_STYLE_ASSIGNMENT((#14639));
#14639 = SURFACE_STYLE_USAGE(.BOTH.,#14640);
#14640 = SURFACE_SIDE_STYLE('',(#14641));
#14641 = SURFACE_STYLE_FILL_AREA(#14642);
#14642 = FILL_AREA_STYLE('',(#14643));
#14643 = FILL_AREA_STYLE_COLOUR('',#14573);
#14644 = STYLED_ITEM('color',(#14645),#5344);
#14645 = PRESENTATION_STYLE_ASSIGNMENT((#14646));
#14646 = SURFACE_STYLE_USAGE(.BOTH.,#14647);
#14647 = SURFACE_SIDE_STYLE('',(#14648));
#14648 = SURFACE_STYLE_FILL_AREA(#14649);
#14649 = FILL_AREA_STYLE('',(#14650));
#14650 = FILL_AREA_STYLE_COLOUR('',#14573);
#14651 = STYLED_ITEM('color',(#14652),#5361);
#14652 = PRESENTATION_STYLE_ASSIGNMENT((#14653));
#14653 = SURFACE_STYLE_USAGE(.BOTH.,#14654);
#14654 = SURFACE_SIDE_STYLE('',(#14655));
#14655 = SURFACE_STYLE_FILL_AREA(#14656);
#14656 = FILL_AREA_STYLE('',(#14657));
#14657 = FILL_AREA_STYLE_COLOUR('',#14573);
#14658 = STYLED_ITEM('color',(#14659),#5378);
#14659 = PRESENTATION_STYLE_ASSIGNMENT((#14660));
#14660 = SURFACE_STYLE_USAGE(.BOTH.,#14661);
#14661 = SURFACE_SIDE_STYLE('',(#14662));
#14662 = SURFACE_STYLE_FILL_AREA(#14663);
#14663 = FILL_AREA_STYLE('',(#14664));
#14664 = FILL_AREA_STYLE_COLOUR('',#14573);
#14665 = STYLED_ITEM('color',(#14666),#5395);
#14666 = PRESENTATION_STYLE_ASSIGNMENT((#14667));
#14667 = SURFACE_STYLE_USAGE(.BOTH.,#14668);
#14668 = SURFACE_SIDE_STYLE('',(#14669));
#14669 = SURFACE_STYLE_FILL_AREA(#14670);
#14670 = FILL_AREA_STYLE('',(#14671));
#14671 = FILL_AREA_STYLE_COLOUR('',#14573);
#14672 = STYLED_ITEM('color',(#14673),#5412);
#14673 = PRESENTATION_STYLE_ASSIGNMENT((#14674));
#14674 = SURFACE_STYLE_USAGE(.BOTH.,#14675);
#14675 = SURFACE_SIDE_STYLE('',(#14676));
#14676 = SURFACE_STYLE_FILL_AREA(#14677);
#14677 = FILL_AREA_STYLE('',(#14678));
#14678 = FILL_AREA_STYLE_COLOUR('',#14573);
#14679 = STYLED_ITEM('color',(#14680),#5429);
#14680 = PRESENTATION_STYLE_ASSIGNMENT((#14681));
#14681 = SURFACE_STYLE_USAGE(.BOTH.,#14682);
#14682 = SURFACE_SIDE_STYLE('',(#14683));
#14683 = SURFACE_STYLE_FILL_AREA(#14684);
#14684 = FILL_AREA_STYLE('',(#14685));
#14685 = FILL_AREA_STYLE_COLOUR('',#14573);
#14686 = STYLED_ITEM('color',(#14687),#5446);
#14687 = PRESENTATION_STYLE_ASSIGNMENT((#14688));
#14688 = SURFACE_STYLE_USAGE(.BOTH.,#14689);
#14689 = SURFACE_SIDE_STYLE('',(#14690));
#14690 = SURFACE_STYLE_FILL_AREA(#14691);
#14691 = FILL_AREA_STYLE('',(#14692));
#14692 = FILL_AREA_STYLE_COLOUR('',#14573);
#14693 = STYLED_ITEM('color',(#14694),#5463);
#14694 = PRESENTATION_STYLE_ASSIGNMENT((#14695));
#14695 = SURFACE_STYLE_USAGE(.BOTH.,#14696);
#14696 = SURFACE_SIDE_STYLE('',(#14697));
#14697 = SURFACE_STYLE_FILL_AREA(#14698);
#14698 = FILL_AREA_STYLE('',(#14699));
#14699 = FILL_AREA_STYLE_COLOUR('',#14573);
#14700 = STYLED_ITEM('color',(#14701),#5480);
#14701 = PRESENTATION_STYLE_ASSIGNMENT((#14702));
#14702 = SURFACE_STYLE_USAGE(.BOTH.,#14703);
#14703 = SURFACE_SIDE_STYLE('',(#14704));
#14704 = SURFACE_STYLE_FILL_AREA(#14705);
#14705 = FILL_AREA_STYLE('',(#14706));
#14706 = FILL_AREA_STYLE_COLOUR('',#14573);
#14707 = STYLED_ITEM('color',(#14708),#5497);
#14708 = PRESENTATION_STYLE_ASSIGNMENT((#14709));
#14709 = SURFACE_STYLE_USAGE(.BOTH.,#14710);
#14710 = SURFACE_SIDE_STYLE('',(#14711));
#14711 = SURFACE_STYLE_FILL_AREA(#14712);
#14712 = FILL_AREA_STYLE('',(#14713));
#14713 = FILL_AREA_STYLE_COLOUR('',#14573);
#14714 = STYLED_ITEM('color',(#14715),#5514);
#14715 = PRESENTATION_STYLE_ASSIGNMENT((#14716));
#14716 = SURFACE_STYLE_USAGE(.BOTH.,#14717);
#14717 = SURFACE_SIDE_STYLE('',(#14718));
#14718 = SURFACE_STYLE_FILL_AREA(#14719);
#14719 = FILL_AREA_STYLE('',(#14720));
#14720 = FILL_AREA_STYLE_COLOUR('',#14573);
#14721 = STYLED_ITEM('color',(#14722),#5531);
#14722 = PRESENTATION_STYLE_ASSIGNMENT((#14723));
#14723 = SURFACE_STYLE_USAGE(.BOTH.,#14724);
#14724 = SURFACE_SIDE_STYLE('',(#14725));
#14725 = SURFACE_STYLE_FILL_AREA(#14726);
#14726 = FILL_AREA_STYLE('',(#14727));
#14727 = FILL_AREA_STYLE_COLOUR('',#14573);
#14728 = STYLED_ITEM('color',(#14729),#5548);
#14729 = PRESENTATION_STYLE_ASSIGNMENT((#14730));
#14730 = SURFACE_STYLE_USAGE(.BOTH.,#14731);
#14731 = SURFACE_SIDE_STYLE('',(#14732));
#14732 = SURFACE_STYLE_FILL_AREA(#14733);
#14733 = FILL_AREA_STYLE('',(#14734));
#14734 = FILL_AREA_STYLE_COLOUR('',#14573);
#14735 = STYLED_ITEM('color',(#14736),#5565);
#14736 = PRESENTATION_STYLE_ASSIGNMENT((#14737));
#14737 = SURFACE_STYLE_USAGE(.BOTH.,#14738);
#14738 = SURFACE_SIDE_STYLE('',(#14739));
#14739 = SURFACE_STYLE_FILL_AREA(#14740);
#14740 = FILL_AREA_STYLE('',(#14741));
#14741 = FILL_AREA_STYLE_COLOUR('',#14573);
#14742 = STYLED_ITEM('color',(#14743),#5582);
#14743 = PRESENTATION_STYLE_ASSIGNMENT((#14744));
#14744 = SURFACE_STYLE_USAGE(.BOTH.,#14745);
#14745 = SURFACE_SIDE_STYLE('',(#14746));
#14746 = SURFACE_STYLE_FILL_AREA(#14747);
#14747 = FILL_AREA_STYLE('',(#14748));
#14748 = FILL_AREA_STYLE_COLOUR('',#14573);
#14749 = STYLED_ITEM('color',(#14750),#5599);
#14750 = PRESENTATION_STYLE_ASSIGNMENT((#14751));
#14751 = SURFACE_STYLE_USAGE(.BOTH.,#14752);
#14752 = SURFACE_SIDE_STYLE('',(#14753));
#14753 = SURFACE_STYLE_FILL_AREA(#14754);
#14754 = FILL_AREA_STYLE('',(#14755));
#14755 = FILL_AREA_STYLE_COLOUR('',#14573);
#14756 = STYLED_ITEM('color',(#14757),#5616);
#14757 = PRESENTATION_STYLE_ASSIGNMENT((#14758));
#14758 = SURFACE_STYLE_USAGE(.BOTH.,#14759);
#14759 = SURFACE_SIDE_STYLE('',(#14760));
#14760 = SURFACE_STYLE_FILL_AREA(#14761);
#14761 = FILL_AREA_STYLE('',(#14762));
#14762 = FILL_AREA_STYLE_COLOUR('',#14573);
#14763 = STYLED_ITEM('color',(#14764),#5628);
#14764 = PRESENTATION_STYLE_ASSIGNMENT((#14765));
#14765 = SURFACE_STYLE_USAGE(.BOTH.,#14766);
#14766 = SURFACE_SIDE_STYLE('',(#14767));
#14767 = SURFACE_STYLE_FILL_AREA(#14768);
#14768 = FILL_AREA_STYLE('',(#14769));
#14769 = FILL_AREA_STYLE_COLOUR('',#14770);
#14770 = COLOUR_RGB('',0.859000020776,0.737999965183,0.495999988746);
#14771 = STYLED_ITEM('color',(#14772),#5659);
#14772 = PRESENTATION_STYLE_ASSIGNMENT((#14773));
#14773 = SURFACE_STYLE_USAGE(.BOTH.,#14774);
#14774 = SURFACE_SIDE_STYLE('',(#14775));
#14775 = SURFACE_STYLE_FILL_AREA(#14776);
#14776 = FILL_AREA_STYLE('',(#14777));
#14777 = FILL_AREA_STYLE_COLOUR('',#14770);
#14778 = STYLED_ITEM('color',(#14779),#5683);
#14779 = PRESENTATION_STYLE_ASSIGNMENT((#14780));
#14780 = SURFACE_STYLE_USAGE(.BOTH.,#14781);
#14781 = SURFACE_SIDE_STYLE('',(#14782));
#14782 = SURFACE_STYLE_FILL_AREA(#14783);
#14783 = FILL_AREA_STYLE('',(#14784));
#14784 = FILL_AREA_STYLE_COLOUR('',#14770);
#14785 = STYLED_ITEM('color',(#14786),#5707);
#14786 = PRESENTATION_STYLE_ASSIGNMENT((#14787));
#14787 = SURFACE_STYLE_USAGE(.BOTH.,#14788);
#14788 = SURFACE_SIDE_STYLE('',(#14789));
#14789 = SURFACE_STYLE_FILL_AREA(#14790);
#14790 = FILL_AREA_STYLE('',(#14791));
#14791 = FILL_AREA_STYLE_COLOUR('',#14770);
#14792 = STYLED_ITEM('color',(#14793),#5724);
#14793 = PRESENTATION_STYLE_ASSIGNMENT((#14794));
#14794 = SURFACE_STYLE_USAGE(.BOTH.,#14795);
#14795 = SURFACE_SIDE_STYLE('',(#14796));
#14796 = SURFACE_STYLE_FILL_AREA(#14797);
#14797 = FILL_AREA_STYLE('',(#14798));
#14798 = FILL_AREA_STYLE_COLOUR('',#14770);
#14799 = STYLED_ITEM('color',(#14800),#5755);
#14800 = PRESENTATION_STYLE_ASSIGNMENT((#14801));
#14801 = SURFACE_STYLE_USAGE(.BOTH.,#14802);
#14802 = SURFACE_SIDE_STYLE('',(#14803));
#14803 = SURFACE_STYLE_FILL_AREA(#14804);
#14804 = FILL_AREA_STYLE('',(#14805));
#14805 = FILL_AREA_STYLE_COLOUR('',#14770);
#14806 = STYLED_ITEM('color',(#14807),#5779);
#14807 = PRESENTATION_STYLE_ASSIGNMENT((#14808));
#14808 = SURFACE_STYLE_USAGE(.BOTH.,#14809);
#14809 = SURFACE_SIDE_STYLE('',(#14810));
#14810 = SURFACE_STYLE_FILL_AREA(#14811);
#14811 = FILL_AREA_STYLE('',(#14812));
#14812 = FILL_AREA_STYLE_COLOUR('',#14770);
#14813 = STYLED_ITEM('color',(#14814),#5803);
#14814 = PRESENTATION_STYLE_ASSIGNMENT((#14815));
#14815 = SURFACE_STYLE_USAGE(.BOTH.,#14816);
#14816 = SURFACE_SIDE_STYLE('',(#14817));
#14817 = SURFACE_STYLE_FILL_AREA(#14818);
#14818 = FILL_AREA_STYLE('',(#14819));
#14819 = FILL_AREA_STYLE_COLOUR('',#14770);
#14820 = STYLED_ITEM('color',(#14821),#5820);
#14821 = PRESENTATION_STYLE_ASSIGNMENT((#14822));
#14822 = SURFACE_STYLE_USAGE(.BOTH.,#14823);
#14823 = SURFACE_SIDE_STYLE('',(#14824));
#14824 = SURFACE_STYLE_FILL_AREA(#14825);
#14825 = FILL_AREA_STYLE('',(#14826));
#14826 = FILL_AREA_STYLE_COLOUR('',#14770);
#14827 = STYLED_ITEM('color',(#14828),#5851);
#14828 = PRESENTATION_STYLE_ASSIGNMENT((#14829));
#14829 = SURFACE_STYLE_USAGE(.BOTH.,#14830);
#14830 = SURFACE_SIDE_STYLE('',(#14831));
#14831 = SURFACE_STYLE_FILL_AREA(#14832);
#14832 = FILL_AREA_STYLE('',(#14833));
#14833 = FILL_AREA_STYLE_COLOUR('',#14770);
#14834 = STYLED_ITEM('color',(#14835),#5875);
#14835 = PRESENTATION_STYLE_ASSIGNMENT((#14836));
#14836 = SURFACE_STYLE_USAGE(.BOTH.,#14837);
#14837 = SURFACE_SIDE_STYLE('',(#14838));
#14838 = SURFACE_STYLE_FILL_AREA(#14839);
#14839 = FILL_AREA_STYLE('',(#14840));
#14840 = FILL_AREA_STYLE_COLOUR('',#14770);
#14841 = STYLED_ITEM('color',(#14842),#5899);
#14842 = PRESENTATION_STYLE_ASSIGNMENT((#14843));
#14843 = SURFACE_STYLE_USAGE(.BOTH.,#14844);
#14844 = SURFACE_SIDE_STYLE('',(#14845));
#14845 = SURFACE_STYLE_FILL_AREA(#14846);
#14846 = FILL_AREA_STYLE('',(#14847));
#14847 = FILL_AREA_STYLE_COLOUR('',#14770);
#14848 = STYLED_ITEM('color',(#14849),#5916);
#14849 = PRESENTATION_STYLE_ASSIGNMENT((#14850));
#14850 = SURFACE_STYLE_USAGE(.BOTH.,#14851);
#14851 = SURFACE_SIDE_STYLE('',(#14852));
#14852 = SURFACE_STYLE_FILL_AREA(#14853);
#14853 = FILL_AREA_STYLE('',(#14854));
#14854 = FILL_AREA_STYLE_COLOUR('',#14770);
#14855 = STYLED_ITEM('color',(#14856),#5947);
#14856 = PRESENTATION_STYLE_ASSIGNMENT((#14857));
#14857 = SURFACE_STYLE_USAGE(.BOTH.,#14858);
#14858 = SURFACE_SIDE_STYLE('',(#14859));
#14859 = SURFACE_STYLE_FILL_AREA(#14860);
#14860 = FILL_AREA_STYLE('',(#14861));
#14861 = FILL_AREA_STYLE_COLOUR('',#14770);
#14862 = STYLED_ITEM('color',(#14863),#5971);
#14863 = PRESENTATION_STYLE_ASSIGNMENT((#14864));
#14864 = SURFACE_STYLE_USAGE(.BOTH.,#14865);
#14865 = SURFACE_SIDE_STYLE('',(#14866));
#14866 = SURFACE_STYLE_FILL_AREA(#14867);
#14867 = FILL_AREA_STYLE('',(#14868));
#14868 = FILL_AREA_STYLE_COLOUR('',#14770);
#14869 = STYLED_ITEM('color',(#14870),#5995);
#14870 = PRESENTATION_STYLE_ASSIGNMENT((#14871));
#14871 = SURFACE_STYLE_USAGE(.BOTH.,#14872);
#14872 = SURFACE_SIDE_STYLE('',(#14873));
#14873 = SURFACE_STYLE_FILL_AREA(#14874);
#14874 = FILL_AREA_STYLE('',(#14875));
#14875 = FILL_AREA_STYLE_COLOUR('',#14770);
#14876 = STYLED_ITEM('color',(#14877),#6012);
#14877 = PRESENTATION_STYLE_ASSIGNMENT((#14878));
#14878 = SURFACE_STYLE_USAGE(.BOTH.,#14879);
#14879 = SURFACE_SIDE_STYLE('',(#14880));
#14880 = SURFACE_STYLE_FILL_AREA(#14881);
#14881 = FILL_AREA_STYLE('',(#14882));
#14882 = FILL_AREA_STYLE_COLOUR('',#14770);
#14883 = STYLED_ITEM('color',(#14884),#6043);
#14884 = PRESENTATION_STYLE_ASSIGNMENT((#14885));
#14885 = SURFACE_STYLE_USAGE(.BOTH.,#14886);
#14886 = SURFACE_SIDE_STYLE('',(#14887));
#14887 = SURFACE_STYLE_FILL_AREA(#14888);
#14888 = FILL_AREA_STYLE('',(#14889));
#14889 = FILL_AREA_STYLE_COLOUR('',#14770);
#14890 = STYLED_ITEM('color',(#14891),#6067);
#14891 = PRESENTATION_STYLE_ASSIGNMENT((#14892));
#14892 = SURFACE_STYLE_USAGE(.BOTH.,#14893);
#14893 = SURFACE_SIDE_STYLE('',(#14894));
#14894 = SURFACE_STYLE_FILL_AREA(#14895);
#14895 = FILL_AREA_STYLE('',(#14896));
#14896 = FILL_AREA_STYLE_COLOUR('',#14770);
#14897 = STYLED_ITEM('color',(#14898),#6091);
#14898 = PRESENTATION_STYLE_ASSIGNMENT((#14899));
#14899 = SURFACE_STYLE_USAGE(.BOTH.,#14900);
#14900 = SURFACE_SIDE_STYLE('',(#14901));
#14901 = SURFACE_STYLE_FILL_AREA(#14902);
#14902 = FILL_AREA_STYLE('',(#14903));
#14903 = FILL_AREA_STYLE_COLOUR('',#14770);
#14904 = STYLED_ITEM('color',(#14905),#6108);
#14905 = PRESENTATION_STYLE_ASSIGNMENT((#14906));
#14906 = SURFACE_STYLE_USAGE(.BOTH.,#14907);
#14907 = SURFACE_SIDE_STYLE('',(#14908));
#14908 = SURFACE_STYLE_FILL_AREA(#14909);
#14909 = FILL_AREA_STYLE('',(#14910));
#14910 = FILL_AREA_STYLE_COLOUR('',#14770);
#14911 = STYLED_ITEM('color',(#14912),#6139);
#14912 = PRESENTATION_STYLE_ASSIGNMENT((#14913));
#14913 = SURFACE_STYLE_USAGE(.BOTH.,#14914);
#14914 = SURFACE_SIDE_STYLE('',(#14915));
#14915 = SURFACE_STYLE_FILL_AREA(#14916);
#14916 = FILL_AREA_STYLE('',(#14917));
#14917 = FILL_AREA_STYLE_COLOUR('',#14770);
#14918 = STYLED_ITEM('color',(#14919),#6163);
#14919 = PRESENTATION_STYLE_ASSIGNMENT((#14920));
#14920 = SURFACE_STYLE_USAGE(.BOTH.,#14921);
#14921 = SURFACE_SIDE_STYLE('',(#14922));
#14922 = SURFACE_STYLE_FILL_AREA(#14923);
#14923 = FILL_AREA_STYLE('',(#14924));
#14924 = FILL_AREA_STYLE_COLOUR('',#14770);
#14925 = STYLED_ITEM('color',(#14926),#6187);
#14926 = PRESENTATION_STYLE_ASSIGNMENT((#14927));
#14927 = SURFACE_STYLE_USAGE(.BOTH.,#14928);
#14928 = SURFACE_SIDE_STYLE('',(#14929));
#14929 = SURFACE_STYLE_FILL_AREA(#14930);
#14930 = FILL_AREA_STYLE('',(#14931));
#14931 = FILL_AREA_STYLE_COLOUR('',#14770);
#14932 = STYLED_ITEM('color',(#14933),#6204);
#14933 = PRESENTATION_STYLE_ASSIGNMENT((#14934));
#14934 = SURFACE_STYLE_USAGE(.BOTH.,#14935);
#14935 = SURFACE_SIDE_STYLE('',(#14936));
#14936 = SURFACE_STYLE_FILL_AREA(#14937);
#14937 = FILL_AREA_STYLE('',(#14938));
#14938 = FILL_AREA_STYLE_COLOUR('',#14770);
#14939 = STYLED_ITEM('color',(#14940),#6235);
#14940 = PRESENTATION_STYLE_ASSIGNMENT((#14941));
#14941 = SURFACE_STYLE_USAGE(.BOTH.,#14942);
#14942 = SURFACE_SIDE_STYLE('',(#14943));
#14943 = SURFACE_STYLE_FILL_AREA(#14944);
#14944 = FILL_AREA_STYLE('',(#14945));
#14945 = FILL_AREA_STYLE_COLOUR('',#14770);
#14946 = STYLED_ITEM('color',(#14947),#6259);
#14947 = PRESENTATION_STYLE_ASSIGNMENT((#14948));
#14948 = SURFACE_STYLE_USAGE(.BOTH.,#14949);
#14949 = SURFACE_SIDE_STYLE('',(#14950));
#14950 = SURFACE_STYLE_FILL_AREA(#14951);
#14951 = FILL_AREA_STYLE('',(#14952));
#14952 = FILL_AREA_STYLE_COLOUR('',#14770);
#14953 = STYLED_ITEM('color',(#14954),#6283);
#14954 = PRESENTATION_STYLE_ASSIGNMENT((#14955));
#14955 = SURFACE_STYLE_USAGE(.BOTH.,#14956);
#14956 = SURFACE_SIDE_STYLE('',(#14957));
#14957 = SURFACE_STYLE_FILL_AREA(#14958);
#14958 = FILL_AREA_STYLE('',(#14959));
#14959 = FILL_AREA_STYLE_COLOUR('',#14770);
#14960 = STYLED_ITEM('color',(#14961),#6300);
#14961 = PRESENTATION_STYLE_ASSIGNMENT((#14962));
#14962 = SURFACE_STYLE_USAGE(.BOTH.,#14963);
#14963 = SURFACE_SIDE_STYLE('',(#14964));
#14964 = SURFACE_STYLE_FILL_AREA(#14965);
#14965 = FILL_AREA_STYLE('',(#14966));
#14966 = FILL_AREA_STYLE_COLOUR('',#14770);
#14967 = STYLED_ITEM('color',(#14968),#6331);
#14968 = PRESENTATION_STYLE_ASSIGNMENT((#14969));
#14969 = SURFACE_STYLE_USAGE(.BOTH.,#14970);
#14970 = SURFACE_SIDE_STYLE('',(#14971));
#14971 = SURFACE_STYLE_FILL_AREA(#14972);
#14972 = FILL_AREA_STYLE('',(#14973));
#14973 = FILL_AREA_STYLE_COLOUR('',#14770);
#14974 = STYLED_ITEM('color',(#14975),#6355);
#14975 = PRESENTATION_STYLE_ASSIGNMENT((#14976));
#14976 = SURFACE_STYLE_USAGE(.BOTH.,#14977);
#14977 = SURFACE_SIDE_STYLE('',(#14978));
#14978 = SURFACE_STYLE_FILL_AREA(#14979);
#14979 = FILL_AREA_STYLE('',(#14980));
#14980 = FILL_AREA_STYLE_COLOUR('',#14770);
#14981 = STYLED_ITEM('color',(#14982),#6379);
#14982 = PRESENTATION_STYLE_ASSIGNMENT((#14983));
#14983 = SURFACE_STYLE_USAGE(.BOTH.,#14984);
#14984 = SURFACE_SIDE_STYLE('',(#14985));
#14985 = SURFACE_STYLE_FILL_AREA(#14986);
#14986 = FILL_AREA_STYLE('',(#14987));
#14987 = FILL_AREA_STYLE_COLOUR('',#14770);
#14988 = STYLED_ITEM('color',(#14989),#6396);
#14989 = PRESENTATION_STYLE_ASSIGNMENT((#14990));
#14990 = SURFACE_STYLE_USAGE(.BOTH.,#14991);
#14991 = SURFACE_SIDE_STYLE('',(#14992));
#14992 = SURFACE_STYLE_FILL_AREA(#14993);
#14993 = FILL_AREA_STYLE('',(#14994));
#14994 = FILL_AREA_STYLE_COLOUR('',#14770);
#14995 = STYLED_ITEM('color',(#14996),#6427);
#14996 = PRESENTATION_STYLE_ASSIGNMENT((#14997));
#14997 = SURFACE_STYLE_USAGE(.BOTH.,#14998);
#14998 = SURFACE_SIDE_STYLE('',(#14999));
#14999 = SURFACE_STYLE_FILL_AREA(#15000);
#15000 = FILL_AREA_STYLE('',(#15001));
#15001 = FILL_AREA_STYLE_COLOUR('',#14770);
#15002 = STYLED_ITEM('color',(#15003),#6451);
#15003 = PRESENTATION_STYLE_ASSIGNMENT((#15004));
#15004 = SURFACE_STYLE_USAGE(.BOTH.,#15005);
#15005 = SURFACE_SIDE_STYLE('',(#15006));
#15006 = SURFACE_STYLE_FILL_AREA(#15007);
#15007 = FILL_AREA_STYLE('',(#15008));
#15008 = FILL_AREA_STYLE_COLOUR('',#14770);
#15009 = STYLED_ITEM('color',(#15010),#6475);
#15010 = PRESENTATION_STYLE_ASSIGNMENT((#15011));
#15011 = SURFACE_STYLE_USAGE(.BOTH.,#15012);
#15012 = SURFACE_SIDE_STYLE('',(#15013));
#15013 = SURFACE_STYLE_FILL_AREA(#15014);
#15014 = FILL_AREA_STYLE('',(#15015));
#15015 = FILL_AREA_STYLE_COLOUR('',#14770);
#15016 = STYLED_ITEM('color',(#15017),#6492);
#15017 = PRESENTATION_STYLE_ASSIGNMENT((#15018));
#15018 = SURFACE_STYLE_USAGE(.BOTH.,#15019);
#15019 = SURFACE_SIDE_STYLE('',(#15020));
#15020 = SURFACE_STYLE_FILL_AREA(#15021);
#15021 = FILL_AREA_STYLE('',(#15022));
#15022 = FILL_AREA_STYLE_COLOUR('',#14770);
#15023 = STYLED_ITEM('color',(#15024),#6523);
#15024 = PRESENTATION_STYLE_ASSIGNMENT((#15025));
#15025 = SURFACE_STYLE_USAGE(.BOTH.,#15026);
#15026 = SURFACE_SIDE_STYLE('',(#15027));
#15027 = SURFACE_STYLE_FILL_AREA(#15028);
#15028 = FILL_AREA_STYLE('',(#15029));
#15029 = FILL_AREA_STYLE_COLOUR('',#14770);
#15030 = STYLED_ITEM('color',(#15031),#6547);
#15031 = PRESENTATION_STYLE_ASSIGNMENT((#15032));
#15032 = SURFACE_STYLE_USAGE(.BOTH.,#15033);
#15033 = SURFACE_SIDE_STYLE('',(#15034));
#15034 = SURFACE_STYLE_FILL_AREA(#15035);
#15035 = FILL_AREA_STYLE('',(#15036));
#15036 = FILL_AREA_STYLE_COLOUR('',#14770);
#15037 = STYLED_ITEM('color',(#15038),#6571);
#15038 = PRESENTATION_STYLE_ASSIGNMENT((#15039));
#15039 = SURFACE_STYLE_USAGE(.BOTH.,#15040);
#15040 = SURFACE_SIDE_STYLE('',(#15041));
#15041 = SURFACE_STYLE_FILL_AREA(#15042);
#15042 = FILL_AREA_STYLE('',(#15043));
#15043 = FILL_AREA_STYLE_COLOUR('',#14770);
#15044 = STYLED_ITEM('color',(#15045),#6588);
#15045 = PRESENTATION_STYLE_ASSIGNMENT((#15046));
#15046 = SURFACE_STYLE_USAGE(.BOTH.,#15047);
#15047 = SURFACE_SIDE_STYLE('',(#15048));
#15048 = SURFACE_STYLE_FILL_AREA(#15049);
#15049 = FILL_AREA_STYLE('',(#15050));
#15050 = FILL_AREA_STYLE_COLOUR('',#14770);
#15051 = STYLED_ITEM('color',(#15052),#6619);
#15052 = PRESENTATION_STYLE_ASSIGNMENT((#15053));
#15053 = SURFACE_STYLE_USAGE(.BOTH.,#15054);
#15054 = SURFACE_SIDE_STYLE('',(#15055));
#15055 = SURFACE_STYLE_FILL_AREA(#15056);
#15056 = FILL_AREA_STYLE('',(#15057));
#15057 = FILL_AREA_STYLE_COLOUR('',#14770);
#15058 = STYLED_ITEM('color',(#15059),#6643);
#15059 = PRESENTATION_STYLE_ASSIGNMENT((#15060));
#15060 = SURFACE_STYLE_USAGE(.BOTH.,#15061);
#15061 = SURFACE_SIDE_STYLE('',(#15062));
#15062 = SURFACE_STYLE_FILL_AREA(#15063);
#15063 = FILL_AREA_STYLE('',(#15064));
#15064 = FILL_AREA_STYLE_COLOUR('',#14770);
#15065 = STYLED_ITEM('color',(#15066),#6667);
#15066 = PRESENTATION_STYLE_ASSIGNMENT((#15067));
#15067 = SURFACE_STYLE_USAGE(.BOTH.,#15068);
#15068 = SURFACE_SIDE_STYLE('',(#15069));
#15069 = SURFACE_STYLE_FILL_AREA(#15070);
#15070 = FILL_AREA_STYLE('',(#15071));
#15071 = FILL_AREA_STYLE_COLOUR('',#14770);
#15072 = STYLED_ITEM('color',(#15073),#6684);
#15073 = PRESENTATION_STYLE_ASSIGNMENT((#15074));
#15074 = SURFACE_STYLE_USAGE(.BOTH.,#15075);
#15075 = SURFACE_SIDE_STYLE('',(#15076));
#15076 = SURFACE_STYLE_FILL_AREA(#15077);
#15077 = FILL_AREA_STYLE('',(#15078));
#15078 = FILL_AREA_STYLE_COLOUR('',#14770);
#15079 = STYLED_ITEM('color',(#15080),#6715);
#15080 = PRESENTATION_STYLE_ASSIGNMENT((#15081));
#15081 = SURFACE_STYLE_USAGE(.BOTH.,#15082);
#15082 = SURFACE_SIDE_STYLE('',(#15083));
#15083 = SURFACE_STYLE_FILL_AREA(#15084);
#15084 = FILL_AREA_STYLE('',(#15085));
#15085 = FILL_AREA_STYLE_COLOUR('',#14770);
#15086 = STYLED_ITEM('color',(#15087),#6739);
#15087 = PRESENTATION_STYLE_ASSIGNMENT((#15088));
#15088 = SURFACE_STYLE_USAGE(.BOTH.,#15089);
#15089 = SURFACE_SIDE_STYLE('',(#15090));
#15090 = SURFACE_STYLE_FILL_AREA(#15091);
#15091 = FILL_AREA_STYLE('',(#15092));
#15092 = FILL_AREA_STYLE_COLOUR('',#14770);
#15093 = STYLED_ITEM('color',(#15094),#6763);
#15094 = PRESENTATION_STYLE_ASSIGNMENT((#15095));
#15095 = SURFACE_STYLE_USAGE(.BOTH.,#15096);
#15096 = SURFACE_SIDE_STYLE('',(#15097));
#15097 = SURFACE_STYLE_FILL_AREA(#15098);
#15098 = FILL_AREA_STYLE('',(#15099));
#15099 = FILL_AREA_STYLE_COLOUR('',#14770);
#15100 = STYLED_ITEM('color',(#15101),#6780);
#15101 = PRESENTATION_STYLE_ASSIGNMENT((#15102));
#15102 = SURFACE_STYLE_USAGE(.BOTH.,#15103);
#15103 = SURFACE_SIDE_STYLE('',(#15104));
#15104 = SURFACE_STYLE_FILL_AREA(#15105);
#15105 = FILL_AREA_STYLE('',(#15106));
#15106 = FILL_AREA_STYLE_COLOUR('',#14770);
#15107 = STYLED_ITEM('color',(#15108),#6811);
#15108 = PRESENTATION_STYLE_ASSIGNMENT((#15109));
#15109 = SURFACE_STYLE_USAGE(.BOTH.,#15110);
#15110 = SURFACE_SIDE_STYLE('',(#15111));
#15111 = SURFACE_STYLE_FILL_AREA(#15112);
#15112 = FILL_AREA_STYLE('',(#15113));
#15113 = FILL_AREA_STYLE_COLOUR('',#14770);
#15114 = STYLED_ITEM('color',(#15115),#6835);
#15115 = PRESENTATION_STYLE_ASSIGNMENT((#15116));
#15116 = SURFACE_STYLE_USAGE(.BOTH.,#15117);
#15117 = SURFACE_SIDE_STYLE('',(#15118));
#15118 = SURFACE_STYLE_FILL_AREA(#15119);
#15119 = FILL_AREA_STYLE('',(#15120));
#15120 = FILL_AREA_STYLE_COLOUR('',#14770);
#15121 = STYLED_ITEM('color',(#15122),#6859);
#15122 = PRESENTATION_STYLE_ASSIGNMENT((#15123));
#15123 = SURFACE_STYLE_USAGE(.BOTH.,#15124);
#15124 = SURFACE_SIDE_STYLE('',(#15125));
#15125 = SURFACE_STYLE_FILL_AREA(#15126);
#15126 = FILL_AREA_STYLE('',(#15127));
#15127 = FILL_AREA_STYLE_COLOUR('',#14770);
#15128 = STYLED_ITEM('color',(#15129),#6876);
#15129 = PRESENTATION_STYLE_ASSIGNMENT((#15130));
#15130 = SURFACE_STYLE_USAGE(.BOTH.,#15131);
#15131 = SURFACE_SIDE_STYLE('',(#15132));
#15132 = SURFACE_STYLE_FILL_AREA(#15133);
#15133 = FILL_AREA_STYLE('',(#15134));
#15134 = FILL_AREA_STYLE_COLOUR('',#14770);
#15135 = STYLED_ITEM('color',(#15136),#6907);
#15136 = PRESENTATION_STYLE_ASSIGNMENT((#15137));
#15137 = SURFACE_STYLE_USAGE(.BOTH.,#15138);
#15138 = SURFACE_SIDE_STYLE('',(#15139));
#15139 = SURFACE_STYLE_FILL_AREA(#15140);
#15140 = FILL_AREA_STYLE('',(#15141));
#15141 = FILL_AREA_STYLE_COLOUR('',#14770);
#15142 = STYLED_ITEM('color',(#15143),#6931);
#15143 = PRESENTATION_STYLE_ASSIGNMENT((#15144));
#15144 = SURFACE_STYLE_USAGE(.BOTH.,#15145);
#15145 = SURFACE_SIDE_STYLE('',(#15146));
#15146 = SURFACE_STYLE_FILL_AREA(#15147);
#15147 = FILL_AREA_STYLE('',(#15148));
#15148 = FILL_AREA_STYLE_COLOUR('',#14770);
#15149 = STYLED_ITEM('color',(#15150),#6955);
#15150 = PRESENTATION_STYLE_ASSIGNMENT((#15151));
#15151 = SURFACE_STYLE_USAGE(.BOTH.,#15152);
#15152 = SURFACE_SIDE_STYLE('',(#15153));
#15153 = SURFACE_STYLE_FILL_AREA(#15154);
#15154 = FILL_AREA_STYLE('',(#15155));
#15155 = FILL_AREA_STYLE_COLOUR('',#14770);
#15156 = STYLED_ITEM('color',(#15157),#6972);
#15157 = PRESENTATION_STYLE_ASSIGNMENT((#15158));
#15158 = SURFACE_STYLE_USAGE(.BOTH.,#15159);
#15159 = SURFACE_SIDE_STYLE('',(#15160));
#15160 = SURFACE_STYLE_FILL_AREA(#15161);
#15161 = FILL_AREA_STYLE('',(#15162));
#15162 = FILL_AREA_STYLE_COLOUR('',#14770);
#15163 = STYLED_ITEM('color',(#15164),#7003);
#15164 = PRESENTATION_STYLE_ASSIGNMENT((#15165));
#15165 = SURFACE_STYLE_USAGE(.BOTH.,#15166);
#15166 = SURFACE_SIDE_STYLE('',(#15167));
#15167 = SURFACE_STYLE_FILL_AREA(#15168);
#15168 = FILL_AREA_STYLE('',(#15169));
#15169 = FILL_AREA_STYLE_COLOUR('',#14770);
#15170 = STYLED_ITEM('color',(#15171),#7027);
#15171 = PRESENTATION_STYLE_ASSIGNMENT((#15172));
#15172 = SURFACE_STYLE_USAGE(.BOTH.,#15173);
#15173 = SURFACE_SIDE_STYLE('',(#15174));
#15174 = SURFACE_STYLE_FILL_AREA(#15175);
#15175 = FILL_AREA_STYLE('',(#15176));
#15176 = FILL_AREA_STYLE_COLOUR('',#14770);
#15177 = STYLED_ITEM('color',(#15178),#7051);
#15178 = PRESENTATION_STYLE_ASSIGNMENT((#15179));
#15179 = SURFACE_STYLE_USAGE(.BOTH.,#15180);
#15180 = SURFACE_SIDE_STYLE('',(#15181));
#15181 = SURFACE_STYLE_FILL_AREA(#15182);
#15182 = FILL_AREA_STYLE('',(#15183));
#15183 = FILL_AREA_STYLE_COLOUR('',#14770);
#15184 = STYLED_ITEM('color',(#15185),#7068);
#15185 = PRESENTATION_STYLE_ASSIGNMENT((#15186));
#15186 = SURFACE_STYLE_USAGE(.BOTH.,#15187);
#15187 = SURFACE_SIDE_STYLE('',(#15188));
#15188 = SURFACE_STYLE_FILL_AREA(#15189);
#15189 = FILL_AREA_STYLE('',(#15190));
#15190 = FILL_AREA_STYLE_COLOUR('',#14770);
#15191 = STYLED_ITEM('color',(#15192),#7099);
#15192 = PRESENTATION_STYLE_ASSIGNMENT((#15193));
#15193 = SURFACE_STYLE_USAGE(.BOTH.,#15194);
#15194 = SURFACE_SIDE_STYLE('',(#15195));
#15195 = SURFACE_STYLE_FILL_AREA(#15196);
#15196 = FILL_AREA_STYLE('',(#15197));
#15197 = FILL_AREA_STYLE_COLOUR('',#14770);
#15198 = STYLED_ITEM('color',(#15199),#7123);
#15199 = PRESENTATION_STYLE_ASSIGNMENT((#15200));
#15200 = SURFACE_STYLE_USAGE(.BOTH.,#15201);
#15201 = SURFACE_SIDE_STYLE('',(#15202));
#15202 = SURFACE_STYLE_FILL_AREA(#15203);
#15203 = FILL_AREA_STYLE('',(#15204));
#15204 = FILL_AREA_STYLE_COLOUR('',#14770);
#15205 = STYLED_ITEM('color',(#15206),#7147);
#15206 = PRESENTATION_STYLE_ASSIGNMENT((#15207));
#15207 = SURFACE_STYLE_USAGE(.BOTH.,#15208);
#15208 = SURFACE_SIDE_STYLE('',(#15209));
#15209 = SURFACE_STYLE_FILL_AREA(#15210);
#15210 = FILL_AREA_STYLE('',(#15211));
#15211 = FILL_AREA_STYLE_COLOUR('',#14770);
#15212 = STYLED_ITEM('color',(#15213),#7164);
#15213 = PRESENTATION_STYLE_ASSIGNMENT((#15214));
#15214 = SURFACE_STYLE_USAGE(.BOTH.,#15215);
#15215 = SURFACE_SIDE_STYLE('',(#15216));
#15216 = SURFACE_STYLE_FILL_AREA(#15217);
#15217 = FILL_AREA_STYLE('',(#15218));
#15218 = FILL_AREA_STYLE_COLOUR('',#14770);
#15219 = STYLED_ITEM('color',(#15220),#7176);
#15220 = PRESENTATION_STYLE_ASSIGNMENT((#15221));
#15221 = SURFACE_STYLE_USAGE(.BOTH.,#15222);
#15222 = SURFACE_SIDE_STYLE('',(#15223));
#15223 = SURFACE_STYLE_FILL_AREA(#15224);
#15224 = FILL_AREA_STYLE('',(#15225));
#15225 = FILL_AREA_STYLE_COLOUR('',#14770);
#15226 = STYLED_ITEM('color',(#15227),#7188);
#15227 = PRESENTATION_STYLE_ASSIGNMENT((#15228));
#15228 = SURFACE_STYLE_USAGE(.BOTH.,#15229);
#15229 = SURFACE_SIDE_STYLE('',(#15230));
#15230 = SURFACE_STYLE_FILL_AREA(#15231);
#15231 = FILL_AREA_STYLE('',(#15232));
#15232 = FILL_AREA_STYLE_COLOUR('',#14770);
#15233 = STYLED_ITEM('color',(#15234),#7200);
#15234 = PRESENTATION_STYLE_ASSIGNMENT((#15235));
#15235 = SURFACE_STYLE_USAGE(.BOTH.,#15236);
#15236 = SURFACE_SIDE_STYLE('',(#15237));
#15237 = SURFACE_STYLE_FILL_AREA(#15238);
#15238 = FILL_AREA_STYLE('',(#15239));
#15239 = FILL_AREA_STYLE_COLOUR('',#14770);
#15240 = STYLED_ITEM('color',(#15241),#7212);
#15241 = PRESENTATION_STYLE_ASSIGNMENT((#15242));
#15242 = SURFACE_STYLE_USAGE(.BOTH.,#15243);
#15243 = SURFACE_SIDE_STYLE('',(#15244));
#15244 = SURFACE_STYLE_FILL_AREA(#15245);
#15245 = FILL_AREA_STYLE('',(#15246));
#15246 = FILL_AREA_STYLE_COLOUR('',#14770);
#15247 = STYLED_ITEM('color',(#15248),#7224);
#15248 = PRESENTATION_STYLE_ASSIGNMENT((#15249));
#15249 = SURFACE_STYLE_USAGE(.BOTH.,#15250);
#15250 = SURFACE_SIDE_STYLE('',(#15251));
#15251 = SURFACE_STYLE_FILL_AREA(#15252);
#15252 = FILL_AREA_STYLE('',(#15253));
#15253 = FILL_AREA_STYLE_COLOUR('',#14770);
#15254 = STYLED_ITEM('color',(#15255),#7236);
#15255 = PRESENTATION_STYLE_ASSIGNMENT((#15256));
#15256 = SURFACE_STYLE_USAGE(.BOTH.,#15257);
#15257 = SURFACE_SIDE_STYLE('',(#15258));
#15258 = SURFACE_STYLE_FILL_AREA(#15259);
#15259 = FILL_AREA_STYLE('',(#15260));
#15260 = FILL_AREA_STYLE_COLOUR('',#14770);
#15261 = STYLED_ITEM('color',(#15262),#7248);
#15262 = PRESENTATION_STYLE_ASSIGNMENT((#15263));
#15263 = SURFACE_STYLE_USAGE(.BOTH.,#15264);
#15264 = SURFACE_SIDE_STYLE('',(#15265));
#15265 = SURFACE_STYLE_FILL_AREA(#15266);
#15266 = FILL_AREA_STYLE('',(#15267));
#15267 = FILL_AREA_STYLE_COLOUR('',#14770);
#15268 = MECHANICAL_DESIGN_GEOMETRIC_PRESENTATION_REPRESENTATION('',(
    #15269,#15277,#15284,#15291,#15298,#15305,#15312,#15319,#15326,
    #15333,#15340,#15348,#15355,#15362,#15369,#15376,#15383,#15390,
    #15397,#15404,#15411,#15418,#15425,#15432,#15439,#15446,#15453,
    #15460),#4451);
#15269 = STYLED_ITEM('color',(#15270),#3599);
#15270 = PRESENTATION_STYLE_ASSIGNMENT((#15271));
#15271 = SURFACE_STYLE_USAGE(.BOTH.,#15272);
#15272 = SURFACE_SIDE_STYLE('',(#15273));
#15273 = SURFACE_STYLE_FILL_AREA(#15274);
#15274 = FILL_AREA_STYLE('',(#15275));
#15275 = FILL_AREA_STYLE_COLOUR('',#15276);
#15276 = COLOUR_RGB('',0.823999987314,0.819999987296,0.781000009244);
#15277 = STYLED_ITEM('color',(#15278),#3675);
#15278 = PRESENTATION_STYLE_ASSIGNMENT((#15279));
#15279 = SURFACE_STYLE_USAGE(.BOTH.,#15280);
#15280 = SURFACE_SIDE_STYLE('',(#15281));
#15281 = SURFACE_STYLE_FILL_AREA(#15282);
#15282 = FILL_AREA_STYLE('',(#15283));
#15283 = FILL_AREA_STYLE_COLOUR('',#15276);
#15284 = STYLED_ITEM('color',(#15285),#3706);
#15285 = PRESENTATION_STYLE_ASSIGNMENT((#15286));
#15286 = SURFACE_STYLE_USAGE(.BOTH.,#15287);
#15287 = SURFACE_SIDE_STYLE('',(#15288));
#15288 = SURFACE_STYLE_FILL_AREA(#15289);
#15289 = FILL_AREA_STYLE('',(#15290));
#15290 = FILL_AREA_STYLE_COLOUR('',#15276);
#15291 = STYLED_ITEM('color',(#15292),#3731);
#15292 = PRESENTATION_STYLE_ASSIGNMENT((#15293));
#15293 = SURFACE_STYLE_USAGE(.BOTH.,#15294);
#15294 = SURFACE_SIDE_STYLE('',(#15295));
#15295 = SURFACE_STYLE_FILL_AREA(#15296);
#15296 = FILL_AREA_STYLE('',(#15297));
#15297 = FILL_AREA_STYLE_COLOUR('',#15276);
#15298 = STYLED_ITEM('color',(#15299),#3756);
#15299 = PRESENTATION_STYLE_ASSIGNMENT((#15300));
#15300 = SURFACE_STYLE_USAGE(.BOTH.,#15301);
#15301 = SURFACE_SIDE_STYLE('',(#15302));
#15302 = SURFACE_STYLE_FILL_AREA(#15303);
#15303 = FILL_AREA_STYLE('',(#15304));
#15304 = FILL_AREA_STYLE_COLOUR('',#15276);
#15305 = STYLED_ITEM('color',(#15306),#3780);
#15306 = PRESENTATION_STYLE_ASSIGNMENT((#15307));
#15307 = SURFACE_STYLE_USAGE(.BOTH.,#15308);
#15308 = SURFACE_SIDE_STYLE('',(#15309));
#15309 = SURFACE_STYLE_FILL_AREA(#15310);
#15310 = FILL_AREA_STYLE('',(#15311));
#15311 = FILL_AREA_STYLE_COLOUR('',#15276);
#15312 = STYLED_ITEM('color',(#15313),#3804);
#15313 = PRESENTATION_STYLE_ASSIGNMENT((#15314));
#15314 = SURFACE_STYLE_USAGE(.BOTH.,#15315);
#15315 = SURFACE_SIDE_STYLE('',(#15316));
#15316 = SURFACE_STYLE_FILL_AREA(#15317);
#15317 = FILL_AREA_STYLE('',(#15318));
#15318 = FILL_AREA_STYLE_COLOUR('',#15276);
#15319 = STYLED_ITEM('color',(#15320),#3829);
#15320 = PRESENTATION_STYLE_ASSIGNMENT((#15321));
#15321 = SURFACE_STYLE_USAGE(.BOTH.,#15322);
#15322 = SURFACE_SIDE_STYLE('',(#15323));
#15323 = SURFACE_STYLE_FILL_AREA(#15324);
#15324 = FILL_AREA_STYLE('',(#15325));
#15325 = FILL_AREA_STYLE_COLOUR('',#15276);
#15326 = STYLED_ITEM('color',(#15327),#3854);
#15327 = PRESENTATION_STYLE_ASSIGNMENT((#15328));
#15328 = SURFACE_STYLE_USAGE(.BOTH.,#15329);
#15329 = SURFACE_SIDE_STYLE('',(#15330));
#15330 = SURFACE_STYLE_FILL_AREA(#15331);
#15331 = FILL_AREA_STYLE('',(#15332));
#15332 = FILL_AREA_STYLE_COLOUR('',#15276);
#15333 = STYLED_ITEM('color',(#15334),#3871);
#15334 = PRESENTATION_STYLE_ASSIGNMENT((#15335));
#15335 = SURFACE_STYLE_USAGE(.BOTH.,#15336);
#15336 = SURFACE_SIDE_STYLE('',(#15337));
#15337 = SURFACE_STYLE_FILL_AREA(#15338);
#15338 = FILL_AREA_STYLE('',(#15339));
#15339 = FILL_AREA_STYLE_COLOUR('',#15276);
#15340 = STYLED_ITEM('color',(#15341),#3957);
#15341 = PRESENTATION_STYLE_ASSIGNMENT((#15342));
#15342 = SURFACE_STYLE_USAGE(.BOTH.,#15343);
#15343 = SURFACE_SIDE_STYLE('',(#15344));
#15344 = SURFACE_STYLE_FILL_AREA(#15345);
#15345 = FILL_AREA_STYLE('',(#15346));
#15346 = FILL_AREA_STYLE_COLOUR('',#15347);
#15347 = COLOUR_RGB('',0.379000005575,0.270000008848,0.214999999939);
#15348 = STYLED_ITEM('color',(#15349),#3989);
#15349 = PRESENTATION_STYLE_ASSIGNMENT((#15350));
#15350 = SURFACE_STYLE_USAGE(.BOTH.,#15351);
#15351 = SURFACE_SIDE_STYLE('',(#15352));
#15352 = SURFACE_STYLE_FILL_AREA(#15353);
#15353 = FILL_AREA_STYLE('',(#15354));
#15354 = FILL_AREA_STYLE_COLOUR('',#15347);
#15355 = STYLED_ITEM('color',(#15356),#4013);
#15356 = PRESENTATION_STYLE_ASSIGNMENT((#15357));
#15357 = SURFACE_STYLE_USAGE(.BOTH.,#15358);
#15358 = SURFACE_SIDE_STYLE('',(#15359));
#15359 = SURFACE_STYLE_FILL_AREA(#15360);
#15360 = FILL_AREA_STYLE('',(#15361));
#15361 = FILL_AREA_STYLE_COLOUR('',#15347);
#15362 = STYLED_ITEM('color',(#15363),#4038);
#15363 = PRESENTATION_STYLE_ASSIGNMENT((#15364));
#15364 = SURFACE_STYLE_USAGE(.BOTH.,#15365);
#15365 = SURFACE_SIDE_STYLE('',(#15366));
#15366 = SURFACE_STYLE_FILL_AREA(#15367);
#15367 = FILL_AREA_STYLE('',(#15368));
#15368 = FILL_AREA_STYLE_COLOUR('',#15347);
#15369 = STYLED_ITEM('color',(#15370),#4062);
#15370 = PRESENTATION_STYLE_ASSIGNMENT((#15371));
#15371 = SURFACE_STYLE_USAGE(.BOTH.,#15372);
#15372 = SURFACE_SIDE_STYLE('',(#15373));
#15373 = SURFACE_STYLE_FILL_AREA(#15374);
#15374 = FILL_AREA_STYLE('',(#15375));
#15375 = FILL_AREA_STYLE_COLOUR('',#15347);
#15376 = STYLED_ITEM('color',(#15377),#4087);
#15377 = PRESENTATION_STYLE_ASSIGNMENT((#15378));
#15378 = SURFACE_STYLE_USAGE(.BOTH.,#15379);
#15379 = SURFACE_SIDE_STYLE('',(#15380));
#15380 = SURFACE_STYLE_FILL_AREA(#15381);
#15381 = FILL_AREA_STYLE('',(#15382));
#15382 = FILL_AREA_STYLE_COLOUR('',#15347);
#15383 = STYLED_ITEM('color',(#15384),#4111);
#15384 = PRESENTATION_STYLE_ASSIGNMENT((#15385));
#15385 = SURFACE_STYLE_USAGE(.BOTH.,#15386);
#15386 = SURFACE_SIDE_STYLE('',(#15387));
#15387 = SURFACE_STYLE_FILL_AREA(#15388);
#15388 = FILL_AREA_STYLE('',(#15389));
#15389 = FILL_AREA_STYLE_COLOUR('',#15347);
#15390 = STYLED_ITEM('color',(#15391),#4136);
#15391 = PRESENTATION_STYLE_ASSIGNMENT((#15392));
#15392 = SURFACE_STYLE_USAGE(.BOTH.,#15393);
#15393 = SURFACE_SIDE_STYLE('',(#15394));
#15394 = SURFACE_STYLE_FILL_AREA(#15395);
#15395 = FILL_AREA_STYLE('',(#15396));
#15396 = FILL_AREA_STYLE_COLOUR('',#15347);
#15397 = STYLED_ITEM('color',(#15398),#4153);
#15398 = PRESENTATION_STYLE_ASSIGNMENT((#15399));
#15399 = SURFACE_STYLE_USAGE(.BOTH.,#15400);
#15400 = SURFACE_SIDE_STYLE('',(#15401));
#15401 = SURFACE_STYLE_FILL_AREA(#15402);
#15402 = FILL_AREA_STYLE('',(#15403));
#15403 = FILL_AREA_STYLE_COLOUR('',#15276);
#15404 = STYLED_ITEM('color',(#15405),#4239);
#15405 = PRESENTATION_STYLE_ASSIGNMENT((#15406));
#15406 = SURFACE_STYLE_USAGE(.BOTH.,#15407);
#15407 = SURFACE_SIDE_STYLE('',(#15408));
#15408 = SURFACE_STYLE_FILL_AREA(#15409);
#15409 = FILL_AREA_STYLE('',(#15410));
#15410 = FILL_AREA_STYLE_COLOUR('',#15276);
#15411 = STYLED_ITEM('color',(#15412),#4270);
#15412 = PRESENTATION_STYLE_ASSIGNMENT((#15413));
#15413 = SURFACE_STYLE_USAGE(.BOTH.,#15414);
#15414 = SURFACE_SIDE_STYLE('',(#15415));
#15415 = SURFACE_STYLE_FILL_AREA(#15416);
#15416 = FILL_AREA_STYLE('',(#15417));
#15417 = FILL_AREA_STYLE_COLOUR('',#15276);
#15418 = STYLED_ITEM('color',(#15419),#4295);
#15419 = PRESENTATION_STYLE_ASSIGNMENT((#15420));
#15420 = SURFACE_STYLE_USAGE(.BOTH.,#15421);
#15421 = SURFACE_SIDE_STYLE('',(#15422));
#15422 = SURFACE_STYLE_FILL_AREA(#15423);
#15423 = FILL_AREA_STYLE('',(#15424));
#15424 = FILL_AREA_STYLE_COLOUR('',#15276);
#15425 = STYLED_ITEM('color',(#15426),#4320);
#15426 = PRESENTATION_STYLE_ASSIGNMENT((#15427));
#15427 = SURFACE_STYLE_USAGE(.BOTH.,#15428);
#15428 = SURFACE_SIDE_STYLE('',(#15429));
#15429 = SURFACE_STYLE_FILL_AREA(#15430);
#15430 = FILL_AREA_STYLE('',(#15431));
#15431 = FILL_AREA_STYLE_COLOUR('',#15276);
#15432 = STYLED_ITEM('color',(#15433),#4344);
#15433 = PRESENTATION_STYLE_ASSIGNMENT((#15434));
#15434 = SURFACE_STYLE_USAGE(.BOTH.,#15435);
#15435 = SURFACE_SIDE_STYLE('',(#15436));
#15436 = SURFACE_STYLE_FILL_AREA(#15437);
#15437 = FILL_AREA_STYLE('',(#15438));
#15438 = FILL_AREA_STYLE_COLOUR('',#15276);
#15439 = STYLED_ITEM('color',(#15440),#4368);
#15440 = PRESENTATION_STYLE_ASSIGNMENT((#15441));
#15441 = SURFACE_STYLE_USAGE(.BOTH.,#15442);
#15442 = SURFACE_SIDE_STYLE('',(#15443));
#15443 = SURFACE_STYLE_FILL_AREA(#15444);
#15444 = FILL_AREA_STYLE('',(#15445));
#15445 = FILL_AREA_STYLE_COLOUR('',#15276);
#15446 = STYLED_ITEM('color',(#15447),#4393);
#15447 = PRESENTATION_STYLE_ASSIGNMENT((#15448));
#15448 = SURFACE_STYLE_USAGE(.BOTH.,#15449);
#15449 = SURFACE_SIDE_STYLE('',(#15450));
#15450 = SURFACE_STYLE_FILL_AREA(#15451);
#15451 = FILL_AREA_STYLE('',(#15452));
#15452 = FILL_AREA_STYLE_COLOUR('',#15276);
#15453 = STYLED_ITEM('color',(#15454),#4418);
#15454 = PRESENTATION_STYLE_ASSIGNMENT((#15455));
#15455 = SURFACE_STYLE_USAGE(.BOTH.,#15456);
#15456 = SURFACE_SIDE_STYLE('',(#15457));
#15457 = SURFACE_STYLE_FILL_AREA(#15458);
#15458 = FILL_AREA_STYLE('',(#15459));
#15459 = FILL_AREA_STYLE_COLOUR('',#15276);
#15460 = STYLED_ITEM('color',(#15461),#4435);
#15461 = PRESENTATION_STYLE_ASSIGNMENT((#15462));
#15462 = SURFACE_STYLE_USAGE(.BOTH.,#15463);
#15463 = SURFACE_SIDE_STYLE('',(#15464));
#15464 = SURFACE_STYLE_FILL_AREA(#15465);
#15465 = FILL_AREA_STYLE('',(#15466));
#15466 = FILL_AREA_STYLE_COLOUR('',#15276);
#15467 = MECHANICAL_DESIGN_GEOMETRIC_PRESENTATION_REPRESENTATION('',(
    #15468,#15475,#15482,#15489,#15496,#15503,#15510,#15517,#15524,
    #15531,#15538,#15545,#15552,#15559,#15566,#15573,#15580,#15587,
    #15594,#15601,#15608,#15615,#15622,#15629,#15636,#15643,#15650,
    #15657,#15664,#15671,#15678,#15685,#15692,#15699,#15706,#15713,
    #15720,#15727,#15734,#15741,#15748,#15755,#15762,#15769,#15776,
    #15783,#15790,#15797,#15804,#15811,#15818,#15825,#15832,#15839,
    #15846,#15853,#15860,#15867,#15874,#15881,#15888,#15895,#15902,
    #15909,#15916,#15923,#15930,#15937,#15944,#15951,#15958,#15965,
    #15972,#15979,#15986,#15993),#2283);
#15468 = STYLED_ITEM('color',(#15469),#179);
#15469 = PRESENTATION_STYLE_ASSIGNMENT((#15470));
#15470 = SURFACE_STYLE_USAGE(.BOTH.,#15471);
#15471 = SURFACE_SIDE_STYLE('',(#15472));
#15472 = SURFACE_STYLE_FILL_AREA(#15473);
#15473 = FILL_AREA_STYLE('',(#15474));
#15474 = FILL_AREA_STYLE_COLOUR('',#14573);
#15475 = STYLED_ITEM('color',(#15476),#219);
#15476 = PRESENTATION_STYLE_ASSIGNMENT((#15477));
#15477 = SURFACE_STYLE_USAGE(.BOTH.,#15478);
#15478 = SURFACE_SIDE_STYLE('',(#15479));
#15479 = SURFACE_STYLE_FILL_AREA(#15480);
#15480 = FILL_AREA_STYLE('',(#15481));
#15481 = FILL_AREA_STYLE_COLOUR('',#14573);
#15482 = STYLED_ITEM('color',(#15483),#250);
#15483 = PRESENTATION_STYLE_ASSIGNMENT((#15484));
#15484 = SURFACE_STYLE_USAGE(.BOTH.,#15485);
#15485 = SURFACE_SIDE_STYLE('',(#15486));
#15486 = SURFACE_STYLE_FILL_AREA(#15487);
#15487 = FILL_AREA_STYLE('',(#15488));
#15488 = FILL_AREA_STYLE_COLOUR('',#14573);
#15489 = STYLED_ITEM('color',(#15490),#281);
#15490 = PRESENTATION_STYLE_ASSIGNMENT((#15491));
#15491 = SURFACE_STYLE_USAGE(.BOTH.,#15492);
#15492 = SURFACE_SIDE_STYLE('',(#15493));
#15493 = SURFACE_STYLE_FILL_AREA(#15494);
#15494 = FILL_AREA_STYLE('',(#15495));
#15495 = FILL_AREA_STYLE_COLOUR('',#14573);
#15496 = STYLED_ITEM('color',(#15497),#528);
#15497 = PRESENTATION_STYLE_ASSIGNMENT((#15498));
#15498 = SURFACE_STYLE_USAGE(.BOTH.,#15499);
#15499 = SURFACE_SIDE_STYLE('',(#15500));
#15500 = SURFACE_STYLE_FILL_AREA(#15501);
#15501 = FILL_AREA_STYLE('',(#15502));
#15502 = FILL_AREA_STYLE_COLOUR('',#14573);
#15503 = STYLED_ITEM('color',(#15504),#775);
#15504 = PRESENTATION_STYLE_ASSIGNMENT((#15505));
#15505 = SURFACE_STYLE_USAGE(.BOTH.,#15506);
#15506 = SURFACE_SIDE_STYLE('',(#15507));
#15507 = SURFACE_STYLE_FILL_AREA(#15508);
#15508 = FILL_AREA_STYLE('',(#15509));
#15509 = FILL_AREA_STYLE_COLOUR('',#14573);
#15510 = STYLED_ITEM('color',(#15511),#792);
#15511 = PRESENTATION_STYLE_ASSIGNMENT((#15512));
#15512 = SURFACE_STYLE_USAGE(.BOTH.,#15513);
#15513 = SURFACE_SIDE_STYLE('',(#15514));
#15514 = SURFACE_STYLE_FILL_AREA(#15515);
#15515 = FILL_AREA_STYLE('',(#15516));
#15516 = FILL_AREA_STYLE_COLOUR('',#14573);
#15517 = STYLED_ITEM('color',(#15518),#809);
#15518 = PRESENTATION_STYLE_ASSIGNMENT((#15519));
#15519 = SURFACE_STYLE_USAGE(.BOTH.,#15520);
#15520 = SURFACE_SIDE_STYLE('',(#15521));
#15521 = SURFACE_STYLE_FILL_AREA(#15522);
#15522 = FILL_AREA_STYLE('',(#15523));
#15523 = FILL_AREA_STYLE_COLOUR('',#14573);
#15524 = STYLED_ITEM('color',(#15525),#826);
#15525 = PRESENTATION_STYLE_ASSIGNMENT((#15526));
#15526 = SURFACE_STYLE_USAGE(.BOTH.,#15527);
#15527 = SURFACE_SIDE_STYLE('',(#15528));
#15528 = SURFACE_STYLE_FILL_AREA(#15529);
#15529 = FILL_AREA_STYLE('',(#15530));
#15530 = FILL_AREA_STYLE_COLOUR('',#14573);
#15531 = STYLED_ITEM('color',(#15532),#843);
#15532 = PRESENTATION_STYLE_ASSIGNMENT((#15533));
#15533 = SURFACE_STYLE_USAGE(.BOTH.,#15534);
#15534 = SURFACE_SIDE_STYLE('',(#15535));
#15535 = SURFACE_STYLE_FILL_AREA(#15536);
#15536 = FILL_AREA_STYLE('',(#15537));
#15537 = FILL_AREA_STYLE_COLOUR('',#14573);
#15538 = STYLED_ITEM('color',(#15539),#860);
#15539 = PRESENTATION_STYLE_ASSIGNMENT((#15540));
#15540 = SURFACE_STYLE_USAGE(.BOTH.,#15541);
#15541 = SURFACE_SIDE_STYLE('',(#15542));
#15542 = SURFACE_STYLE_FILL_AREA(#15543);
#15543 = FILL_AREA_STYLE('',(#15544));
#15544 = FILL_AREA_STYLE_COLOUR('',#14573);
#15545 = STYLED_ITEM('color',(#15546),#877);
#15546 = PRESENTATION_STYLE_ASSIGNMENT((#15547));
#15547 = SURFACE_STYLE_USAGE(.BOTH.,#15548);
#15548 = SURFACE_SIDE_STYLE('',(#15549));
#15549 = SURFACE_STYLE_FILL_AREA(#15550);
#15550 = FILL_AREA_STYLE('',(#15551));
#15551 = FILL_AREA_STYLE_COLOUR('',#14573);
#15552 = STYLED_ITEM('color',(#15553),#894);
#15553 = PRESENTATION_STYLE_ASSIGNMENT((#15554));
#15554 = SURFACE_STYLE_USAGE(.BOTH.,#15555);
#15555 = SURFACE_SIDE_STYLE('',(#15556));
#15556 = SURFACE_STYLE_FILL_AREA(#15557);
#15557 = FILL_AREA_STYLE('',(#15558));
#15558 = FILL_AREA_STYLE_COLOUR('',#14573);
#15559 = STYLED_ITEM('color',(#15560),#911);
#15560 = PRESENTATION_STYLE_ASSIGNMENT((#15561));
#15561 = SURFACE_STYLE_USAGE(.BOTH.,#15562);
#15562 = SURFACE_SIDE_STYLE('',(#15563));
#15563 = SURFACE_STYLE_FILL_AREA(#15564);
#15564 = FILL_AREA_STYLE('',(#15565));
#15565 = FILL_AREA_STYLE_COLOUR('',#14573);
#15566 = STYLED_ITEM('color',(#15567),#928);
#15567 = PRESENTATION_STYLE_ASSIGNMENT((#15568));
#15568 = SURFACE_STYLE_USAGE(.BOTH.,#15569);
#15569 = SURFACE_SIDE_STYLE('',(#15570));
#15570 = SURFACE_STYLE_FILL_AREA(#15571);
#15571 = FILL_AREA_STYLE('',(#15572));
#15572 = FILL_AREA_STYLE_COLOUR('',#14573);
#15573 = STYLED_ITEM('color',(#15574),#945);
#15574 = PRESENTATION_STYLE_ASSIGNMENT((#15575));
#15575 = SURFACE_STYLE_USAGE(.BOTH.,#15576);
#15576 = SURFACE_SIDE_STYLE('',(#15577));
#15577 = SURFACE_STYLE_FILL_AREA(#15578);
#15578 = FILL_AREA_STYLE('',(#15579));
#15579 = FILL_AREA_STYLE_COLOUR('',#14573);
#15580 = STYLED_ITEM('color',(#15581),#962);
#15581 = PRESENTATION_STYLE_ASSIGNMENT((#15582));
#15582 = SURFACE_STYLE_USAGE(.BOTH.,#15583);
#15583 = SURFACE_SIDE_STYLE('',(#15584));
#15584 = SURFACE_STYLE_FILL_AREA(#15585);
#15585 = FILL_AREA_STYLE('',(#15586));
#15586 = FILL_AREA_STYLE_COLOUR('',#14573);
#15587 = STYLED_ITEM('color',(#15588),#979);
#15588 = PRESENTATION_STYLE_ASSIGNMENT((#15589));
#15589 = SURFACE_STYLE_USAGE(.BOTH.,#15590);
#15590 = SURFACE_SIDE_STYLE('',(#15591));
#15591 = SURFACE_STYLE_FILL_AREA(#15592);
#15592 = FILL_AREA_STYLE('',(#15593));
#15593 = FILL_AREA_STYLE_COLOUR('',#14573);
#15594 = STYLED_ITEM('color',(#15595),#996);
#15595 = PRESENTATION_STYLE_ASSIGNMENT((#15596));
#15596 = SURFACE_STYLE_USAGE(.BOTH.,#15597);
#15597 = SURFACE_SIDE_STYLE('',(#15598));
#15598 = SURFACE_STYLE_FILL_AREA(#15599);
#15599 = FILL_AREA_STYLE('',(#15600));
#15600 = FILL_AREA_STYLE_COLOUR('',#14573);
#15601 = STYLED_ITEM('color',(#15602),#1013);
#15602 = PRESENTATION_STYLE_ASSIGNMENT((#15603));
#15603 = SURFACE_STYLE_USAGE(.BOTH.,#15604);
#15604 = SURFACE_SIDE_STYLE('',(#15605));
#15605 = SURFACE_STYLE_FILL_AREA(#15606);
#15606 = FILL_AREA_STYLE('',(#15607));
#15607 = FILL_AREA_STYLE_COLOUR('',#14573);
#15608 = STYLED_ITEM('color',(#15609),#1030);
#15609 = PRESENTATION_STYLE_ASSIGNMENT((#15610));
#15610 = SURFACE_STYLE_USAGE(.BOTH.,#15611);
#15611 = SURFACE_SIDE_STYLE('',(#15612));
#15612 = SURFACE_STYLE_FILL_AREA(#15613);
#15613 = FILL_AREA_STYLE('',(#15614));
#15614 = FILL_AREA_STYLE_COLOUR('',#14573);
#15615 = STYLED_ITEM('color',(#15616),#1047);
#15616 = PRESENTATION_STYLE_ASSIGNMENT((#15617));
#15617 = SURFACE_STYLE_USAGE(.BOTH.,#15618);
#15618 = SURFACE_SIDE_STYLE('',(#15619));
#15619 = SURFACE_STYLE_FILL_AREA(#15620);
#15620 = FILL_AREA_STYLE('',(#15621));
#15621 = FILL_AREA_STYLE_COLOUR('',#14573);
#15622 = STYLED_ITEM('color',(#15623),#1059);
#15623 = PRESENTATION_STYLE_ASSIGNMENT((#15624));
#15624 = SURFACE_STYLE_USAGE(.BOTH.,#15625);
#15625 = SURFACE_SIDE_STYLE('',(#15626));
#15626 = SURFACE_STYLE_FILL_AREA(#15627);
#15627 = FILL_AREA_STYLE('',(#15628));
#15628 = FILL_AREA_STYLE_COLOUR('',#14770);
#15629 = STYLED_ITEM('color',(#15630),#1090);
#15630 = PRESENTATION_STYLE_ASSIGNMENT((#15631));
#15631 = SURFACE_STYLE_USAGE(.BOTH.,#15632);
#15632 = SURFACE_SIDE_STYLE('',(#15633));
#15633 = SURFACE_STYLE_FILL_AREA(#15634);
#15634 = FILL_AREA_STYLE('',(#15635));
#15635 = FILL_AREA_STYLE_COLOUR('',#14770);
#15636 = STYLED_ITEM('color',(#15637),#1114);
#15637 = PRESENTATION_STYLE_ASSIGNMENT((#15638));
#15638 = SURFACE_STYLE_USAGE(.BOTH.,#15639);
#15639 = SURFACE_SIDE_STYLE('',(#15640));
#15640 = SURFACE_STYLE_FILL_AREA(#15641);
#15641 = FILL_AREA_STYLE('',(#15642));
#15642 = FILL_AREA_STYLE_COLOUR('',#14770);
#15643 = STYLED_ITEM('color',(#15644),#1138);
#15644 = PRESENTATION_STYLE_ASSIGNMENT((#15645));
#15645 = SURFACE_STYLE_USAGE(.BOTH.,#15646);
#15646 = SURFACE_SIDE_STYLE('',(#15647));
#15647 = SURFACE_STYLE_FILL_AREA(#15648);
#15648 = FILL_AREA_STYLE('',(#15649));
#15649 = FILL_AREA_STYLE_COLOUR('',#14770);
#15650 = STYLED_ITEM('color',(#15651),#1155);
#15651 = PRESENTATION_STYLE_ASSIGNMENT((#15652));
#15652 = SURFACE_STYLE_USAGE(.BOTH.,#15653);
#15653 = SURFACE_SIDE_STYLE('',(#15654));
#15654 = SURFACE_STYLE_FILL_AREA(#15655);
#15655 = FILL_AREA_STYLE('',(#15656));
#15656 = FILL_AREA_STYLE_COLOUR('',#14770);
#15657 = STYLED_ITEM('color',(#15658),#1186);
#15658 = PRESENTATION_STYLE_ASSIGNMENT((#15659));
#15659 = SURFACE_STYLE_USAGE(.BOTH.,#15660);
#15660 = SURFACE_SIDE_STYLE('',(#15661));
#15661 = SURFACE_STYLE_FILL_AREA(#15662);
#15662 = FILL_AREA_STYLE('',(#15663));
#15663 = FILL_AREA_STYLE_COLOUR('',#14770);
#15664 = STYLED_ITEM('color',(#15665),#1210);
#15665 = PRESENTATION_STYLE_ASSIGNMENT((#15666));
#15666 = SURFACE_STYLE_USAGE(.BOTH.,#15667);
#15667 = SURFACE_SIDE_STYLE('',(#15668));
#15668 = SURFACE_STYLE_FILL_AREA(#15669);
#15669 = FILL_AREA_STYLE('',(#15670));
#15670 = FILL_AREA_STYLE_COLOUR('',#14770);
#15671 = STYLED_ITEM('color',(#15672),#1234);
#15672 = PRESENTATION_STYLE_ASSIGNMENT((#15673));
#15673 = SURFACE_STYLE_USAGE(.BOTH.,#15674);
#15674 = SURFACE_SIDE_STYLE('',(#15675));
#15675 = SURFACE_STYLE_FILL_AREA(#15676);
#15676 = FILL_AREA_STYLE('',(#15677));
#15677 = FILL_AREA_STYLE_COLOUR('',#14770);
#15678 = STYLED_ITEM('color',(#15679),#1251);
#15679 = PRESENTATION_STYLE_ASSIGNMENT((#15680));
#15680 = SURFACE_STYLE_USAGE(.BOTH.,#15681);
#15681 = SURFACE_SIDE_STYLE('',(#15682));
#15682 = SURFACE_STYLE_FILL_AREA(#15683);
#15683 = FILL_AREA_STYLE('',(#15684));
#15684 = FILL_AREA_STYLE_COLOUR('',#14770);
#15685 = STYLED_ITEM('color',(#15686),#1282);
#15686 = PRESENTATION_STYLE_ASSIGNMENT((#15687));
#15687 = SURFACE_STYLE_USAGE(.BOTH.,#15688);
#15688 = SURFACE_SIDE_STYLE('',(#15689));
#15689 = SURFACE_STYLE_FILL_AREA(#15690);
#15690 = FILL_AREA_STYLE('',(#15691));
#15691 = FILL_AREA_STYLE_COLOUR('',#14770);
#15692 = STYLED_ITEM('color',(#15693),#1306);
#15693 = PRESENTATION_STYLE_ASSIGNMENT((#15694));
#15694 = SURFACE_STYLE_USAGE(.BOTH.,#15695);
#15695 = SURFACE_SIDE_STYLE('',(#15696));
#15696 = SURFACE_STYLE_FILL_AREA(#15697);
#15697 = FILL_AREA_STYLE('',(#15698));
#15698 = FILL_AREA_STYLE_COLOUR('',#14770);
#15699 = STYLED_ITEM('color',(#15700),#1330);
#15700 = PRESENTATION_STYLE_ASSIGNMENT((#15701));
#15701 = SURFACE_STYLE_USAGE(.BOTH.,#15702);
#15702 = SURFACE_SIDE_STYLE('',(#15703));
#15703 = SURFACE_STYLE_FILL_AREA(#15704);
#15704 = FILL_AREA_STYLE('',(#15705));
#15705 = FILL_AREA_STYLE_COLOUR('',#14770);
#15706 = STYLED_ITEM('color',(#15707),#1347);
#15707 = PRESENTATION_STYLE_ASSIGNMENT((#15708));
#15708 = SURFACE_STYLE_USAGE(.BOTH.,#15709);
#15709 = SURFACE_SIDE_STYLE('',(#15710));
#15710 = SURFACE_STYLE_FILL_AREA(#15711);
#15711 = FILL_AREA_STYLE('',(#15712));
#15712 = FILL_AREA_STYLE_COLOUR('',#14770);
#15713 = STYLED_ITEM('color',(#15714),#1378);
#15714 = PRESENTATION_STYLE_ASSIGNMENT((#15715));
#15715 = SURFACE_STYLE_USAGE(.BOTH.,#15716);
#15716 = SURFACE_SIDE_STYLE('',(#15717));
#15717 = SURFACE_STYLE_FILL_AREA(#15718);
#15718 = FILL_AREA_STYLE('',(#15719));
#15719 = FILL_AREA_STYLE_COLOUR('',#14770);
#15720 = STYLED_ITEM('color',(#15721),#1402);
#15721 = PRESENTATION_STYLE_ASSIGNMENT((#15722));
#15722 = SURFACE_STYLE_USAGE(.BOTH.,#15723);
#15723 = SURFACE_SIDE_STYLE('',(#15724));
#15724 = SURFACE_STYLE_FILL_AREA(#15725);
#15725 = FILL_AREA_STYLE('',(#15726));
#15726 = FILL_AREA_STYLE_COLOUR('',#14770);
#15727 = STYLED_ITEM('color',(#15728),#1426);
#15728 = PRESENTATION_STYLE_ASSIGNMENT((#15729));
#15729 = SURFACE_STYLE_USAGE(.BOTH.,#15730);
#15730 = SURFACE_SIDE_STYLE('',(#15731));
#15731 = SURFACE_STYLE_FILL_AREA(#15732);
#15732 = FILL_AREA_STYLE('',(#15733));
#15733 = FILL_AREA_STYLE_COLOUR('',#14770);
#15734 = STYLED_ITEM('color',(#15735),#1443);
#15735 = PRESENTATION_STYLE_ASSIGNMENT((#15736));
#15736 = SURFACE_STYLE_USAGE(.BOTH.,#15737);
#15737 = SURFACE_SIDE_STYLE('',(#15738));
#15738 = SURFACE_STYLE_FILL_AREA(#15739);
#15739 = FILL_AREA_STYLE('',(#15740));
#15740 = FILL_AREA_STYLE_COLOUR('',#14770);
#15741 = STYLED_ITEM('color',(#15742),#1474);
#15742 = PRESENTATION_STYLE_ASSIGNMENT((#15743));
#15743 = SURFACE_STYLE_USAGE(.BOTH.,#15744);
#15744 = SURFACE_SIDE_STYLE('',(#15745));
#15745 = SURFACE_STYLE_FILL_AREA(#15746);
#15746 = FILL_AREA_STYLE('',(#15747));
#15747 = FILL_AREA_STYLE_COLOUR('',#14770);
#15748 = STYLED_ITEM('color',(#15749),#1498);
#15749 = PRESENTATION_STYLE_ASSIGNMENT((#15750));
#15750 = SURFACE_STYLE_USAGE(.BOTH.,#15751);
#15751 = SURFACE_SIDE_STYLE('',(#15752));
#15752 = SURFACE_STYLE_FILL_AREA(#15753);
#15753 = FILL_AREA_STYLE('',(#15754));
#15754 = FILL_AREA_STYLE_COLOUR('',#14770);
#15755 = STYLED_ITEM('color',(#15756),#1522);
#15756 = PRESENTATION_STYLE_ASSIGNMENT((#15757));
#15757 = SURFACE_STYLE_USAGE(.BOTH.,#15758);
#15758 = SURFACE_SIDE_STYLE('',(#15759));
#15759 = SURFACE_STYLE_FILL_AREA(#15760);
#15760 = FILL_AREA_STYLE('',(#15761));
#15761 = FILL_AREA_STYLE_COLOUR('',#14770);
#15762 = STYLED_ITEM('color',(#15763),#1539);
#15763 = PRESENTATION_STYLE_ASSIGNMENT((#15764));
#15764 = SURFACE_STYLE_USAGE(.BOTH.,#15765);
#15765 = SURFACE_SIDE_STYLE('',(#15766));
#15766 = SURFACE_STYLE_FILL_AREA(#15767);
#15767 = FILL_AREA_STYLE('',(#15768));
#15768 = FILL_AREA_STYLE_COLOUR('',#14770);
#15769 = STYLED_ITEM('color',(#15770),#1570);
#15770 = PRESENTATION_STYLE_ASSIGNMENT((#15771));
#15771 = SURFACE_STYLE_USAGE(.BOTH.,#15772);
#15772 = SURFACE_SIDE_STYLE('',(#15773));
#15773 = SURFACE_STYLE_FILL_AREA(#15774);
#15774 = FILL_AREA_STYLE('',(#15775));
#15775 = FILL_AREA_STYLE_COLOUR('',#14770);
#15776 = STYLED_ITEM('color',(#15777),#1594);
#15777 = PRESENTATION_STYLE_ASSIGNMENT((#15778));
#15778 = SURFACE_STYLE_USAGE(.BOTH.,#15779);
#15779 = SURFACE_SIDE_STYLE('',(#15780));
#15780 = SURFACE_STYLE_FILL_AREA(#15781);
#15781 = FILL_AREA_STYLE('',(#15782));
#15782 = FILL_AREA_STYLE_COLOUR('',#14770);
#15783 = STYLED_ITEM('color',(#15784),#1618);
#15784 = PRESENTATION_STYLE_ASSIGNMENT((#15785));
#15785 = SURFACE_STYLE_USAGE(.BOTH.,#15786);
#15786 = SURFACE_SIDE_STYLE('',(#15787));
#15787 = SURFACE_STYLE_FILL_AREA(#15788);
#15788 = FILL_AREA_STYLE('',(#15789));
#15789 = FILL_AREA_STYLE_COLOUR('',#14770);
#15790 = STYLED_ITEM('color',(#15791),#1635);
#15791 = PRESENTATION_STYLE_ASSIGNMENT((#15792));
#15792 = SURFACE_STYLE_USAGE(.BOTH.,#15793);
#15793 = SURFACE_SIDE_STYLE('',(#15794));
#15794 = SURFACE_STYLE_FILL_AREA(#15795);
#15795 = FILL_AREA_STYLE('',(#15796));
#15796 = FILL_AREA_STYLE_COLOUR('',#14770);
#15797 = STYLED_ITEM('color',(#15798),#1666);
#15798 = PRESENTATION_STYLE_ASSIGNMENT((#15799));
#15799 = SURFACE_STYLE_USAGE(.BOTH.,#15800);
#15800 = SURFACE_SIDE_STYLE('',(#15801));
#15801 = SURFACE_STYLE_FILL_AREA(#15802);
#15802 = FILL_AREA_STYLE('',(#15803));
#15803 = FILL_AREA_STYLE_COLOUR('',#14770);
#15804 = STYLED_ITEM('color',(#15805),#1690);
#15805 = PRESENTATION_STYLE_ASSIGNMENT((#15806));
#15806 = SURFACE_STYLE_USAGE(.BOTH.,#15807);
#15807 = SURFACE_SIDE_STYLE('',(#15808));
#15808 = SURFACE_STYLE_FILL_AREA(#15809);
#15809 = FILL_AREA_STYLE('',(#15810));
#15810 = FILL_AREA_STYLE_COLOUR('',#14770);
#15811 = STYLED_ITEM('color',(#15812),#1714);
#15812 = PRESENTATION_STYLE_ASSIGNMENT((#15813));
#15813 = SURFACE_STYLE_USAGE(.BOTH.,#15814);
#15814 = SURFACE_SIDE_STYLE('',(#15815));
#15815 = SURFACE_STYLE_FILL_AREA(#15816);
#15816 = FILL_AREA_STYLE('',(#15817));
#15817 = FILL_AREA_STYLE_COLOUR('',#14770);
#15818 = STYLED_ITEM('color',(#15819),#1731);
#15819 = PRESENTATION_STYLE_ASSIGNMENT((#15820));
#15820 = SURFACE_STYLE_USAGE(.BOTH.,#15821);
#15821 = SURFACE_SIDE_STYLE('',(#15822));
#15822 = SURFACE_STYLE_FILL_AREA(#15823);
#15823 = FILL_AREA_STYLE('',(#15824));
#15824 = FILL_AREA_STYLE_COLOUR('',#14770);
#15825 = STYLED_ITEM('color',(#15826),#1762);
#15826 = PRESENTATION_STYLE_ASSIGNMENT((#15827));
#15827 = SURFACE_STYLE_USAGE(.BOTH.,#15828);
#15828 = SURFACE_SIDE_STYLE('',(#15829));
#15829 = SURFACE_STYLE_FILL_AREA(#15830);
#15830 = FILL_AREA_STYLE('',(#15831));
#15831 = FILL_AREA_STYLE_COLOUR('',#14770);
#15832 = STYLED_ITEM('color',(#15833),#1786);
#15833 = PRESENTATION_STYLE_ASSIGNMENT((#15834));
#15834 = SURFACE_STYLE_USAGE(.BOTH.,#15835);
#15835 = SURFACE_SIDE_STYLE('',(#15836));
#15836 = SURFACE_STYLE_FILL_AREA(#15837);
#15837 = FILL_AREA_STYLE('',(#15838));
#15838 = FILL_AREA_STYLE_COLOUR('',#14770);
#15839 = STYLED_ITEM('color',(#15840),#1810);
#15840 = PRESENTATION_STYLE_ASSIGNMENT((#15841));
#15841 = SURFACE_STYLE_USAGE(.BOTH.,#15842);
#15842 = SURFACE_SIDE_STYLE('',(#15843));
#15843 = SURFACE_STYLE_FILL_AREA(#15844);
#15844 = FILL_AREA_STYLE('',(#15845));
#15845 = FILL_AREA_STYLE_COLOUR('',#14770);
#15846 = STYLED_ITEM('color',(#15847),#1827);
#15847 = PRESENTATION_STYLE_ASSIGNMENT((#15848));
#15848 = SURFACE_STYLE_USAGE(.BOTH.,#15849);
#15849 = SURFACE_SIDE_STYLE('',(#15850));
#15850 = SURFACE_STYLE_FILL_AREA(#15851);
#15851 = FILL_AREA_STYLE('',(#15852));
#15852 = FILL_AREA_STYLE_COLOUR('',#14770);
#15853 = STYLED_ITEM('color',(#15854),#1858);
#15854 = PRESENTATION_STYLE_ASSIGNMENT((#15855));
#15855 = SURFACE_STYLE_USAGE(.BOTH.,#15856);
#15856 = SURFACE_SIDE_STYLE('',(#15857));
#15857 = SURFACE_STYLE_FILL_AREA(#15858);
#15858 = FILL_AREA_STYLE('',(#15859));
#15859 = FILL_AREA_STYLE_COLOUR('',#14770);
#15860 = STYLED_ITEM('color',(#15861),#1882);
#15861 = PRESENTATION_STYLE_ASSIGNMENT((#15862));
#15862 = SURFACE_STYLE_USAGE(.BOTH.,#15863);
#15863 = SURFACE_SIDE_STYLE('',(#15864));
#15864 = SURFACE_STYLE_FILL_AREA(#15865);
#15865 = FILL_AREA_STYLE('',(#15866));
#15866 = FILL_AREA_STYLE_COLOUR('',#14770);
#15867 = STYLED_ITEM('color',(#15868),#1906);
#15868 = PRESENTATION_STYLE_ASSIGNMENT((#15869));
#15869 = SURFACE_STYLE_USAGE(.BOTH.,#15870);
#15870 = SURFACE_SIDE_STYLE('',(#15871));
#15871 = SURFACE_STYLE_FILL_AREA(#15872);
#15872 = FILL_AREA_STYLE('',(#15873));
#15873 = FILL_AREA_STYLE_COLOUR('',#14770);
#15874 = STYLED_ITEM('color',(#15875),#1923);
#15875 = PRESENTATION_STYLE_ASSIGNMENT((#15876));
#15876 = SURFACE_STYLE_USAGE(.BOTH.,#15877);
#15877 = SURFACE_SIDE_STYLE('',(#15878));
#15878 = SURFACE_STYLE_FILL_AREA(#15879);
#15879 = FILL_AREA_STYLE('',(#15880));
#15880 = FILL_AREA_STYLE_COLOUR('',#14770);
#15881 = STYLED_ITEM('color',(#15882),#1954);
#15882 = PRESENTATION_STYLE_ASSIGNMENT((#15883));
#15883 = SURFACE_STYLE_USAGE(.BOTH.,#15884);
#15884 = SURFACE_SIDE_STYLE('',(#15885));
#15885 = SURFACE_STYLE_FILL_AREA(#15886);
#15886 = FILL_AREA_STYLE('',(#15887));
#15887 = FILL_AREA_STYLE_COLOUR('',#14770);
#15888 = STYLED_ITEM('color',(#15889),#1978);
#15889 = PRESENTATION_STYLE_ASSIGNMENT((#15890));
#15890 = SURFACE_STYLE_USAGE(.BOTH.,#15891);
#15891 = SURFACE_SIDE_STYLE('',(#15892));
#15892 = SURFACE_STYLE_FILL_AREA(#15893);
#15893 = FILL_AREA_STYLE('',(#15894));
#15894 = FILL_AREA_STYLE_COLOUR('',#14770);
#15895 = STYLED_ITEM('color',(#15896),#2002);
#15896 = PRESENTATION_STYLE_ASSIGNMENT((#15897));
#15897 = SURFACE_STYLE_USAGE(.BOTH.,#15898);
#15898 = SURFACE_SIDE_STYLE('',(#15899));
#15899 = SURFACE_STYLE_FILL_AREA(#15900);
#15900 = FILL_AREA_STYLE('',(#15901));
#15901 = FILL_AREA_STYLE_COLOUR('',#14770);
#15902 = STYLED_ITEM('color',(#15903),#2019);
#15903 = PRESENTATION_STYLE_ASSIGNMENT((#15904));
#15904 = SURFACE_STYLE_USAGE(.BOTH.,#15905);
#15905 = SURFACE_SIDE_STYLE('',(#15906));
#15906 = SURFACE_STYLE_FILL_AREA(#15907);
#15907 = FILL_AREA_STYLE('',(#15908));
#15908 = FILL_AREA_STYLE_COLOUR('',#14770);
#15909 = STYLED_ITEM('color',(#15910),#2050);
#15910 = PRESENTATION_STYLE_ASSIGNMENT((#15911));
#15911 = SURFACE_STYLE_USAGE(.BOTH.,#15912);
#15912 = SURFACE_SIDE_STYLE('',(#15913));
#15913 = SURFACE_STYLE_FILL_AREA(#15914);
#15914 = FILL_AREA_STYLE('',(#15915));
#15915 = FILL_AREA_STYLE_COLOUR('',#14770);
#15916 = STYLED_ITEM('color',(#15917),#2074);
#15917 = PRESENTATION_STYLE_ASSIGNMENT((#15918));
#15918 = SURFACE_STYLE_USAGE(.BOTH.,#15919);
#15919 = SURFACE_SIDE_STYLE('',(#15920));
#15920 = SURFACE_STYLE_FILL_AREA(#15921);
#15921 = FILL_AREA_STYLE('',(#15922));
#15922 = FILL_AREA_STYLE_COLOUR('',#14770);
#15923 = STYLED_ITEM('color',(#15924),#2098);
#15924 = PRESENTATION_STYLE_ASSIGNMENT((#15925));
#15925 = SURFACE_STYLE_USAGE(.BOTH.,#15926);
#15926 = SURFACE_SIDE_STYLE('',(#15927));
#15927 = SURFACE_STYLE_FILL_AREA(#15928);
#15928 = FILL_AREA_STYLE('',(#15929));
#15929 = FILL_AREA_STYLE_COLOUR('',#14770);
#15930 = STYLED_ITEM('color',(#15931),#2115);
#15931 = PRESENTATION_STYLE_ASSIGNMENT((#15932));
#15932 = SURFACE_STYLE_USAGE(.BOTH.,#15933);
#15933 = SURFACE_SIDE_STYLE('',(#15934));
#15934 = SURFACE_STYLE_FILL_AREA(#15935);
#15935 = FILL_AREA_STYLE('',(#15936));
#15936 = FILL_AREA_STYLE_COLOUR('',#14770);
#15937 = STYLED_ITEM('color',(#15938),#2146);
#15938 = PRESENTATION_STYLE_ASSIGNMENT((#15939));
#15939 = SURFACE_STYLE_USAGE(.BOTH.,#15940);
#15940 = SURFACE_SIDE_STYLE('',(#15941));
#15941 = SURFACE_STYLE_FILL_AREA(#15942);
#15942 = FILL_AREA_STYLE('',(#15943));
#15943 = FILL_AREA_STYLE_COLOUR('',#14770);
#15944 = STYLED_ITEM('color',(#15945),#2170);
#15945 = PRESENTATION_STYLE_ASSIGNMENT((#15946));
#15946 = SURFACE_STYLE_USAGE(.BOTH.,#15947);
#15947 = SURFACE_SIDE_STYLE('',(#15948));
#15948 = SURFACE_STYLE_FILL_AREA(#15949);
#15949 = FILL_AREA_STYLE('',(#15950));
#15950 = FILL_AREA_STYLE_COLOUR('',#14770);
#15951 = STYLED_ITEM('color',(#15952),#2194);
#15952 = PRESENTATION_STYLE_ASSIGNMENT((#15953));
#15953 = SURFACE_STYLE_USAGE(.BOTH.,#15954);
#15954 = SURFACE_SIDE_STYLE('',(#15955));
#15955 = SURFACE_STYLE_FILL_AREA(#15956);
#15956 = FILL_AREA_STYLE('',(#15957));
#15957 = FILL_AREA_STYLE_COLOUR('',#14770);
#15958 = STYLED_ITEM('color',(#15959),#2211);
#15959 = PRESENTATION_STYLE_ASSIGNMENT((#15960));
#15960 = SURFACE_STYLE_USAGE(.BOTH.,#15961);
#15961 = SURFACE_SIDE_STYLE('',(#15962));
#15962 = SURFACE_STYLE_FILL_AREA(#15963);
#15963 = FILL_AREA_STYLE('',(#15964));
#15964 = FILL_AREA_STYLE_COLOUR('',#14770);
#15965 = STYLED_ITEM('color',(#15966),#2223);
#15966 = PRESENTATION_STYLE_ASSIGNMENT((#15967));
#15967 = SURFACE_STYLE_USAGE(.BOTH.,#15968);
#15968 = SURFACE_SIDE_STYLE('',(#15969));
#15969 = SURFACE_STYLE_FILL_AREA(#15970);
#15970 = FILL_AREA_STYLE('',(#15971));
#15971 = FILL_AREA_STYLE_COLOUR('',#14770);
#15972 = STYLED_ITEM('color',(#15973),#2235);
#15973 = PRESENTATION_STYLE_ASSIGNMENT((#15974));
#15974 = SURFACE_STYLE_USAGE(.BOTH.,#15975);
#15975 = SURFACE_SIDE_STYLE('',(#15976));
#15976 = SURFACE_STYLE_FILL_AREA(#15977);
#15977 = FILL_AREA_STYLE('',(#15978));
#15978 = FILL_AREA_STYLE_COLOUR('',#14770);
#15979 = STYLED_ITEM('color',(#15980),#2247);
#15980 = PRESENTATION_STYLE_ASSIGNMENT((#15981));
#15981 = SURFACE_STYLE_USAGE(.BOTH.,#15982);
#15982 = SURFACE_SIDE_STYLE('',(#15983));
#15983 = SURFACE_STYLE_FILL_AREA(#15984);
#15984 = FILL_AREA_STYLE('',(#15985));
#15985 = FILL_AREA_STYLE_COLOUR('',#14770);
#15986 = STYLED_ITEM('color',(#15987),#2259);
#15987 = PRESENTATION_STYLE_ASSIGNMENT((#15988));
#15988 = SURFACE_STYLE_USAGE(.BOTH.,#15989);
#15989 = SURFACE_SIDE_STYLE('',(#15990));
#15990 = SURFACE_STYLE_FILL_AREA(#15991);
#15991 = FILL_AREA_STYLE('',(#15992));
#15992 = FILL_AREA_STYLE_COLOUR('',#14770);
#15993 = STYLED_ITEM('color',(#15994),#2271);
#15994 = PRESENTATION_STYLE_ASSIGNMENT((#15995));
#15995 = SURFACE_STYLE_USAGE(.BOTH.,#15996);
#15996 = SURFACE_SIDE_STYLE('',(#15997));
#15997 = SURFACE_STYLE_FILL_AREA(#15998);
#15998 = FILL_AREA_STYLE('',(#15999));
#15999 = FILL_AREA_STYLE_COLOUR('',#14770);
#16000 = MECHANICAL_DESIGN_GEOMETRIC_PRESENTATION_REPRESENTATION('',(
    #16001,#16009,#16016,#16023,#16030,#16037,#16044,#16051,#16058,
    #16065,#16072,#16079,#16086,#16093,#16100,#16107,#16114),#8687);
#16001 = STYLED_ITEM('color',(#16002),#8302);
#16002 = PRESENTATION_STYLE_ASSIGNMENT((#16003));
#16003 = SURFACE_STYLE_USAGE(.BOTH.,#16004);
#16004 = SURFACE_SIDE_STYLE('',(#16005));
#16005 = SURFACE_STYLE_FILL_AREA(#16006);
#16006 = FILL_AREA_STYLE('',(#16007));
#16007 = FILL_AREA_STYLE_COLOUR('',#16008);
#16008 = COLOUR_RGB('',0.883000012551,0.711000022565,0.492000011028);
#16009 = STYLED_ITEM('color',(#16010),#8335);
#16010 = PRESENTATION_STYLE_ASSIGNMENT((#16011));
#16011 = SURFACE_STYLE_USAGE(.BOTH.,#16012);
#16012 = SURFACE_SIDE_STYLE('',(#16013));
#16013 = SURFACE_STYLE_FILL_AREA(#16014);
#16014 = FILL_AREA_STYLE('',(#16015));
#16015 = FILL_AREA_STYLE_COLOUR('',#16008);
#16016 = STYLED_ITEM('color',(#16017),#8361);
#16017 = PRESENTATION_STYLE_ASSIGNMENT((#16018));
#16018 = SURFACE_STYLE_USAGE(.BOTH.,#16019);
#16019 = SURFACE_SIDE_STYLE('',(#16020));
#16020 = SURFACE_STYLE_FILL_AREA(#16021);
#16021 = FILL_AREA_STYLE('',(#16022));
#16022 = FILL_AREA_STYLE_COLOUR('',#16008);
#16023 = STYLED_ITEM('color',(#16024),#8381);
#16024 = PRESENTATION_STYLE_ASSIGNMENT((#16025));
#16025 = SURFACE_STYLE_USAGE(.BOTH.,#16026);
#16026 = SURFACE_SIDE_STYLE('',(#16027));
#16027 = SURFACE_STYLE_FILL_AREA(#16028);
#16028 = FILL_AREA_STYLE('',(#16029));
#16029 = FILL_AREA_STYLE_COLOUR('',#16008);
#16030 = STYLED_ITEM('color',(#16031),#8401);
#16031 = PRESENTATION_STYLE_ASSIGNMENT((#16032));
#16032 = SURFACE_STYLE_USAGE(.BOTH.,#16033);
#16033 = SURFACE_SIDE_STYLE('',(#16034));
#16034 = SURFACE_STYLE_FILL_AREA(#16035);
#16035 = FILL_AREA_STYLE('',(#16036));
#16036 = FILL_AREA_STYLE_COLOUR('',#16008);
#16037 = STYLED_ITEM('color',(#16038),#8426);
#16038 = PRESENTATION_STYLE_ASSIGNMENT((#16039));
#16039 = SURFACE_STYLE_USAGE(.BOTH.,#16040);
#16040 = SURFACE_SIDE_STYLE('',(#16041));
#16041 = SURFACE_STYLE_FILL_AREA(#16042);
#16042 = FILL_AREA_STYLE('',(#16043));
#16043 = FILL_AREA_STYLE_COLOUR('',#15276);
#16044 = STYLED_ITEM('color',(#16045),#8451);
#16045 = PRESENTATION_STYLE_ASSIGNMENT((#16046));
#16046 = SURFACE_STYLE_USAGE(.BOTH.,#16047);
#16047 = SURFACE_SIDE_STYLE('',(#16048));
#16048 = SURFACE_STYLE_FILL_AREA(#16049);
#16049 = FILL_AREA_STYLE('',(#16050));
#16050 = FILL_AREA_STYLE_COLOUR('',#16008);
#16051 = STYLED_ITEM('color',(#16052),#8471);
#16052 = PRESENTATION_STYLE_ASSIGNMENT((#16053));
#16053 = SURFACE_STYLE_USAGE(.BOTH.,#16054);
#16054 = SURFACE_SIDE_STYLE('',(#16055));
#16055 = SURFACE_STYLE_FILL_AREA(#16056);
#16056 = FILL_AREA_STYLE('',(#16057));
#16057 = FILL_AREA_STYLE_COLOUR('',#15276);
#16058 = STYLED_ITEM('color',(#16059),#8497);
#16059 = PRESENTATION_STYLE_ASSIGNMENT((#16060));
#16060 = SURFACE_STYLE_USAGE(.BOTH.,#16061);
#16061 = SURFACE_SIDE_STYLE('',(#16062));
#16062 = SURFACE_STYLE_FILL_AREA(#16063);
#16063 = FILL_AREA_STYLE('',(#16064));
#16064 = FILL_AREA_STYLE_COLOUR('',#16008);
#16065 = STYLED_ITEM('color',(#16066),#8522);
#16066 = PRESENTATION_STYLE_ASSIGNMENT((#16067));
#16067 = SURFACE_STYLE_USAGE(.BOTH.,#16068);
#16068 = SURFACE_SIDE_STYLE('',(#16069));
#16069 = SURFACE_STYLE_FILL_AREA(#16070);
#16070 = FILL_AREA_STYLE('',(#16071));
#16071 = FILL_AREA_STYLE_COLOUR('',#15276);
#16072 = STYLED_ITEM('color',(#16073),#8547);
#16073 = PRESENTATION_STYLE_ASSIGNMENT((#16074));
#16074 = SURFACE_STYLE_USAGE(.BOTH.,#16075);
#16075 = SURFACE_SIDE_STYLE('',(#16076));
#16076 = SURFACE_STYLE_FILL_AREA(#16077);
#16077 = FILL_AREA_STYLE('',(#16078));
#16078 = FILL_AREA_STYLE_COLOUR('',#16008);
#16079 = STYLED_ITEM('color',(#16080),#8573);
#16080 = PRESENTATION_STYLE_ASSIGNMENT((#16081));
#16081 = SURFACE_STYLE_USAGE(.BOTH.,#16082);
#16082 = SURFACE_SIDE_STYLE('',(#16083));
#16083 = SURFACE_STYLE_FILL_AREA(#16084);
#16084 = FILL_AREA_STYLE('',(#16085));
#16085 = FILL_AREA_STYLE_COLOUR('',#15276);
#16086 = STYLED_ITEM('color',(#16087),#8582);
#16087 = PRESENTATION_STYLE_ASSIGNMENT((#16088));
#16088 = SURFACE_STYLE_USAGE(.BOTH.,#16089);
#16089 = SURFACE_SIDE_STYLE('',(#16090));
#16090 = SURFACE_STYLE_FILL_AREA(#16091);
#16091 = FILL_AREA_STYLE('',(#16092));
#16092 = FILL_AREA_STYLE_COLOUR('',#16008);
#16093 = STYLED_ITEM('color',(#16094),#8602);
#16094 = PRESENTATION_STYLE_ASSIGNMENT((#16095));
#16095 = SURFACE_STYLE_USAGE(.BOTH.,#16096);
#16096 = SURFACE_SIDE_STYLE('',(#16097));
#16097 = SURFACE_STYLE_FILL_AREA(#16098);
#16098 = FILL_AREA_STYLE('',(#16099));
#16099 = FILL_AREA_STYLE_COLOUR('',#15276);
#16100 = STYLED_ITEM('color',(#16101),#8627);
#16101 = PRESENTATION_STYLE_ASSIGNMENT((#16102));
#16102 = SURFACE_STYLE_USAGE(.BOTH.,#16103);
#16103 = SURFACE_SIDE_STYLE('',(#16104));
#16104 = SURFACE_STYLE_FILL_AREA(#16105);
#16105 = FILL_AREA_STYLE('',(#16106));
#16106 = FILL_AREA_STYLE_COLOUR('',#15276);
#16107 = STYLED_ITEM('color',(#16108),#8653);
#16108 = PRESENTATION_STYLE_ASSIGNMENT((#16109));
#16109 = SURFACE_STYLE_USAGE(.BOTH.,#16110);
#16110 = SURFACE_SIDE_STYLE('',(#16111));
#16111 = SURFACE_STYLE_FILL_AREA(#16112);
#16112 = FILL_AREA_STYLE('',(#16113));
#16113 = FILL_AREA_STYLE_COLOUR('',#15276);
#16114 = STYLED_ITEM('color',(#16115),#8678);
#16115 = PRESENTATION_STYLE_ASSIGNMENT((#16116));
#16116 = SURFACE_STYLE_USAGE(.BOTH.,#16117);
#16117 = SURFACE_SIDE_STYLE('',(#16118));
#16118 = SURFACE_STYLE_FILL_AREA(#16119);
#16119 = FILL_AREA_STYLE('',(#16120));
#16120 = FILL_AREA_STYLE_COLOUR('',#15276);
#16121 = MECHANICAL_DESIGN_GEOMETRIC_PRESENTATION_REPRESENTATION('',(
    #16122,#16129,#16136,#16144,#16151,#16158,#16165,#16172,#16179,
    #16186,#16193,#16200,#16207,#16214,#16221,#16228,#16235,#16242,
    #16249,#16256,#16263,#16270,#16277,#16284,#16291,#16298,#16305,
    #16312,#16319,#16326,#16333,#16340),#8271);
#16122 = STYLED_ITEM('color',(#16123),#7286);
#16123 = PRESENTATION_STYLE_ASSIGNMENT((#16124));
#16124 = SURFACE_STYLE_USAGE(.BOTH.,#16125);
#16125 = SURFACE_SIDE_STYLE('',(#16126));
#16126 = SURFACE_STYLE_FILL_AREA(#16127);
#16127 = FILL_AREA_STYLE('',(#16128));
#16128 = FILL_AREA_STYLE_COLOUR('',#15276);
#16129 = STYLED_ITEM('color',(#16130),#7303);
#16130 = PRESENTATION_STYLE_ASSIGNMENT((#16131));
#16131 = SURFACE_STYLE_USAGE(.BOTH.,#16132);
#16132 = SURFACE_SIDE_STYLE('',(#16133));
#16133 = SURFACE_STYLE_FILL_AREA(#16134);
#16134 = FILL_AREA_STYLE('',(#16135));
#16135 = FILL_AREA_STYLE_COLOUR('',#15276);
#16136 = STYLED_ITEM('color',(#16137),#7328);
#16137 = PRESENTATION_STYLE_ASSIGNMENT((#16138));
#16138 = SURFACE_STYLE_USAGE(.BOTH.,#16139);
#16139 = SURFACE_SIDE_STYLE('',(#16140));
#16140 = SURFACE_STYLE_FILL_AREA(#16141);
#16141 = FILL_AREA_STYLE('',(#16142));
#16142 = FILL_AREA_STYLE_COLOUR('',#16143);
#16143 = COLOUR_RGB('',0.136999991899,0.40200001271,0.726999997272);
#16144 = STYLED_ITEM('color',(#16145),#7359);
#16145 = PRESENTATION_STYLE_ASSIGNMENT((#16146));
#16146 = SURFACE_STYLE_USAGE(.BOTH.,#16147);
#16147 = SURFACE_SIDE_STYLE('',(#16148));
#16148 = SURFACE_STYLE_FILL_AREA(#16149);
#16149 = FILL_AREA_STYLE('',(#16150));
#16150 = FILL_AREA_STYLE_COLOUR('',#16143);
#16151 = STYLED_ITEM('color',(#16152),#7384);
#16152 = PRESENTATION_STYLE_ASSIGNMENT((#16153));
#16153 = SURFACE_STYLE_USAGE(.BOTH.,#16154);
#16154 = SURFACE_SIDE_STYLE('',(#16155));
#16155 = SURFACE_STYLE_FILL_AREA(#16156);
#16156 = FILL_AREA_STYLE('',(#16157));
#16157 = FILL_AREA_STYLE_COLOUR('',#15276);
#16158 = STYLED_ITEM('color',(#16159),#7409);
#16159 = PRESENTATION_STYLE_ASSIGNMENT((#16160));
#16160 = SURFACE_STYLE_USAGE(.BOTH.,#16161);
#16161 = SURFACE_SIDE_STYLE('',(#16162));
#16162 = SURFACE_STYLE_FILL_AREA(#16163);
#16163 = FILL_AREA_STYLE('',(#16164));
#16164 = FILL_AREA_STYLE_COLOUR('',#16143);
#16165 = STYLED_ITEM('color',(#16166),#7429);
#16166 = PRESENTATION_STYLE_ASSIGNMENT((#16167));
#16167 = SURFACE_STYLE_USAGE(.BOTH.,#16168);
#16168 = SURFACE_SIDE_STYLE('',(#16169));
#16169 = SURFACE_STYLE_FILL_AREA(#16170);
#16170 = FILL_AREA_STYLE('',(#16171));
#16171 = FILL_AREA_STYLE_COLOUR('',#15276);
#16172 = STYLED_ITEM('color',(#16173),#7438);
#16173 = PRESENTATION_STYLE_ASSIGNMENT((#16174));
#16174 = SURFACE_STYLE_USAGE(.BOTH.,#16175);
#16175 = SURFACE_SIDE_STYLE('',(#16176));
#16176 = SURFACE_STYLE_FILL_AREA(#16177);
#16177 = FILL_AREA_STYLE('',(#16178));
#16178 = FILL_AREA_STYLE_COLOUR('',#16143);
#16179 = STYLED_ITEM('color',(#16180),#7468);
#16180 = PRESENTATION_STYLE_ASSIGNMENT((#16181));
#16181 = SURFACE_STYLE_USAGE(.BOTH.,#16182);
#16182 = SURFACE_SIDE_STYLE('',(#16183));
#16183 = SURFACE_STYLE_FILL_AREA(#16184);
#16184 = FILL_AREA_STYLE('',(#16185));
#16185 = FILL_AREA_STYLE_COLOUR('',#16143);
#16186 = STYLED_ITEM('color',(#16187),#7503);
#16187 = PRESENTATION_STYLE_ASSIGNMENT((#16188));
#16188 = SURFACE_STYLE_USAGE(.BOTH.,#16189);
#16189 = SURFACE_SIDE_STYLE('',(#16190));
#16190 = SURFACE_STYLE_FILL_AREA(#16191);
#16191 = FILL_AREA_STYLE('',(#16192));
#16192 = FILL_AREA_STYLE_COLOUR('',#16143);
#16193 = STYLED_ITEM('color',(#16194),#7576);
#16194 = PRESENTATION_STYLE_ASSIGNMENT((#16195));
#16195 = SURFACE_STYLE_USAGE(.BOTH.,#16196);
#16196 = SURFACE_SIDE_STYLE('',(#16197));
#16197 = SURFACE_STYLE_FILL_AREA(#16198);
#16198 = FILL_AREA_STYLE('',(#16199));
#16199 = FILL_AREA_STYLE_COLOUR('',#16143);
#16200 = STYLED_ITEM('color',(#16201),#7616);
#16201 = PRESENTATION_STYLE_ASSIGNMENT((#16202));
#16202 = SURFACE_STYLE_USAGE(.BOTH.,#16203);
#16203 = SURFACE_SIDE_STYLE('',(#16204));
#16204 = SURFACE_STYLE_FILL_AREA(#16205);
#16205 = FILL_AREA_STYLE('',(#16206));
#16206 = FILL_AREA_STYLE_COLOUR('',#16143);
#16207 = STYLED_ITEM('color',(#16208),#7689);
#16208 = PRESENTATION_STYLE_ASSIGNMENT((#16209));
#16209 = SURFACE_STYLE_USAGE(.BOTH.,#16210);
#16210 = SURFACE_SIDE_STYLE('',(#16211));
#16211 = SURFACE_STYLE_FILL_AREA(#16212);
#16212 = FILL_AREA_STYLE('',(#16213));
#16213 = FILL_AREA_STYLE_COLOUR('',#16143);
#16214 = STYLED_ITEM('color',(#16215),#7714);
#16215 = PRESENTATION_STYLE_ASSIGNMENT((#16216));
#16216 = SURFACE_STYLE_USAGE(.BOTH.,#16217);
#16217 = SURFACE_SIDE_STYLE('',(#16218));
#16218 = SURFACE_STYLE_FILL_AREA(#16219);
#16219 = FILL_AREA_STYLE('',(#16220));
#16220 = FILL_AREA_STYLE_COLOUR('',#16143);
#16221 = STYLED_ITEM('color',(#16222),#7740);
#16222 = PRESENTATION_STYLE_ASSIGNMENT((#16223));
#16223 = SURFACE_STYLE_USAGE(.BOTH.,#16224);
#16224 = SURFACE_SIDE_STYLE('',(#16225));
#16225 = SURFACE_STYLE_FILL_AREA(#16226);
#16226 = FILL_AREA_STYLE('',(#16227));
#16227 = FILL_AREA_STYLE_COLOUR('',#16143);
#16228 = STYLED_ITEM('color',(#16229),#7760);
#16229 = PRESENTATION_STYLE_ASSIGNMENT((#16230));
#16230 = SURFACE_STYLE_USAGE(.BOTH.,#16231);
#16231 = SURFACE_SIDE_STYLE('',(#16232));
#16232 = SURFACE_STYLE_FILL_AREA(#16233);
#16233 = FILL_AREA_STYLE('',(#16234));
#16234 = FILL_AREA_STYLE_COLOUR('',#16143);
#16235 = STYLED_ITEM('color',(#16236),#7930);
#16236 = PRESENTATION_STYLE_ASSIGNMENT((#16237));
#16237 = SURFACE_STYLE_USAGE(.BOTH.,#16238);
#16238 = SURFACE_SIDE_STYLE('',(#16239));
#16239 = SURFACE_STYLE_FILL_AREA(#16240);
#16240 = FILL_AREA_STYLE('',(#16241));
#16241 = FILL_AREA_STYLE_COLOUR('',#15276);
#16242 = STYLED_ITEM('color',(#16243),#8000);
#16243 = PRESENTATION_STYLE_ASSIGNMENT((#16244));
#16244 = SURFACE_STYLE_USAGE(.BOTH.,#16245);
#16245 = SURFACE_SIDE_STYLE('',(#16246));
#16246 = SURFACE_STYLE_FILL_AREA(#16247);
#16247 = FILL_AREA_STYLE('',(#16248));
#16248 = FILL_AREA_STYLE_COLOUR('',#15276);
#16249 = STYLED_ITEM('color',(#16250),#8024);
#16250 = PRESENTATION_STYLE_ASSIGNMENT((#16251));
#16251 = SURFACE_STYLE_USAGE(.BOTH.,#16252);
#16252 = SURFACE_SIDE_STYLE('',(#16253));
#16253 = SURFACE_STYLE_FILL_AREA(#16254);
#16254 = FILL_AREA_STYLE('',(#16255));
#16255 = FILL_AREA_STYLE_COLOUR('',#15276);
#16256 = STYLED_ITEM('color',(#16257),#8040);
#16257 = PRESENTATION_STYLE_ASSIGNMENT((#16258));
#16258 = SURFACE_STYLE_USAGE(.BOTH.,#16259);
#16259 = SURFACE_SIDE_STYLE('',(#16260));
#16260 = SURFACE_STYLE_FILL_AREA(#16261);
#16261 = FILL_AREA_STYLE('',(#16262));
#16262 = FILL_AREA_STYLE_COLOUR('',#15276);
#16263 = STYLED_ITEM('color',(#16264),#8052);
#16264 = PRESENTATION_STYLE_ASSIGNMENT((#16265));
#16265 = SURFACE_STYLE_USAGE(.BOTH.,#16266);
#16266 = SURFACE_SIDE_STYLE('',(#16267));
#16267 = SURFACE_STYLE_FILL_AREA(#16268);
#16268 = FILL_AREA_STYLE('',(#16269));
#16269 = FILL_AREA_STYLE_COLOUR('',#15276);
#16270 = STYLED_ITEM('color',(#16271),#8076);
#16271 = PRESENTATION_STYLE_ASSIGNMENT((#16272));
#16272 = SURFACE_STYLE_USAGE(.BOTH.,#16273);
#16273 = SURFACE_SIDE_STYLE('',(#16274));
#16274 = SURFACE_STYLE_FILL_AREA(#16275);
#16275 = FILL_AREA_STYLE('',(#16276));
#16276 = FILL_AREA_STYLE_COLOUR('',#15276);
#16277 = STYLED_ITEM('color',(#16278),#8092);
#16278 = PRESENTATION_STYLE_ASSIGNMENT((#16279));
#16279 = SURFACE_STYLE_USAGE(.BOTH.,#16280);
#16280 = SURFACE_SIDE_STYLE('',(#16281));
#16281 = SURFACE_STYLE_FILL_AREA(#16282);
#16282 = FILL_AREA_STYLE('',(#16283));
#16283 = FILL_AREA_STYLE_COLOUR('',#15276);
#16284 = STYLED_ITEM('color',(#16285),#8104);
#16285 = PRESENTATION_STYLE_ASSIGNMENT((#16286));
#16286 = SURFACE_STYLE_USAGE(.BOTH.,#16287);
#16287 = SURFACE_SIDE_STYLE('',(#16288));
#16288 = SURFACE_STYLE_FILL_AREA(#16289);
#16289 = FILL_AREA_STYLE('',(#16290));
#16290 = FILL_AREA_STYLE_COLOUR('',#15276);
#16291 = STYLED_ITEM('color',(#16292),#8128);
#16292 = PRESENTATION_STYLE_ASSIGNMENT((#16293));
#16293 = SURFACE_STYLE_USAGE(.BOTH.,#16294);
#16294 = SURFACE_SIDE_STYLE('',(#16295));
#16295 = SURFACE_STYLE_FILL_AREA(#16296);
#16296 = FILL_AREA_STYLE('',(#16297));
#16297 = FILL_AREA_STYLE_COLOUR('',#15276);
#16298 = STYLED_ITEM('color',(#16299),#8144);
#16299 = PRESENTATION_STYLE_ASSIGNMENT((#16300));
#16300 = SURFACE_STYLE_USAGE(.BOTH.,#16301);
#16301 = SURFACE_SIDE_STYLE('',(#16302));
#16302 = SURFACE_STYLE_FILL_AREA(#16303);
#16303 = FILL_AREA_STYLE('',(#16304));
#16304 = FILL_AREA_STYLE_COLOUR('',#15276);
#16305 = STYLED_ITEM('color',(#16306),#8156);
#16306 = PRESENTATION_STYLE_ASSIGNMENT((#16307));
#16307 = SURFACE_STYLE_USAGE(.BOTH.,#16308);
#16308 = SURFACE_SIDE_STYLE('',(#16309));
#16309 = SURFACE_STYLE_FILL_AREA(#16310);
#16310 = FILL_AREA_STYLE('',(#16311));
#16311 = FILL_AREA_STYLE_COLOUR('',#15276);
#16312 = STYLED_ITEM('color',(#16313),#8180);
#16313 = PRESENTATION_STYLE_ASSIGNMENT((#16314));
#16314 = SURFACE_STYLE_USAGE(.BOTH.,#16315);
#16315 = SURFACE_SIDE_STYLE('',(#16316));
#16316 = SURFACE_STYLE_FILL_AREA(#16317);
#16317 = FILL_AREA_STYLE('',(#16318));
#16318 = FILL_AREA_STYLE_COLOUR('',#15276);
#16319 = STYLED_ITEM('color',(#16320),#8196);
#16320 = PRESENTATION_STYLE_ASSIGNMENT((#16321));
#16321 = SURFACE_STYLE_USAGE(.BOTH.,#16322);
#16322 = SURFACE_SIDE_STYLE('',(#16323));
#16323 = SURFACE_STYLE_FILL_AREA(#16324);
#16324 = FILL_AREA_STYLE('',(#16325));
#16325 = FILL_AREA_STYLE_COLOUR('',#15276);
#16326 = STYLED_ITEM('color',(#16327),#8210);
#16327 = PRESENTATION_STYLE_ASSIGNMENT((#16328));
#16328 = SURFACE_STYLE_USAGE(.BOTH.,#16329);
#16329 = SURFACE_SIDE_STYLE('',(#16330));
#16330 = SURFACE_STYLE_FILL_AREA(#16331);
#16331 = FILL_AREA_STYLE('',(#16332));
#16332 = FILL_AREA_STYLE_COLOUR('',#16143);
#16333 = STYLED_ITEM('color',(#16334),#8227);
#16334 = PRESENTATION_STYLE_ASSIGNMENT((#16335));
#16335 = SURFACE_STYLE_USAGE(.BOTH.,#16336);
#16336 = SURFACE_SIDE_STYLE('',(#16337));
#16337 = SURFACE_STYLE_FILL_AREA(#16338);
#16338 = FILL_AREA_STYLE('',(#16339));
#16339 = FILL_AREA_STYLE_COLOUR('',#16143);
#16340 = STYLED_ITEM('color',(#16341),#8261);
#16341 = PRESENTATION_STYLE_ASSIGNMENT((#16342));
#16342 = SURFACE_STYLE_USAGE(.BOTH.,#16343);
#16343 = SURFACE_SIDE_STYLE('',(#16344));
#16344 = SURFACE_STYLE_FILL_AREA(#16345);
#16345 = FILL_AREA_STYLE('',(#16346));
#16346 = FILL_AREA_STYLE_COLOUR('',#15276);
#16347 = MECHANICAL_DESIGN_GEOMETRIC_PRESENTATION_REPRESENTATION('',(
    #16348,#16355,#16362,#16369,#16376,#16383,#16390,#16397,#16404,
    #16411,#16418,#16425,#16432,#16439,#16446,#16453,#16460,#16467,
    #16474,#16481,#16488,#16495,#16502,#16509,#16516,#16523,#16530,
    #16537,#16544,#16551,#16558,#16565),#9718);
#16348 = STYLED_ITEM('color',(#16349),#8733);
#16349 = PRESENTATION_STYLE_ASSIGNMENT((#16350));
#16350 = SURFACE_STYLE_USAGE(.BOTH.,#16351);
#16351 = SURFACE_SIDE_STYLE('',(#16352));
#16352 = SURFACE_STYLE_FILL_AREA(#16353);
#16353 = FILL_AREA_STYLE('',(#16354));
#16354 = FILL_AREA_STYLE_COLOUR('',#15276);
#16355 = STYLED_ITEM('color',(#16356),#8750);
#16356 = PRESENTATION_STYLE_ASSIGNMENT((#16357));
#16357 = SURFACE_STYLE_USAGE(.BOTH.,#16358);
#16358 = SURFACE_SIDE_STYLE('',(#16359));
#16359 = SURFACE_STYLE_FILL_AREA(#16360);
#16360 = FILL_AREA_STYLE('',(#16361));
#16361 = FILL_AREA_STYLE_COLOUR('',#15276);
#16362 = STYLED_ITEM('color',(#16363),#8775);
#16363 = PRESENTATION_STYLE_ASSIGNMENT((#16364));
#16364 = SURFACE_STYLE_USAGE(.BOTH.,#16365);
#16365 = SURFACE_SIDE_STYLE('',(#16366));
#16366 = SURFACE_STYLE_FILL_AREA(#16367);
#16367 = FILL_AREA_STYLE('',(#16368));
#16368 = FILL_AREA_STYLE_COLOUR('',#16143);
#16369 = STYLED_ITEM('color',(#16370),#8806);
#16370 = PRESENTATION_STYLE_ASSIGNMENT((#16371));
#16371 = SURFACE_STYLE_USAGE(.BOTH.,#16372);
#16372 = SURFACE_SIDE_STYLE('',(#16373));
#16373 = SURFACE_STYLE_FILL_AREA(#16374);
#16374 = FILL_AREA_STYLE('',(#16375));
#16375 = FILL_AREA_STYLE_COLOUR('',#16143);
#16376 = STYLED_ITEM('color',(#16377),#8831);
#16377 = PRESENTATION_STYLE_ASSIGNMENT((#16378));
#16378 = SURFACE_STYLE_USAGE(.BOTH.,#16379);
#16379 = SURFACE_SIDE_STYLE('',(#16380));
#16380 = SURFACE_STYLE_FILL_AREA(#16381);
#16381 = FILL_AREA_STYLE('',(#16382));
#16382 = FILL_AREA_STYLE_COLOUR('',#15276);
#16383 = STYLED_ITEM('color',(#16384),#8856);
#16384 = PRESENTATION_STYLE_ASSIGNMENT((#16385));
#16385 = SURFACE_STYLE_USAGE(.BOTH.,#16386);
#16386 = SURFACE_SIDE_STYLE('',(#16387));
#16387 = SURFACE_STYLE_FILL_AREA(#16388);
#16388 = FILL_AREA_STYLE('',(#16389));
#16389 = FILL_AREA_STYLE_COLOUR('',#16143);
#16390 = STYLED_ITEM('color',(#16391),#8876);
#16391 = PRESENTATION_STYLE_ASSIGNMENT((#16392));
#16392 = SURFACE_STYLE_USAGE(.BOTH.,#16393);
#16393 = SURFACE_SIDE_STYLE('',(#16394));
#16394 = SURFACE_STYLE_FILL_AREA(#16395);
#16395 = FILL_AREA_STYLE('',(#16396));
#16396 = FILL_AREA_STYLE_COLOUR('',#15276);
#16397 = STYLED_ITEM('color',(#16398),#8885);
#16398 = PRESENTATION_STYLE_ASSIGNMENT((#16399));
#16399 = SURFACE_STYLE_USAGE(.BOTH.,#16400);
#16400 = SURFACE_SIDE_STYLE('',(#16401));
#16401 = SURFACE_STYLE_FILL_AREA(#16402);
#16402 = FILL_AREA_STYLE('',(#16403));
#16403 = FILL_AREA_STYLE_COLOUR('',#16143);
#16404 = STYLED_ITEM('color',(#16405),#8915);
#16405 = PRESENTATION_STYLE_ASSIGNMENT((#16406));
#16406 = SURFACE_STYLE_USAGE(.BOTH.,#16407);
#16407 = SURFACE_SIDE_STYLE('',(#16408));
#16408 = SURFACE_STYLE_FILL_AREA(#16409);
#16409 = FILL_AREA_STYLE('',(#16410));
#16410 = FILL_AREA_STYLE_COLOUR('',#16143);
#16411 = STYLED_ITEM('color',(#16412),#8950);
#16412 = PRESENTATION_STYLE_ASSIGNMENT((#16413));
#16413 = SURFACE_STYLE_USAGE(.BOTH.,#16414);
#16414 = SURFACE_SIDE_STYLE('',(#16415));
#16415 = SURFACE_STYLE_FILL_AREA(#16416);
#16416 = FILL_AREA_STYLE('',(#16417));
#16417 = FILL_AREA_STYLE_COLOUR('',#16143);
#16418 = STYLED_ITEM('color',(#16419),#9023);
#16419 = PRESENTATION_STYLE_ASSIGNMENT((#16420));
#16420 = SURFACE_STYLE_USAGE(.BOTH.,#16421);
#16421 = SURFACE_SIDE_STYLE('',(#16422));
#16422 = SURFACE_STYLE_FILL_AREA(#16423);
#16423 = FILL_AREA_STYLE('',(#16424));
#16424 = FILL_AREA_STYLE_COLOUR('',#16143);
#16425 = STYLED_ITEM('color',(#16426),#9063);
#16426 = PRESENTATION_STYLE_ASSIGNMENT((#16427));
#16427 = SURFACE_STYLE_USAGE(.BOTH.,#16428);
#16428 = SURFACE_SIDE_STYLE('',(#16429));
#16429 = SURFACE_STYLE_FILL_AREA(#16430);
#16430 = FILL_AREA_STYLE('',(#16431));
#16431 = FILL_AREA_STYLE_COLOUR('',#16143);
#16432 = STYLED_ITEM('color',(#16433),#9136);
#16433 = PRESENTATION_STYLE_ASSIGNMENT((#16434));
#16434 = SURFACE_STYLE_USAGE(.BOTH.,#16435);
#16435 = SURFACE_SIDE_STYLE('',(#16436));
#16436 = SURFACE_STYLE_FILL_AREA(#16437);
#16437 = FILL_AREA_STYLE('',(#16438));
#16438 = FILL_AREA_STYLE_COLOUR('',#16143);
#16439 = STYLED_ITEM('color',(#16440),#9161);
#16440 = PRESENTATION_STYLE_ASSIGNMENT((#16441));
#16441 = SURFACE_STYLE_USAGE(.BOTH.,#16442);
#16442 = SURFACE_SIDE_STYLE('',(#16443));
#16443 = SURFACE_STYLE_FILL_AREA(#16444);
#16444 = FILL_AREA_STYLE('',(#16445));
#16445 = FILL_AREA_STYLE_COLOUR('',#16143);
#16446 = STYLED_ITEM('color',(#16447),#9187);
#16447 = PRESENTATION_STYLE_ASSIGNMENT((#16448));
#16448 = SURFACE_STYLE_USAGE(.BOTH.,#16449);
#16449 = SURFACE_SIDE_STYLE('',(#16450));
#16450 = SURFACE_STYLE_FILL_AREA(#16451);
#16451 = FILL_AREA_STYLE('',(#16452));
#16452 = FILL_AREA_STYLE_COLOUR('',#16143);
#16453 = STYLED_ITEM('color',(#16454),#9207);
#16454 = PRESENTATION_STYLE_ASSIGNMENT((#16455));
#16455 = SURFACE_STYLE_USAGE(.BOTH.,#16456);
#16456 = SURFACE_SIDE_STYLE('',(#16457));
#16457 = SURFACE_STYLE_FILL_AREA(#16458);
#16458 = FILL_AREA_STYLE('',(#16459));
#16459 = FILL_AREA_STYLE_COLOUR('',#16143);
#16460 = STYLED_ITEM('color',(#16461),#9377);
#16461 = PRESENTATION_STYLE_ASSIGNMENT((#16462));
#16462 = SURFACE_STYLE_USAGE(.BOTH.,#16463);
#16463 = SURFACE_SIDE_STYLE('',(#16464));
#16464 = SURFACE_STYLE_FILL_AREA(#16465);
#16465 = FILL_AREA_STYLE('',(#16466));
#16466 = FILL_AREA_STYLE_COLOUR('',#15276);
#16467 = STYLED_ITEM('color',(#16468),#9447);
#16468 = PRESENTATION_STYLE_ASSIGNMENT((#16469));
#16469 = SURFACE_STYLE_USAGE(.BOTH.,#16470);
#16470 = SURFACE_SIDE_STYLE('',(#16471));
#16471 = SURFACE_STYLE_FILL_AREA(#16472);
#16472 = FILL_AREA_STYLE('',(#16473));
#16473 = FILL_AREA_STYLE_COLOUR('',#15276);
#16474 = STYLED_ITEM('color',(#16475),#9471);
#16475 = PRESENTATION_STYLE_ASSIGNMENT((#16476));
#16476 = SURFACE_STYLE_USAGE(.BOTH.,#16477);
#16477 = SURFACE_SIDE_STYLE('',(#16478));
#16478 = SURFACE_STYLE_FILL_AREA(#16479);
#16479 = FILL_AREA_STYLE('',(#16480));
#16480 = FILL_AREA_STYLE_COLOUR('',#15276);
#16481 = STYLED_ITEM('color',(#16482),#9487);
#16482 = PRESENTATION_STYLE_ASSIGNMENT((#16483));
#16483 = SURFACE_STYLE_USAGE(.BOTH.,#16484);
#16484 = SURFACE_SIDE_STYLE('',(#16485));
#16485 = SURFACE_STYLE_FILL_AREA(#16486);
#16486 = FILL_AREA_STYLE('',(#16487));
#16487 = FILL_AREA_STYLE_COLOUR('',#15276);
#16488 = STYLED_ITEM('color',(#16489),#9499);
#16489 = PRESENTATION_STYLE_ASSIGNMENT((#16490));
#16490 = SURFACE_STYLE_USAGE(.BOTH.,#16491);
#16491 = SURFACE_SIDE_STYLE('',(#16492));
#16492 = SURFACE_STYLE_FILL_AREA(#16493);
#16493 = FILL_AREA_STYLE('',(#16494));
#16494 = FILL_AREA_STYLE_COLOUR('',#15276);
#16495 = STYLED_ITEM('color',(#16496),#9523);
#16496 = PRESENTATION_STYLE_ASSIGNMENT((#16497));
#16497 = SURFACE_STYLE_USAGE(.BOTH.,#16498);
#16498 = SURFACE_SIDE_STYLE('',(#16499));
#16499 = SURFACE_STYLE_FILL_AREA(#16500);
#16500 = FILL_AREA_STYLE('',(#16501));
#16501 = FILL_AREA_STYLE_COLOUR('',#15276);
#16502 = STYLED_ITEM('color',(#16503),#9539);
#16503 = PRESENTATION_STYLE_ASSIGNMENT((#16504));
#16504 = SURFACE_STYLE_USAGE(.BOTH.,#16505);
#16505 = SURFACE_SIDE_STYLE('',(#16506));
#16506 = SURFACE_STYLE_FILL_AREA(#16507);
#16507 = FILL_AREA_STYLE('',(#16508));
#16508 = FILL_AREA_STYLE_COLOUR('',#15276);
#16509 = STYLED_ITEM('color',(#16510),#9551);
#16510 = PRESENTATION_STYLE_ASSIGNMENT((#16511));
#16511 = SURFACE_STYLE_USAGE(.BOTH.,#16512);
#16512 = SURFACE_SIDE_STYLE('',(#16513));
#16513 = SURFACE_STYLE_FILL_AREA(#16514);
#16514 = FILL_AREA_STYLE('',(#16515));
#16515 = FILL_AREA_STYLE_COLOUR('',#15276);
#16516 = STYLED_ITEM('color',(#16517),#9575);
#16517 = PRESENTATION_STYLE_ASSIGNMENT((#16518));
#16518 = SURFACE_STYLE_USAGE(.BOTH.,#16519);
#16519 = SURFACE_SIDE_STYLE('',(#16520));
#16520 = SURFACE_STYLE_FILL_AREA(#16521);
#16521 = FILL_AREA_STYLE('',(#16522));
#16522 = FILL_AREA_STYLE_COLOUR('',#15276);
#16523 = STYLED_ITEM('color',(#16524),#9591);
#16524 = PRESENTATION_STYLE_ASSIGNMENT((#16525));
#16525 = SURFACE_STYLE_USAGE(.BOTH.,#16526);
#16526 = SURFACE_SIDE_STYLE('',(#16527));
#16527 = SURFACE_STYLE_FILL_AREA(#16528);
#16528 = FILL_AREA_STYLE('',(#16529));
#16529 = FILL_AREA_STYLE_COLOUR('',#15276);
#16530 = STYLED_ITEM('color',(#16531),#9603);
#16531 = PRESENTATION_STYLE_ASSIGNMENT((#16532));
#16532 = SURFACE_STYLE_USAGE(.BOTH.,#16533);
#16533 = SURFACE_SIDE_STYLE('',(#16534));
#16534 = SURFACE_STYLE_FILL_AREA(#16535);
#16535 = FILL_AREA_STYLE('',(#16536));
#16536 = FILL_AREA_STYLE_COLOUR('',#15276);
#16537 = STYLED_ITEM('color',(#16538),#9627);
#16538 = PRESENTATION_STYLE_ASSIGNMENT((#16539));
#16539 = SURFACE_STYLE_USAGE(.BOTH.,#16540);
#16540 = SURFACE_SIDE_STYLE('',(#16541));
#16541 = SURFACE_STYLE_FILL_AREA(#16542);
#16542 = FILL_AREA_STYLE('',(#16543));
#16543 = FILL_AREA_STYLE_COLOUR('',#15276);
#16544 = STYLED_ITEM('color',(#16545),#9643);
#16545 = PRESENTATION_STYLE_ASSIGNMENT((#16546));
#16546 = SURFACE_STYLE_USAGE(.BOTH.,#16547);
#16547 = SURFACE_SIDE_STYLE('',(#16548));
#16548 = SURFACE_STYLE_FILL_AREA(#16549);
#16549 = FILL_AREA_STYLE('',(#16550));
#16550 = FILL_AREA_STYLE_COLOUR('',#15276);
#16551 = STYLED_ITEM('color',(#16552),#9657);
#16552 = PRESENTATION_STYLE_ASSIGNMENT((#16553));
#16553 = SURFACE_STYLE_USAGE(.BOTH.,#16554);
#16554 = SURFACE_SIDE_STYLE('',(#16555));
#16555 = SURFACE_STYLE_FILL_AREA(#16556);
#16556 = FILL_AREA_STYLE('',(#16557));
#16557 = FILL_AREA_STYLE_COLOUR('',#16143);
#16558 = STYLED_ITEM('color',(#16559),#9674);
#16559 = PRESENTATION_STYLE_ASSIGNMENT((#16560));
#16560 = SURFACE_STYLE_USAGE(.BOTH.,#16561);
#16561 = SURFACE_SIDE_STYLE('',(#16562));
#16562 = SURFACE_STYLE_FILL_AREA(#16563);
#16563 = FILL_AREA_STYLE('',(#16564));
#16564 = FILL_AREA_STYLE_COLOUR('',#16143);
#16565 = STYLED_ITEM('color',(#16566),#9708);
#16566 = PRESENTATION_STYLE_ASSIGNMENT((#16567));
#16567 = SURFACE_STYLE_USAGE(.BOTH.,#16568);
#16568 = SURFACE_SIDE_STYLE('',(#16569));
#16569 = SURFACE_STYLE_FILL_AREA(#16570);
#16570 = FILL_AREA_STYLE('',(#16571));
#16571 = FILL_AREA_STYLE_COLOUR('',#15276);
#16572 = MECHANICAL_DESIGN_GEOMETRIC_PRESENTATION_REPRESENTATION('',(
    #16573,#16580,#16587,#16594,#16601,#16608,#16615,#16622,#16629,
    #16636,#16643,#16650,#16657,#16664,#16671,#16678,#16685,#16692,
    #16699,#16706,#16713,#16720,#16727,#16734,#16741,#16748,#16756,
    #16763,#16770,#16777,#16784,#16791,#16798,#16805,#16812,#16819,
    #16826,#16833,#16840),#3578);
#16573 = STYLED_ITEM('color',(#16574),#2304);
#16574 = PRESENTATION_STYLE_ASSIGNMENT((#16575));
#16575 = SURFACE_STYLE_USAGE(.BOTH.,#16576);
#16576 = SURFACE_SIDE_STYLE('',(#16577));
#16577 = SURFACE_STYLE_FILL_AREA(#16578);
#16578 = FILL_AREA_STYLE('',(#16579));
#16579 = FILL_AREA_STYLE_COLOUR('',#15276);
#16580 = STYLED_ITEM('color',(#16581),#2361);
#16581 = PRESENTATION_STYLE_ASSIGNMENT((#16582));
#16582 = SURFACE_STYLE_USAGE(.BOTH.,#16583);
#16583 = SURFACE_SIDE_STYLE('',(#16584));
#16584 = SURFACE_STYLE_FILL_AREA(#16585);
#16585 = FILL_AREA_STYLE('',(#16586));
#16586 = FILL_AREA_STYLE_COLOUR('',#15276);
#16587 = STYLED_ITEM('color',(#16588),#2444);
#16588 = PRESENTATION_STYLE_ASSIGNMENT((#16589));
#16589 = SURFACE_STYLE_USAGE(.BOTH.,#16590);
#16590 = SURFACE_SIDE_STYLE('',(#16591));
#16591 = SURFACE_STYLE_FILL_AREA(#16592);
#16592 = FILL_AREA_STYLE('',(#16593));
#16593 = FILL_AREA_STYLE_COLOUR('',#15276);
#16594 = STYLED_ITEM('color',(#16595),#2473);
#16595 = PRESENTATION_STYLE_ASSIGNMENT((#16596));
#16596 = SURFACE_STYLE_USAGE(.BOTH.,#16597);
#16597 = SURFACE_SIDE_STYLE('',(#16598));
#16598 = SURFACE_STYLE_FILL_AREA(#16599);
#16599 = FILL_AREA_STYLE('',(#16600));
#16600 = FILL_AREA_STYLE_COLOUR('',#15276);
#16601 = STYLED_ITEM('color',(#16602),#2545);
#16602 = PRESENTATION_STYLE_ASSIGNMENT((#16603));
#16603 = SURFACE_STYLE_USAGE(.BOTH.,#16604);
#16604 = SURFACE_SIDE_STYLE('',(#16605));
#16605 = SURFACE_STYLE_FILL_AREA(#16606);
#16606 = FILL_AREA_STYLE('',(#16607));
#16607 = FILL_AREA_STYLE_COLOUR('',#15276);
#16608 = STYLED_ITEM('color',(#16609),#2570);
#16609 = PRESENTATION_STYLE_ASSIGNMENT((#16610));
#16610 = SURFACE_STYLE_USAGE(.BOTH.,#16611);
#16611 = SURFACE_SIDE_STYLE('',(#16612));
#16612 = SURFACE_STYLE_FILL_AREA(#16613);
#16613 = FILL_AREA_STYLE('',(#16614));
#16614 = FILL_AREA_STYLE_COLOUR('',#15276);
#16615 = STYLED_ITEM('color',(#16616),#2645);
#16616 = PRESENTATION_STYLE_ASSIGNMENT((#16617));
#16617 = SURFACE_STYLE_USAGE(.BOTH.,#16618);
#16618 = SURFACE_SIDE_STYLE('',(#16619));
#16619 = SURFACE_STYLE_FILL_AREA(#16620);
#16620 = FILL_AREA_STYLE('',(#16621));
#16621 = FILL_AREA_STYLE_COLOUR('',#15276);
#16622 = STYLED_ITEM('color',(#16623),#2662);
#16623 = PRESENTATION_STYLE_ASSIGNMENT((#16624));
#16624 = SURFACE_STYLE_USAGE(.BOTH.,#16625);
#16625 = SURFACE_SIDE_STYLE('',(#16626));
#16626 = SURFACE_STYLE_FILL_AREA(#16627);
#16627 = FILL_AREA_STYLE('',(#16628));
#16628 = FILL_AREA_STYLE_COLOUR('',#14573);
#16629 = STYLED_ITEM('color',(#16630),#2748);
#16630 = PRESENTATION_STYLE_ASSIGNMENT((#16631));
#16631 = SURFACE_STYLE_USAGE(.BOTH.,#16632);
#16632 = SURFACE_SIDE_STYLE('',(#16633));
#16633 = SURFACE_STYLE_FILL_AREA(#16634);
#16634 = FILL_AREA_STYLE('',(#16635));
#16635 = FILL_AREA_STYLE_COLOUR('',#14573);
#16636 = STYLED_ITEM('color',(#16637),#2772);
#16637 = PRESENTATION_STYLE_ASSIGNMENT((#16638));
#16638 = SURFACE_STYLE_USAGE(.BOTH.,#16639);
#16639 = SURFACE_SIDE_STYLE('',(#16640));
#16640 = SURFACE_STYLE_FILL_AREA(#16641);
#16641 = FILL_AREA_STYLE('',(#16642));
#16642 = FILL_AREA_STYLE_COLOUR('',#14573);
#16643 = STYLED_ITEM('color',(#16644),#2880);
#16644 = PRESENTATION_STYLE_ASSIGNMENT((#16645));
#16645 = SURFACE_STYLE_USAGE(.BOTH.,#16646);
#16646 = SURFACE_SIDE_STYLE('',(#16647));
#16647 = SURFACE_STYLE_FILL_AREA(#16648);
#16648 = FILL_AREA_STYLE('',(#16649));
#16649 = FILL_AREA_STYLE_COLOUR('',#15276);
#16650 = STYLED_ITEM('color',(#16651),#2897);
#16651 = PRESENTATION_STYLE_ASSIGNMENT((#16652));
#16652 = SURFACE_STYLE_USAGE(.BOTH.,#16653);
#16653 = SURFACE_SIDE_STYLE('',(#16654));
#16654 = SURFACE_STYLE_FILL_AREA(#16655);
#16655 = FILL_AREA_STYLE('',(#16656));
#16656 = FILL_AREA_STYLE_COLOUR('',#15276);
#16657 = STYLED_ITEM('color',(#16658),#2914);
#16658 = PRESENTATION_STYLE_ASSIGNMENT((#16659));
#16659 = SURFACE_STYLE_USAGE(.BOTH.,#16660);
#16660 = SURFACE_SIDE_STYLE('',(#16661));
#16661 = SURFACE_STYLE_FILL_AREA(#16662);
#16662 = FILL_AREA_STYLE('',(#16663));
#16663 = FILL_AREA_STYLE_COLOUR('',#15276);
#16664 = STYLED_ITEM('color',(#16665),#2938);
#16665 = PRESENTATION_STYLE_ASSIGNMENT((#16666));
#16666 = SURFACE_STYLE_USAGE(.BOTH.,#16667);
#16667 = SURFACE_SIDE_STYLE('',(#16668));
#16668 = SURFACE_STYLE_FILL_AREA(#16669);
#16669 = FILL_AREA_STYLE('',(#16670));
#16670 = FILL_AREA_STYLE_COLOUR('',#15276);
#16671 = STYLED_ITEM('color',(#16672),#2950);
#16672 = PRESENTATION_STYLE_ASSIGNMENT((#16673));
#16673 = SURFACE_STYLE_USAGE(.BOTH.,#16674);
#16674 = SURFACE_SIDE_STYLE('',(#16675));
#16675 = SURFACE_STYLE_FILL_AREA(#16676);
#16676 = FILL_AREA_STYLE('',(#16677));
#16677 = FILL_AREA_STYLE_COLOUR('',#15276);
#16678 = STYLED_ITEM('color',(#16679),#2967);
#16679 = PRESENTATION_STYLE_ASSIGNMENT((#16680));
#16680 = SURFACE_STYLE_USAGE(.BOTH.,#16681);
#16681 = SURFACE_SIDE_STYLE('',(#16682));
#16682 = SURFACE_STYLE_FILL_AREA(#16683);
#16683 = FILL_AREA_STYLE('',(#16684));
#16684 = FILL_AREA_STYLE_COLOUR('',#15276);
#16685 = STYLED_ITEM('color',(#16686),#2979);
#16686 = PRESENTATION_STYLE_ASSIGNMENT((#16687));
#16687 = SURFACE_STYLE_USAGE(.BOTH.,#16688);
#16688 = SURFACE_SIDE_STYLE('',(#16689));
#16689 = SURFACE_STYLE_FILL_AREA(#16690);
#16690 = FILL_AREA_STYLE('',(#16691));
#16691 = FILL_AREA_STYLE_COLOUR('',#14573);
#16692 = STYLED_ITEM('color',(#16693),#2996);
#16693 = PRESENTATION_STYLE_ASSIGNMENT((#16694));
#16694 = SURFACE_STYLE_USAGE(.BOTH.,#16695);
#16695 = SURFACE_SIDE_STYLE('',(#16696));
#16696 = SURFACE_STYLE_FILL_AREA(#16697);
#16697 = FILL_AREA_STYLE('',(#16698));
#16698 = FILL_AREA_STYLE_COLOUR('',#14573);
#16699 = STYLED_ITEM('color',(#16700),#3013);
#16700 = PRESENTATION_STYLE_ASSIGNMENT((#16701));
#16701 = SURFACE_STYLE_USAGE(.BOTH.,#16702);
#16702 = SURFACE_SIDE_STYLE('',(#16703));
#16703 = SURFACE_STYLE_FILL_AREA(#16704);
#16704 = FILL_AREA_STYLE('',(#16705));
#16705 = FILL_AREA_STYLE_COLOUR('',#14573);
#16706 = STYLED_ITEM('color',(#16707),#3030);
#16707 = PRESENTATION_STYLE_ASSIGNMENT((#16708));
#16708 = SURFACE_STYLE_USAGE(.BOTH.,#16709);
#16709 = SURFACE_SIDE_STYLE('',(#16710));
#16710 = SURFACE_STYLE_FILL_AREA(#16711);
#16711 = FILL_AREA_STYLE('',(#16712));
#16712 = FILL_AREA_STYLE_COLOUR('',#15276);
#16713 = STYLED_ITEM('color',(#16714),#3099);
#16714 = PRESENTATION_STYLE_ASSIGNMENT((#16715));
#16715 = SURFACE_STYLE_USAGE(.BOTH.,#16716);
#16716 = SURFACE_SIDE_STYLE('',(#16717));
#16717 = SURFACE_STYLE_FILL_AREA(#16718);
#16718 = FILL_AREA_STYLE('',(#16719));
#16719 = FILL_AREA_STYLE_COLOUR('',#15276);
#16720 = STYLED_ITEM('color',(#16721),#3124);
#16721 = PRESENTATION_STYLE_ASSIGNMENT((#16722));
#16722 = SURFACE_STYLE_USAGE(.BOTH.,#16723);
#16723 = SURFACE_SIDE_STYLE('',(#16724));
#16724 = SURFACE_STYLE_FILL_AREA(#16725);
#16725 = FILL_AREA_STYLE('',(#16726));
#16726 = FILL_AREA_STYLE_COLOUR('',#14573);
#16727 = STYLED_ITEM('color',(#16728),#3141);
#16728 = PRESENTATION_STYLE_ASSIGNMENT((#16729));
#16729 = SURFACE_STYLE_USAGE(.BOTH.,#16730);
#16730 = SURFACE_SIDE_STYLE('',(#16731));
#16731 = SURFACE_STYLE_FILL_AREA(#16732);
#16732 = FILL_AREA_STYLE('',(#16733));
#16733 = FILL_AREA_STYLE_COLOUR('',#15276);
#16734 = STYLED_ITEM('color',(#16735),#3207);
#16735 = PRESENTATION_STYLE_ASSIGNMENT((#16736));
#16736 = SURFACE_STYLE_USAGE(.BOTH.,#16737);
#16737 = SURFACE_SIDE_STYLE('',(#16738));
#16738 = SURFACE_STYLE_FILL_AREA(#16739);
#16739 = FILL_AREA_STYLE('',(#16740));
#16740 = FILL_AREA_STYLE_COLOUR('',#14573);
#16741 = STYLED_ITEM('color',(#16742),#3219);
#16742 = PRESENTATION_STYLE_ASSIGNMENT((#16743));
#16743 = SURFACE_STYLE_USAGE(.BOTH.,#16744);
#16744 = SURFACE_SIDE_STYLE('',(#16745));
#16745 = SURFACE_STYLE_FILL_AREA(#16746);
#16746 = FILL_AREA_STYLE('',(#16747));
#16747 = FILL_AREA_STYLE_COLOUR('',#15276);
#16748 = STYLED_ITEM('color',(#16749),#3236);
#16749 = PRESENTATION_STYLE_ASSIGNMENT((#16750));
#16750 = SURFACE_STYLE_USAGE(.BOTH.,#16751);
#16751 = SURFACE_SIDE_STYLE('',(#16752));
#16752 = SURFACE_STYLE_FILL_AREA(#16753);
#16753 = FILL_AREA_STYLE('',(#16754));
#16754 = FILL_AREA_STYLE_COLOUR('',#16755);
#16755 = COLOUR_RGB('',0.690999977303,0.663999984767,0.597999987832);
#16756 = STYLED_ITEM('color',(#16757),#3267);
#16757 = PRESENTATION_STYLE_ASSIGNMENT((#16758));
#16758 = SURFACE_STYLE_USAGE(.BOTH.,#16759);
#16759 = SURFACE_SIDE_STYLE('',(#16760));
#16760 = SURFACE_STYLE_FILL_AREA(#16761);
#16761 = FILL_AREA_STYLE('',(#16762));
#16762 = FILL_AREA_STYLE_COLOUR('',#16755);
#16763 = STYLED_ITEM('color',(#16764),#3291);
#16764 = PRESENTATION_STYLE_ASSIGNMENT((#16765));
#16765 = SURFACE_STYLE_USAGE(.BOTH.,#16766);
#16766 = SURFACE_SIDE_STYLE('',(#16767));
#16767 = SURFACE_STYLE_FILL_AREA(#16768);
#16768 = FILL_AREA_STYLE('',(#16769));
#16769 = FILL_AREA_STYLE_COLOUR('',#16755);
#16770 = STYLED_ITEM('color',(#16771),#3315);
#16771 = PRESENTATION_STYLE_ASSIGNMENT((#16772));
#16772 = SURFACE_STYLE_USAGE(.BOTH.,#16773);
#16773 = SURFACE_SIDE_STYLE('',(#16774));
#16774 = SURFACE_STYLE_FILL_AREA(#16775);
#16775 = FILL_AREA_STYLE('',(#16776));
#16776 = FILL_AREA_STYLE_COLOUR('',#16755);
#16777 = STYLED_ITEM('color',(#16778),#3332);
#16778 = PRESENTATION_STYLE_ASSIGNMENT((#16779));
#16779 = SURFACE_STYLE_USAGE(.BOTH.,#16780);
#16780 = SURFACE_SIDE_STYLE('',(#16781));
#16781 = SURFACE_STYLE_FILL_AREA(#16782);
#16782 = FILL_AREA_STYLE('',(#16783));
#16783 = FILL_AREA_STYLE_COLOUR('',#15276);
#16784 = STYLED_ITEM('color',(#16785),#3366);
#16785 = PRESENTATION_STYLE_ASSIGNMENT((#16786));
#16786 = SURFACE_STYLE_USAGE(.BOTH.,#16787);
#16787 = SURFACE_SIDE_STYLE('',(#16788));
#16788 = SURFACE_STYLE_FILL_AREA(#16789);
#16789 = FILL_AREA_STYLE('',(#16790));
#16790 = FILL_AREA_STYLE_COLOUR('',#15276);
#16791 = STYLED_ITEM('color',(#16792),#3395);
#16792 = PRESENTATION_STYLE_ASSIGNMENT((#16793));
#16793 = SURFACE_STYLE_USAGE(.BOTH.,#16794);
#16794 = SURFACE_SIDE_STYLE('',(#16795));
#16795 = SURFACE_STYLE_FILL_AREA(#16796);
#16796 = FILL_AREA_STYLE('',(#16797));
#16797 = FILL_AREA_STYLE_COLOUR('',#15276);
#16798 = STYLED_ITEM('color',(#16799),#3419);
#16799 = PRESENTATION_STYLE_ASSIGNMENT((#16800));
#16800 = SURFACE_STYLE_USAGE(.BOTH.,#16801);
#16801 = SURFACE_SIDE_STYLE('',(#16802));
#16802 = SURFACE_STYLE_FILL_AREA(#16803);
#16803 = FILL_AREA_STYLE('',(#16804));
#16804 = FILL_AREA_STYLE_COLOUR('',#15276);
#16805 = STYLED_ITEM('color',(#16806),#3448);
#16806 = PRESENTATION_STYLE_ASSIGNMENT((#16807));
#16807 = SURFACE_STYLE_USAGE(.BOTH.,#16808);
#16808 = SURFACE_SIDE_STYLE('',(#16809));
#16809 = SURFACE_STYLE_FILL_AREA(#16810);
#16810 = FILL_AREA_STYLE('',(#16811));
#16811 = FILL_AREA_STYLE_COLOUR('',#15276);
#16812 = STYLED_ITEM('color',(#16813),#3475);
#16813 = PRESENTATION_STYLE_ASSIGNMENT((#16814));
#16814 = SURFACE_STYLE_USAGE(.BOTH.,#16815);
#16815 = SURFACE_SIDE_STYLE('',(#16816));
#16816 = SURFACE_STYLE_FILL_AREA(#16817);
#16817 = FILL_AREA_STYLE('',(#16818));
#16818 = FILL_AREA_STYLE_COLOUR('',#15276);
#16819 = STYLED_ITEM('color',(#16820),#3504);
#16820 = PRESENTATION_STYLE_ASSIGNMENT((#16821));
#16821 = SURFACE_STYLE_USAGE(.BOTH.,#16822);
#16822 = SURFACE_SIDE_STYLE('',(#16823));
#16823 = SURFACE_STYLE_FILL_AREA(#16824);
#16824 = FILL_AREA_STYLE('',(#16825));
#16825 = FILL_AREA_STYLE_COLOUR('',#15276);
#16826 = STYLED_ITEM('color',(#16827),#3528);
#16827 = PRESENTATION_STYLE_ASSIGNMENT((#16828));
#16828 = SURFACE_STYLE_USAGE(.BOTH.,#16829);
#16829 = SURFACE_SIDE_STYLE('',(#16830));
#16830 = SURFACE_STYLE_FILL_AREA(#16831);
#16831 = FILL_AREA_STYLE('',(#16832));
#16832 = FILL_AREA_STYLE_COLOUR('',#15276);
#16833 = STYLED_ITEM('color',(#16834),#3550);
#16834 = PRESENTATION_STYLE_ASSIGNMENT((#16835));
#16835 = SURFACE_STYLE_USAGE(.BOTH.,#16836);
#16836 = SURFACE_SIDE_STYLE('',(#16837));
#16837 = SURFACE_STYLE_FILL_AREA(#16838);
#16838 = FILL_AREA_STYLE('',(#16839));
#16839 = FILL_AREA_STYLE_COLOUR('',#16755);
#16840 = STYLED_ITEM('color',(#16841),#3562);
#16841 = PRESENTATION_STYLE_ASSIGNMENT((#16842));
#16842 = SURFACE_STYLE_USAGE(.BOTH.,#16843);
#16843 = SURFACE_SIDE_STYLE('',(#16844));
#16844 = SURFACE_STYLE_FILL_AREA(#16845);
#16845 = FILL_AREA_STYLE('',(#16846));
#16846 = FILL_AREA_STYLE_COLOUR('',#15276);
ENDSEC;
END-ISO-10303-21;
