

Microchip MPLAB XC8 Assembler V3.10 build 20250813170317 
                                                                                               Mon Apr 27 15:43:48 2026

Microchip MPLAB XC8 C Compiler v3.10 (Free license) build 20250813170317 Og1 
     1                           	processor	16F1788
     2                           	pagewidth 120
     3                           	opt	flic
     4                           	psect	stringtext1,global,class=STRCODE,space=0,delta=2,noexec
     5                           	psect	stringtext2,global,class=STRCODE,space=0,delta=2,noexec
     6                           	psect	stringtext3,global,class=STRCODE,space=0,delta=2,noexec
     7                           	psect	stringtext4,global,class=STRCODE,space=0,delta=2,noexec
     8                           	psect	cinit,global,class=CODE,space=0,merge=1,delta=2
     9                           	psect	bssCOMMON,global,class=COMMON,space=1,delta=1,noexec
    10                           	psect	bssBANK0,global,class=BANK0,space=1,delta=1,noexec
    11                           	psect	cstackCOMMON,global,class=COMMON,space=1,delta=1,noexec
    12                           	psect	cstackBANK0,global,class=BANK0,space=1,delta=1,noexec
    13                           	psect	maintext,global,class=CODE,space=0,merge=1,split=1,delta=2
    14                           	psect	text1,local,class=CODE,space=0,merge=1,delta=2
    15                           	psect	text2,local,class=CODE,space=0,merge=1,delta=2
    16                           	psect	text3,local,class=CODE,space=0,merge=1,delta=2
    17                           	psect	text4,local,class=CODE,space=0,merge=1,delta=2
    18                           	psect	text5,local,class=CODE,space=0,merge=1,delta=2
    19                           	psect	text6,local,class=CODE,space=0,merge=1,delta=2
    20                           	psect	text7,local,class=CODE,space=0,merge=1,delta=2
    21                           	psect	text8,local,class=CODE,space=0,merge=1,delta=2
    22                           	psect	text9,local,class=CODE,space=0,merge=1,delta=2,group=1
    23                           	psect	text10,local,class=CODE,space=0,merge=1,delta=2
    24                           	psect	text11,local,class=CODE,space=0,merge=1,delta=2
    25                           	psect	text12,local,class=CODE,space=0,merge=1,delta=2
    26                           	psect	text13,local,class=CODE,space=0,merge=1,delta=2
    27                           	psect	text14,local,class=CODE,space=0,merge=1,delta=2
    28                           	psect	text15,local,class=CODE,space=0,merge=1,delta=2
    29                           	psect	text16,local,class=CODE,space=0,merge=1,delta=2
    30                           	psect	text17,local,class=CODE,space=0,merge=1,delta=2
    31                           	psect	text18,local,class=CODE,space=0,merge=1,delta=2
    32                           	psect	text19,local,class=CODE,space=0,merge=1,delta=2
    33                           	psect	intentry,global,class=CODE,space=0,delta=2
    34                           	psect	text21,local,class=CODE,space=0,merge=1,delta=2,group=1
    35                           	psect	config,global,abs,ovrld,class=CONFIG,space=4,delta=2,noexec
    36                           	dabs	1,0x7E,2
    37     0000                     
    38                           ; Generated 07/09/2023 GMT
    39                           ; 
    40                           ; Copyright © 2023, Microchip Technology Inc. and its subsidiaries ("Microchip")
    41                           ; All rights reserved.
    42                           ; 
    43                           ; This software is developed by Microchip Technology Inc. and its subsidiaries ("Microch
      +                          ip").
    44                           ; 
    45                           ; Redistribution and use in source and binary forms, with or without modification, are
    46                           ; permitted provided that the following conditions are met:
    47                           ; 
    48                           ;     1. Redistributions of source code must retain the above copyright notice, this lis
      +                          t of
    49                           ;        conditions and the following disclaimer.
    50                           ; 
    51                           ;     2. Redistributions in binary form must reproduce the above copyright notice, this 
      +                          list
    52                           ;        of conditions and the following disclaimer in the documentation and/or other
    53                           ;        materials provided with the distribution. Publication is not required when
    54                           ;        this file is used in an embedded application.
    55                           ; 
    56                           ;     3. Microchip's name may not be used to endorse or promote products derived from th
      +                          is
    57                           ;        software without specific prior written permission.
    58                           ; 
    59                           ; THIS SOFTWARE IS PROVIDED BY MICROCHIP "AS IS" AND ANY EXPRESS OR IMPLIED WARRANTIES,
    60                           ; INCLUDING, BUT NOT LIMITED TO, THE IMPLIED WARRANTIES OF MERCHANTABILITY AND FITNESS F
      +                          OR
    61                           ; PURPOSE ARE DISCLAIMED.  IN NO EVENT SHALL MICROCHIP BE LIABLE FOR ANY DIRECT, INDIREC
      +                          T,
    62                           ; INCIDENTAL, SPECIAL, EXEMPLARY, OR CONSEQUENTIAL DAMAGES (INCLUDING BUT NOT LIMITED TO
    63                           ; PROCUREMENT OF SUBSTITUTE GOODS OR SERVICES; LOSS OF USE, DATA OR PROFITS; OR BUSINESS
    64                           ; INTERRUPTION) HOWSOEVER CAUSED AND ON ANY THEORY OF LIABILITY, WHETHER IN CONTRACT, ST
      +                          RICT
    65                           ; LIABILITY, OR TORT (INCLUDING NEGLIGENCE OR OTHERWISE) ARISING IN ANY WAY OUT OF THE U
      +                          SE OF
    66                           ; THIS SOFTWARE, EVEN IF ADVISED OF THE POSSIBILITY OF SUCH DAMAGE.
    67                           ; 
    68                           ; 
    69                           ; Code-generator required, PIC16F1788 Definitions
    70                           ; 
    71                           ; SFR Addresses
    72     0008                     bsr             equ	8
    73     0005                     fsr0h           equ	5
    74     0004                     fsr0l           equ	4
    75     0007                     fsr1h           equ	7
    76     0006                     fsr1l           equ	6
    77     0000                     indf            equ	0
    78     0000                     indf0           equ	0
    79     0001                     indf1           equ	1
    80     000B                     intcon          equ	11
    81     0002                     pc              equ	2
    82     0002                     pcl             equ	2
    83     000A                     pclath          equ	10
    84     0003                     status          equ	3
    85     0009                     wreg            equ	9
    86     0000                     INDF0           equ	0	;# 
    87     0001                     INDF1           equ	1	;# 
    88     0002                     PCL             equ	2	;# 
    89     0003                     STATUS          equ	3	;# 
    90     0004                     FSR0L           equ	4	;# 
    91     0005                     FSR0H           equ	5	;# 
    92     0006                     FSR1L           equ	6	;# 
    93     0007                     FSR1H           equ	7	;# 
    94     0008                     BSR             equ	8	;# 
    95     0009                     WREG            equ	9	;# 
    96     000A                     PCLATH          equ	10	;# 
    97     000B                     INTCON          equ	11	;# 
    98     000C                     PORTA           equ	12	;# 
    99     000D                     PORTB           equ	13	;# 
   100     000E                     PORTC           equ	14	;# 
   101     0010                     PORTE           equ	16	;# 
   102     0011                     PIR1            equ	17	;# 
   103     0012                     PIR2            equ	18	;# 
   104     0013                     PIR3            equ	19	;# 
   105     0014                     PIR4            equ	20	;# 
   106     0015                     TMR0            equ	21	;# 
   107     0016                     TMR1            equ	22	;# 
   108     0016                     TMR1L           equ	22	;# 
   109     0017                     TMR1H           equ	23	;# 
   110     0018                     T1CON           equ	24	;# 
   111     0019                     T1GCON          equ	25	;# 
   112     001A                     TMR2            equ	26	;# 
   113     001B                     PR2             equ	27	;# 
   114     001C                     T2CON           equ	28	;# 
   115     008C                     TRISA           equ	140	;# 
   116     008D                     TRISB           equ	141	;# 
   117     008E                     TRISC           equ	142	;# 
   118     0090                     TRISE           equ	144	;# 
   119     0091                     PIE1            equ	145	;# 
   120     0092                     PIE2            equ	146	;# 
   121     0093                     PIE3            equ	147	;# 
   122     0094                     PIE4            equ	148	;# 
   123     0095                     OPTION_REG      equ	149	;# 
   124     0096                     PCON            equ	150	;# 
   125     0097                     WDTCON          equ	151	;# 
   126     0098                     OSCTUNE         equ	152	;# 
   127     0099                     OSCCON          equ	153	;# 
   128     009A                     OSCSTAT         equ	154	;# 
   129     009B                     ADRES           equ	155	;# 
   130     009B                     ADRESL          equ	155	;# 
   131     009C                     ADRESH          equ	156	;# 
   132     009D                     ADCON0          equ	157	;# 
   133     009E                     ADCON1          equ	158	;# 
   134     009F                     ADCON2          equ	159	;# 
   135     010C                     LATA            equ	268	;# 
   136     010D                     LATB            equ	269	;# 
   137     010E                     LATC            equ	270	;# 
   138     0111                     CM1CON0         equ	273	;# 
   139     0112                     CM1CON1         equ	274	;# 
   140     0113                     CM2CON0         equ	275	;# 
   141     0114                     CM2CON1         equ	276	;# 
   142     0115                     CMOUT           equ	277	;# 
   143     0116                     BORCON          equ	278	;# 
   144     0117                     FVRCON          equ	279	;# 
   145     0118                     DAC1CON0        equ	280	;# 
   146     0119                     DAC1CON1        equ	281	;# 
   147     011A                     CM4CON0         equ	282	;# 
   148     011B                     CM4CON1         equ	283	;# 
   149     011C                     APFCON2         equ	284	;# 
   150     011D                     APFCON1         equ	285	;# 
   151     011D                     APFCON0         equ	285	;# 
   152     011D                     APFCON          equ	285	;# 
   153     011E                     CM3CON0         equ	286	;# 
   154     011F                     CM3CON1         equ	287	;# 
   155     018C                     ANSELA          equ	396	;# 
   156     018D                     ANSELB          equ	397	;# 
   157     018E                     ANSELC          equ	398	;# 
   158     0191                     EEADR           equ	401	;# 
   159     0191                     EEADRL          equ	401	;# 
   160     0192                     EEADRH          equ	402	;# 
   161     0193                     EEDAT           equ	403	;# 
   162     0193                     EEDATL          equ	403	;# 
   163     0193                     EEDATA          equ	403	;# 
   164     0194                     EEDATH          equ	404	;# 
   165     0195                     EECON1          equ	405	;# 
   166     0196                     EECON2          equ	406	;# 
   167     0197                     VREGCON         equ	407	;# 
   168     0199                     RC1REG          equ	409	;# 
   169     0199                     RCREG           equ	409	;# 
   170     0199                     RCREG1          equ	409	;# 
   171     019A                     TX1REG          equ	410	;# 
   172     019A                     TXREG1          equ	410	;# 
   173     019A                     TXREG           equ	410	;# 
   174     019B                     SP1BRG          equ	411	;# 
   175     019B                     SPBRG           equ	411	;# 
   176     019B                     SP1BRGL         equ	411	;# 
   177     019B                     SPBRG1          equ	411	;# 
   178     019B                     SPBRGL          equ	411	;# 
   179     019C                     SP1BRGH         equ	412	;# 
   180     019C                     SPBRGH          equ	412	;# 
   181     019C                     SPBRGH1         equ	412	;# 
   182     019D                     RC1STA          equ	413	;# 
   183     019D                     RCSTA1          equ	413	;# 
   184     019D                     RCSTA           equ	413	;# 
   185     019E                     TX1STA          equ	414	;# 
   186     019E                     TXSTA1          equ	414	;# 
   187     019E                     TXSTA           equ	414	;# 
   188     019F                     BAUD1CON        equ	415	;# 
   189     019F                     BAUDCON1        equ	415	;# 
   190     019F                     BAUDCTL1        equ	415	;# 
   191     019F                     BAUDCON         equ	415	;# 
   192     019F                     BAUDCTL         equ	415	;# 
   193     020C                     WPUA            equ	524	;# 
   194     020D                     WPUB            equ	525	;# 
   195     020E                     WPUC            equ	526	;# 
   196     0210                     WPUE            equ	528	;# 
   197     0211                     SSP1BUF         equ	529	;# 
   198     0211                     SSPBUF          equ	529	;# 
   199     0212                     SSP1ADD         equ	530	;# 
   200     0212                     SSPADD          equ	530	;# 
   201     0213                     SSP1MSK         equ	531	;# 
   202     0213                     SSPMSK          equ	531	;# 
   203     0214                     SSP1STAT        equ	532	;# 
   204     0214                     SSPSTAT         equ	532	;# 
   205     0215                     SSP1CON1        equ	533	;# 
   206     0215                     SSPCON          equ	533	;# 
   207     0215                     SSPCON1         equ	533	;# 
   208     0215                     SSP1CON         equ	533	;# 
   209     0216                     SSP1CON2        equ	534	;# 
   210     0216                     SSPCON2         equ	534	;# 
   211     0217                     SSP1CON3        equ	535	;# 
   212     0217                     SSPCON3         equ	535	;# 
   213     028C                     ODCONA          equ	652	;# 
   214     028D                     ODCONB          equ	653	;# 
   215     028E                     ODCONC          equ	654	;# 
   216     0291                     CCPR1           equ	657	;# 
   217     0291                     CCPR1L          equ	657	;# 
   218     0292                     CCPR1H          equ	658	;# 
   219     0293                     CCP1CON         equ	659	;# 
   220     0298                     CCPR2           equ	664	;# 
   221     0298                     CCPR2L          equ	664	;# 
   222     0299                     CCPR2H          equ	665	;# 
   223     029A                     CCP2CON         equ	666	;# 
   224     030C                     SLRCONA         equ	780	;# 
   225     030D                     SLRCONB         equ	781	;# 
   226     030E                     SLRCONC         equ	782	;# 
   227     0311                     CCPR3           equ	785	;# 
   228     0311                     CCPR3L          equ	785	;# 
   229     0312                     CCPR3H          equ	786	;# 
   230     0313                     CCP3CON         equ	787	;# 
   231     038C                     INLVLA          equ	908	;# 
   232     038D                     INLVLB          equ	909	;# 
   233     038E                     INLVLC          equ	910	;# 
   234     0390                     INLVLE          equ	912	;# 
   235     0391                     IOCAP           equ	913	;# 
   236     0392                     IOCAN           equ	914	;# 
   237     0393                     IOCAF           equ	915	;# 
   238     0394                     IOCBP           equ	916	;# 
   239     0395                     IOCBN           equ	917	;# 
   240     0396                     IOCBF           equ	918	;# 
   241     0397                     IOCCP           equ	919	;# 
   242     0398                     IOCCN           equ	920	;# 
   243     0399                     IOCCF           equ	921	;# 
   244     039D                     IOCEP           equ	925	;# 
   245     039E                     IOCEN           equ	926	;# 
   246     039F                     IOCEF           equ	927	;# 
   247     0511                     OPA1CON         equ	1297	;# 
   248     0513                     OPA2CON         equ	1299	;# 
   249     051A                     CLKRCON         equ	1306	;# 
   250     0591                     DAC2CON0        equ	1425	;# 
   251     0592                     DAC2REF         equ	1426	;# 
   252     0592                     DAC2CON1        equ	1426	;# 
   253     0593                     DAC3CON0        equ	1427	;# 
   254     0594                     DAC3REF         equ	1428	;# 
   255     0594                     DAC3CON1        equ	1428	;# 
   256     0595                     DAC4CON0        equ	1429	;# 
   257     0596                     DAC4REF         equ	1430	;# 
   258     0596                     DAC4CON1        equ	1430	;# 
   259     0E91                     PSMC1CON        equ	3729	;# 
   260     0E92                     PSMC1MDL        equ	3730	;# 
   261     0E93                     PSMC1SYNC       equ	3731	;# 
   262     0E94                     PSMC1CLK        equ	3732	;# 
   263     0E95                     PSMC1OEN        equ	3733	;# 
   264     0E96                     PSMC1POL        equ	3734	;# 
   265     0E97                     PSMC1BLNK       equ	3735	;# 
   266     0E98                     PSMC1REBS       equ	3736	;# 
   267     0E99                     PSMC1FEBS       equ	3737	;# 
   268     0E9A                     PSMC1PHS        equ	3738	;# 
   269     0E9B                     PSMC1DCS        equ	3739	;# 
   270     0E9C                     PSMC1PRS        equ	3740	;# 
   271     0E9D                     PSMC1ASDC       equ	3741	;# 
   272     0E9E                     PSMC1ASDL       equ	3742	;# 
   273     0E9F                     PSMC1ASDS       equ	3743	;# 
   274     0EA0                     PSMC1INT        equ	3744	;# 
   275     0EA1                     PSMC1PH         equ	3745	;# 
   276     0EA1                     PSMC1PHL        equ	3745	;# 
   277     0EA2                     PSMC1PHH        equ	3746	;# 
   278     0EA3                     PSMC1DC         equ	3747	;# 
   279     0EA3                     PSMC1DCL        equ	3747	;# 
   280     0EA4                     PSMC1DCH        equ	3748	;# 
   281     0EA5                     PSMC1PR         equ	3749	;# 
   282     0EA5                     PSMC1PRL        equ	3749	;# 
   283     0EA6                     PSMC1PRH        equ	3750	;# 
   284     0EA7                     PSMC1TMR        equ	3751	;# 
   285     0EA7                     PSMC1TMRL       equ	3751	;# 
   286     0EA8                     PSMC1TMRH       equ	3752	;# 
   287     0EA9                     PSMC1DBR        equ	3753	;# 
   288     0EAA                     PSMC1DBF        equ	3754	;# 
   289     0EAB                     PSMC1BLKR       equ	3755	;# 
   290     0EAC                     PSMC1BLKF       equ	3756	;# 
   291     0EAD                     PSMC1FFA        equ	3757	;# 
   292     0EAE                     PSMC1STR0       equ	3758	;# 
   293     0EAF                     PSMC1STR1       equ	3759	;# 
   294     0EB1                     PSMC2CON        equ	3761	;# 
   295     0EB2                     PSMC2MDL        equ	3762	;# 
   296     0EB3                     PSMC2SYNC       equ	3763	;# 
   297     0EB4                     PSMC2CLK        equ	3764	;# 
   298     0EB5                     PSMC2OEN        equ	3765	;# 
   299     0EB6                     PSMC2POL        equ	3766	;# 
   300     0EB7                     PSMC2BLNK       equ	3767	;# 
   301     0EB8                     PSMC2REBS       equ	3768	;# 
   302     0EB9                     PSMC2FEBS       equ	3769	;# 
   303     0EBA                     PSMC2PHS        equ	3770	;# 
   304     0EBB                     PSMC2DCS        equ	3771	;# 
   305     0EBC                     PSMC2PRS        equ	3772	;# 
   306     0EBD                     PSMC2ASDC       equ	3773	;# 
   307     0EBE                     PSMC2ASDL       equ	3774	;# 
   308     0EBF                     PSMC2ASDS       equ	3775	;# 
   309     0EC0                     PSMC2INT        equ	3776	;# 
   310     0EC1                     PSMC2PH         equ	3777	;# 
   311     0EC1                     PSMC2PHL        equ	3777	;# 
   312     0EC2                     PSMC2PHH        equ	3778	;# 
   313     0EC3                     PSMC2DC         equ	3779	;# 
   314     0EC3                     PSMC2DCL        equ	3779	;# 
   315     0EC4                     PSMC2DCH        equ	3780	;# 
   316     0EC5                     PSMC2PR         equ	3781	;# 
   317     0EC5                     PSMC2PRL        equ	3781	;# 
   318     0EC6                     PSMC2PRH        equ	3782	;# 
   319     0EC7                     PSMC2TMR        equ	3783	;# 
   320     0EC7                     PSMC2TMRL       equ	3783	;# 
   321     0EC8                     PSMC2TMRH       equ	3784	;# 
   322     0EC9                     PSMC2DBR        equ	3785	;# 
   323     0ECA                     PSMC2DBF        equ	3786	;# 
   324     0ECB                     PSMC2BLKR       equ	3787	;# 
   325     0ECC                     PSMC2BLKF       equ	3788	;# 
   326     0ECD                     PSMC2FFA        equ	3789	;# 
   327     0ECE                     PSMC2STR0       equ	3790	;# 
   328     0ECF                     PSMC2STR1       equ	3791	;# 
   329     0ED1                     PSMC3CON        equ	3793	;# 
   330     0ED2                     PSMC3MDL        equ	3794	;# 
   331     0ED3                     PSMC3SYNC       equ	3795	;# 
   332     0ED4                     PSMC3CLK        equ	3796	;# 
   333     0ED5                     PSMC3OEN        equ	3797	;# 
   334     0ED6                     PSMC3POL        equ	3798	;# 
   335     0ED7                     PSMC3BLNK       equ	3799	;# 
   336     0ED8                     PSMC3REBS       equ	3800	;# 
   337     0ED9                     PSMC3FEBS       equ	3801	;# 
   338     0EDA                     PSMC3PHS        equ	3802	;# 
   339     0EDB                     PSMC3DCS        equ	3803	;# 
   340     0EDC                     PSMC3PRS        equ	3804	;# 
   341     0EDD                     PSMC3ASDC       equ	3805	;# 
   342     0EDE                     PSMC3ASDL       equ	3806	;# 
   343     0EDF                     PSMC3ASDS       equ	3807	;# 
   344     0EE0                     PSMC3INT        equ	3808	;# 
   345     0EE1                     PSMC3PH         equ	3809	;# 
   346     0EE1                     PSMC3PHL        equ	3809	;# 
   347     0EE2                     PSMC3PHH        equ	3810	;# 
   348     0EE3                     PSMC3DC         equ	3811	;# 
   349     0EE3                     PSMC3DCL        equ	3811	;# 
   350     0EE4                     PSMC3DCH        equ	3812	;# 
   351     0EE5                     PSMC3PR         equ	3813	;# 
   352     0EE5                     PSMC3PRL        equ	3813	;# 
   353     0EE6                     PSMC3PRH        equ	3814	;# 
   354     0EE7                     PSMC3TMR        equ	3815	;# 
   355     0EE7                     PSMC3TMRL       equ	3815	;# 
   356     0EE8                     PSMC3TMRH       equ	3816	;# 
   357     0EE9                     PSMC3DBR        equ	3817	;# 
   358     0EEA                     PSMC3DBF        equ	3818	;# 
   359     0EEB                     PSMC3BLKR       equ	3819	;# 
   360     0EEC                     PSMC3BLKF       equ	3820	;# 
   361     0EED                     PSMC3FFA        equ	3821	;# 
   362     0EEE                     PSMC3STR0       equ	3822	;# 
   363     0EEF                     PSMC3STR1       equ	3823	;# 
   364     0F11                     PSMC4CON        equ	3857	;# 
   365     0F12                     PSMC4MDL        equ	3858	;# 
   366     0F13                     PSMC4SYNC       equ	3859	;# 
   367     0F14                     PSMC4CLK        equ	3860	;# 
   368     0F15                     PSMC4OEN        equ	3861	;# 
   369     0F16                     PSMC4POL        equ	3862	;# 
   370     0F17                     PSMC4BLNK       equ	3863	;# 
   371     0F18                     PSMC4REBS       equ	3864	;# 
   372     0F19                     PSMC4FEBS       equ	3865	;# 
   373     0F1A                     PSMC4PHS        equ	3866	;# 
   374     0F1B                     PSMC4DCS        equ	3867	;# 
   375     0F1C                     PSMC4PRS        equ	3868	;# 
   376     0F1D                     PSMC4ASDC       equ	3869	;# 
   377     0F1E                     PSMC4ASDL       equ	3870	;# 
   378     0F1F                     PSMC4ASDS       equ	3871	;# 
   379     0F20                     PSMC4INT        equ	3872	;# 
   380     0F21                     PSMC4PH         equ	3873	;# 
   381     0F21                     PSMC4PHL        equ	3873	;# 
   382     0F22                     PSMC4PHH        equ	3874	;# 
   383     0F23                     PSMC4DC         equ	3875	;# 
   384     0F23                     PSMC4DCL        equ	3875	;# 
   385     0F24                     PSMC4DCH        equ	3876	;# 
   386     0F25                     PSMC4PR         equ	3877	;# 
   387     0F25                     PSMC4PRL        equ	3877	;# 
   388     0F26                     PSMC4PRH        equ	3878	;# 
   389     0F27                     PSMC4TMR        equ	3879	;# 
   390     0F27                     PSMC4TMRL       equ	3879	;# 
   391     0F28                     PSMC4TMRH       equ	3880	;# 
   392     0F29                     PSMC4DBR        equ	3881	;# 
   393     0F2A                     PSMC4DBF        equ	3882	;# 
   394     0F2B                     PSMC4BLKR       equ	3883	;# 
   395     0F2C                     PSMC4BLKF       equ	3884	;# 
   396     0F2D                     PSMC4FFA        equ	3885	;# 
   397     0F2E                     PSMC4STR0       equ	3886	;# 
   398     0F2F                     PSMC4STR1       equ	3887	;# 
   399     0FE4                     STATUS_SHAD     equ	4068	;# 
   400     0FE5                     WREG_SHAD       equ	4069	;# 
   401     0FE6                     BSR_SHAD        equ	4070	;# 
   402     0FE7                     PCLATH_SHAD     equ	4071	;# 
   403     0FE8                     FSR0L_SHAD      equ	4072	;# 
   404     0FE9                     FSR0H_SHAD      equ	4073	;# 
   405     0FEA                     FSR1L_SHAD      equ	4074	;# 
   406     0FEB                     FSR1H_SHAD      equ	4075	;# 
   407     0FED                     STKPTR          equ	4077	;# 
   408     0FEE                     TOSL            equ	4078	;# 
   409     0FEF                     TOSH            equ	4079	;# 
   410     0000                     INDF0           equ	0	;# 
   411     0001                     INDF1           equ	1	;# 
   412     0002                     PCL             equ	2	;# 
   413     0003                     STATUS          equ	3	;# 
   414     0004                     FSR0L           equ	4	;# 
   415     0005                     FSR0H           equ	5	;# 
   416     0006                     FSR1L           equ	6	;# 
   417     0007                     FSR1H           equ	7	;# 
   418     0008                     BSR             equ	8	;# 
   419     0009                     WREG            equ	9	;# 
   420     000A                     PCLATH          equ	10	;# 
   421     000B                     INTCON          equ	11	;# 
   422     000C                     PORTA           equ	12	;# 
   423     000D                     PORTB           equ	13	;# 
   424     000E                     PORTC           equ	14	;# 
   425     0010                     PORTE           equ	16	;# 
   426     0011                     PIR1            equ	17	;# 
   427     0012                     PIR2            equ	18	;# 
   428     0013                     PIR3            equ	19	;# 
   429     0014                     PIR4            equ	20	;# 
   430     0015                     TMR0            equ	21	;# 
   431     0016                     TMR1            equ	22	;# 
   432     0016                     TMR1L           equ	22	;# 
   433     0017                     TMR1H           equ	23	;# 
   434     0018                     T1CON           equ	24	;# 
   435     0019                     T1GCON          equ	25	;# 
   436     001A                     TMR2            equ	26	;# 
   437     001B                     PR2             equ	27	;# 
   438     001C                     T2CON           equ	28	;# 
   439     008C                     TRISA           equ	140	;# 
   440     008D                     TRISB           equ	141	;# 
   441     008E                     TRISC           equ	142	;# 
   442     0090                     TRISE           equ	144	;# 
   443     0091                     PIE1            equ	145	;# 
   444     0092                     PIE2            equ	146	;# 
   445     0093                     PIE3            equ	147	;# 
   446     0094                     PIE4            equ	148	;# 
   447     0095                     OPTION_REG      equ	149	;# 
   448     0096                     PCON            equ	150	;# 
   449     0097                     WDTCON          equ	151	;# 
   450     0098                     OSCTUNE         equ	152	;# 
   451     0099                     OSCCON          equ	153	;# 
   452     009A                     OSCSTAT         equ	154	;# 
   453     009B                     ADRES           equ	155	;# 
   454     009B                     ADRESL          equ	155	;# 
   455     009C                     ADRESH          equ	156	;# 
   456     009D                     ADCON0          equ	157	;# 
   457     009E                     ADCON1          equ	158	;# 
   458     009F                     ADCON2          equ	159	;# 
   459     010C                     LATA            equ	268	;# 
   460     010D                     LATB            equ	269	;# 
   461     010E                     LATC            equ	270	;# 
   462     0111                     CM1CON0         equ	273	;# 
   463     0112                     CM1CON1         equ	274	;# 
   464     0113                     CM2CON0         equ	275	;# 
   465     0114                     CM2CON1         equ	276	;# 
   466     0115                     CMOUT           equ	277	;# 
   467     0116                     BORCON          equ	278	;# 
   468     0117                     FVRCON          equ	279	;# 
   469     0118                     DAC1CON0        equ	280	;# 
   470     0119                     DAC1CON1        equ	281	;# 
   471     011A                     CM4CON0         equ	282	;# 
   472     011B                     CM4CON1         equ	283	;# 
   473     011C                     APFCON2         equ	284	;# 
   474     011D                     APFCON1         equ	285	;# 
   475     011D                     APFCON0         equ	285	;# 
   476     011D                     APFCON          equ	285	;# 
   477     011E                     CM3CON0         equ	286	;# 
   478     011F                     CM3CON1         equ	287	;# 
   479     018C                     ANSELA          equ	396	;# 
   480     018D                     ANSELB          equ	397	;# 
   481     018E                     ANSELC          equ	398	;# 
   482     0191                     EEADR           equ	401	;# 
   483     0191                     EEADRL          equ	401	;# 
   484     0192                     EEADRH          equ	402	;# 
   485     0193                     EEDAT           equ	403	;# 
   486     0193                     EEDATL          equ	403	;# 
   487     0193                     EEDATA          equ	403	;# 
   488     0194                     EEDATH          equ	404	;# 
   489     0195                     EECON1          equ	405	;# 
   490     0196                     EECON2          equ	406	;# 
   491     0197                     VREGCON         equ	407	;# 
   492     0199                     RC1REG          equ	409	;# 
   493     0199                     RCREG           equ	409	;# 
   494     0199                     RCREG1          equ	409	;# 
   495     019A                     TX1REG          equ	410	;# 
   496     019A                     TXREG1          equ	410	;# 
   497     019A                     TXREG           equ	410	;# 
   498     019B                     SP1BRG          equ	411	;# 
   499     019B                     SPBRG           equ	411	;# 
   500     019B                     SP1BRGL         equ	411	;# 
   501     019B                     SPBRG1          equ	411	;# 
   502     019B                     SPBRGL          equ	411	;# 
   503     019C                     SP1BRGH         equ	412	;# 
   504     019C                     SPBRGH          equ	412	;# 
   505     019C                     SPBRGH1         equ	412	;# 
   506     019D                     RC1STA          equ	413	;# 
   507     019D                     RCSTA1          equ	413	;# 
   508     019D                     RCSTA           equ	413	;# 
   509     019E                     TX1STA          equ	414	;# 
   510     019E                     TXSTA1          equ	414	;# 
   511     019E                     TXSTA           equ	414	;# 
   512     019F                     BAUD1CON        equ	415	;# 
   513     019F                     BAUDCON1        equ	415	;# 
   514     019F                     BAUDCTL1        equ	415	;# 
   515     019F                     BAUDCON         equ	415	;# 
   516     019F                     BAUDCTL         equ	415	;# 
   517     020C                     WPUA            equ	524	;# 
   518     020D                     WPUB            equ	525	;# 
   519     020E                     WPUC            equ	526	;# 
   520     0210                     WPUE            equ	528	;# 
   521     0211                     SSP1BUF         equ	529	;# 
   522     0211                     SSPBUF          equ	529	;# 
   523     0212                     SSP1ADD         equ	530	;# 
   524     0212                     SSPADD          equ	530	;# 
   525     0213                     SSP1MSK         equ	531	;# 
   526     0213                     SSPMSK          equ	531	;# 
   527     0214                     SSP1STAT        equ	532	;# 
   528     0214                     SSPSTAT         equ	532	;# 
   529     0215                     SSP1CON1        equ	533	;# 
   530     0215                     SSPCON          equ	533	;# 
   531     0215                     SSPCON1         equ	533	;# 
   532     0215                     SSP1CON         equ	533	;# 
   533     0216                     SSP1CON2        equ	534	;# 
   534     0216                     SSPCON2         equ	534	;# 
   535     0217                     SSP1CON3        equ	535	;# 
   536     0217                     SSPCON3         equ	535	;# 
   537     028C                     ODCONA          equ	652	;# 
   538     028D                     ODCONB          equ	653	;# 
   539     028E                     ODCONC          equ	654	;# 
   540     0291                     CCPR1           equ	657	;# 
   541     0291                     CCPR1L          equ	657	;# 
   542     0292                     CCPR1H          equ	658	;# 
   543     0293                     CCP1CON         equ	659	;# 
   544     0298                     CCPR2           equ	664	;# 
   545     0298                     CCPR2L          equ	664	;# 
   546     0299                     CCPR2H          equ	665	;# 
   547     029A                     CCP2CON         equ	666	;# 
   548     030C                     SLRCONA         equ	780	;# 
   549     030D                     SLRCONB         equ	781	;# 
   550     030E                     SLRCONC         equ	782	;# 
   551     0311                     CCPR3           equ	785	;# 
   552     0311                     CCPR3L          equ	785	;# 
   553     0312                     CCPR3H          equ	786	;# 
   554     0313                     CCP3CON         equ	787	;# 
   555     038C                     INLVLA          equ	908	;# 
   556     038D                     INLVLB          equ	909	;# 
   557     038E                     INLVLC          equ	910	;# 
   558     0390                     INLVLE          equ	912	;# 
   559     0391                     IOCAP           equ	913	;# 
   560     0392                     IOCAN           equ	914	;# 
   561     0393                     IOCAF           equ	915	;# 
   562     0394                     IOCBP           equ	916	;# 
   563     0395                     IOCBN           equ	917	;# 
   564     0396                     IOCBF           equ	918	;# 
   565     0397                     IOCCP           equ	919	;# 
   566     0398                     IOCCN           equ	920	;# 
   567     0399                     IOCCF           equ	921	;# 
   568     039D                     IOCEP           equ	925	;# 
   569     039E                     IOCEN           equ	926	;# 
   570     039F                     IOCEF           equ	927	;# 
   571     0511                     OPA1CON         equ	1297	;# 
   572     0513                     OPA2CON         equ	1299	;# 
   573     051A                     CLKRCON         equ	1306	;# 
   574     0591                     DAC2CON0        equ	1425	;# 
   575     0592                     DAC2REF         equ	1426	;# 
   576     0592                     DAC2CON1        equ	1426	;# 
   577     0593                     DAC3CON0        equ	1427	;# 
   578     0594                     DAC3REF         equ	1428	;# 
   579     0594                     DAC3CON1        equ	1428	;# 
   580     0595                     DAC4CON0        equ	1429	;# 
   581     0596                     DAC4REF         equ	1430	;# 
   582     0596                     DAC4CON1        equ	1430	;# 
   583     0E91                     PSMC1CON        equ	3729	;# 
   584     0E92                     PSMC1MDL        equ	3730	;# 
   585     0E93                     PSMC1SYNC       equ	3731	;# 
   586     0E94                     PSMC1CLK        equ	3732	;# 
   587     0E95                     PSMC1OEN        equ	3733	;# 
   588     0E96                     PSMC1POL        equ	3734	;# 
   589     0E97                     PSMC1BLNK       equ	3735	;# 
   590     0E98                     PSMC1REBS       equ	3736	;# 
   591     0E99                     PSMC1FEBS       equ	3737	;# 
   592     0E9A                     PSMC1PHS        equ	3738	;# 
   593     0E9B                     PSMC1DCS        equ	3739	;# 
   594     0E9C                     PSMC1PRS        equ	3740	;# 
   595     0E9D                     PSMC1ASDC       equ	3741	;# 
   596     0E9E                     PSMC1ASDL       equ	3742	;# 
   597     0E9F                     PSMC1ASDS       equ	3743	;# 
   598     0EA0                     PSMC1INT        equ	3744	;# 
   599     0EA1                     PSMC1PH         equ	3745	;# 
   600     0EA1                     PSMC1PHL        equ	3745	;# 
   601     0EA2                     PSMC1PHH        equ	3746	;# 
   602     0EA3                     PSMC1DC         equ	3747	;# 
   603     0EA3                     PSMC1DCL        equ	3747	;# 
   604     0EA4                     PSMC1DCH        equ	3748	;# 
   605     0EA5                     PSMC1PR         equ	3749	;# 
   606     0EA5                     PSMC1PRL        equ	3749	;# 
   607     0EA6                     PSMC1PRH        equ	3750	;# 
   608     0EA7                     PSMC1TMR        equ	3751	;# 
   609     0EA7                     PSMC1TMRL       equ	3751	;# 
   610     0EA8                     PSMC1TMRH       equ	3752	;# 
   611     0EA9                     PSMC1DBR        equ	3753	;# 
   612     0EAA                     PSMC1DBF        equ	3754	;# 
   613     0EAB                     PSMC1BLKR       equ	3755	;# 
   614     0EAC                     PSMC1BLKF       equ	3756	;# 
   615     0EAD                     PSMC1FFA        equ	3757	;# 
   616     0EAE                     PSMC1STR0       equ	3758	;# 
   617     0EAF                     PSMC1STR1       equ	3759	;# 
   618     0EB1                     PSMC2CON        equ	3761	;# 
   619     0EB2                     PSMC2MDL        equ	3762	;# 
   620     0EB3                     PSMC2SYNC       equ	3763	;# 
   621     0EB4                     PSMC2CLK        equ	3764	;# 
   622     0EB5                     PSMC2OEN        equ	3765	;# 
   623     0EB6                     PSMC2POL        equ	3766	;# 
   624     0EB7                     PSMC2BLNK       equ	3767	;# 
   625     0EB8                     PSMC2REBS       equ	3768	;# 
   626     0EB9                     PSMC2FEBS       equ	3769	;# 
   627     0EBA                     PSMC2PHS        equ	3770	;# 
   628     0EBB                     PSMC2DCS        equ	3771	;# 
   629     0EBC                     PSMC2PRS        equ	3772	;# 
   630     0EBD                     PSMC2ASDC       equ	3773	;# 
   631     0EBE                     PSMC2ASDL       equ	3774	;# 
   632     0EBF                     PSMC2ASDS       equ	3775	;# 
   633     0EC0                     PSMC2INT        equ	3776	;# 
   634     0EC1                     PSMC2PH         equ	3777	;# 
   635     0EC1                     PSMC2PHL        equ	3777	;# 
   636     0EC2                     PSMC2PHH        equ	3778	;# 
   637     0EC3                     PSMC2DC         equ	3779	;# 
   638     0EC3                     PSMC2DCL        equ	3779	;# 
   639     0EC4                     PSMC2DCH        equ	3780	;# 
   640     0EC5                     PSMC2PR         equ	3781	;# 
   641     0EC5                     PSMC2PRL        equ	3781	;# 
   642     0EC6                     PSMC2PRH        equ	3782	;# 
   643     0EC7                     PSMC2TMR        equ	3783	;# 
   644     0EC7                     PSMC2TMRL       equ	3783	;# 
   645     0EC8                     PSMC2TMRH       equ	3784	;# 
   646     0EC9                     PSMC2DBR        equ	3785	;# 
   647     0ECA                     PSMC2DBF        equ	3786	;# 
   648     0ECB                     PSMC2BLKR       equ	3787	;# 
   649     0ECC                     PSMC2BLKF       equ	3788	;# 
   650     0ECD                     PSMC2FFA        equ	3789	;# 
   651     0ECE                     PSMC2STR0       equ	3790	;# 
   652     0ECF                     PSMC2STR1       equ	3791	;# 
   653     0ED1                     PSMC3CON        equ	3793	;# 
   654     0ED2                     PSMC3MDL        equ	3794	;# 
   655     0ED3                     PSMC3SYNC       equ	3795	;# 
   656     0ED4                     PSMC3CLK        equ	3796	;# 
   657     0ED5                     PSMC3OEN        equ	3797	;# 
   658     0ED6                     PSMC3POL        equ	3798	;# 
   659     0ED7                     PSMC3BLNK       equ	3799	;# 
   660     0ED8                     PSMC3REBS       equ	3800	;# 
   661     0ED9                     PSMC3FEBS       equ	3801	;# 
   662     0EDA                     PSMC3PHS        equ	3802	;# 
   663     0EDB                     PSMC3DCS        equ	3803	;# 
   664     0EDC                     PSMC3PRS        equ	3804	;# 
   665     0EDD                     PSMC3ASDC       equ	3805	;# 
   666     0EDE                     PSMC3ASDL       equ	3806	;# 
   667     0EDF                     PSMC3ASDS       equ	3807	;# 
   668     0EE0                     PSMC3INT        equ	3808	;# 
   669     0EE1                     PSMC3PH         equ	3809	;# 
   670     0EE1                     PSMC3PHL        equ	3809	;# 
   671     0EE2                     PSMC3PHH        equ	3810	;# 
   672     0EE3                     PSMC3DC         equ	3811	;# 
   673     0EE3                     PSMC3DCL        equ	3811	;# 
   674     0EE4                     PSMC3DCH        equ	3812	;# 
   675     0EE5                     PSMC3PR         equ	3813	;# 
   676     0EE5                     PSMC3PRL        equ	3813	;# 
   677     0EE6                     PSMC3PRH        equ	3814	;# 
   678     0EE7                     PSMC3TMR        equ	3815	;# 
   679     0EE7                     PSMC3TMRL       equ	3815	;# 
   680     0EE8                     PSMC3TMRH       equ	3816	;# 
   681     0EE9                     PSMC3DBR        equ	3817	;# 
   682     0EEA                     PSMC3DBF        equ	3818	;# 
   683     0EEB                     PSMC3BLKR       equ	3819	;# 
   684     0EEC                     PSMC3BLKF       equ	3820	;# 
   685     0EED                     PSMC3FFA        equ	3821	;# 
   686     0EEE                     PSMC3STR0       equ	3822	;# 
   687     0EEF                     PSMC3STR1       equ	3823	;# 
   688     0F11                     PSMC4CON        equ	3857	;# 
   689     0F12                     PSMC4MDL        equ	3858	;# 
   690     0F13                     PSMC4SYNC       equ	3859	;# 
   691     0F14                     PSMC4CLK        equ	3860	;# 
   692     0F15                     PSMC4OEN        equ	3861	;# 
   693     0F16                     PSMC4POL        equ	3862	;# 
   694     0F17                     PSMC4BLNK       equ	3863	;# 
   695     0F18                     PSMC4REBS       equ	3864	;# 
   696     0F19                     PSMC4FEBS       equ	3865	;# 
   697     0F1A                     PSMC4PHS        equ	3866	;# 
   698     0F1B                     PSMC4DCS        equ	3867	;# 
   699     0F1C                     PSMC4PRS        equ	3868	;# 
   700     0F1D                     PSMC4ASDC       equ	3869	;# 
   701     0F1E                     PSMC4ASDL       equ	3870	;# 
   702     0F1F                     PSMC4ASDS       equ	3871	;# 
   703     0F20                     PSMC4INT        equ	3872	;# 
   704     0F21                     PSMC4PH         equ	3873	;# 
   705     0F21                     PSMC4PHL        equ	3873	;# 
   706     0F22                     PSMC4PHH        equ	3874	;# 
   707     0F23                     PSMC4DC         equ	3875	;# 
   708     0F23                     PSMC4DCL        equ	3875	;# 
   709     0F24                     PSMC4DCH        equ	3876	;# 
   710     0F25                     PSMC4PR         equ	3877	;# 
   711     0F25                     PSMC4PRL        equ	3877	;# 
   712     0F26                     PSMC4PRH        equ	3878	;# 
   713     0F27                     PSMC4TMR        equ	3879	;# 
   714     0F27                     PSMC4TMRL       equ	3879	;# 
   715     0F28                     PSMC4TMRH       equ	3880	;# 
   716     0F29                     PSMC4DBR        equ	3881	;# 
   717     0F2A                     PSMC4DBF        equ	3882	;# 
   718     0F2B                     PSMC4BLKR       equ	3883	;# 
   719     0F2C                     PSMC4BLKF       equ	3884	;# 
   720     0F2D                     PSMC4FFA        equ	3885	;# 
   721     0F2E                     PSMC4STR0       equ	3886	;# 
   722     0F2F                     PSMC4STR1       equ	3887	;# 
   723     0FE4                     STATUS_SHAD     equ	4068	;# 
   724     0FE5                     WREG_SHAD       equ	4069	;# 
   725     0FE6                     BSR_SHAD        equ	4070	;# 
   726     0FE7                     PCLATH_SHAD     equ	4071	;# 
   727     0FE8                     FSR0L_SHAD      equ	4072	;# 
   728     0FE9                     FSR0H_SHAD      equ	4073	;# 
   729     0FEA                     FSR1L_SHAD      equ	4074	;# 
   730     0FEB                     FSR1H_SHAD      equ	4075	;# 
   731     0FED                     STKPTR          equ	4077	;# 
   732     0FEE                     TOSL            equ	4078	;# 
   733     0FEF                     TOSH            equ	4079	;# 
   734     0000                     INDF0           equ	0	;# 
   735     0001                     INDF1           equ	1	;# 
   736     0002                     PCL             equ	2	;# 
   737     0003                     STATUS          equ	3	;# 
   738     0004                     FSR0L           equ	4	;# 
   739     0005                     FSR0H           equ	5	;# 
   740     0006                     FSR1L           equ	6	;# 
   741     0007                     FSR1H           equ	7	;# 
   742     0008                     BSR             equ	8	;# 
   743     0009                     WREG            equ	9	;# 
   744     000A                     PCLATH          equ	10	;# 
   745     000B                     INTCON          equ	11	;# 
   746     000C                     PORTA           equ	12	;# 
   747     000D                     PORTB           equ	13	;# 
   748     000E                     PORTC           equ	14	;# 
   749     0010                     PORTE           equ	16	;# 
   750     0011                     PIR1            equ	17	;# 
   751     0012                     PIR2            equ	18	;# 
   752     0013                     PIR3            equ	19	;# 
   753     0014                     PIR4            equ	20	;# 
   754     0015                     TMR0            equ	21	;# 
   755     0016                     TMR1            equ	22	;# 
   756     0016                     TMR1L           equ	22	;# 
   757     0017                     TMR1H           equ	23	;# 
   758     0018                     T1CON           equ	24	;# 
   759     0019                     T1GCON          equ	25	;# 
   760     001A                     TMR2            equ	26	;# 
   761     001B                     PR2             equ	27	;# 
   762     001C                     T2CON           equ	28	;# 
   763     008C                     TRISA           equ	140	;# 
   764     008D                     TRISB           equ	141	;# 
   765     008E                     TRISC           equ	142	;# 
   766     0090                     TRISE           equ	144	;# 
   767     0091                     PIE1            equ	145	;# 
   768     0092                     PIE2            equ	146	;# 
   769     0093                     PIE3            equ	147	;# 
   770     0094                     PIE4            equ	148	;# 
   771     0095                     OPTION_REG      equ	149	;# 
   772     0096                     PCON            equ	150	;# 
   773     0097                     WDTCON          equ	151	;# 
   774     0098                     OSCTUNE         equ	152	;# 
   775     0099                     OSCCON          equ	153	;# 
   776     009A                     OSCSTAT         equ	154	;# 
   777     009B                     ADRES           equ	155	;# 
   778     009B                     ADRESL          equ	155	;# 
   779     009C                     ADRESH          equ	156	;# 
   780     009D                     ADCON0          equ	157	;# 
   781     009E                     ADCON1          equ	158	;# 
   782     009F                     ADCON2          equ	159	;# 
   783     010C                     LATA            equ	268	;# 
   784     010D                     LATB            equ	269	;# 
   785     010E                     LATC            equ	270	;# 
   786     0111                     CM1CON0         equ	273	;# 
   787     0112                     CM1CON1         equ	274	;# 
   788     0113                     CM2CON0         equ	275	;# 
   789     0114                     CM2CON1         equ	276	;# 
   790     0115                     CMOUT           equ	277	;# 
   791     0116                     BORCON          equ	278	;# 
   792     0117                     FVRCON          equ	279	;# 
   793     0118                     DAC1CON0        equ	280	;# 
   794     0119                     DAC1CON1        equ	281	;# 
   795     011A                     CM4CON0         equ	282	;# 
   796     011B                     CM4CON1         equ	283	;# 
   797     011C                     APFCON2         equ	284	;# 
   798     011D                     APFCON1         equ	285	;# 
   799     011D                     APFCON0         equ	285	;# 
   800     011D                     APFCON          equ	285	;# 
   801     011E                     CM3CON0         equ	286	;# 
   802     011F                     CM3CON1         equ	287	;# 
   803     018C                     ANSELA          equ	396	;# 
   804     018D                     ANSELB          equ	397	;# 
   805     018E                     ANSELC          equ	398	;# 
   806     0191                     EEADR           equ	401	;# 
   807     0191                     EEADRL          equ	401	;# 
   808     0192                     EEADRH          equ	402	;# 
   809     0193                     EEDAT           equ	403	;# 
   810     0193                     EEDATL          equ	403	;# 
   811     0193                     EEDATA          equ	403	;# 
   812     0194                     EEDATH          equ	404	;# 
   813     0195                     EECON1          equ	405	;# 
   814     0196                     EECON2          equ	406	;# 
   815     0197                     VREGCON         equ	407	;# 
   816     0199                     RC1REG          equ	409	;# 
   817     0199                     RCREG           equ	409	;# 
   818     0199                     RCREG1          equ	409	;# 
   819     019A                     TX1REG          equ	410	;# 
   820     019A                     TXREG1          equ	410	;# 
   821     019A                     TXREG           equ	410	;# 
   822     019B                     SP1BRG          equ	411	;# 
   823     019B                     SPBRG           equ	411	;# 
   824     019B                     SP1BRGL         equ	411	;# 
   825     019B                     SPBRG1          equ	411	;# 
   826     019B                     SPBRGL          equ	411	;# 
   827     019C                     SP1BRGH         equ	412	;# 
   828     019C                     SPBRGH          equ	412	;# 
   829     019C                     SPBRGH1         equ	412	;# 
   830     019D                     RC1STA          equ	413	;# 
   831     019D                     RCSTA1          equ	413	;# 
   832     019D                     RCSTA           equ	413	;# 
   833     019E                     TX1STA          equ	414	;# 
   834     019E                     TXSTA1          equ	414	;# 
   835     019E                     TXSTA           equ	414	;# 
   836     019F                     BAUD1CON        equ	415	;# 
   837     019F                     BAUDCON1        equ	415	;# 
   838     019F                     BAUDCTL1        equ	415	;# 
   839     019F                     BAUDCON         equ	415	;# 
   840     019F                     BAUDCTL         equ	415	;# 
   841     020C                     WPUA            equ	524	;# 
   842     020D                     WPUB            equ	525	;# 
   843     020E                     WPUC            equ	526	;# 
   844     0210                     WPUE            equ	528	;# 
   845     0211                     SSP1BUF         equ	529	;# 
   846     0211                     SSPBUF          equ	529	;# 
   847     0212                     SSP1ADD         equ	530	;# 
   848     0212                     SSPADD          equ	530	;# 
   849     0213                     SSP1MSK         equ	531	;# 
   850     0213                     SSPMSK          equ	531	;# 
   851     0214                     SSP1STAT        equ	532	;# 
   852     0214                     SSPSTAT         equ	532	;# 
   853     0215                     SSP1CON1        equ	533	;# 
   854     0215                     SSPCON          equ	533	;# 
   855     0215                     SSPCON1         equ	533	;# 
   856     0215                     SSP1CON         equ	533	;# 
   857     0216                     SSP1CON2        equ	534	;# 
   858     0216                     SSPCON2         equ	534	;# 
   859     0217                     SSP1CON3        equ	535	;# 
   860     0217                     SSPCON3         equ	535	;# 
   861     028C                     ODCONA          equ	652	;# 
   862     028D                     ODCONB          equ	653	;# 
   863     028E                     ODCONC          equ	654	;# 
   864     0291                     CCPR1           equ	657	;# 
   865     0291                     CCPR1L          equ	657	;# 
   866     0292                     CCPR1H          equ	658	;# 
   867     0293                     CCP1CON         equ	659	;# 
   868     0298                     CCPR2           equ	664	;# 
   869     0298                     CCPR2L          equ	664	;# 
   870     0299                     CCPR2H          equ	665	;# 
   871     029A                     CCP2CON         equ	666	;# 
   872     030C                     SLRCONA         equ	780	;# 
   873     030D                     SLRCONB         equ	781	;# 
   874     030E                     SLRCONC         equ	782	;# 
   875     0311                     CCPR3           equ	785	;# 
   876     0311                     CCPR3L          equ	785	;# 
   877     0312                     CCPR3H          equ	786	;# 
   878     0313                     CCP3CON         equ	787	;# 
   879     038C                     INLVLA          equ	908	;# 
   880     038D                     INLVLB          equ	909	;# 
   881     038E                     INLVLC          equ	910	;# 
   882     0390                     INLVLE          equ	912	;# 
   883     0391                     IOCAP           equ	913	;# 
   884     0392                     IOCAN           equ	914	;# 
   885     0393                     IOCAF           equ	915	;# 
   886     0394                     IOCBP           equ	916	;# 
   887     0395                     IOCBN           equ	917	;# 
   888     0396                     IOCBF           equ	918	;# 
   889     0397                     IOCCP           equ	919	;# 
   890     0398                     IOCCN           equ	920	;# 
   891     0399                     IOCCF           equ	921	;# 
   892     039D                     IOCEP           equ	925	;# 
   893     039E                     IOCEN           equ	926	;# 
   894     039F                     IOCEF           equ	927	;# 
   895     0511                     OPA1CON         equ	1297	;# 
   896     0513                     OPA2CON         equ	1299	;# 
   897     051A                     CLKRCON         equ	1306	;# 
   898     0591                     DAC2CON0        equ	1425	;# 
   899     0592                     DAC2REF         equ	1426	;# 
   900     0592                     DAC2CON1        equ	1426	;# 
   901     0593                     DAC3CON0        equ	1427	;# 
   902     0594                     DAC3REF         equ	1428	;# 
   903     0594                     DAC3CON1        equ	1428	;# 
   904     0595                     DAC4CON0        equ	1429	;# 
   905     0596                     DAC4REF         equ	1430	;# 
   906     0596                     DAC4CON1        equ	1430	;# 
   907     0E91                     PSMC1CON        equ	3729	;# 
   908     0E92                     PSMC1MDL        equ	3730	;# 
   909     0E93                     PSMC1SYNC       equ	3731	;# 
   910     0E94                     PSMC1CLK        equ	3732	;# 
   911     0E95                     PSMC1OEN        equ	3733	;# 
   912     0E96                     PSMC1POL        equ	3734	;# 
   913     0E97                     PSMC1BLNK       equ	3735	;# 
   914     0E98                     PSMC1REBS       equ	3736	;# 
   915     0E99                     PSMC1FEBS       equ	3737	;# 
   916     0E9A                     PSMC1PHS        equ	3738	;# 
   917     0E9B                     PSMC1DCS        equ	3739	;# 
   918     0E9C                     PSMC1PRS        equ	3740	;# 
   919     0E9D                     PSMC1ASDC       equ	3741	;# 
   920     0E9E                     PSMC1ASDL       equ	3742	;# 
   921     0E9F                     PSMC1ASDS       equ	3743	;# 
   922     0EA0                     PSMC1INT        equ	3744	;# 
   923     0EA1                     PSMC1PH         equ	3745	;# 
   924     0EA1                     PSMC1PHL        equ	3745	;# 
   925     0EA2                     PSMC1PHH        equ	3746	;# 
   926     0EA3                     PSMC1DC         equ	3747	;# 
   927     0EA3                     PSMC1DCL        equ	3747	;# 
   928     0EA4                     PSMC1DCH        equ	3748	;# 
   929     0EA5                     PSMC1PR         equ	3749	;# 
   930     0EA5                     PSMC1PRL        equ	3749	;# 
   931     0EA6                     PSMC1PRH        equ	3750	;# 
   932     0EA7                     PSMC1TMR        equ	3751	;# 
   933     0EA7                     PSMC1TMRL       equ	3751	;# 
   934     0EA8                     PSMC1TMRH       equ	3752	;# 
   935     0EA9                     PSMC1DBR        equ	3753	;# 
   936     0EAA                     PSMC1DBF        equ	3754	;# 
   937     0EAB                     PSMC1BLKR       equ	3755	;# 
   938     0EAC                     PSMC1BLKF       equ	3756	;# 
   939     0EAD                     PSMC1FFA        equ	3757	;# 
   940     0EAE                     PSMC1STR0       equ	3758	;# 
   941     0EAF                     PSMC1STR1       equ	3759	;# 
   942     0EB1                     PSMC2CON        equ	3761	;# 
   943     0EB2                     PSMC2MDL        equ	3762	;# 
   944     0EB3                     PSMC2SYNC       equ	3763	;# 
   945     0EB4                     PSMC2CLK        equ	3764	;# 
   946     0EB5                     PSMC2OEN        equ	3765	;# 
   947     0EB6                     PSMC2POL        equ	3766	;# 
   948     0EB7                     PSMC2BLNK       equ	3767	;# 
   949     0EB8                     PSMC2REBS       equ	3768	;# 
   950     0EB9                     PSMC2FEBS       equ	3769	;# 
   951     0EBA                     PSMC2PHS        equ	3770	;# 
   952     0EBB                     PSMC2DCS        equ	3771	;# 
   953     0EBC                     PSMC2PRS        equ	3772	;# 
   954     0EBD                     PSMC2ASDC       equ	3773	;# 
   955     0EBE                     PSMC2ASDL       equ	3774	;# 
   956     0EBF                     PSMC2ASDS       equ	3775	;# 
   957     0EC0                     PSMC2INT        equ	3776	;# 
   958     0EC1                     PSMC2PH         equ	3777	;# 
   959     0EC1                     PSMC2PHL        equ	3777	;# 
   960     0EC2                     PSMC2PHH        equ	3778	;# 
   961     0EC3                     PSMC2DC         equ	3779	;# 
   962     0EC3                     PSMC2DCL        equ	3779	;# 
   963     0EC4                     PSMC2DCH        equ	3780	;# 
   964     0EC5                     PSMC2PR         equ	3781	;# 
   965     0EC5                     PSMC2PRL        equ	3781	;# 
   966     0EC6                     PSMC2PRH        equ	3782	;# 
   967     0EC7                     PSMC2TMR        equ	3783	;# 
   968     0EC7                     PSMC2TMRL       equ	3783	;# 
   969     0EC8                     PSMC2TMRH       equ	3784	;# 
   970     0EC9                     PSMC2DBR        equ	3785	;# 
   971     0ECA                     PSMC2DBF        equ	3786	;# 
   972     0ECB                     PSMC2BLKR       equ	3787	;# 
   973     0ECC                     PSMC2BLKF       equ	3788	;# 
   974     0ECD                     PSMC2FFA        equ	3789	;# 
   975     0ECE                     PSMC2STR0       equ	3790	;# 
   976     0ECF                     PSMC2STR1       equ	3791	;# 
   977     0ED1                     PSMC3CON        equ	3793	;# 
   978     0ED2                     PSMC3MDL        equ	3794	;# 
   979     0ED3                     PSMC3SYNC       equ	3795	;# 
   980     0ED4                     PSMC3CLK        equ	3796	;# 
   981     0ED5                     PSMC3OEN        equ	3797	;# 
   982     0ED6                     PSMC3POL        equ	3798	;# 
   983     0ED7                     PSMC3BLNK       equ	3799	;# 
   984     0ED8                     PSMC3REBS       equ	3800	;# 
   985     0ED9                     PSMC3FEBS       equ	3801	;# 
   986     0EDA                     PSMC3PHS        equ	3802	;# 
   987     0EDB                     PSMC3DCS        equ	3803	;# 
   988     0EDC                     PSMC3PRS        equ	3804	;# 
   989     0EDD                     PSMC3ASDC       equ	3805	;# 
   990     0EDE                     PSMC3ASDL       equ	3806	;# 
   991     0EDF                     PSMC3ASDS       equ	3807	;# 
   992     0EE0                     PSMC3INT        equ	3808	;# 
   993     0EE1                     PSMC3PH         equ	3809	;# 
   994     0EE1                     PSMC3PHL        equ	3809	;# 
   995     0EE2                     PSMC3PHH        equ	3810	;# 
   996     0EE3                     PSMC3DC         equ	3811	;# 
   997     0EE3                     PSMC3DCL        equ	3811	;# 
   998     0EE4                     PSMC3DCH        equ	3812	;# 
   999     0EE5                     PSMC3PR         equ	3813	;# 
  1000     0EE5                     PSMC3PRL        equ	3813	;# 
  1001     0EE6                     PSMC3PRH        equ	3814	;# 
  1002     0EE7                     PSMC3TMR        equ	3815	;# 
  1003     0EE7                     PSMC3TMRL       equ	3815	;# 
  1004     0EE8                     PSMC3TMRH       equ	3816	;# 
  1005     0EE9                     PSMC3DBR        equ	3817	;# 
  1006     0EEA                     PSMC3DBF        equ	3818	;# 
  1007     0EEB                     PSMC3BLKR       equ	3819	;# 
  1008     0EEC                     PSMC3BLKF       equ	3820	;# 
  1009     0EED                     PSMC3FFA        equ	3821	;# 
  1010     0EEE                     PSMC3STR0       equ	3822	;# 
  1011     0EEF                     PSMC3STR1       equ	3823	;# 
  1012     0F11                     PSMC4CON        equ	3857	;# 
  1013     0F12                     PSMC4MDL        equ	3858	;# 
  1014     0F13                     PSMC4SYNC       equ	3859	;# 
  1015     0F14                     PSMC4CLK        equ	3860	;# 
  1016     0F15                     PSMC4OEN        equ	3861	;# 
  1017     0F16                     PSMC4POL        equ	3862	;# 
  1018     0F17                     PSMC4BLNK       equ	3863	;# 
  1019     0F18                     PSMC4REBS       equ	3864	;# 
  1020     0F19                     PSMC4FEBS       equ	3865	;# 
  1021     0F1A                     PSMC4PHS        equ	3866	;# 
  1022     0F1B                     PSMC4DCS        equ	3867	;# 
  1023     0F1C                     PSMC4PRS        equ	3868	;# 
  1024     0F1D                     PSMC4ASDC       equ	3869	;# 
  1025     0F1E                     PSMC4ASDL       equ	3870	;# 
  1026     0F1F                     PSMC4ASDS       equ	3871	;# 
  1027     0F20                     PSMC4INT        equ	3872	;# 
  1028     0F21                     PSMC4PH         equ	3873	;# 
  1029     0F21                     PSMC4PHL        equ	3873	;# 
  1030     0F22                     PSMC4PHH        equ	3874	;# 
  1031     0F23                     PSMC4DC         equ	3875	;# 
  1032     0F23                     PSMC4DCL        equ	3875	;# 
  1033     0F24                     PSMC4DCH        equ	3876	;# 
  1034     0F25                     PSMC4PR         equ	3877	;# 
  1035     0F25                     PSMC4PRL        equ	3877	;# 
  1036     0F26                     PSMC4PRH        equ	3878	;# 
  1037     0F27                     PSMC4TMR        equ	3879	;# 
  1038     0F27                     PSMC4TMRL       equ	3879	;# 
  1039     0F28                     PSMC4TMRH       equ	3880	;# 
  1040     0F29                     PSMC4DBR        equ	3881	;# 
  1041     0F2A                     PSMC4DBF        equ	3882	;# 
  1042     0F2B                     PSMC4BLKR       equ	3883	;# 
  1043     0F2C                     PSMC4BLKF       equ	3884	;# 
  1044     0F2D                     PSMC4FFA        equ	3885	;# 
  1045     0F2E                     PSMC4STR0       equ	3886	;# 
  1046     0F2F                     PSMC4STR1       equ	3887	;# 
  1047     0FE4                     STATUS_SHAD     equ	4068	;# 
  1048     0FE5                     WREG_SHAD       equ	4069	;# 
  1049     0FE6                     BSR_SHAD        equ	4070	;# 
  1050     0FE7                     PCLATH_SHAD     equ	4071	;# 
  1051     0FE8                     FSR0L_SHAD      equ	4072	;# 
  1052     0FE9                     FSR0H_SHAD      equ	4073	;# 
  1053     0FEA                     FSR1L_SHAD      equ	4074	;# 
  1054     0FEB                     FSR1H_SHAD      equ	4075	;# 
  1055     0FED                     STKPTR          equ	4077	;# 
  1056     0FEE                     TOSL            equ	4078	;# 
  1057     0FEF                     TOSH            equ	4079	;# 
  1058                           
  1059                           	psect	stringtext1
  1060     0145                     __pstringtext1:
  1061     0145                     _cmd_table:
  1062     0145  3400               	retlw	0
  1063     0146  3400               	retlw	0
  1064     0147  3480               	retlw	128
  1065     0148  34DD               	retlw	221
  1066     0149  347F               	retlw	127
  1067     014A  348B               	retlw	139
  1068     014B  340B               	retlw	11
  1069     014C  3401               	retlw	1
  1070     014D  3400               	retlw	0
  1071     014E  3480               	retlw	128
  1072     014F  3451               	retlw	81
  1073     0150  347F               	retlw	127
  1074     0151  344B               	retlw	75
  1075     0152  346F               	retlw	111
  1076     0153  3402               	retlw	2
  1077     0154  3400               	retlw	0
  1078     0155  3480               	retlw	128
  1079     0156  3497               	retlw	151
  1080     0157  347C               	retlw	124
  1081     0158  34EA               	retlw	234
  1082     0159  347C               	retlw	124
  1083     015A  3403               	retlw	3
  1084     015B  3400               	retlw	0
  1085     015C  3480               	retlw	128
  1086     015D  3423               	retlw	35
  1087     015E  3480               	retlw	128
  1088     015F  34AB               	retlw	171
  1089     0160  340B               	retlw	11
  1090     0161  3404               	retlw	4
  1091     0162  3400               	retlw	0
  1092     0163  3480               	retlw	128
  1093     0164  34AF               	retlw	175
  1094     0165  3480               	retlw	128
  1095     0166  346B               	retlw	107
  1096     0167  346F               	retlw	111
  1097     0168  3405               	retlw	5
  1098     0169  3400               	retlw	0
  1099     016A  3480               	retlw	128
  1100     016B  3469               	retlw	105
  1101     016C  3483               	retlw	131
  1102     016D  34CA               	retlw	202
  1103     016E  347C               	retlw	124
  1104     016F  3406               	retlw	6
  1105     0170  34DD               	retlw	221
  1106     0171  347F               	retlw	127
  1107     0172  3400               	retlw	0
  1108     0173  3480               	retlw	128
  1109     0174  34C7               	retlw	199
  1110     0175  3418               	retlw	24
  1111     0176  3407               	retlw	7
  1112     0177  3451               	retlw	81
  1113     0178  347F               	retlw	127
  1114     0179  3400               	retlw	0
  1115     017A  3480               	retlw	128
  1116     017B  3457               	retlw	87
  1117     017C  3432               	retlw	50
  1118     017D  3408               	retlw	8
  1119     017E  3497               	retlw	151
  1120     017F  347C               	retlw	124
  1121     0180  3400               	retlw	0
  1122     0181  3480               	retlw	128
  1123     0182  34DF               	retlw	223
  1124     0183  34FE               	retlw	254
  1125     0184  3409               	retlw	9
  1126     0185  3423               	retlw	35
  1127     0186  3480               	retlw	128
  1128     0187  3400               	retlw	0
  1129     0188  3480               	retlw	128
  1130     0189  341F               	retlw	31
  1131     018A  3419               	retlw	25
  1132     018B  340A               	retlw	10
  1133     018C  34AF               	retlw	175
  1134     018D  3480               	retlw	128
  1135     018E  3400               	retlw	0
  1136     018F  3480               	retlw	128
  1137     0190  348F               	retlw	143
  1138     0191  3433               	retlw	51
  1139     0192  340B               	retlw	11
  1140     0193  3469               	retlw	105
  1141     0194  3483               	retlw	131
  1142     0195  3400               	retlw	0
  1143     0196  3480               	retlw	128
  1144     0197  3407               	retlw	7
  1145     0198  34FF               	retlw	255
  1146     0199                     __end_of_cmd_table:
  1147                           
  1148                           	psect	stringtext2
  1149     0278                     __pstringtext2:
  1150     0278                     _cmd_button_table:
  1151     0278  3400               	retlw	0
  1152     0279  345A               	retlw	90
  1153     027A  3401               	retlw	1
  1154     027B  3400               	retlw	0
  1155     027C  3400               	retlw	0
  1156     027D  3400               	retlw	0
  1157     027E  3401               	retlw	1
  1158     027F  3400               	retlw	0
  1159     0280  34F3               	retlw	243
  1160     0281  34D8               	retlw	216
  1161     0282  3401               	retlw	1
  1162     0283  345A               	retlw	90
  1163     0284  34FF               	retlw	255
  1164     0285  3400               	retlw	0
  1165     0286  3400               	retlw	0
  1166     0287  3400               	retlw	0
  1167     0288  3401               	retlw	1
  1168     0289  3400               	retlw	0
  1169     028A  342D               	retlw	45
  1170     028B  34CD               	retlw	205
  1171     028C  3402               	retlw	2
  1172     028D  347C               	retlw	124
  1173     028E  3400               	retlw	0
  1174     028F  3400               	retlw	0
  1175     0290  3400               	retlw	0
  1176     0291  3400               	retlw	0
  1177     0292  3400               	retlw	0
  1178     0293  3400               	retlw	0
  1179     0294  3470               	retlw	112
  1180     0295  349F               	retlw	159
  1181     0296  3403               	retlw	3
  1182     0297  3447               	retlw	71
  1183     0298  344A               	retlw	74
  1184     0299  3419               	retlw	25
  1185     029A  34B8               	retlw	184
  1186     029B  348B               	retlw	139
  1187     029C  3400               	retlw	0
  1188     029D  3480               	retlw	128
  1189     029E  3431               	retlw	49
  1190     029F  3453               	retlw	83
  1191     02A0  3404               	retlw	4
  1192     02A1  346D               	retlw	109
  1193     02A2  3401               	retlw	1
  1194     02A3  3403               	retlw	3
  1195     02A4  3400               	retlw	0
  1196     02A5  3400               	retlw	0
  1197     02A6  3400               	retlw	0
  1198     02A7  3400               	retlw	0
  1199     02A8  34A0               	retlw	160
  1200     02A9  34DB               	retlw	219
  1201     02AA  3405               	retlw	5
  1202     02AB  3447               	retlw	71
  1203     02AC  34FE               	retlw	254
  1204     02AD  3400               	retlw	0
  1205     02AE  3400               	retlw	0
  1206     02AF  3400               	retlw	0
  1207     02B0  3400               	retlw	0
  1208     02B1  3400               	retlw	0
  1209     02B2  346D               	retlw	109
  1210     02B3  3400               	retlw	0
  1211     02B4  3406               	retlw	6
  1212     02B5  345A               	retlw	90
  1213     02B6  3400               	retlw	0
  1214     02B7  3400               	retlw	0
  1215     02B8  3400               	retlw	0
  1216     02B9  3400               	retlw	0
  1217     02BA  3400               	retlw	0
  1218     02BB  3400               	retlw	0
  1219     02BC  34B2               	retlw	178
  1220     02BD  34D8               	retlw	216
  1221     02BE                     __end_of_cmd_button_table:
  1222                           
  1223                           	psect	stringtext3
  1224     03C7                     __pstringtext3:
  1225     03C7                     _header_dir:
  1226     03C7  3455               	retlw	85
  1227     03C8  34AA               	retlw	170
  1228     03C9  3407               	retlw	7
  1229     03CA  344D               	retlw	77
  1230     03CB  3400               	retlw	0
  1231     03CC  3401               	retlw	1
  1232     03CD  3400               	retlw	0
  1233     03CE  3498               	retlw	152
  1234     03CF  3400               	retlw	0
  1235     03D0  3447               	retlw	71
  1236     03D1  3420               	retlw	32
  1237     03D2  3400               	retlw	0
  1238     03D3                     __end_of_header_dir:
  1239                           
  1240                           	psect	stringtext4
  1241     0420                     __pstringtext4:
  1242     0420                     _header_static:
  1243     0420  3455               	retlw	85
  1244     0421  34AA               	retlw	170
  1245     0422  3407               	retlw	7
  1246     0423  344D               	retlw	77
  1247     0424  3400               	retlw	0
  1248     0425  3401               	retlw	1
  1249     0426  3400               	retlw	0
  1250     0427  3498               	retlw	152
  1251     0428  3400               	retlw	0
  1252     0429                     __end_of_header_static:
  1253     000B                     _INTCONbits     set	11
  1254     000D                     _PORTB          set	13
  1255     0011                     _PIR1bits       set	17
  1256     000B                     _INTCON         set	11
  1257     0093                     _PIE3           set	147
  1258     0092                     _PIE2           set	146
  1259     0091                     _PIE1           set	145
  1260     008E                     _TRISC          set	142
  1261     008D                     _TRISB          set	141
  1262     008C                     _TRISA          set	140
  1263     0095                     _OPTION_REG     set	149
  1264     0099                     _OSCCON         set	153
  1265     011C                     _APFCON2        set	284
  1266     011D                     _APFCON1        set	285
  1267     019A                     _TX1REG         set	410
  1268     019C                     _SP1BRGH        set	412
  1269     019B                     _SP1BRGL        set	411
  1270     019F                     _BAUD1CON       set	415
  1271     019D                     _RC1STA         set	413
  1272     019E                     _TX1STA         set	414
  1273     018D                     _ANSELB         set	397
  1274     018C                     _ANSELA         set	396
  1275     0214                     _SSP1STATbits   set	532
  1276     0211                     _SSP1BUF        set	529
  1277     0215                     _SSP1CON1bits   set	533
  1278     0212                     _SSP1ADD        set	530
  1279     0216                     _SSP1CON2       set	534
  1280     0215                     _SSP1CON1       set	533
  1281     0214                     _SSP1STAT       set	532
  1282     020E                     _WPUC           set	526
  1283     020D                     _WPUB           set	525
  1284     020C                     _WPUA           set	524
  1285     030E                     _SLRCONC        set	782
  1286     030D                     _SLRCONB        set	781
  1287     030C                     _SLRCONA        set	780
  1288     038E                     _INLVLC         set	910
  1289     038D                     _INLVLB         set	909
  1290     038C                     _INLVLA         set	908
  1291     051A                     _CLKRCON        set	1306
  1292                           
  1293                           	psect	cinit
  1294     0069                     start_initialization:	
  1295                           ; #config settings
  1296                           
  1297     0069                     __initialization:
  1298                           
  1299                           ; Clear objects allocated to COMMON
  1300     0069  01F0               	clrf	__pbssCOMMON& (0+127)
  1301     006A  01F1               	clrf	(__pbssCOMMON+1)& (0+127)
  1302     006B  01F2               	clrf	(__pbssCOMMON+2)& (0+127)
  1303     006C  01F3               	clrf	(__pbssCOMMON+3)& (0+127)
  1304     006D  01F4               	clrf	(__pbssCOMMON+4)& (0+127)
  1305     006E  01F5               	clrf	(__pbssCOMMON+5)& (0+127)
  1306                           
  1307                           ; Clear objects allocated to BANK0
  1308     006F  0020               	movlb	0	; select bank0
  1309     0070  01B5               	clrf	__pbssBANK0& (0+127)
  1310     0071  01B6               	clrf	(__pbssBANK0+1)& (0+127)
  1311     0072  01B7               	clrf	(__pbssBANK0+2)& (0+127)
  1312     0073  01B8               	clrf	(__pbssBANK0+3)& (0+127)
  1313     0074  01B9               	clrf	(__pbssBANK0+4)& (0+127)
  1314     0075  01BA               	clrf	(__pbssBANK0+5)& (0+127)
  1315     0076  01BB               	clrf	(__pbssBANK0+6)& (0+127)
  1316     0077  01BC               	clrf	(__pbssBANK0+7)& (0+127)
  1317     0078  01BD               	clrf	(__pbssBANK0+8)& (0+127)
  1318     0079  01BE               	clrf	(__pbssBANK0+9)& (0+127)
  1319     007A  01BF               	clrf	(__pbssBANK0+10)& (0+127)
  1320     007B  01C0               	clrf	(__pbssBANK0+11)& (0+127)
  1321     007C                     end_of_initialization:	
  1322                           ;End of C runtime variable initialization code
  1323                           
  1324     007C                     __end_of__initialization:
  1325     007C  107E               	bcf	int$flags,0	;clear compiler interrupt flag (level 1)
  1326     007D  0020               	movlb	0
  1327     007E  3180  28E6         	ljmp	_main	;jump to C main() function
  1328                           
  1329                           	psect	bssCOMMON
  1330     0070                     __pbssCOMMON:
  1331     0070                     _j:
  1332     0070                     	ds	1
  1333     0071                     _JButtons:
  1334     0071                     	ds	1
  1335     0072                     _TsABXY:
  1336     0072                     	ds	1
  1337     0073                     _Y_Byte:
  1338     0073                     	ds	1
  1339     0074                     _X_Byte:
  1340     0074                     	ds	1
  1341     0075                     _rx_done:
  1342     0075                     	ds	1
  1343                           
  1344                           	psect	bssBANK0
  1345     0035                     __pbssBANK0:
  1346     0035                     _Last_TR:
  1347     0035                     	ds	1
  1348     0036                     _Last_TL:
  1349     0036                     	ds	1
  1350     0037                     _xy_last:
  1351     0037                     	ds	1
  1352     0038                     _mux_select:
  1353     0038                     	ds	1
  1354     0039                     _TxJ:
  1355     0039                     	ds	1
  1356     003A                     _TxBY:
  1357     003A                     	ds	1
  1358     003B                     _TxB:
  1359     003B                     	ds	1
  1360     003C                     _TxA:
  1361     003C                     	ds	1
  1362     003D                     _TxTR:
  1363     003D                     	ds	1
  1364     003E                     _TxTL:
  1365     003E                     	ds	1
  1366     003F                     _TxX:
  1367     003F                     	ds	1
  1368     0040                     _TxY:
  1369     0040                     	ds	1
  1370                           
  1371                           	psect	cstackCOMMON
  1372     0076                     __pcstackCOMMON:
  1373     0076                     ?_InitOsc:
  1374     0076                     ?_InitOpt:	
  1375                           ; 1 bytes @ 0x0
  1376                           
  1377     0076                     ?_InitPIN:	
  1378                           ; 1 bytes @ 0x0
  1379                           
  1380     0076                     ?_InitPORTA:	
  1381                           ; 1 bytes @ 0x0
  1382                           
  1383     0076                     ?_InitPORTB:	
  1384                           ; 1 bytes @ 0x0
  1385                           
  1386     0076                     ?_InitPORTC:	
  1387                           ; 1 bytes @ 0x0
  1388                           
  1389     0076                     ?_InitUART:	
  1390                           ; 1 bytes @ 0x0
  1391                           
  1392     0076                     ?_InitI2C:	
  1393                           ; 1 bytes @ 0x0
  1394                           
  1395     0076                     ?_InitISR:	
  1396                           ; 1 bytes @ 0x0
  1397                           
  1398     0076                     ?_tx_uart:	
  1399                           ; 1 bytes @ 0x0
  1400                           
  1401     0076                     ?_send_camera_button:	
  1402                           ; 1 bytes @ 0x0
  1403                           
  1404     0076                     ?_lookup_and_send_buttons:	
  1405                           ; 1 bytes @ 0x0
  1406                           
  1407     0076                     ?_TranslateTABXY:	
  1408                           ; 1 bytes @ 0x0
  1409                           
  1410     0076                     ?_TranslateJoysticks:	
  1411                           ; 1 bytes @ 0x0
  1412                           
  1413     0076                     ?_TranslateY:	
  1414                           ; 1 bytes @ 0x0
  1415                           
  1416     0076                     ?_TranslateX:	
  1417                           ; 1 bytes @ 0x0
  1418                           
  1419     0076                     ?_send_camera_command:	
  1420                           ; 1 bytes @ 0x0
  1421                           
  1422     0076                     ?_lookup_and_send_move:	
  1423                           ; 1 bytes @ 0x0
  1424                           
  1425     0076                     ?_ISR:	
  1426                           ; 1 bytes @ 0x0
  1427                           
  1428     0076                     ?_main:	
  1429                           ; 1 bytes @ 0x0
  1430                           
  1431     0076                     ?___awmod:	
  1432                           ; 1 bytes @ 0x0
  1433                           
  1434     0076                     ___awmod@divisor:	
  1435                           ; 2 bytes @ 0x0
  1436                           
  1437                           
  1438                           ; 2 bytes @ 0x0
  1439     0076                     	ds	2
  1440     0078                     ___awmod@dividend:
  1441                           
  1442                           ; 2 bytes @ 0x2
  1443     0078                     	ds	2
  1444     007A                     ___awmod@counter:
  1445     007A                     ??___awmod:	
  1446                           ; 1 bytes @ 0x4
  1447                           
  1448                           
  1449                           ; 1 bytes @ 0x4
  1450     007A                     	ds	1
  1451     007B                     ___awmod@sign:
  1452                           
  1453                           ; 1 bytes @ 0x5
  1454     007B                     	ds	1
  1455     007C                     ??_ISR:
  1456                           
  1457                           	psect	cstackBANK0
  1458     0020                     __pcstackBANK0:	
  1459                           ; 1 bytes @ 0x6
  1460                           
  1461     0020                     ?___wmul:
  1462     0020                     TranslateJoysticks@byte:	
  1463                           ; 2 bytes @ 0x0
  1464                           
  1465     0020                     TranslateY@byte:	
  1466                           ; 1 bytes @ 0x0
  1467                           
  1468     0020                     TranslateX@byte:	
  1469                           ; 1 bytes @ 0x0
  1470                           
  1471     0020                     ___wmul@multiplier:	
  1472                           ; 1 bytes @ 0x0
  1473                           
  1474     0020                     ??_InitOsc:	
  1475                           ; 2 bytes @ 0x0
  1476                           
  1477     0020                     ??_InitOpt:	
  1478                           ; 1 bytes @ 0x0
  1479                           
  1480     0020                     ??_InitPIN:	
  1481                           ; 1 bytes @ 0x0
  1482                           
  1483     0020                     ??_InitPORTA:	
  1484                           ; 1 bytes @ 0x0
  1485                           
  1486     0020                     ??_InitPORTB:	
  1487                           ; 1 bytes @ 0x0
  1488                           
  1489     0020                     ??_InitPORTC:	
  1490                           ; 1 bytes @ 0x0
  1491                           
  1492     0020                     ??_InitUART:	
  1493                           ; 1 bytes @ 0x0
  1494                           
  1495     0020                     ??_InitI2C:	
  1496                           ; 1 bytes @ 0x0
  1497                           
  1498     0020                     ??_InitISR:	
  1499                           ; 1 bytes @ 0x0
  1500                           
  1501     0020                     ??_TranslateJoysticks:	
  1502                           ; 1 bytes @ 0x0
  1503                           
  1504     0020                     ??_TranslateY:	
  1505                           ; 1 bytes @ 0x0
  1506                           
  1507     0020                     ??_TranslateX:	
  1508                           ; 1 bytes @ 0x0
  1509                           
  1510                           
  1511                           ; 1 bytes @ 0x0
  1512     0020                     	ds	2
  1513     0022                     ___wmul@multiplicand:
  1514                           
  1515                           ; 2 bytes @ 0x2
  1516     0022                     	ds	2
  1517     0024                     ___wmul@product:
  1518     0024                     ??___wmul:	
  1519                           ; 2 bytes @ 0x4
  1520                           
  1521                           
  1522                           ; 1 bytes @ 0x4
  1523     0024                     	ds	2
  1524     0026                     tx_uart@byte:
  1525     0026                     ??_tx_uart:	
  1526                           ; 1 bytes @ 0x6
  1527                           
  1528                           
  1529                           ; 1 bytes @ 0x6
  1530     0026                     	ds	1
  1531     0027                     ??_send_camera_button:
  1532     0027                     ??_send_camera_command:	
  1533                           ; 1 bytes @ 0x7
  1534                           
  1535                           
  1536                           ; 1 bytes @ 0x7
  1537     0027                     	ds	6
  1538     002D                     send_camera_button@byte:
  1539     002D                     send_camera_command@byte:	
  1540                           ; 1 bytes @ 0xD
  1541                           
  1542                           
  1543                           ; 1 bytes @ 0xD
  1544     002D                     	ds	1
  1545     002E                     send_camera_button@i:
  1546     002E                     send_camera_command@i:	
  1547                           ; 1 bytes @ 0xE
  1548                           
  1549                           
  1550                           ; 1 bytes @ 0xE
  1551     002E                     	ds	1
  1552     002F                     ??_lookup_and_send_buttons:
  1553     002F                     ??_lookup_and_send_move:	
  1554                           ; 1 bytes @ 0xF
  1555                           
  1556                           
  1557                           ; 1 bytes @ 0xF
  1558     002F                     	ds	2
  1559     0031                     lookup_and_send_buttons@cmd:
  1560     0031                     lookup_and_send_move@cmd:	
  1561                           ; 1 bytes @ 0x11
  1562                           
  1563                           
  1564                           ; 1 bytes @ 0x11
  1565     0031                     	ds	1
  1566     0032                     lookup_and_send_buttons@i:
  1567     0032                     lookup_and_send_move@i:	
  1568                           ; 1 bytes @ 0x12
  1569                           
  1570                           
  1571                           ; 1 bytes @ 0x12
  1572     0032                     	ds	1
  1573     0033                     ??_TranslateTABXY:
  1574                           
  1575                           ; 1 bytes @ 0x13
  1576     0033                     	ds	1
  1577     0034                     TranslateTABXY@byte:
  1578                           
  1579                           ; 1 bytes @ 0x14
  1580     0034                     	ds	1
  1581     0035                     ??_main:
  1582                           
  1583                           	psect	maintext
  1584     00E6                     __pmaintext:	
  1585                           ; 1 bytes @ 0x15
  1586 ;;
  1587 ;;Main: autosize = 0, tempsize = 0, incstack = 0, save=0
  1588 ;;
  1589 ;; *************** function _main *****************
  1590 ;; Defined at:
  1591 ;;		line 402 in file "Main.c"
  1592 ;; Parameters:    Size  Location     Type
  1593 ;;		None
  1594 ;; Auto vars:     Size  Location     Type
  1595 ;;		None
  1596 ;; Return value:  Size  Location     Type
  1597 ;;                  1    wreg      void 
  1598 ;; Registers used:
  1599 ;;		wreg, fsr0l, fsr0h, status,2, status,0, pclath, cstack
  1600 ;; Tracked objects:
  1601 ;;		On entry : B1F/0
  1602 ;;		On exit  : 0/0
  1603 ;;		Unchanged: 0/0
  1604 ;; Data sizes:     COMMON   BANK0   BANK1   BANK2   BANK3   BANK4   BANK5   BANK6   BANK7   BANK8   BANK9  BANK10  BANK1
      +1  BANK12  BANK13  BANK14  BANK15  BANK16  BANK17  BANK18  BANK19  BANK20  BANK21  BANK22  BANK23  BANK24  BANK25
  1605 ;;      Params:         0       0       0       0       0       0       0       0       0       0       0       0       
      +0       0       0       0       0       0       0       0       0       0       0       0       0       0       0
  1606 ;;      Locals:         0       0       0       0       0       0       0       0       0       0       0       0       
      +0       0       0       0       0       0       0       0       0       0       0       0       0       0       0
  1607 ;;      Temps:          0       0       0       0       0       0       0       0       0       0       0       0       
      +0       0       0       0       0       0       0       0       0       0       0       0       0       0       0
  1608 ;;      Totals:         0       0       0       0       0       0       0       0       0       0       0       0       
      +0       0       0       0       0       0       0       0       0       0       0       0       0       0       0
  1609 ;;Total ram usage:        0 bytes
  1610 ;; Hardware stack levels required when called: 6
  1611 ;; This function calls:
  1612 ;;		_InitI2C
  1613 ;;		_InitISR
  1614 ;;		_InitOpt
  1615 ;;		_InitOsc
  1616 ;;		_InitPIN
  1617 ;;		_InitPORTA
  1618 ;;		_InitPORTB
  1619 ;;		_InitPORTC
  1620 ;;		_InitUART
  1621 ;;		_TranslateJoysticks
  1622 ;;		_TranslateTABXY
  1623 ;;		_TranslateX
  1624 ;;		_TranslateY
  1625 ;;		_lookup_and_send_buttons
  1626 ;;		_lookup_and_send_move
  1627 ;; This function is called by:
  1628 ;;		Startup code after reset
  1629 ;; This function uses a non-reentrant model
  1630 ;;
  1631                           
  1632     00E6                     _main:	
  1633                           ;psect for function _main
  1634                           
  1635     00E6                     l1741:	
  1636                           ;incstack = 0
  1637                           ; Regs used in _main: [wreg-fsr0h+status,2+status,0+pclath+cstack]
  1638                           
  1639                           
  1640                           ;Main.c: 406:     InitOsc();
  1641     00E6  3184  2431  3180   	fcall	_InitOsc
  1642                           
  1643                           ;Main.c: 407:     InitOpt();
  1644     00E9  3184  243B  3180   	fcall	_InitOpt
  1645                           
  1646                           ;Main.c: 408:     InitPIN();
  1647     00EC  3184  2437  3180   	fcall	_InitPIN
  1648                           
  1649                           ;Main.c: 409:     InitPORTA();
  1650     00EF  3183  23EB  3180   	fcall	_InitPORTA
  1651                           
  1652                           ;Main.c: 410:     InitPORTB();
  1653     00F2  3183  23DF  3180   	fcall	_InitPORTB
  1654                           
  1655                           ;Main.c: 411:     InitPORTC();
  1656     00F5  3184  240C  3180   	fcall	_InitPORTC
  1657                           
  1658                           ;Main.c: 412:     InitUART();
  1659     00F8  3183  23F7  3180   	fcall	_InitUART
  1660                           
  1661                           ;Main.c: 413:     InitI2C();
  1662     00FB  3184  2416  3180   	fcall	_InitI2C
  1663                           
  1664                           ;Main.c: 414:     InitISR();
  1665     00FE  3184  2429  3180   	fcall	_InitISR
  1666     0101                     l1743:
  1667                           
  1668                           ;Main.c: 417:     INTCONbits.GIE = 1;
  1669     0101  178B               	bsf	11,7	;volatile
  1670     0102                     l1745:
  1671                           
  1672                           ;Main.c: 424:         if (rx_done){
  1673     0102  0875               	movf	_rx_done,w	;volatile
  1674     0103  1903               	btfsc	3,2
  1675     0104  2906               	goto	u1581
  1676     0105  2907               	goto	u1580
  1677     0106                     u1581:
  1678     0106  2902               	goto	l1745
  1679     0107                     u1580:
  1680     0107                     l1747:
  1681                           
  1682                           ;Main.c: 427:             TranslateY(Y_Byte);
  1683     0107  0873               	movf	_Y_Byte,w	;volatile
  1684     0108  3183  2300  3180   	fcall	_TranslateY
  1685                           
  1686                           ;Main.c: 428:             TranslateX(X_Byte);
  1687     010B  0874               	movf	_X_Byte,w	;volatile
  1688     010C  3182  22BE  3180   	fcall	_TranslateX
  1689     010F                     l1749:
  1690                           
  1691                           ;Main.c: 429:             TranslateTABXY(TsABXY);
  1692     010F  0872               	movf	_TsABXY,w	;volatile
  1693     0110  3180  2080  3180   	fcall	_TranslateTABXY
  1694     0113                     l1751:
  1695                           
  1696                           ;Main.c: 430:             TranslateJoysticks(JButtons);
  1697     0113  0871               	movf	_JButtons,w	;volatile
  1698     0114  3183  23D3  3180   	fcall	_TranslateJoysticks
  1699                           
  1700                           ;Main.c: 435:             lookup_and_send_move(TxY);
  1701     0117  0020               	movlb	0	; select bank0
  1702     0118  0840               	movf	_TxY,w	;volatile
  1703     0119  3183  2341  3180   	fcall	_lookup_and_send_move
  1704                           
  1705                           ;Main.c: 436:             lookup_and_send_move(TxX);
  1706     011C  0020               	movlb	0	; select bank0
  1707     011D  083F               	movf	_TxX,w	;volatile
  1708     011E  3183  2341  3180   	fcall	_lookup_and_send_move
  1709                           
  1710                           ;Main.c: 439:             lookup_and_send_buttons(TxA);
  1711     0121  0020               	movlb	0	; select bank0
  1712     0122  083C               	movf	_TxA,w	;volatile
  1713     0123  3183  2374  3180   	fcall	_lookup_and_send_buttons
  1714                           
  1715                           ;Main.c: 440:             lookup_and_send_buttons(TxBY);
  1716     0126  0020               	movlb	0	; select bank0
  1717     0127  083A               	movf	_TxBY,w	;volatile
  1718     0128  3183  2374  3180   	fcall	_lookup_and_send_buttons
  1719                           
  1720                           ;Main.c: 441:             lookup_and_send_buttons(TxB);
  1721     012B  0020               	movlb	0	; select bank0
  1722     012C  083B               	movf	_TxB,w	;volatile
  1723     012D  3183  2374  3180   	fcall	_lookup_and_send_buttons
  1724                           
  1725                           ;Main.c: 442:             lookup_and_send_buttons(TxTR);
  1726     0130  0020               	movlb	0	; select bank0
  1727     0131  083D               	movf	_TxTR,w	;volatile
  1728     0132  3183  2374  3180   	fcall	_lookup_and_send_buttons
  1729                           
  1730                           ;Main.c: 443:             lookup_and_send_buttons(TxTL);
  1731     0135  0020               	movlb	0	; select bank0
  1732     0136  083E               	movf	_TxTL,w	;volatile
  1733     0137  3183  2374  3180   	fcall	_lookup_and_send_buttons
  1734                           
  1735                           ;Main.c: 444:             lookup_and_send_buttons(TxJ);
  1736     013A  0020               	movlb	0	; select bank0
  1737     013B  0839               	movf	_TxJ,w	;volatile
  1738     013C  3183  2374  3180   	fcall	_lookup_and_send_buttons
  1739     013F                     l1753:
  1740                           
  1741                           ;Main.c: 448:             rx_done = 0;
  1742     013F  01F5               	clrf	_rx_done	;volatile
  1743     0140                     l1755:
  1744                           
  1745                           ;Main.c: 449:             SSP1CON1bits.CKP = 1;
  1746     0140  0024               	movlb	4	; select bank4
  1747     0141  1615               	bsf	21,4	;volatile
  1748     0142  2902               	goto	l1745
  1749     0143  3180  2867         	ljmp	start
  1750     0145                     __end_of_main:
  1751                           
  1752                           	psect	text1
  1753     0341                     __ptext1:	
  1754 ;; *************** function _lookup_and_send_move *****************
  1755 ;; Defined at:
  1756 ;;		line 321 in file "Main.c"
  1757 ;; Parameters:    Size  Location     Type
  1758 ;;  cmd             1    wreg     unsigned char 
  1759 ;; Auto vars:     Size  Location     Type
  1760 ;;  cmd             1   17[BANK0 ] unsigned char 
  1761 ;;  i               1   18[BANK0 ] unsigned char 
  1762 ;; Return value:  Size  Location     Type
  1763 ;;                  1    wreg      void 
  1764 ;; Registers used:
  1765 ;;		wreg, fsr0l, fsr0h, status,2, status,0, pclath, cstack
  1766 ;; Tracked objects:
  1767 ;;		On entry : 0/0
  1768 ;;		On exit  : 0/0
  1769 ;;		Unchanged: 0/0
  1770 ;; Data sizes:     COMMON   BANK0   BANK1   BANK2   BANK3   BANK4   BANK5   BANK6   BANK7   BANK8   BANK9  BANK10  BANK1
      +1  BANK12  BANK13  BANK14  BANK15  BANK16  BANK17  BANK18  BANK19  BANK20  BANK21  BANK22  BANK23  BANK24  BANK25
  1771 ;;      Params:         0       0       0       0       0       0       0       0       0       0       0       0       
      +0       0       0       0       0       0       0       0       0       0       0       0       0       0       0
  1772 ;;      Locals:         0       2       0       0       0       0       0       0       0       0       0       0       
      +0       0       0       0       0       0       0       0       0       0       0       0       0       0       0
  1773 ;;      Temps:          0       2       0       0       0       0       0       0       0       0       0       0       
      +0       0       0       0       0       0       0       0       0       0       0       0       0       0       0
  1774 ;;      Totals:         0       4       0       0       0       0       0       0       0       0       0       0       
      +0       0       0       0       0       0       0       0       0       0       0       0       0       0       0
  1775 ;;Total ram usage:        4 bytes
  1776 ;; Hardware stack levels used: 1
  1777 ;; Hardware stack levels required when called: 4
  1778 ;; This function calls:
  1779 ;;		___wmul
  1780 ;;		_send_camera_command
  1781 ;; This function is called by:
  1782 ;;		_main
  1783 ;; This function uses a non-reentrant model
  1784 ;;
  1785                           
  1786     0341                     _lookup_and_send_move:	
  1787                           ;psect for function _lookup_and_send_move
  1788                           
  1789                           
  1790                           ;incstack = 0
  1791                           ; Regs used in _lookup_and_send_move: [wreg-fsr0h+status,2+status,0+pclath+cstack]
  1792                           ;lookup_and_send_move@cmd stored from wreg
  1793     0341  0020               	movlb	0	; select bank0
  1794     0342  00B1               	movwf	lookup_and_send_move@cmd
  1795     0343                     l1723:
  1796                           
  1797                           ;Main.c: 322:     uint8_t i;;Main.c: 323:     if (cmd == 0xFF) return;
  1798     0343  0A31               	incf	lookup_and_send_move@cmd,w
  1799     0344  1D03               	btfss	3,2
  1800     0345  2B47               	goto	u1551
  1801     0346  2B48               	goto	u1550
  1802     0347                     u1551:
  1803     0347  2B49               	goto	l1727
  1804     0348                     u1550:
  1805     0348  2B73               	goto	l256
  1806     0349                     l1727:
  1807                           
  1808                           ;Main.c: 325:     for (i = 0; i < 12u; i++){
  1809     0349  01B2               	clrf	lookup_and_send_move@i
  1810     034A                     l1733:
  1811                           
  1812                           ;Main.c: 326:         if (cmd_table[i][0] == cmd){
  1813     034A  0832               	movf	lookup_and_send_move@i,w
  1814     034B  00AF               	movwf	??_lookup_and_send_move
  1815     034C  01B0               	clrf	??_lookup_and_send_move+1
  1816     034D  082F               	movf	??_lookup_and_send_move,w
  1817     034E  00A0               	movwf	___wmul@multiplier
  1818     034F  0830               	movf	??_lookup_and_send_move+1,w
  1819     0350  00A1               	movwf	___wmul@multiplier+1
  1820     0351  3007               	movlw	7
  1821     0352  00A2               	movwf	___wmul@multiplicand
  1822     0353  3000               	movlw	0
  1823     0354  00A3               	movwf	___wmul@multiplicand+1
  1824     0355  3183  23A7  3183   	fcall	___wmul
  1825     0358  3045               	movlw	low _cmd_table
  1826     0359  0020               	movlb	0	; select bank0
  1827     035A  0720               	addwf	?___wmul,w
  1828     035B  0084               	movwf	4
  1829     035C  3001               	movlw	high _cmd_table
  1830     035D  3D21               	addwfc	?___wmul+1,w
  1831     035E  3880               	iorlw	128
  1832     035F  0085               	movwf	5
  1833     0360  0800               	movf	0,w	;code access
  1834     0361  0631               	xorwf	lookup_and_send_move@cmd,w
  1835     0362  1D03               	skipz
  1836     0363  2B65               	goto	u1561
  1837     0364  2B66               	goto	u1560
  1838     0365                     u1561:
  1839     0365  2B6B               	goto	l1737
  1840     0366                     u1560:
  1841     0366                     l1735:
  1842                           
  1843                           ;Main.c: 327:             send_camera_command(i);
  1844     0366  0832               	movf	lookup_and_send_move@i,w
  1845     0367  3181  21EA  3183   	fcall	_send_camera_command
  1846                           
  1847                           ;Main.c: 328:             break;
  1848     036A  2B73               	goto	l256
  1849     036B                     l1737:
  1850                           
  1851                           ;Main.c: 330:     }
  1852     036B  3001               	movlw	1
  1853     036C  07B2               	addwf	lookup_and_send_move@i,f
  1854     036D                     l1739:
  1855     036D  300C               	movlw	12
  1856     036E  0232               	subwf	lookup_and_send_move@i,w
  1857     036F  1C03               	skipc
  1858     0370  2B72               	goto	u1571
  1859     0371  2B73               	goto	u1570
  1860     0372                     u1571:
  1861     0372  2B4A               	goto	l1733
  1862     0373                     u1570:
  1863     0373                     l256:
  1864     0373  0008               	return
  1865     0374                     __end_of_lookup_and_send_move:
  1866                           
  1867                           	psect	text2
  1868     01EA                     __ptext2:	
  1869 ;; *************** function _send_camera_command *****************
  1870 ;; Defined at:
  1871 ;;		line 303 in file "Main.c"
  1872 ;; Parameters:    Size  Location     Type
  1873 ;;  byte            1    wreg     unsigned char 
  1874 ;; Auto vars:     Size  Location     Type
  1875 ;;  byte            1   13[BANK0 ] unsigned char 
  1876 ;;  i               1   14[BANK0 ] unsigned char 
  1877 ;; Return value:  Size  Location     Type
  1878 ;;                  1    wreg      void 
  1879 ;; Registers used:
  1880 ;;		wreg, fsr0l, fsr0h, status,2, status,0, pclath, cstack
  1881 ;; Tracked objects:
  1882 ;;		On entry : 0/0
  1883 ;;		On exit  : 0/0
  1884 ;;		Unchanged: 0/0
  1885 ;; Data sizes:     COMMON   BANK0   BANK1   BANK2   BANK3   BANK4   BANK5   BANK6   BANK7   BANK8   BANK9  BANK10  BANK1
      +1  BANK12  BANK13  BANK14  BANK15  BANK16  BANK17  BANK18  BANK19  BANK20  BANK21  BANK22  BANK23  BANK24  BANK25
  1886 ;;      Params:         0       0       0       0       0       0       0       0       0       0       0       0       
      +0       0       0       0       0       0       0       0       0       0       0       0       0       0       0
  1887 ;;      Locals:         0       2       0       0       0       0       0       0       0       0       0       0       
      +0       0       0       0       0       0       0       0       0       0       0       0       0       0       0
  1888 ;;      Temps:          0       6       0       0       0       0       0       0       0       0       0       0       
      +0       0       0       0       0       0       0       0       0       0       0       0       0       0       0
  1889 ;;      Totals:         0       8       0       0       0       0       0       0       0       0       0       0       
      +0       0       0       0       0       0       0       0       0       0       0       0       0       0       0
  1890 ;;Total ram usage:        8 bytes
  1891 ;; Hardware stack levels used: 1
  1892 ;; Hardware stack levels required when called: 3
  1893 ;; This function calls:
  1894 ;;		___wmul
  1895 ;;		_tx_uart
  1896 ;; This function is called by:
  1897 ;;		_lookup_and_send_move
  1898 ;; This function uses a non-reentrant model
  1899 ;;
  1900                           
  1901     01EA                     _send_camera_command:	
  1902                           ;psect for function _send_camera_command
  1903                           
  1904                           
  1905                           ;incstack = 0
  1906                           ; Regs used in _send_camera_command: [wreg-fsr0h+status,2+status,0+pclath+cstack]
  1907                           ;send_camera_command@byte stored from wreg
  1908     01EA  0020               	movlb	0	; select bank0
  1909     01EB  00AD               	movwf	send_camera_command@byte
  1910     01EC                     l1587:
  1911                           
  1912                           ;Main.c: 304:     uint8_t i;;Main.c: 307:     for ( i = 0; i < 12u; i++) {
  1913     01EC  01AE               	clrf	send_camera_command@i
  1914     01ED                     l1593:
  1915                           
  1916                           ;Main.c: 308:         tx_uart(header_dir[i]);
  1917     01ED  082E               	movf	send_camera_command@i,w
  1918     01EE  3EC7               	addlw	low (_header_dir| (0+32768))
  1919     01EF  0084               	movwf	4
  1920     01F0  3083               	movlw	high (_header_dir| (0+32768))
  1921     01F1  1803               	skipnc
  1922     01F2  3E01               	addlw	1
  1923     01F3  0085               	movwf	5
  1924     01F4  0800               	movf	0,w	;code access
  1925     01F5  3184  2402  3181   	fcall	_tx_uart
  1926     01F8                     l1595:
  1927                           
  1928                           ;Main.c: 309:     }
  1929     01F8  3001               	movlw	1
  1930     01F9  0020               	movlb	0	; select bank0
  1931     01FA  07AE               	addwf	send_camera_command@i,f
  1932     01FB                     l1597:
  1933     01FB  300C               	movlw	12
  1934     01FC  022E               	subwf	send_camera_command@i,w
  1935     01FD  1C03               	skipc
  1936     01FE  2A00               	goto	u1281
  1937     01FF  2A01               	goto	u1280
  1938     0200                     u1281:
  1939     0200  29ED               	goto	l1593
  1940     0201                     u1280:
  1941     0201                     l249:
  1942                           
  1943                           ;Main.c: 312:     for ( i = 1; i < 7u; i++){
  1944     0201  3001               	movlw	1
  1945     0202  00AE               	movwf	send_camera_command@i
  1946     0203                     l1603:
  1947                           
  1948                           ;Main.c: 313:         tx_uart(cmd_table[byte][i]);
  1949     0203  082D               	movf	send_camera_command@byte,w
  1950     0204  00A7               	movwf	??_send_camera_command
  1951     0205  01A8               	clrf	??_send_camera_command+1
  1952     0206  0827               	movf	??_send_camera_command,w
  1953     0207  00A0               	movwf	___wmul@multiplier
  1954     0208  0828               	movf	??_send_camera_command+1,w
  1955     0209  00A1               	movwf	___wmul@multiplier+1
  1956     020A  3007               	movlw	7
  1957     020B  00A2               	movwf	___wmul@multiplicand
  1958     020C  3000               	movlw	0
  1959     020D  00A3               	movwf	___wmul@multiplicand+1
  1960     020E  3183  23A7  3181   	fcall	___wmul
  1961     0211  3045               	movlw	low (_cmd_table| (0+32768))
  1962     0212  0020               	movlb	0	; select bank0
  1963     0213  00A9               	movwf	??_send_camera_command+2
  1964     0214  3081               	movlw	high (_cmd_table| (0+32768))
  1965     0215  00AA               	movwf	??_send_camera_command+3
  1966     0216  0820               	movf	?___wmul,w
  1967     0217  0729               	addwf	??_send_camera_command+2,w
  1968     0218  00AB               	movwf	??_send_camera_command+4
  1969     0219  0821               	movf	?___wmul+1,w
  1970     021A  3D2A               	addwfc	??_send_camera_command+3,w
  1971     021B  00AC               	movwf	??_send_camera_command+5
  1972     021C  082E               	movf	send_camera_command@i,w
  1973     021D  072B               	addwf	??_send_camera_command+4,w
  1974     021E  0084               	movwf	4
  1975     021F  082C               	movf	??_send_camera_command+5,w
  1976     0220  1803               	skipnc
  1977     0221  3E01               	addlw	1
  1978     0222  0085               	movwf	5
  1979     0223  0800               	movf	0,w	;code access
  1980     0224  3184  2402  3181   	fcall	_tx_uart
  1981     0227                     l1605:
  1982                           
  1983                           ;Main.c: 314:     }
  1984     0227  3001               	movlw	1
  1985     0228  0020               	movlb	0	; select bank0
  1986     0229  07AE               	addwf	send_camera_command@i,f
  1987     022A                     l1607:
  1988     022A  3007               	movlw	7
  1989     022B  022E               	subwf	send_camera_command@i,w
  1990     022C  1C03               	skipc
  1991     022D  2A2F               	goto	u1291
  1992     022E  2A30               	goto	u1290
  1993     022F                     u1291:
  1994     022F  2A03               	goto	l1603
  1995     0230                     u1290:
  1996     0230                     l252:
  1997     0230  0008               	return
  1998     0231                     __end_of_send_camera_command:
  1999                           
  2000                           	psect	text3
  2001     0300                     __ptext3:	
  2002 ;; *************** function _TranslateY *****************
  2003 ;; Defined at:
  2004 ;;		line 232 in file "Main.c"
  2005 ;; Parameters:    Size  Location     Type
  2006 ;;  byte            1    wreg     unsigned char 
  2007 ;; Auto vars:     Size  Location     Type
  2008 ;;  byte            1    0[BANK0 ] unsigned char 
  2009 ;; Return value:  Size  Location     Type
  2010 ;;                  1    wreg      void 
  2011 ;; Registers used:
  2012 ;;		wreg, status,2
  2013 ;; Tracked objects:
  2014 ;;		On entry : 0/0
  2015 ;;		On exit  : 0/0
  2016 ;;		Unchanged: 0/0
  2017 ;; Data sizes:     COMMON   BANK0   BANK1   BANK2   BANK3   BANK4   BANK5   BANK6   BANK7   BANK8   BANK9  BANK10  BANK1
      +1  BANK12  BANK13  BANK14  BANK15  BANK16  BANK17  BANK18  BANK19  BANK20  BANK21  BANK22  BANK23  BANK24  BANK25
  2018 ;;      Params:         0       0       0       0       0       0       0       0       0       0       0       0       
      +0       0       0       0       0       0       0       0       0       0       0       0       0       0       0
  2019 ;;      Locals:         0       1       0       0       0       0       0       0       0       0       0       0       
      +0       0       0       0       0       0       0       0       0       0       0       0       0       0       0
  2020 ;;      Temps:          0       0       0       0       0       0       0       0       0       0       0       0       
      +0       0       0       0       0       0       0       0       0       0       0       0       0       0       0
  2021 ;;      Totals:         0       1       0       0       0       0       0       0       0       0       0       0       
      +0       0       0       0       0       0       0       0       0       0       0       0       0       0       0
  2022 ;;Total ram usage:        1 bytes
  2023 ;; Hardware stack levels used: 1
  2024 ;; Hardware stack levels required when called: 2
  2025 ;; This function calls:
  2026 ;;		Nothing
  2027 ;; This function is called by:
  2028 ;;		_main
  2029 ;; This function uses a non-reentrant model
  2030 ;;
  2031                           
  2032     0300                     _TranslateY:	
  2033                           ;psect for function _TranslateY
  2034                           
  2035                           
  2036                           ;incstack = 0
  2037                           ; Regs used in _TranslateY: [wreg+status,2]
  2038                           ;TranslateY@byte stored from wreg
  2039     0300  0020               	movlb	0	; select bank0
  2040     0301  00A0               	movwf	TranslateY@byte
  2041     0302                     l1667:
  2042                           
  2043                           ;Main.c: 234:     if (byte <= 0x32){
  2044     0302  3033               	movlw	51
  2045     0303  0220               	subwf	TranslateY@byte,w
  2046     0304  1803               	skipnc
  2047     0305  2B07               	goto	u1411
  2048     0306  2B08               	goto	u1410
  2049     0307                     u1411:
  2050     0307  2B0B               	goto	l1671
  2051     0308                     u1410:
  2052     0308                     l1669:
  2053                           
  2054                           ;Main.c: 235:         TxY = 0x05;
  2055     0308  3005               	movlw	5
  2056     0309  00C0               	movwf	_TxY	;volatile
  2057                           
  2058                           ;Main.c: 236:     }
  2059     030A  2B40               	goto	l228
  2060     030B                     l1671:
  2061     030B  305B               	movlw	91
  2062     030C  0220               	subwf	TranslateY@byte,w
  2063     030D  1803               	skipnc
  2064     030E  2B10               	goto	u1421
  2065     030F  2B11               	goto	u1420
  2066     0310                     u1421:
  2067     0310  2B14               	goto	l1675
  2068     0311                     u1420:
  2069     0311                     l1673:
  2070                           
  2071                           ;Main.c: 238:         TxY = 0x04;
  2072     0311  3004               	movlw	4
  2073     0312  00C0               	movwf	_TxY	;volatile
  2074                           
  2075                           ;Main.c: 239:     }
  2076     0313  2B40               	goto	l228
  2077     0314                     l1675:
  2078     0314  307C               	movlw	124
  2079     0315  0220               	subwf	TranslateY@byte,w
  2080     0316  1803               	skipnc
  2081     0317  2B19               	goto	u1431
  2082     0318  2B1A               	goto	u1430
  2083     0319                     u1431:
  2084     0319  2B1D               	goto	l1679
  2085     031A                     u1430:
  2086     031A                     l1677:
  2087                           
  2088                           ;Main.c: 241:         TxY = 0x03;
  2089     031A  3003               	movlw	3
  2090     031B  00C0               	movwf	_TxY	;volatile
  2091                           
  2092                           ;Main.c: 242:     }
  2093     031C  2B40               	goto	l228
  2094     031D                     l1679:
  2095     031D  3089               	movlw	137
  2096     031E  0220               	subwf	TranslateY@byte,w
  2097     031F  1803               	skipnc
  2098     0320  2B22               	goto	u1441
  2099     0321  2B23               	goto	u1440
  2100     0322                     u1441:
  2101     0322  2B26               	goto	l1683
  2102     0323                     u1440:
  2103     0323                     l1681:
  2104                           
  2105                           ;Main.c: 244:         TxY = 0xFF;
  2106     0323  30FF               	movlw	255
  2107     0324  00C0               	movwf	_TxY	;volatile
  2108                           
  2109                           ;Main.c: 245:     }
  2110     0325  2B40               	goto	l228
  2111     0326                     l1683:
  2112     0326  3095               	movlw	149
  2113     0327  0220               	subwf	TranslateY@byte,w
  2114     0328  1803               	skipnc
  2115     0329  2B2B               	goto	u1451
  2116     032A  2B2C               	goto	u1450
  2117     032B                     u1451:
  2118     032B  2B2D               	goto	l1687
  2119     032C                     u1450:
  2120     032C  2B23               	goto	l1681
  2121     032D                     l1687:
  2122     032D  30B6               	movlw	182
  2123     032E  0220               	subwf	TranslateY@byte,w
  2124     032F  1803               	skipnc
  2125     0330  2B32               	goto	u1461
  2126     0331  2B33               	goto	u1460
  2127     0332                     u1461:
  2128     0332  2B35               	goto	l1691
  2129     0333                     u1460:
  2130     0333                     l1689:
  2131                           
  2132                           ;Main.c: 250:         TxY = 0x00;
  2133     0333  01C0               	clrf	_TxY	;volatile
  2134                           
  2135                           ;Main.c: 251:     }
  2136     0334  2B40               	goto	l228
  2137     0335                     l1691:
  2138     0335  30DE               	movlw	222
  2139     0336  0220               	subwf	TranslateY@byte,w
  2140     0337  1803               	skipnc
  2141     0338  2B3A               	goto	u1471
  2142     0339  2B3B               	goto	u1470
  2143     033A                     u1471:
  2144     033A  2B3E               	goto	l226
  2145     033B                     u1470:
  2146     033B                     l1693:
  2147                           
  2148                           ;Main.c: 253:         TxY = 0x01;
  2149     033B  3001               	movlw	1
  2150     033C  00C0               	movwf	_TxY	;volatile
  2151                           
  2152                           ;Main.c: 254:     }
  2153     033D  2B40               	goto	l228
  2154     033E                     l226:	
  2155                           ;Main.c: 255:     else{
  2156                           
  2157                           
  2158                           ;Main.c: 256:         TxY = 0x02;
  2159     033E  3002               	movlw	2
  2160     033F  00C0               	movwf	_TxY	;volatile
  2161     0340                     l228:
  2162     0340  0008               	return
  2163     0341                     __end_of_TranslateY:
  2164                           
  2165                           	psect	text4
  2166     02BE                     __ptext4:	
  2167 ;; *************** function _TranslateX *****************
  2168 ;; Defined at:
  2169 ;;		line 271 in file "Main.c"
  2170 ;; Parameters:    Size  Location     Type
  2171 ;;  byte            1    wreg     unsigned char 
  2172 ;; Auto vars:     Size  Location     Type
  2173 ;;  byte            1    0[BANK0 ] unsigned char 
  2174 ;; Return value:  Size  Location     Type
  2175 ;;                  1    wreg      void 
  2176 ;; Registers used:
  2177 ;;		wreg
  2178 ;; Tracked objects:
  2179 ;;		On entry : 0/0
  2180 ;;		On exit  : 0/0
  2181 ;;		Unchanged: 0/0
  2182 ;; Data sizes:     COMMON   BANK0   BANK1   BANK2   BANK3   BANK4   BANK5   BANK6   BANK7   BANK8   BANK9  BANK10  BANK1
      +1  BANK12  BANK13  BANK14  BANK15  BANK16  BANK17  BANK18  BANK19  BANK20  BANK21  BANK22  BANK23  BANK24  BANK25
  2183 ;;      Params:         0       0       0       0       0       0       0       0       0       0       0       0       
      +0       0       0       0       0       0       0       0       0       0       0       0       0       0       0
  2184 ;;      Locals:         0       1       0       0       0       0       0       0       0       0       0       0       
      +0       0       0       0       0       0       0       0       0       0       0       0       0       0       0
  2185 ;;      Temps:          0       0       0       0       0       0       0       0       0       0       0       0       
      +0       0       0       0       0       0       0       0       0       0       0       0       0       0       0
  2186 ;;      Totals:         0       1       0       0       0       0       0       0       0       0       0       0       
      +0       0       0       0       0       0       0       0       0       0       0       0       0       0       0
  2187 ;;Total ram usage:        1 bytes
  2188 ;; Hardware stack levels used: 1
  2189 ;; Hardware stack levels required when called: 2
  2190 ;; This function calls:
  2191 ;;		Nothing
  2192 ;; This function is called by:
  2193 ;;		_main
  2194 ;; This function uses a non-reentrant model
  2195 ;;
  2196                           
  2197     02BE                     _TranslateX:	
  2198                           ;psect for function _TranslateX
  2199                           
  2200                           
  2201                           ;incstack = 0
  2202                           ; Regs used in _TranslateX: [wreg]
  2203                           ;TranslateX@byte stored from wreg
  2204     02BE  0020               	movlb	0	; select bank0
  2205     02BF  00A0               	movwf	TranslateX@byte
  2206     02C0                     l1695:
  2207                           
  2208                           ;Main.c: 273:     if (byte <= 0x32){
  2209     02C0  3033               	movlw	51
  2210     02C1  0220               	subwf	TranslateX@byte,w
  2211     02C2  1803               	skipnc
  2212     02C3  2AC5               	goto	u1481
  2213     02C4  2AC6               	goto	u1480
  2214     02C5                     u1481:
  2215     02C5  2AC9               	goto	l1699
  2216     02C6                     u1480:
  2217     02C6                     l1697:
  2218                           
  2219                           ;Main.c: 274:         TxX = 0x0B;
  2220     02C6  300B               	movlw	11
  2221     02C7  00BF               	movwf	_TxX	;volatile
  2222                           
  2223                           ;Main.c: 275:     }
  2224     02C8  2AFF               	goto	l245
  2225     02C9                     l1699:
  2226     02C9  305B               	movlw	91
  2227     02CA  0220               	subwf	TranslateX@byte,w
  2228     02CB  1803               	skipnc
  2229     02CC  2ACE               	goto	u1491
  2230     02CD  2ACF               	goto	u1490
  2231     02CE                     u1491:
  2232     02CE  2AD2               	goto	l1703
  2233     02CF                     u1490:
  2234     02CF                     l1701:
  2235                           
  2236                           ;Main.c: 277:         TxX = 0x0A;
  2237     02CF  300A               	movlw	10
  2238     02D0  00BF               	movwf	_TxX	;volatile
  2239                           
  2240                           ;Main.c: 278:     }
  2241     02D1  2AFF               	goto	l245
  2242     02D2                     l1703:
  2243     02D2  307C               	movlw	124
  2244     02D3  0220               	subwf	TranslateX@byte,w
  2245     02D4  1803               	skipnc
  2246     02D5  2AD7               	goto	u1501
  2247     02D6  2AD8               	goto	u1500
  2248     02D7                     u1501:
  2249     02D7  2ADB               	goto	l1707
  2250     02D8                     u1500:
  2251     02D8                     l1705:
  2252                           
  2253                           ;Main.c: 280:         TxX = 0x09;
  2254     02D8  3009               	movlw	9
  2255     02D9  00BF               	movwf	_TxX	;volatile
  2256                           
  2257                           ;Main.c: 281:     }
  2258     02DA  2AFF               	goto	l245
  2259     02DB                     l1707:
  2260     02DB  3089               	movlw	137
  2261     02DC  0220               	subwf	TranslateX@byte,w
  2262     02DD  1803               	skipnc
  2263     02DE  2AE0               	goto	u1511
  2264     02DF  2AE1               	goto	u1510
  2265     02E0                     u1511:
  2266     02E0  2AE4               	goto	l1711
  2267     02E1                     u1510:
  2268     02E1                     l1709:
  2269                           
  2270                           ;Main.c: 283:         TxX = 0xFF;
  2271     02E1  30FF               	movlw	255
  2272     02E2  00BF               	movwf	_TxX	;volatile
  2273                           
  2274                           ;Main.c: 284:     }
  2275     02E3  2AFF               	goto	l245
  2276     02E4                     l1711:
  2277     02E4  3095               	movlw	149
  2278     02E5  0220               	subwf	TranslateX@byte,w
  2279     02E6  1803               	skipnc
  2280     02E7  2AE9               	goto	u1521
  2281     02E8  2AEA               	goto	u1520
  2282     02E9                     u1521:
  2283     02E9  2AEB               	goto	l1715
  2284     02EA                     u1520:
  2285     02EA  2AE1               	goto	l1709
  2286     02EB                     l1715:
  2287     02EB  30B6               	movlw	182
  2288     02EC  0220               	subwf	TranslateX@byte,w
  2289     02ED  1803               	skipnc
  2290     02EE  2AF0               	goto	u1531
  2291     02EF  2AF1               	goto	u1530
  2292     02F0                     u1531:
  2293     02F0  2AF4               	goto	l1719
  2294     02F1                     u1530:
  2295     02F1                     l1717:
  2296                           
  2297                           ;Main.c: 289:         TxX = 0x06;
  2298     02F1  3006               	movlw	6
  2299     02F2  00BF               	movwf	_TxX	;volatile
  2300                           
  2301                           ;Main.c: 290:     }
  2302     02F3  2AFF               	goto	l245
  2303     02F4                     l1719:
  2304     02F4  30DE               	movlw	222
  2305     02F5  0220               	subwf	TranslateX@byte,w
  2306     02F6  1803               	skipnc
  2307     02F7  2AF9               	goto	u1541
  2308     02F8  2AFA               	goto	u1540
  2309     02F9                     u1541:
  2310     02F9  2AFD               	goto	l243
  2311     02FA                     u1540:
  2312     02FA                     l1721:
  2313                           
  2314                           ;Main.c: 292:         TxX = 0x07;
  2315     02FA  3007               	movlw	7
  2316     02FB  00BF               	movwf	_TxX	;volatile
  2317                           
  2318                           ;Main.c: 293:     }
  2319     02FC  2AFF               	goto	l245
  2320     02FD                     l243:	
  2321                           ;Main.c: 294:     else{
  2322                           
  2323                           
  2324                           ;Main.c: 295:         TxX = 0x08;
  2325     02FD  3008               	movlw	8
  2326     02FE  00BF               	movwf	_TxX	;volatile
  2327     02FF                     l245:
  2328     02FF  0008               	return
  2329     0300                     __end_of_TranslateX:
  2330                           
  2331                           	psect	text5
  2332     0080                     __ptext5:	
  2333 ;; *************** function _TranslateTABXY *****************
  2334 ;; Defined at:
  2335 ;;		line 135 in file "Main.c"
  2336 ;; Parameters:    Size  Location     Type
  2337 ;;  byte            1    wreg     unsigned char 
  2338 ;; Auto vars:     Size  Location     Type
  2339 ;;  byte            1   20[BANK0 ] unsigned char 
  2340 ;; Return value:  Size  Location     Type
  2341 ;;                  1    wreg      void 
  2342 ;; Registers used:
  2343 ;;		wreg, fsr0l, fsr0h, status,2, status,0, pclath, cstack
  2344 ;; Tracked objects:
  2345 ;;		On entry : 0/0
  2346 ;;		On exit  : 0/0
  2347 ;;		Unchanged: 0/0
  2348 ;; Data sizes:     COMMON   BANK0   BANK1   BANK2   BANK3   BANK4   BANK5   BANK6   BANK7   BANK8   BANK9  BANK10  BANK1
      +1  BANK12  BANK13  BANK14  BANK15  BANK16  BANK17  BANK18  BANK19  BANK20  BANK21  BANK22  BANK23  BANK24  BANK25
  2349 ;;      Params:         0       0       0       0       0       0       0       0       0       0       0       0       
      +0       0       0       0       0       0       0       0       0       0       0       0       0       0       0
  2350 ;;      Locals:         0       1       0       0       0       0       0       0       0       0       0       0       
      +0       0       0       0       0       0       0       0       0       0       0       0       0       0       0
  2351 ;;      Temps:          0       1       0       0       0       0       0       0       0       0       0       0       
      +0       0       0       0       0       0       0       0       0       0       0       0       0       0       0
  2352 ;;      Totals:         0       2       0       0       0       0       0       0       0       0       0       0       
      +0       0       0       0       0       0       0       0       0       0       0       0       0       0       0
  2353 ;;Total ram usage:        2 bytes
  2354 ;; Hardware stack levels used: 1
  2355 ;; Hardware stack levels required when called: 5
  2356 ;; This function calls:
  2357 ;;		_lookup_and_send_buttons
  2358 ;; This function is called by:
  2359 ;;		_main
  2360 ;; This function uses a non-reentrant model
  2361 ;;
  2362                           
  2363     0080                     _TranslateTABXY:	
  2364                           ;psect for function _TranslateTABXY
  2365                           
  2366                           
  2367                           ;incstack = 0
  2368                           ; Regs used in _TranslateTABXY: [wreg-fsr0h+status,2+status,0+pclath+cstack]
  2369                           ;TranslateTABXY@byte stored from wreg
  2370     0080  0020               	movlb	0	; select bank0
  2371     0081  00B4               	movwf	TranslateTABXY@byte
  2372     0082                     l1609:
  2373                           
  2374                           ;Main.c: 138:     if (byte & 0x08){
  2375     0082  1DB4               	btfss	TranslateTABXY@byte,3
  2376     0083  2885               	goto	u1301
  2377     0084  2886               	goto	u1300
  2378     0085                     u1301:
  2379     0085  2889               	goto	l190
  2380     0086                     u1300:
  2381     0086                     l1611:
  2382                           
  2383                           ;Main.c: 139:         TxBY = 0x04;
  2384     0086  3004               	movlw	4
  2385     0087  00BA               	movwf	_TxBY	;volatile
  2386                           
  2387                           ;Main.c: 140:     }
  2388     0088  288B               	goto	l1613
  2389     0089                     l190:	
  2390                           ;Main.c: 141:     else{
  2391                           
  2392                           
  2393                           ;Main.c: 142:         TxBY=0xFF;
  2394     0089  30FF               	movlw	255
  2395     008A  00BA               	movwf	_TxBY	;volatile
  2396     008B                     l1613:
  2397                           
  2398                           ;Main.c: 146:     if (byte & 0x02){
  2399     008B  1CB4               	btfss	TranslateTABXY@byte,1
  2400     008C  288E               	goto	u1311
  2401     008D  288F               	goto	u1310
  2402     008E                     u1311:
  2403     008E  2892               	goto	l192
  2404     008F                     u1310:
  2405     008F                     l1615:
  2406                           
  2407                           ;Main.c: 147:         TxB=0x02;
  2408     008F  3002               	movlw	2
  2409     0090  00BB               	movwf	_TxB	;volatile
  2410                           
  2411                           ;Main.c: 148:     }
  2412     0091  2894               	goto	l1617
  2413     0092                     l192:	
  2414                           ;Main.c: 149:     else{
  2415                           
  2416                           
  2417                           ;Main.c: 150:         TxB = 0xFF;
  2418     0092  30FF               	movlw	255
  2419     0093  00BB               	movwf	_TxB	;volatile
  2420     0094                     l1617:
  2421                           
  2422                           ;Main.c: 154:     if (byte & 0x01){
  2423     0094  1C34               	btfss	TranslateTABXY@byte,0
  2424     0095  2897               	goto	u1321
  2425     0096  2898               	goto	u1320
  2426     0097                     u1321:
  2427     0097  289B               	goto	l194
  2428     0098                     u1320:
  2429     0098                     l1619:
  2430                           
  2431                           ;Main.c: 155:         TxA = 0x05;
  2432     0098  3005               	movlw	5
  2433     0099  00BC               	movwf	_TxA	;volatile
  2434                           
  2435                           ;Main.c: 156:     }
  2436     009A  289D               	goto	l1621
  2437     009B                     l194:	
  2438                           ;Main.c: 157:     else{
  2439                           
  2440                           
  2441                           ;Main.c: 158:         TxA = 0xFF;
  2442     009B  30FF               	movlw	255
  2443     009C  00BC               	movwf	_TxA	;volatile
  2444     009D                     l1621:
  2445                           
  2446                           ;Main.c: 162:     if (byte & 0x10){
  2447     009D  1E34               	btfss	TranslateTABXY@byte,4
  2448     009E  28A0               	goto	u1331
  2449     009F  28A1               	goto	u1330
  2450     00A0                     u1331:
  2451     00A0  28A6               	goto	l1625
  2452     00A1                     u1330:
  2453     00A1                     l1623:
  2454                           
  2455                           ;Main.c: 163:         TxTL = 0x01;
  2456     00A1  3001               	movlw	1
  2457     00A2  00BE               	movwf	_TxTL	;volatile
  2458                           
  2459                           ;Main.c: 164:         Last_TL = 1;
  2460     00A3  3001               	movlw	1
  2461     00A4  00B6               	movwf	_Last_TL	;volatile
  2462                           
  2463                           ;Main.c: 165:     }
  2464     00A5  28B3               	goto	l1633
  2465     00A6                     l1625:
  2466                           
  2467                           ;Main.c: 167:         if (Last_TL) {
  2468     00A6  0836               	movf	_Last_TL,w	;volatile
  2469     00A7  1903               	btfsc	3,2
  2470     00A8  28AA               	goto	u1341
  2471     00A9  28AB               	goto	u1340
  2472     00AA                     u1341:
  2473     00AA  28AF               	goto	l1629
  2474     00AB                     u1340:
  2475     00AB                     l1627:
  2476                           
  2477                           ;Main.c: 168:             lookup_and_send_buttons(0x06);
  2478     00AB  3006               	movlw	6
  2479     00AC  3183  2374  3180   	fcall	_lookup_and_send_buttons
  2480     00AF                     l1629:
  2481                           
  2482                           ;Main.c: 170:         TxTL = 0xFF;
  2483     00AF  30FF               	movlw	255
  2484     00B0  0020               	movlb	0	; select bank0
  2485     00B1  00BE               	movwf	_TxTL	;volatile
  2486     00B2                     l1631:
  2487                           
  2488                           ;Main.c: 171:         Last_TL = 0;
  2489     00B2  01B6               	clrf	_Last_TL	;volatile
  2490     00B3                     l1633:
  2491                           
  2492                           ;Main.c: 175:     if (byte & 0x20){
  2493     00B3  1EB4               	btfss	TranslateTABXY@byte,5
  2494     00B4  28B6               	goto	u1351
  2495     00B5  28B7               	goto	u1350
  2496     00B6                     u1351:
  2497     00B6  28BB               	goto	l1639
  2498     00B7                     u1350:
  2499     00B7                     l1635:
  2500                           
  2501                           ;Main.c: 176:         TxTR = 0x00;
  2502     00B7  01BD               	clrf	_TxTR	;volatile
  2503     00B8                     l1637:
  2504                           
  2505                           ;Main.c: 177:         Last_TR = 1;
  2506     00B8  3001               	movlw	1
  2507     00B9  00B5               	movwf	_Last_TR	;volatile
  2508                           
  2509                           ;Main.c: 178:     }
  2510     00BA  28C8               	goto	l1647
  2511     00BB                     l1639:
  2512                           
  2513                           ;Main.c: 180:         if (Last_TR) {
  2514     00BB  0835               	movf	_Last_TR,w	;volatile
  2515     00BC  1903               	btfsc	3,2
  2516     00BD  28BF               	goto	u1361
  2517     00BE  28C0               	goto	u1360
  2518     00BF                     u1361:
  2519     00BF  28C4               	goto	l1643
  2520     00C0                     u1360:
  2521     00C0                     l1641:
  2522                           
  2523                           ;Main.c: 181:             lookup_and_send_buttons(0x06);
  2524     00C0  3006               	movlw	6
  2525     00C1  3183  2374  3180   	fcall	_lookup_and_send_buttons
  2526     00C4                     l1643:
  2527                           
  2528                           ;Main.c: 183:         TxTR = 0xFF;
  2529     00C4  30FF               	movlw	255
  2530     00C5  0020               	movlb	0	; select bank0
  2531     00C6  00BD               	movwf	_TxTR	;volatile
  2532     00C7                     l1645:
  2533                           
  2534                           ;Main.c: 184:         Last_TR = 0;
  2535     00C7  01B5               	clrf	_Last_TR	;volatile
  2536     00C8                     l1647:
  2537                           
  2538                           ;Main.c: 190:     if(byte & 0x04){
  2539     00C8  1D34               	btfss	TranslateTABXY@byte,2
  2540     00C9  28CB               	goto	u1371
  2541     00CA  28CC               	goto	u1370
  2542     00CB                     u1371:
  2543     00CB  28E4               	goto	l1661
  2544     00CC                     u1370:
  2545     00CC                     l1649:
  2546                           
  2547                           ;Main.c: 191:         if (!xy_last){
  2548     00CC  0837               	movf	_xy_last,w	;volatile
  2549     00CD  1D03               	btfss	3,2
  2550     00CE  28D0               	goto	u1381
  2551     00CF  28D1               	goto	u1380
  2552     00D0                     u1381:
  2553     00D0  28E5               	goto	l206
  2554     00D1                     u1380:
  2555     00D1                     l1651:
  2556                           
  2557                           ;Main.c: 192:             mux_select ++;
  2558     00D1  3001               	movlw	1
  2559     00D2  07B8               	addwf	_mux_select,f	;volatile
  2560     00D3                     l1653:
  2561                           
  2562                           ;Main.c: 193:             if (mux_select > 0x03){
  2563     00D3  3004               	movlw	4
  2564     00D4  0238               	subwf	_mux_select,w	;volatile
  2565     00D5  1C03               	skipc
  2566     00D6  28D8               	goto	u1391
  2567     00D7  28D9               	goto	u1390
  2568     00D8                     u1391:
  2569     00D8  28DA               	goto	l1657
  2570     00D9                     u1390:
  2571     00D9                     l1655:
  2572                           
  2573                           ;Main.c: 194:                 mux_select = 0;
  2574     00D9  01B8               	clrf	_mux_select	;volatile
  2575     00DA                     l1657:
  2576                           
  2577                           ;Main.c: 198:             PORTB = (PORTB & 0xFC) | (mux_select & 0x03);
  2578     00DA  3003               	movlw	3
  2579     00DB  0538               	andwf	_mux_select,w	;volatile
  2580     00DC  00B3               	movwf	??_TranslateTABXY
  2581     00DD  080D               	movf	13,w	;volatile
  2582     00DE  39FC               	andlw	252
  2583     00DF  0433               	iorwf	??_TranslateTABXY,w
  2584     00E0  008D               	movwf	13	;volatile
  2585     00E1                     l1659:
  2586                           
  2587                           ;Main.c: 199:             xy_last = 1;
  2588     00E1  3001               	movlw	1
  2589     00E2  00B7               	movwf	_xy_last	;volatile
  2590     00E3  28E5               	goto	l206
  2591     00E4                     l1661:
  2592                           
  2593                           ;Main.c: 203:             xy_last = 0;
  2594     00E4  01B7               	clrf	_xy_last	;volatile
  2595     00E5                     l206:
  2596     00E5  0008               	return
  2597     00E6                     __end_of_TranslateTABXY:
  2598                           
  2599                           	psect	text6
  2600     0374                     __ptext6:	
  2601 ;; *************** function _lookup_and_send_buttons *****************
  2602 ;; Defined at:
  2603 ;;		line 118 in file "Main.c"
  2604 ;; Parameters:    Size  Location     Type
  2605 ;;  cmd             1    wreg     unsigned char 
  2606 ;; Auto vars:     Size  Location     Type
  2607 ;;  cmd             1   17[BANK0 ] unsigned char 
  2608 ;;  i               1   18[BANK0 ] unsigned char 
  2609 ;; Return value:  Size  Location     Type
  2610 ;;                  1    wreg      void 
  2611 ;; Registers used:
  2612 ;;		wreg, fsr0l, fsr0h, status,2, status,0, pclath, cstack
  2613 ;; Tracked objects:
  2614 ;;		On entry : 0/0
  2615 ;;		On exit  : 0/0
  2616 ;;		Unchanged: 0/0
  2617 ;; Data sizes:     COMMON   BANK0   BANK1   BANK2   BANK3   BANK4   BANK5   BANK6   BANK7   BANK8   BANK9  BANK10  BANK1
      +1  BANK12  BANK13  BANK14  BANK15  BANK16  BANK17  BANK18  BANK19  BANK20  BANK21  BANK22  BANK23  BANK24  BANK25
  2618 ;;      Params:         0       0       0       0       0       0       0       0       0       0       0       0       
      +0       0       0       0       0       0       0       0       0       0       0       0       0       0       0
  2619 ;;      Locals:         0       2       0       0       0       0       0       0       0       0       0       0       
      +0       0       0       0       0       0       0       0       0       0       0       0       0       0       0
  2620 ;;      Temps:          0       2       0       0       0       0       0       0       0       0       0       0       
      +0       0       0       0       0       0       0       0       0       0       0       0       0       0       0
  2621 ;;      Totals:         0       4       0       0       0       0       0       0       0       0       0       0       
      +0       0       0       0       0       0       0       0       0       0       0       0       0       0       0
  2622 ;;Total ram usage:        4 bytes
  2623 ;; Hardware stack levels used: 1
  2624 ;; Hardware stack levels required when called: 2
  2625 ;; This function calls:
  2626 ;;		___wmul
  2627 ;;		_send_camera_button
  2628 ;; This function is called by:
  2629 ;;		_TranslateTABXY
  2630 ;;		_main
  2631 ;; This function uses a non-reentrant model
  2632 ;;
  2633                           
  2634     0374                     _lookup_and_send_buttons:	
  2635                           ;psect for function _lookup_and_send_buttons
  2636                           
  2637                           
  2638                           ;incstack = 0
  2639                           ; Regs used in _lookup_and_send_buttons: [wreg-fsr0h+status,2+status,0+pclath+cstack]
  2640                           ;lookup_and_send_buttons@cmd stored from wreg
  2641     0374  0020               	movlb	0	; select bank0
  2642     0375  00B1               	movwf	lookup_and_send_buttons@cmd
  2643     0376                     l1569:
  2644                           
  2645                           ;Main.c: 119:     uint8_t i;;Main.c: 120:     if (cmd == 0xFF) return;
  2646     0376  0A31               	incf	lookup_and_send_buttons@cmd,w
  2647     0377  1D03               	btfss	3,2
  2648     0378  2B7A               	goto	u1251
  2649     0379  2B7B               	goto	u1250
  2650     037A                     u1251:
  2651     037A  2B7C               	goto	l1573
  2652     037B                     u1250:
  2653     037B  2BA6               	goto	l184
  2654     037C                     l1573:
  2655                           
  2656                           ;Main.c: 122:     for (i = 0; i < 7u; i ++){
  2657     037C  01B2               	clrf	lookup_and_send_buttons@i
  2658     037D                     l1579:
  2659                           
  2660                           ;Main.c: 123:         if (cmd_button_table[i][0] == cmd){
  2661     037D  0832               	movf	lookup_and_send_buttons@i,w
  2662     037E  00AF               	movwf	??_lookup_and_send_buttons
  2663     037F  01B0               	clrf	??_lookup_and_send_buttons+1
  2664     0380  082F               	movf	??_lookup_and_send_buttons,w
  2665     0381  00A0               	movwf	___wmul@multiplier
  2666     0382  0830               	movf	??_lookup_and_send_buttons+1,w
  2667     0383  00A1               	movwf	___wmul@multiplier+1
  2668     0384  300A               	movlw	10
  2669     0385  00A2               	movwf	___wmul@multiplicand
  2670     0386  3000               	movlw	0
  2671     0387  00A3               	movwf	___wmul@multiplicand+1
  2672     0388  3183  23A7  3183   	fcall	___wmul
  2673     038B  3078               	movlw	low _cmd_button_table
  2674     038C  0020               	movlb	0	; select bank0
  2675     038D  0720               	addwf	?___wmul,w
  2676     038E  0084               	movwf	4
  2677     038F  3002               	movlw	high _cmd_button_table
  2678     0390  3D21               	addwfc	?___wmul+1,w
  2679     0391  3880               	iorlw	128
  2680     0392  0085               	movwf	5
  2681     0393  0800               	movf	0,w	;code access
  2682     0394  0631               	xorwf	lookup_and_send_buttons@cmd,w
  2683     0395  1D03               	skipz
  2684     0396  2B98               	goto	u1261
  2685     0397  2B99               	goto	u1260
  2686     0398                     u1261:
  2687     0398  2B9E               	goto	l1583
  2688     0399                     u1260:
  2689     0399                     l1581:
  2690                           
  2691                           ;Main.c: 124:             send_camera_button(i);
  2692     0399  0832               	movf	lookup_and_send_buttons@i,w
  2693     039A  3182  2231  3183   	fcall	_send_camera_button
  2694                           
  2695                           ;Main.c: 125:             break;
  2696     039D  2BA6               	goto	l184
  2697     039E                     l1583:
  2698                           
  2699                           ;Main.c: 127:     }
  2700     039E  3001               	movlw	1
  2701     039F  07B2               	addwf	lookup_and_send_buttons@i,f
  2702     03A0                     l1585:
  2703     03A0  3007               	movlw	7
  2704     03A1  0232               	subwf	lookup_and_send_buttons@i,w
  2705     03A2  1C03               	skipc
  2706     03A3  2BA5               	goto	u1271
  2707     03A4  2BA6               	goto	u1270
  2708     03A5                     u1271:
  2709     03A5  2B7D               	goto	l1579
  2710     03A6                     u1270:
  2711     03A6                     l184:
  2712     03A6  0008               	return
  2713     03A7                     __end_of_lookup_and_send_buttons:
  2714                           
  2715                           	psect	text7
  2716     0231                     __ptext7:	
  2717 ;; *************** function _send_camera_button *****************
  2718 ;; Defined at:
  2719 ;;		line 100 in file "Main.c"
  2720 ;; Parameters:    Size  Location     Type
  2721 ;;  byte            1    wreg     unsigned char 
  2722 ;; Auto vars:     Size  Location     Type
  2723 ;;  byte            1   13[BANK0 ] unsigned char 
  2724 ;;  i               1   14[BANK0 ] unsigned char 
  2725 ;; Return value:  Size  Location     Type
  2726 ;;                  1    wreg      void 
  2727 ;; Registers used:
  2728 ;;		wreg, fsr0l, fsr0h, status,2, status,0, pclath, cstack
  2729 ;; Tracked objects:
  2730 ;;		On entry : 0/0
  2731 ;;		On exit  : 0/0
  2732 ;;		Unchanged: 0/0
  2733 ;; Data sizes:     COMMON   BANK0   BANK1   BANK2   BANK3   BANK4   BANK5   BANK6   BANK7   BANK8   BANK9  BANK10  BANK1
      +1  BANK12  BANK13  BANK14  BANK15  BANK16  BANK17  BANK18  BANK19  BANK20  BANK21  BANK22  BANK23  BANK24  BANK25
  2734 ;;      Params:         0       0       0       0       0       0       0       0       0       0       0       0       
      +0       0       0       0       0       0       0       0       0       0       0       0       0       0       0
  2735 ;;      Locals:         0       2       0       0       0       0       0       0       0       0       0       0       
      +0       0       0       0       0       0       0       0       0       0       0       0       0       0       0
  2736 ;;      Temps:          0       6       0       0       0       0       0       0       0       0       0       0       
      +0       0       0       0       0       0       0       0       0       0       0       0       0       0       0
  2737 ;;      Totals:         0       8       0       0       0       0       0       0       0       0       0       0       
      +0       0       0       0       0       0       0       0       0       0       0       0       0       0       0
  2738 ;;Total ram usage:        8 bytes
  2739 ;; Hardware stack levels used: 1
  2740 ;; Hardware stack levels required when called: 3
  2741 ;; This function calls:
  2742 ;;		___wmul
  2743 ;;		_tx_uart
  2744 ;; This function is called by:
  2745 ;;		_lookup_and_send_buttons
  2746 ;; This function uses a non-reentrant model
  2747 ;;
  2748                           
  2749     0231                     _send_camera_button:	
  2750                           ;psect for function _send_camera_button
  2751                           
  2752                           
  2753                           ;incstack = 0
  2754                           ; Regs used in _send_camera_button: [wreg-fsr0h+status,2+status,0+pclath+cstack]
  2755                           ;send_camera_button@byte stored from wreg
  2756     0231  0020               	movlb	0	; select bank0
  2757     0232  00AD               	movwf	send_camera_button@byte
  2758     0233                     l1547:
  2759                           
  2760                           ;Main.c: 101:     uint8_t i;;Main.c: 104:     for ( i = 0; i < 9u; i++){
  2761     0233  01AE               	clrf	send_camera_button@i
  2762     0234                     l1553:
  2763                           
  2764                           ;Main.c: 105:         tx_uart(header_static[i]);
  2765     0234  082E               	movf	send_camera_button@i,w
  2766     0235  3E20               	addlw	low (_header_static| (0+32768))
  2767     0236  0084               	movwf	4
  2768     0237  3084               	movlw	high (_header_static| (0+32768))
  2769     0238  1803               	skipnc
  2770     0239  3E01               	addlw	1
  2771     023A  0085               	movwf	5
  2772     023B  0800               	movf	0,w	;code access
  2773     023C  3184  2402  3182   	fcall	_tx_uart
  2774     023F                     l1555:
  2775                           
  2776                           ;Main.c: 106:     }
  2777     023F  3001               	movlw	1
  2778     0240  0020               	movlb	0	; select bank0
  2779     0241  07AE               	addwf	send_camera_button@i,f
  2780     0242                     l1557:
  2781     0242  3009               	movlw	9
  2782     0243  022E               	subwf	send_camera_button@i,w
  2783     0244  1C03               	skipc
  2784     0245  2A47               	goto	u1231
  2785     0246  2A48               	goto	u1230
  2786     0247                     u1231:
  2787     0247  2A34               	goto	l1553
  2788     0248                     u1230:
  2789     0248                     l177:
  2790                           
  2791                           ;Main.c: 109:     for (i =1; i < 10u; i++){
  2792     0248  3001               	movlw	1
  2793     0249  00AE               	movwf	send_camera_button@i
  2794     024A                     l1563:
  2795                           
  2796                           ;Main.c: 110:         tx_uart(cmd_button_table[byte][i]);
  2797     024A  082D               	movf	send_camera_button@byte,w
  2798     024B  00A7               	movwf	??_send_camera_button
  2799     024C  01A8               	clrf	??_send_camera_button+1
  2800     024D  0827               	movf	??_send_camera_button,w
  2801     024E  00A0               	movwf	___wmul@multiplier
  2802     024F  0828               	movf	??_send_camera_button+1,w
  2803     0250  00A1               	movwf	___wmul@multiplier+1
  2804     0251  300A               	movlw	10
  2805     0252  00A2               	movwf	___wmul@multiplicand
  2806     0253  3000               	movlw	0
  2807     0254  00A3               	movwf	___wmul@multiplicand+1
  2808     0255  3183  23A7  3182   	fcall	___wmul
  2809     0258  3078               	movlw	low (_cmd_button_table| (0+32768))
  2810     0259  0020               	movlb	0	; select bank0
  2811     025A  00A9               	movwf	??_send_camera_button+2
  2812     025B  3082               	movlw	high (_cmd_button_table| (0+32768))
  2813     025C  00AA               	movwf	??_send_camera_button+3
  2814     025D  0820               	movf	?___wmul,w
  2815     025E  0729               	addwf	??_send_camera_button+2,w
  2816     025F  00AB               	movwf	??_send_camera_button+4
  2817     0260  0821               	movf	?___wmul+1,w
  2818     0261  3D2A               	addwfc	??_send_camera_button+3,w
  2819     0262  00AC               	movwf	??_send_camera_button+5
  2820     0263  082E               	movf	send_camera_button@i,w
  2821     0264  072B               	addwf	??_send_camera_button+4,w
  2822     0265  0084               	movwf	4
  2823     0266  082C               	movf	??_send_camera_button+5,w
  2824     0267  1803               	skipnc
  2825     0268  3E01               	addlw	1
  2826     0269  0085               	movwf	5
  2827     026A  0800               	movf	0,w	;code access
  2828     026B  3184  2402  3182   	fcall	_tx_uart
  2829     026E                     l1565:
  2830                           
  2831                           ;Main.c: 111:     }
  2832     026E  3001               	movlw	1
  2833     026F  0020               	movlb	0	; select bank0
  2834     0270  07AE               	addwf	send_camera_button@i,f
  2835     0271                     l1567:
  2836     0271  300A               	movlw	10
  2837     0272  022E               	subwf	send_camera_button@i,w
  2838     0273  1C03               	skipc
  2839     0274  2A76               	goto	u1241
  2840     0275  2A77               	goto	u1240
  2841     0276                     u1241:
  2842     0276  2A4A               	goto	l1563
  2843     0277                     u1240:
  2844     0277                     l180:
  2845     0277  0008               	return
  2846     0278                     __end_of_send_camera_button:
  2847                           
  2848                           	psect	text8
  2849     0402                     __ptext8:	
  2850 ;; *************** function _tx_uart *****************
  2851 ;; Defined at:
  2852 ;;		line 91 in file "Main.c"
  2853 ;; Parameters:    Size  Location     Type
  2854 ;;  byte            1    wreg     unsigned char 
  2855 ;; Auto vars:     Size  Location     Type
  2856 ;;  byte            1    6[BANK0 ] unsigned char 
  2857 ;; Return value:  Size  Location     Type
  2858 ;;                  1    wreg      void 
  2859 ;; Registers used:
  2860 ;;		wreg
  2861 ;; Tracked objects:
  2862 ;;		On entry : 0/0
  2863 ;;		On exit  : 0/0
  2864 ;;		Unchanged: 0/0
  2865 ;; Data sizes:     COMMON   BANK0   BANK1   BANK2   BANK3   BANK4   BANK5   BANK6   BANK7   BANK8   BANK9  BANK10  BANK1
      +1  BANK12  BANK13  BANK14  BANK15  BANK16  BANK17  BANK18  BANK19  BANK20  BANK21  BANK22  BANK23  BANK24  BANK25
  2866 ;;      Params:         0       0       0       0       0       0       0       0       0       0       0       0       
      +0       0       0       0       0       0       0       0       0       0       0       0       0       0       0
  2867 ;;      Locals:         0       1       0       0       0       0       0       0       0       0       0       0       
      +0       0       0       0       0       0       0       0       0       0       0       0       0       0       0
  2868 ;;      Temps:          0       0       0       0       0       0       0       0       0       0       0       0       
      +0       0       0       0       0       0       0       0       0       0       0       0       0       0       0
  2869 ;;      Totals:         0       1       0       0       0       0       0       0       0       0       0       0       
      +0       0       0       0       0       0       0       0       0       0       0       0       0       0       0
  2870 ;;Total ram usage:        1 bytes
  2871 ;; Hardware stack levels used: 1
  2872 ;; Hardware stack levels required when called: 2
  2873 ;; This function calls:
  2874 ;;		Nothing
  2875 ;; This function is called by:
  2876 ;;		_send_camera_button
  2877 ;;		_send_camera_command
  2878 ;; This function uses a non-reentrant model
  2879 ;;
  2880                           
  2881     0402                     _tx_uart:	
  2882                           ;psect for function _tx_uart
  2883                           
  2884                           
  2885                           ;incstack = 0
  2886                           ; Regs used in _tx_uart: [wreg]
  2887                           ;tx_uart@byte stored from wreg
  2888     0402  0020               	movlb	0	; select bank0
  2889     0403  00A6               	movwf	tx_uart@byte
  2890     0404                     l1189:
  2891     0404                     l170:	
  2892                           ;Main.c: 93:     while (!PIR1bits.TXIF);
  2893                           
  2894     0404  1E11               	btfss	17,4	;volatile
  2895     0405  2C07               	goto	u601
  2896     0406  2C08               	goto	u600
  2897     0407                     u601:
  2898     0407  2C04               	goto	l170
  2899     0408                     u600:
  2900     0408                     l1191:
  2901                           
  2902                           ;Main.c: 94:     TX1REG = byte;
  2903     0408  0826               	movf	tx_uart@byte,w
  2904     0409  0023               	movlb	3	; select bank3
  2905     040A  009A               	movwf	26	;volatile
  2906     040B                     l173:
  2907     040B  0008               	return
  2908     040C                     __end_of_tx_uart:
  2909                           
  2910                           	psect	text9
  2911     03A7                     __ptext9:	
  2912 ;; *************** function ___wmul *****************
  2913 ;; Defined at:
  2914 ;;		line 15 in file "C:\Program Files\Microchip\xc8\v3.10\pic\sources\c99\common\Umul16.c"
  2915 ;; Parameters:    Size  Location     Type
  2916 ;;  multiplier      2    0[BANK0 ] unsigned int 
  2917 ;;  multiplicand    2    2[BANK0 ] unsigned int 
  2918 ;; Auto vars:     Size  Location     Type
  2919 ;;  product         2    4[BANK0 ] unsigned int 
  2920 ;; Return value:  Size  Location     Type
  2921 ;;                  2    0[BANK0 ] unsigned int 
  2922 ;; Registers used:
  2923 ;;		wreg, status,2, status,0
  2924 ;; Tracked objects:
  2925 ;;		On entry : 0/0
  2926 ;;		On exit  : 0/0
  2927 ;;		Unchanged: 0/0
  2928 ;; Data sizes:     COMMON   BANK0   BANK1   BANK2   BANK3   BANK4   BANK5   BANK6   BANK7   BANK8   BANK9  BANK10  BANK1
      +1  BANK12  BANK13  BANK14  BANK15  BANK16  BANK17  BANK18  BANK19  BANK20  BANK21  BANK22  BANK23  BANK24  BANK25
  2929 ;;      Params:         0       4       0       0       0       0       0       0       0       0       0       0       
      +0       0       0       0       0       0       0       0       0       0       0       0       0       0       0
  2930 ;;      Locals:         0       2       0       0       0       0       0       0       0       0       0       0       
      +0       0       0       0       0       0       0       0       0       0       0       0       0       0       0
  2931 ;;      Temps:          0       0       0       0       0       0       0       0       0       0       0       0       
      +0       0       0       0       0       0       0       0       0       0       0       0       0       0       0
  2932 ;;      Totals:         0       6       0       0       0       0       0       0       0       0       0       0       
      +0       0       0       0       0       0       0       0       0       0       0       0       0       0       0
  2933 ;;Total ram usage:        6 bytes
  2934 ;; Hardware stack levels used: 1
  2935 ;; Hardware stack levels required when called: 2
  2936 ;; This function calls:
  2937 ;;		Nothing
  2938 ;; This function is called by:
  2939 ;;		_send_camera_button
  2940 ;;		_lookup_and_send_buttons
  2941 ;;		_send_camera_command
  2942 ;;		_lookup_and_send_move
  2943 ;; This function uses a non-reentrant model
  2944 ;;
  2945                           
  2946     03A7                     ___wmul:	
  2947                           ;psect for function ___wmul
  2948                           
  2949     03A7                     l1533:	
  2950                           ;incstack = 0
  2951                           ; Regs used in ___wmul: [wreg+status,2+status,0]
  2952                           
  2953     03A7  0020               	movlb	0	; select bank0
  2954     03A8  01A4               	clrf	___wmul@product
  2955     03A9  01A5               	clrf	___wmul@product+1
  2956     03AA                     l1535:
  2957     03AA  1C20               	btfss	___wmul@multiplier,0
  2958     03AB  2BAD               	goto	u1191
  2959     03AC  2BAE               	goto	u1190
  2960     03AD                     u1191:
  2961     03AD  2BB2               	goto	l387
  2962     03AE                     u1190:
  2963     03AE                     l1537:
  2964     03AE  0822               	movf	___wmul@multiplicand,w
  2965     03AF  07A4               	addwf	___wmul@product,f
  2966     03B0  0823               	movf	___wmul@multiplicand+1,w
  2967     03B1  3DA5               	addwfc	___wmul@product+1,f
  2968     03B2                     l387:
  2969     03B2  3001               	movlw	1
  2970     03B3                     u1205:
  2971     03B3  35A2               	lslf	___wmul@multiplicand,f
  2972     03B4  0DA3               	rlf	___wmul@multiplicand+1,f
  2973     03B5  0B89               	decfsz	9,f
  2974     03B6  2BB3               	goto	u1205
  2975     03B7                     l1539:
  2976     03B7  3001               	movlw	1
  2977     03B8                     u1215:
  2978     03B8  36A1               	lsrf	___wmul@multiplier+1,f
  2979     03B9  0CA0               	rrf	___wmul@multiplier,f
  2980     03BA  0B89               	decfsz	9,f
  2981     03BB  2BB8               	goto	u1215
  2982     03BC                     l1541:
  2983     03BC  0820               	movf	___wmul@multiplier,w
  2984     03BD  0421               	iorwf	___wmul@multiplier+1,w
  2985     03BE  1D03               	btfss	3,2
  2986     03BF  2BC1               	goto	u1221
  2987     03C0  2BC2               	goto	u1220
  2988     03C1                     u1221:
  2989     03C1  2BAA               	goto	l1535
  2990     03C2                     u1220:
  2991     03C2                     l1543:
  2992     03C2  0825               	movf	___wmul@product+1,w
  2993     03C3  00A1               	movwf	?___wmul+1
  2994     03C4  0824               	movf	___wmul@product,w
  2995     03C5  00A0               	movwf	?___wmul
  2996     03C6                     l389:
  2997     03C6  0008               	return
  2998     03C7                     __end_of___wmul:
  2999                           
  3000                           	psect	text10
  3001     03D3                     __ptext10:	
  3002 ;; *************** function _TranslateJoysticks *****************
  3003 ;; Defined at:
  3004 ;;		line 211 in file "Main.c"
  3005 ;; Parameters:    Size  Location     Type
  3006 ;;  byte            1    wreg     unsigned char 
  3007 ;; Auto vars:     Size  Location     Type
  3008 ;;  byte            1    0[BANK0 ] unsigned char 
  3009 ;; Return value:  Size  Location     Type
  3010 ;;                  1    wreg      void 
  3011 ;; Registers used:
  3012 ;;		wreg
  3013 ;; Tracked objects:
  3014 ;;		On entry : 0/0
  3015 ;;		On exit  : 0/0
  3016 ;;		Unchanged: 0/0
  3017 ;; Data sizes:     COMMON   BANK0   BANK1   BANK2   BANK3   BANK4   BANK5   BANK6   BANK7   BANK8   BANK9  BANK10  BANK1
      +1  BANK12  BANK13  BANK14  BANK15  BANK16  BANK17  BANK18  BANK19  BANK20  BANK21  BANK22  BANK23  BANK24  BANK25
  3018 ;;      Params:         0       0       0       0       0       0       0       0       0       0       0       0       
      +0       0       0       0       0       0       0       0       0       0       0       0       0       0       0
  3019 ;;      Locals:         0       1       0       0       0       0       0       0       0       0       0       0       
      +0       0       0       0       0       0       0       0       0       0       0       0       0       0       0
  3020 ;;      Temps:          0       0       0       0       0       0       0       0       0       0       0       0       
      +0       0       0       0       0       0       0       0       0       0       0       0       0       0       0
  3021 ;;      Totals:         0       1       0       0       0       0       0       0       0       0       0       0       
      +0       0       0       0       0       0       0       0       0       0       0       0       0       0       0
  3022 ;;Total ram usage:        1 bytes
  3023 ;; Hardware stack levels used: 1
  3024 ;; Hardware stack levels required when called: 2
  3025 ;; This function calls:
  3026 ;;		Nothing
  3027 ;; This function is called by:
  3028 ;;		_main
  3029 ;; This function uses a non-reentrant model
  3030 ;;
  3031                           
  3032     03D3                     _TranslateJoysticks:	
  3033                           ;psect for function _TranslateJoysticks
  3034                           
  3035                           
  3036                           ;incstack = 0
  3037                           ; Regs used in _TranslateJoysticks: [wreg]
  3038                           ;TranslateJoysticks@byte stored from wreg
  3039     03D3  0020               	movlb	0	; select bank0
  3040     03D4  00A0               	movwf	TranslateJoysticks@byte
  3041     03D5                     l1663:
  3042                           
  3043                           ;Main.c: 213:     if (byte & 0x01){
  3044     03D5  1C20               	btfss	TranslateJoysticks@byte,0
  3045     03D6  2BD8               	goto	u1401
  3046     03D7  2BD9               	goto	u1400
  3047     03D8                     u1401:
  3048     03D8  2BDC               	goto	l209
  3049     03D9                     u1400:
  3050     03D9                     l1665:
  3051                           
  3052                           ;Main.c: 214:         TxJ = 0x03;
  3053     03D9  3003               	movlw	3
  3054     03DA  00B9               	movwf	_TxJ	;volatile
  3055                           
  3056                           ;Main.c: 215:     }
  3057     03DB  2BDE               	goto	l211
  3058     03DC                     l209:	
  3059                           ;Main.c: 216:     else{
  3060                           
  3061                           
  3062                           ;Main.c: 217:         TxJ = 0xFF;
  3063     03DC  30FF               	movlw	255
  3064     03DD  00B9               	movwf	_TxJ	;volatile
  3065     03DE                     l211:
  3066     03DE  0008               	return
  3067     03DF                     __end_of_TranslateJoysticks:
  3068                           
  3069                           	psect	text11
  3070     03F7                     __ptext11:	
  3071 ;; *************** function _InitUART *****************
  3072 ;; Defined at:
  3073 ;;		line 69 in file "Inits.c"
  3074 ;; Parameters:    Size  Location     Type
  3075 ;;		None
  3076 ;; Auto vars:     Size  Location     Type
  3077 ;;		None
  3078 ;; Return value:  Size  Location     Type
  3079 ;;                  1    wreg      void 
  3080 ;; Registers used:
  3081 ;;		status,2
  3082 ;; Tracked objects:
  3083 ;;		On entry : 0/0
  3084 ;;		On exit  : 0/0
  3085 ;;		Unchanged: 0/0
  3086 ;; Data sizes:     COMMON   BANK0   BANK1   BANK2   BANK3   BANK4   BANK5   BANK6   BANK7   BANK8   BANK9  BANK10  BANK1
      +1  BANK12  BANK13  BANK14  BANK15  BANK16  BANK17  BANK18  BANK19  BANK20  BANK21  BANK22  BANK23  BANK24  BANK25
  3087 ;;      Params:         0       0       0       0       0       0       0       0       0       0       0       0       
      +0       0       0       0       0       0       0       0       0       0       0       0       0       0       0
  3088 ;;      Locals:         0       0       0       0       0       0       0       0       0       0       0       0       
      +0       0       0       0       0       0       0       0       0       0       0       0       0       0       0
  3089 ;;      Temps:          0       0       0       0       0       0       0       0       0       0       0       0       
      +0       0       0       0       0       0       0       0       0       0       0       0       0       0       0
  3090 ;;      Totals:         0       0       0       0       0       0       0       0       0       0       0       0       
      +0       0       0       0       0       0       0       0       0       0       0       0       0       0       0
  3091 ;;Total ram usage:        0 bytes
  3092 ;; Hardware stack levels used: 1
  3093 ;; Hardware stack levels required when called: 2
  3094 ;; This function calls:
  3095 ;;		Nothing
  3096 ;; This function is called by:
  3097 ;;		_main
  3098 ;; This function uses a non-reentrant model
  3099 ;;
  3100                           
  3101     03F7                     _InitUART:	
  3102                           ;psect for function _InitUART
  3103                           
  3104     03F7                     l1289:	
  3105                           ;incstack = 0
  3106                           ; Regs used in _InitUART: [status,2]
  3107                           
  3108                           
  3109                           ;Inits.c: 70:     TX1STA = 0x24;
  3110     03F7  3024               	movlw	36
  3111     03F8  0023               	movlb	3	; select bank3
  3112     03F9  009E               	movwf	30	;volatile
  3113                           
  3114                           ;Inits.c: 72:     RC1STA = 0x80;
  3115     03FA  3080               	movlw	128
  3116     03FB  009D               	movwf	29	;volatile
  3117                           
  3118                           ;Inits.c: 73:     BAUD1CON = 0x08;
  3119     03FC  3008               	movlw	8
  3120     03FD  009F               	movwf	31	;volatile
  3121                           
  3122                           ;Inits.c: 74:     SP1BRGL = 0x8A;
  3123     03FE  308A               	movlw	138
  3124     03FF  009B               	movwf	27	;volatile
  3125     0400                     l1291:
  3126                           
  3127                           ;Inits.c: 75:     SP1BRGH = 0x00;
  3128     0400  019C               	clrf	28	;volatile
  3129     0401                     l85:
  3130     0401  0008               	return
  3131     0402                     __end_of_InitUART:
  3132                           
  3133                           	psect	text12
  3134     040C                     __ptext12:	
  3135 ;; *************** function _InitPORTC *****************
  3136 ;; Defined at:
  3137 ;;		line 59 in file "Inits.c"
  3138 ;; Parameters:    Size  Location     Type
  3139 ;;		None
  3140 ;; Auto vars:     Size  Location     Type
  3141 ;;		None
  3142 ;; Return value:  Size  Location     Type
  3143 ;;                  1    wreg      void 
  3144 ;; Registers used:
  3145 ;;		status,2
  3146 ;; Tracked objects:
  3147 ;;		On entry : 0/0
  3148 ;;		On exit  : 0/0
  3149 ;;		Unchanged: 0/0
  3150 ;; Data sizes:     COMMON   BANK0   BANK1   BANK2   BANK3   BANK4   BANK5   BANK6   BANK7   BANK8   BANK9  BANK10  BANK1
      +1  BANK12  BANK13  BANK14  BANK15  BANK16  BANK17  BANK18  BANK19  BANK20  BANK21  BANK22  BANK23  BANK24  BANK25
  3151 ;;      Params:         0       0       0       0       0       0       0       0       0       0       0       0       
      +0       0       0       0       0       0       0       0       0       0       0       0       0       0       0
  3152 ;;      Locals:         0       0       0       0       0       0       0       0       0       0       0       0       
      +0       0       0       0       0       0       0       0       0       0       0       0       0       0       0
  3153 ;;      Temps:          0       0       0       0       0       0       0       0       0       0       0       0       
      +0       0       0       0       0       0       0       0       0       0       0       0       0       0       0
  3154 ;;      Totals:         0       0       0       0       0       0       0       0       0       0       0       0       
      +0       0       0       0       0       0       0       0       0       0       0       0       0       0       0
  3155 ;;Total ram usage:        0 bytes
  3156 ;; Hardware stack levels used: 1
  3157 ;; Hardware stack levels required when called: 2
  3158 ;; This function calls:
  3159 ;;		Nothing
  3160 ;; This function is called by:
  3161 ;;		_main
  3162 ;; This function uses a non-reentrant model
  3163 ;;
  3164                           
  3165     040C                     _InitPORTC:	
  3166                           ;psect for function _InitPORTC
  3167                           
  3168     040C                     l1285:	
  3169                           ;incstack = 0
  3170                           ; Regs used in _InitPORTC: [status,2]
  3171                           
  3172                           
  3173                           ;Inits.c: 60:     TRISC = 0xBF;
  3174     040C  30BF               	movlw	191
  3175     040D  0021               	movlb	1	; select bank1
  3176     040E  008E               	movwf	14	;volatile
  3177     040F                     l1287:
  3178                           
  3179                           ;Inits.c: 61:     WPUC = 0x00;
  3180     040F  0024               	movlb	4	; select bank4
  3181     0410  018E               	clrf	14	;volatile
  3182                           
  3183                           ;Inits.c: 62:     SLRCONC = 0x00;
  3184     0411  0026               	movlb	6	; select bank6
  3185     0412  018E               	clrf	14	;volatile
  3186                           
  3187                           ;Inits.c: 63:     INLVLC = 0x00;
  3188     0413  0027               	movlb	7	; select bank7
  3189     0414  018E               	clrf	14	;volatile
  3190     0415                     l82:
  3191     0415  0008               	return
  3192     0416                     __end_of_InitPORTC:
  3193                           
  3194                           	psect	text13
  3195     03DF                     __ptext13:	
  3196 ;; *************** function _InitPORTB *****************
  3197 ;; Defined at:
  3198 ;;		line 48 in file "Inits.c"
  3199 ;; Parameters:    Size  Location     Type
  3200 ;;		None
  3201 ;; Auto vars:     Size  Location     Type
  3202 ;;		None
  3203 ;; Return value:  Size  Location     Type
  3204 ;;                  1    wreg      void 
  3205 ;; Registers used:
  3206 ;;		status,2
  3207 ;; Tracked objects:
  3208 ;;		On entry : 0/0
  3209 ;;		On exit  : 0/0
  3210 ;;		Unchanged: 0/0
  3211 ;; Data sizes:     COMMON   BANK0   BANK1   BANK2   BANK3   BANK4   BANK5   BANK6   BANK7   BANK8   BANK9  BANK10  BANK1
      +1  BANK12  BANK13  BANK14  BANK15  BANK16  BANK17  BANK18  BANK19  BANK20  BANK21  BANK22  BANK23  BANK24  BANK25
  3212 ;;      Params:         0       0       0       0       0       0       0       0       0       0       0       0       
      +0       0       0       0       0       0       0       0       0       0       0       0       0       0       0
  3213 ;;      Locals:         0       0       0       0       0       0       0       0       0       0       0       0       
      +0       0       0       0       0       0       0       0       0       0       0       0       0       0       0
  3214 ;;      Temps:          0       0       0       0       0       0       0       0       0       0       0       0       
      +0       0       0       0       0       0       0       0       0       0       0       0       0       0       0
  3215 ;;      Totals:         0       0       0       0       0       0       0       0       0       0       0       0       
      +0       0       0       0       0       0       0       0       0       0       0       0       0       0       0
  3216 ;;Total ram usage:        0 bytes
  3217 ;; Hardware stack levels used: 1
  3218 ;; Hardware stack levels required when called: 2
  3219 ;; This function calls:
  3220 ;;		Nothing
  3221 ;; This function is called by:
  3222 ;;		_main
  3223 ;; This function uses a non-reentrant model
  3224 ;;
  3225                           
  3226     03DF                     _InitPORTB:	
  3227                           ;psect for function _InitPORTB
  3228                           
  3229     03DF                     l1281:	
  3230                           ;incstack = 0
  3231                           ; Regs used in _InitPORTB: [status,2]
  3232                           
  3233                           
  3234                           ;Inits.c: 49:     TRISB = 0x3C;
  3235     03DF  303C               	movlw	60
  3236     03E0  0021               	movlb	1	; select bank1
  3237     03E1  008D               	movwf	13	;volatile
  3238     03E2                     l1283:
  3239                           
  3240                           ;Inits.c: 50:     ANSELB = 0x00;
  3241     03E2  0023               	movlb	3	; select bank3
  3242     03E3  018D               	clrf	13	;volatile
  3243                           
  3244                           ;Inits.c: 51:     WPUB = 0x00;
  3245     03E4  0024               	movlb	4	; select bank4
  3246     03E5  018D               	clrf	13	;volatile
  3247                           
  3248                           ;Inits.c: 52:     SLRCONB = 0x00;
  3249     03E6  0026               	movlb	6	; select bank6
  3250     03E7  018D               	clrf	13	;volatile
  3251                           
  3252                           ;Inits.c: 53:     INLVLB = 0x00;
  3253     03E8  0027               	movlb	7	; select bank7
  3254     03E9  018D               	clrf	13	;volatile
  3255     03EA                     l79:
  3256     03EA  0008               	return
  3257     03EB                     __end_of_InitPORTB:
  3258                           
  3259                           	psect	text14
  3260     03EB                     __ptext14:	
  3261 ;; *************** function _InitPORTA *****************
  3262 ;; Defined at:
  3263 ;;		line 36 in file "Inits.c"
  3264 ;; Parameters:    Size  Location     Type
  3265 ;;		None
  3266 ;; Auto vars:     Size  Location     Type
  3267 ;;		None
  3268 ;; Return value:  Size  Location     Type
  3269 ;;                  1    wreg      void 
  3270 ;; Registers used:
  3271 ;;		status,2
  3272 ;; Tracked objects:
  3273 ;;		On entry : 0/0
  3274 ;;		On exit  : 0/0
  3275 ;;		Unchanged: 0/0
  3276 ;; Data sizes:     COMMON   BANK0   BANK1   BANK2   BANK3   BANK4   BANK5   BANK6   BANK7   BANK8   BANK9  BANK10  BANK1
      +1  BANK12  BANK13  BANK14  BANK15  BANK16  BANK17  BANK18  BANK19  BANK20  BANK21  BANK22  BANK23  BANK24  BANK25
  3277 ;;      Params:         0       0       0       0       0       0       0       0       0       0       0       0       
      +0       0       0       0       0       0       0       0       0       0       0       0       0       0       0
  3278 ;;      Locals:         0       0       0       0       0       0       0       0       0       0       0       0       
      +0       0       0       0       0       0       0       0       0       0       0       0       0       0       0
  3279 ;;      Temps:          0       0       0       0       0       0       0       0       0       0       0       0       
      +0       0       0       0       0       0       0       0       0       0       0       0       0       0       0
  3280 ;;      Totals:         0       0       0       0       0       0       0       0       0       0       0       0       
      +0       0       0       0       0       0       0       0       0       0       0       0       0       0       0
  3281 ;;Total ram usage:        0 bytes
  3282 ;; Hardware stack levels used: 1
  3283 ;; Hardware stack levels required when called: 2
  3284 ;; This function calls:
  3285 ;;		Nothing
  3286 ;; This function is called by:
  3287 ;;		_main
  3288 ;; This function uses a non-reentrant model
  3289 ;;
  3290                           
  3291     03EB                     _InitPORTA:	
  3292                           ;psect for function _InitPORTA
  3293                           
  3294     03EB                     l1277:	
  3295                           ;incstack = 0
  3296                           ; Regs used in _InitPORTA: [status,2]
  3297                           
  3298                           
  3299                           ;Inits.c: 37:     TRISA = 0xFF;
  3300     03EB  30FF               	movlw	255
  3301     03EC  0021               	movlb	1	; select bank1
  3302     03ED  008C               	movwf	12	;volatile
  3303     03EE                     l1279:
  3304                           
  3305                           ;Inits.c: 38:     ANSELA = 0x00;
  3306     03EE  0023               	movlb	3	; select bank3
  3307     03EF  018C               	clrf	12	;volatile
  3308                           
  3309                           ;Inits.c: 39:     WPUA = 0x00;
  3310     03F0  0024               	movlb	4	; select bank4
  3311     03F1  018C               	clrf	12	;volatile
  3312                           
  3313                           ;Inits.c: 40:     SLRCONA = 0x00;
  3314     03F2  0026               	movlb	6	; select bank6
  3315     03F3  018C               	clrf	12	;volatile
  3316                           
  3317                           ;Inits.c: 41:     INLVLA = 0x00;
  3318     03F4  0027               	movlb	7	; select bank7
  3319     03F5  018C               	clrf	12	;volatile
  3320     03F6                     l76:
  3321     03F6  0008               	return
  3322     03F7                     __end_of_InitPORTA:
  3323                           
  3324                           	psect	text15
  3325     0437                     __ptext15:	
  3326 ;; *************** function _InitPIN *****************
  3327 ;; Defined at:
  3328 ;;		line 27 in file "Inits.c"
  3329 ;; Parameters:    Size  Location     Type
  3330 ;;		None
  3331 ;; Auto vars:     Size  Location     Type
  3332 ;;		None
  3333 ;; Return value:  Size  Location     Type
  3334 ;;                  1    wreg      void 
  3335 ;; Registers used:
  3336 ;;		status,2
  3337 ;; Tracked objects:
  3338 ;;		On entry : 0/0
  3339 ;;		On exit  : 0/0
  3340 ;;		Unchanged: 0/0
  3341 ;; Data sizes:     COMMON   BANK0   BANK1   BANK2   BANK3   BANK4   BANK5   BANK6   BANK7   BANK8   BANK9  BANK10  BANK1
      +1  BANK12  BANK13  BANK14  BANK15  BANK16  BANK17  BANK18  BANK19  BANK20  BANK21  BANK22  BANK23  BANK24  BANK25
  3342 ;;      Params:         0       0       0       0       0       0       0       0       0       0       0       0       
      +0       0       0       0       0       0       0       0       0       0       0       0       0       0       0
  3343 ;;      Locals:         0       0       0       0       0       0       0       0       0       0       0       0       
      +0       0       0       0       0       0       0       0       0       0       0       0       0       0       0
  3344 ;;      Temps:          0       0       0       0       0       0       0       0       0       0       0       0       
      +0       0       0       0       0       0       0       0       0       0       0       0       0       0       0
  3345 ;;      Totals:         0       0       0       0       0       0       0       0       0       0       0       0       
      +0       0       0       0       0       0       0       0       0       0       0       0       0       0       0
  3346 ;;Total ram usage:        0 bytes
  3347 ;; Hardware stack levels used: 1
  3348 ;; Hardware stack levels required when called: 2
  3349 ;; This function calls:
  3350 ;;		Nothing
  3351 ;; This function is called by:
  3352 ;;		_main
  3353 ;; This function uses a non-reentrant model
  3354 ;;
  3355                           
  3356     0437                     _InitPIN:	
  3357                           ;psect for function _InitPIN
  3358                           
  3359     0437                     l1275:	
  3360                           ;incstack = 0
  3361                           ; Regs used in _InitPIN: [status,2]
  3362                           
  3363                           
  3364                           ;Inits.c: 29:     APFCON1 = 0x00;
  3365     0437  0022               	movlb	2	; select bank2
  3366     0438  019D               	clrf	29	;volatile
  3367                           
  3368                           ;Inits.c: 30:     APFCON2 = 0x00;
  3369     0439  019C               	clrf	28	;volatile
  3370     043A                     l73:
  3371     043A  0008               	return
  3372     043B                     __end_of_InitPIN:
  3373                           
  3374                           	psect	text16
  3375     0431                     __ptext16:	
  3376 ;; *************** function _InitOsc *****************
  3377 ;; Defined at:
  3378 ;;		line 10 in file "Inits.c"
  3379 ;; Parameters:    Size  Location     Type
  3380 ;;		None
  3381 ;; Auto vars:     Size  Location     Type
  3382 ;;		None
  3383 ;; Return value:  Size  Location     Type
  3384 ;;                  1    wreg      void 
  3385 ;; Registers used:
  3386 ;;		status,2
  3387 ;; Tracked objects:
  3388 ;;		On entry : 0/0
  3389 ;;		On exit  : 0/0
  3390 ;;		Unchanged: 0/0
  3391 ;; Data sizes:     COMMON   BANK0   BANK1   BANK2   BANK3   BANK4   BANK5   BANK6   BANK7   BANK8   BANK9  BANK10  BANK1
      +1  BANK12  BANK13  BANK14  BANK15  BANK16  BANK17  BANK18  BANK19  BANK20  BANK21  BANK22  BANK23  BANK24  BANK25
  3392 ;;      Params:         0       0       0       0       0       0       0       0       0       0       0       0       
      +0       0       0       0       0       0       0       0       0       0       0       0       0       0       0
  3393 ;;      Locals:         0       0       0       0       0       0       0       0       0       0       0       0       
      +0       0       0       0       0       0       0       0       0       0       0       0       0       0       0
  3394 ;;      Temps:          0       0       0       0       0       0       0       0       0       0       0       0       
      +0       0       0       0       0       0       0       0       0       0       0       0       0       0       0
  3395 ;;      Totals:         0       0       0       0       0       0       0       0       0       0       0       0       
      +0       0       0       0       0       0       0       0       0       0       0       0       0       0       0
  3396 ;;Total ram usage:        0 bytes
  3397 ;; Hardware stack levels used: 1
  3398 ;; Hardware stack levels required when called: 2
  3399 ;; This function calls:
  3400 ;;		Nothing
  3401 ;; This function is called by:
  3402 ;;		_main
  3403 ;; This function uses a non-reentrant model
  3404 ;;
  3405                           
  3406     0431                     _InitOsc:	
  3407                           ;psect for function _InitOsc
  3408                           
  3409     0431                     l1269:	
  3410                           ;incstack = 0
  3411                           ; Regs used in _InitOsc: [status,2]
  3412                           
  3413                           
  3414                           ;Inits.c: 11:     OSCCON = 0XF8;
  3415     0431  30F8               	movlw	248
  3416     0432  0021               	movlb	1	; select bank1
  3417     0433  0099               	movwf	25	;volatile
  3418     0434                     l1271:
  3419                           
  3420                           ;Inits.c: 13:     CLKRCON = 0X00;
  3421     0434  002A               	movlb	10	; select bank10
  3422     0435  019A               	clrf	26	;volatile
  3423     0436                     l67:
  3424     0436  0008               	return
  3425     0437                     __end_of_InitOsc:
  3426                           
  3427                           	psect	text17
  3428     043B                     __ptext17:	
  3429 ;; *************** function _InitOpt *****************
  3430 ;; Defined at:
  3431 ;;		line 19 in file "Inits.c"
  3432 ;; Parameters:    Size  Location     Type
  3433 ;;		None
  3434 ;; Auto vars:     Size  Location     Type
  3435 ;;		None
  3436 ;; Return value:  Size  Location     Type
  3437 ;;                  1    wreg      void 
  3438 ;; Registers used:
  3439 ;;		status,2
  3440 ;; Tracked objects:
  3441 ;;		On entry : 0/0
  3442 ;;		On exit  : 0/0
  3443 ;;		Unchanged: 0/0
  3444 ;; Data sizes:     COMMON   BANK0   BANK1   BANK2   BANK3   BANK4   BANK5   BANK6   BANK7   BANK8   BANK9  BANK10  BANK1
      +1  BANK12  BANK13  BANK14  BANK15  BANK16  BANK17  BANK18  BANK19  BANK20  BANK21  BANK22  BANK23  BANK24  BANK25
  3445 ;;      Params:         0       0       0       0       0       0       0       0       0       0       0       0       
      +0       0       0       0       0       0       0       0       0       0       0       0       0       0       0
  3446 ;;      Locals:         0       0       0       0       0       0       0       0       0       0       0       0       
      +0       0       0       0       0       0       0       0       0       0       0       0       0       0       0
  3447 ;;      Temps:          0       0       0       0       0       0       0       0       0       0       0       0       
      +0       0       0       0       0       0       0       0       0       0       0       0       0       0       0
  3448 ;;      Totals:         0       0       0       0       0       0       0       0       0       0       0       0       
      +0       0       0       0       0       0       0       0       0       0       0       0       0       0       0
  3449 ;;Total ram usage:        0 bytes
  3450 ;; Hardware stack levels used: 1
  3451 ;; Hardware stack levels required when called: 2
  3452 ;; This function calls:
  3453 ;;		Nothing
  3454 ;; This function is called by:
  3455 ;;		_main
  3456 ;; This function uses a non-reentrant model
  3457 ;;
  3458                           
  3459     043B                     _InitOpt:	
  3460                           ;psect for function _InitOpt
  3461                           
  3462     043B                     l1273:	
  3463                           ;incstack = 0
  3464                           ; Regs used in _InitOpt: [status,2]
  3465                           
  3466                           
  3467                           ;Inits.c: 20:     OPTION_REG = 0x00;
  3468     043B  0021               	movlb	1	; select bank1
  3469     043C  0195               	clrf	21	;volatile
  3470     043D                     l70:
  3471     043D  0008               	return
  3472     043E                     __end_of_InitOpt:
  3473                           
  3474                           	psect	text18
  3475     0429                     __ptext18:	
  3476 ;; *************** function _InitISR *****************
  3477 ;; Defined at:
  3478 ;;		line 96 in file "Inits.c"
  3479 ;; Parameters:    Size  Location     Type
  3480 ;;		None
  3481 ;; Auto vars:     Size  Location     Type
  3482 ;;		None
  3483 ;; Return value:  Size  Location     Type
  3484 ;;                  1    wreg      void 
  3485 ;; Registers used:
  3486 ;;		status,2
  3487 ;; Tracked objects:
  3488 ;;		On entry : 0/0
  3489 ;;		On exit  : 0/0
  3490 ;;		Unchanged: 0/0
  3491 ;; Data sizes:     COMMON   BANK0   BANK1   BANK2   BANK3   BANK4   BANK5   BANK6   BANK7   BANK8   BANK9  BANK10  BANK1
      +1  BANK12  BANK13  BANK14  BANK15  BANK16  BANK17  BANK18  BANK19  BANK20  BANK21  BANK22  BANK23  BANK24  BANK25
  3492 ;;      Params:         0       0       0       0       0       0       0       0       0       0       0       0       
      +0       0       0       0       0       0       0       0       0       0       0       0       0       0       0
  3493 ;;      Locals:         0       0       0       0       0       0       0       0       0       0       0       0       
      +0       0       0       0       0       0       0       0       0       0       0       0       0       0       0
  3494 ;;      Temps:          0       0       0       0       0       0       0       0       0       0       0       0       
      +0       0       0       0       0       0       0       0       0       0       0       0       0       0       0
  3495 ;;      Totals:         0       0       0       0       0       0       0       0       0       0       0       0       
      +0       0       0       0       0       0       0       0       0       0       0       0       0       0       0
  3496 ;;Total ram usage:        0 bytes
  3497 ;; Hardware stack levels used: 1
  3498 ;; Hardware stack levels required when called: 2
  3499 ;; This function calls:
  3500 ;;		Nothing
  3501 ;; This function is called by:
  3502 ;;		_main
  3503 ;; This function uses a non-reentrant model
  3504 ;;
  3505                           
  3506     0429                     _InitISR:	
  3507                           ;psect for function _InitISR
  3508                           
  3509     0429                     l1295:	
  3510                           ;incstack = 0
  3511                           ; Regs used in _InitISR: [status,2]
  3512                           
  3513                           
  3514                           ;Inits.c: 97:     INTCON = 0x40;
  3515     0429  3040               	movlw	64
  3516     042A  008B               	movwf	11	;volatile
  3517                           
  3518                           ;Inits.c: 99:     PIE1 = 0x08;
  3519     042B  3008               	movlw	8
  3520     042C  0021               	movlb	1	; select bank1
  3521     042D  0091               	movwf	17	;volatile
  3522     042E                     l1297:
  3523                           
  3524                           ;Inits.c: 101:     PIE2 = 0x00;
  3525     042E  0192               	clrf	18	;volatile
  3526                           
  3527                           ;Inits.c: 102:     PIE3 = 0x00;
  3528     042F  0193               	clrf	19	;volatile
  3529     0430                     l91:
  3530     0430  0008               	return
  3531     0431                     __end_of_InitISR:
  3532                           
  3533                           	psect	text19
  3534     0416                     __ptext19:	
  3535 ;; *************** function _InitI2C *****************
  3536 ;; Defined at:
  3537 ;;		line 83 in file "Inits.c"
  3538 ;; Parameters:    Size  Location     Type
  3539 ;;		None
  3540 ;; Auto vars:     Size  Location     Type
  3541 ;;		None
  3542 ;; Return value:  Size  Location     Type
  3543 ;;                  1    wreg      void 
  3544 ;; Registers used:
  3545 ;;		None
  3546 ;; Tracked objects:
  3547 ;;		On entry : 0/0
  3548 ;;		On exit  : 0/0
  3549 ;;		Unchanged: 0/0
  3550 ;; Data sizes:     COMMON   BANK0   BANK1   BANK2   BANK3   BANK4   BANK5   BANK6   BANK7   BANK8   BANK9  BANK10  BANK1
      +1  BANK12  BANK13  BANK14  BANK15  BANK16  BANK17  BANK18  BANK19  BANK20  BANK21  BANK22  BANK23  BANK24  BANK25
  3551 ;;      Params:         0       0       0       0       0       0       0       0       0       0       0       0       
      +0       0       0       0       0       0       0       0       0       0       0       0       0       0       0
  3552 ;;      Locals:         0       0       0       0       0       0       0       0       0       0       0       0       
      +0       0       0       0       0       0       0       0       0       0       0       0       0       0       0
  3553 ;;      Temps:          0       0       0       0       0       0       0       0       0       0       0       0       
      +0       0       0       0       0       0       0       0       0       0       0       0       0       0       0
  3554 ;;      Totals:         0       0       0       0       0       0       0       0       0       0       0       0       
      +0       0       0       0       0       0       0       0       0       0       0       0       0       0       0
  3555 ;;Total ram usage:        0 bytes
  3556 ;; Hardware stack levels used: 1
  3557 ;; Hardware stack levels required when called: 2
  3558 ;; This function calls:
  3559 ;;		Nothing
  3560 ;; This function is called by:
  3561 ;;		_main
  3562 ;; This function uses a non-reentrant model
  3563 ;;
  3564                           
  3565     0416                     _InitI2C:	
  3566                           ;psect for function _InitI2C
  3567                           
  3568     0416                     l1293:	
  3569                           ;incstack = 0
  3570                           ; Regs used in _InitI2C: []
  3571                           
  3572                           
  3573                           ;Inits.c: 84:     SSP1STAT = 0x80;
  3574     0416  3080               	movlw	128
  3575     0417  0024               	movlb	4	; select bank4
  3576     0418  0094               	movwf	20	;volatile
  3577                           
  3578                           ;Inits.c: 85:     SSP1CON1 = 0x26;
  3579     0419  3026               	movlw	38
  3580     041A  0095               	movwf	21	;volatile
  3581                           
  3582                           ;Inits.c: 87:     SSP1CON2 = 0x01;
  3583     041B  3001               	movlw	1
  3584     041C  0096               	movwf	22	;volatile
  3585                           
  3586                           ;Inits.c: 89:     SSP1ADD = 0x22 << 1;
  3587     041D  3044               	movlw	68
  3588     041E  0092               	movwf	18	;volatile
  3589     041F                     l88:
  3590     041F  0008               	return
  3591     0420                     __end_of_InitI2C:
  3592                           
  3593                           	psect	intentry
  3594     0004                     __pintentry:	
  3595 ;; *************** function _ISR *****************
  3596 ;; Defined at:
  3597 ;;		line 343 in file "Main.c"
  3598 ;; Parameters:    Size  Location     Type
  3599 ;;		None
  3600 ;; Auto vars:     Size  Location     Type
  3601 ;;		None
  3602 ;; Return value:  Size  Location     Type
  3603 ;;                  1    wreg      void 
  3604 ;; Registers used:
  3605 ;;		wreg, status,2, status,0, pclath, cstack
  3606 ;; Tracked objects:
  3607 ;;		On entry : 0/0
  3608 ;;		On exit  : 0/0
  3609 ;;		Unchanged: 0/0
  3610 ;; Data sizes:     COMMON   BANK0   BANK1   BANK2   BANK3   BANK4   BANK5   BANK6   BANK7   BANK8   BANK9  BANK10  BANK1
      +1  BANK12  BANK13  BANK14  BANK15  BANK16  BANK17  BANK18  BANK19  BANK20  BANK21  BANK22  BANK23  BANK24  BANK25
  3611 ;;      Params:         0       0       0       0       0       0       0       0       0       0       0       0       
      +0       0       0       0       0       0       0       0       0       0       0       0       0       0       0
  3612 ;;      Locals:         0       0       0       0       0       0       0       0       0       0       0       0       
      +0       0       0       0       0       0       0       0       0       0       0       0       0       0       0
  3613 ;;      Temps:          0       0       0       0       0       0       0       0       0       0       0       0       
      +0       0       0       0       0       0       0       0       0       0       0       0       0       0       0
  3614 ;;      Totals:         0       0       0       0       0       0       0       0       0       0       0       0       
      +0       0       0       0       0       0       0       0       0       0       0       0       0       0       0
  3615 ;;Total ram usage:        0 bytes
  3616 ;; Hardware stack levels used: 1
  3617 ;; Hardware stack levels required when called: 1
  3618 ;; This function calls:
  3619 ;;		___awmod
  3620 ;; This function is called by:
  3621 ;;		Interrupt level 1
  3622 ;; This function uses a non-reentrant model
  3623 ;;
  3624                           
  3625     0004                     _ISR:
  3626                           
  3627                           ;incstack = 0
  3628     0004  147E               	bsf	int$flags,0	;set compiler interrupt flag (level 1)
  3629                           
  3630                           ; Regs used in _ISR: [wreg+status,2+status,0+pclath+cstack]
  3631     0005  3180               	pagesel	$
  3632     0006  3000               	movlw	low ___int_sp
  3633     0007  0086               	movwf	6
  3634     0008  3000               	movlw	high ___int_sp
  3635     0009  0087               	movwf	7
  3636     000A                     i1l1469:
  3637                           
  3638                           ;Main.c: 346:     if (PIR1bits.SSP1IF){
  3639     000A  0020               	movlb	0	; select bank0
  3640     000B  1D91               	btfss	17,3	;volatile
  3641     000C  280E               	goto	u109_21
  3642     000D  280F               	goto	u109_20
  3643     000E                     u109_21:
  3644     000E  2863               	goto	i1l1515
  3645     000F                     u109_20:
  3646     000F                     i1l1471:
  3647                           
  3648                           ;Main.c: 351:         if (SSP1CON1bits.SSPOV || SSP1CON1bits.WCOL){
  3649     000F  0024               	movlb	4	; select bank4
  3650     0010  1B15               	btfsc	21,6	;volatile
  3651     0011  2813               	goto	u110_21
  3652     0012  2814               	goto	u110_20
  3653     0013                     u110_21:
  3654     0013  2818               	goto	i1l267
  3655     0014                     u110_20:
  3656     0014                     i1l1473:
  3657     0014  1F95               	btfss	21,7	;volatile
  3658     0015  2817               	goto	u111_21
  3659     0016  2818               	goto	u111_20
  3660     0017                     u111_21:
  3661     0017  281D               	goto	i1l265
  3662     0018                     u111_20:
  3663     0018                     i1l267:
  3664                           
  3665                           ;Main.c: 352:             SSP1CON1bits.SSPOV = 0;
  3666     0018  1315               	bcf	21,6	;volatile
  3667                           
  3668                           ;Main.c: 353:             SSP1CON1bits.WCOL = 0;
  3669     0019  1395               	bcf	21,7	;volatile
  3670     001A                     i1l1475:
  3671                           
  3672                           ;Main.c: 354:             (void)SSP1BUF;
  3673     001A  0811               	movf	17,w	;volatile
  3674     001B                     i1l1477:
  3675                           
  3676                           ;Main.c: 355:             j = 0;
  3677     001B  01F0               	clrf	_j	;volatile
  3678                           
  3679                           ;Main.c: 356:         }
  3680     001C  2863               	goto	i1l1515
  3681     001D                     i1l265:	
  3682                           ;Main.c: 359:         else if (SSP1STATbits.R_nW == 0){
  3683                           
  3684     001D  1914               	btfsc	20,2	;volatile
  3685     001E  2820               	goto	u112_21
  3686     001F  2821               	goto	u112_20
  3687     0020                     u112_21:
  3688     0020  2862               	goto	i1l1513
  3689     0021                     u112_20:
  3690     0021                     i1l1479:
  3691                           
  3692                           ;Main.c: 361:             if (j == 0){
  3693     0021  0870               	movf	_j,w	;volatile
  3694     0022  1D03               	btfss	3,2
  3695     0023  2825               	goto	u113_21
  3696     0024  2826               	goto	u113_20
  3697     0025                     u113_21:
  3698     0025  2829               	goto	i1l1485
  3699     0026                     u113_20:
  3700     0026                     i1l1481:
  3701                           
  3702                           ;Main.c: 363:                 (void)SSP1BUF;
  3703     0026  0811               	movf	17,w	;volatile
  3704     0027                     i1l1483:
  3705                           
  3706                           ;Main.c: 364:                 SSP1CON1bits.CKP = 1;
  3707     0027  1615               	bsf	21,4	;volatile
  3708                           
  3709                           ;Main.c: 365:             }
  3710     0028  2851               	goto	i1l1511
  3711     0029                     i1l1485:
  3712     0029  0370               	decf	_j,w	;volatile
  3713     002A  1D03               	btfss	3,2
  3714     002B  282D               	goto	u114_21
  3715     002C  282E               	goto	u114_20
  3716     002D                     u114_21:
  3717     002D  2832               	goto	i1l1491
  3718     002E                     u114_20:
  3719     002E                     i1l1487:
  3720                           
  3721                           ;Main.c: 368:                 Y_Byte = SSP1BUF;
  3722     002E  0811               	movf	17,w	;volatile
  3723     002F  00F3               	movwf	_Y_Byte	;volatile
  3724     0030                     i1l1489:
  3725                           
  3726                           ;Main.c: 369:                 SSP1CON1bits.CKP = 1;
  3727     0030  1615               	bsf	21,4	;volatile
  3728                           
  3729                           ;Main.c: 370:             }
  3730     0031  2851               	goto	i1l1511
  3731     0032                     i1l1491:
  3732     0032  3002               	movlw	2
  3733     0033  0670               	xorwf	_j,w	;volatile
  3734     0034  1D03               	btfss	3,2
  3735     0035  2837               	goto	u115_21
  3736     0036  2838               	goto	u115_20
  3737     0037                     u115_21:
  3738     0037  283C               	goto	i1l1497
  3739     0038                     u115_20:
  3740     0038                     i1l1493:
  3741                           
  3742                           ;Main.c: 373:                 X_Byte = SSP1BUF;
  3743     0038  0811               	movf	17,w	;volatile
  3744     0039  00F4               	movwf	_X_Byte	;volatile
  3745     003A                     i1l1495:
  3746                           
  3747                           ;Main.c: 374:                 SSP1CON1bits.CKP = 1;
  3748     003A  1615               	bsf	21,4	;volatile
  3749                           
  3750                           ;Main.c: 375:             }
  3751     003B  2851               	goto	i1l1511
  3752     003C                     i1l1497:
  3753     003C  3003               	movlw	3
  3754     003D  0670               	xorwf	_j,w	;volatile
  3755     003E  1D03               	btfss	3,2
  3756     003F  2841               	goto	u116_21
  3757     0040  2842               	goto	u116_20
  3758     0041                     u116_21:
  3759     0041  2846               	goto	i1l1503
  3760     0042                     u116_20:
  3761     0042                     i1l1499:
  3762                           
  3763                           ;Main.c: 378:                 TsABXY = SSP1BUF;
  3764     0042  0811               	movf	17,w	;volatile
  3765     0043  00F2               	movwf	_TsABXY	;volatile
  3766     0044                     i1l1501:
  3767                           
  3768                           ;Main.c: 379:                 SSP1CON1bits.CKP = 1;
  3769     0044  1615               	bsf	21,4	;volatile
  3770                           
  3771                           ;Main.c: 380:             }
  3772     0045  2851               	goto	i1l1511
  3773     0046                     i1l1503:
  3774     0046  3004               	movlw	4
  3775     0047  0670               	xorwf	_j,w	;volatile
  3776     0048  1D03               	btfss	3,2
  3777     0049  284B               	goto	u117_21
  3778     004A  284C               	goto	u117_20
  3779     004B                     u117_21:
  3780     004B  2851               	goto	i1l1511
  3781     004C                     u117_20:
  3782     004C                     i1l1505:
  3783                           
  3784                           ;Main.c: 383:                 JButtons = SSP1BUF;
  3785     004C  0811               	movf	17,w	;volatile
  3786     004D  00F1               	movwf	_JButtons	;volatile
  3787     004E                     i1l1507:
  3788                           
  3789                           ;Main.c: 384:                 rx_done = 1;
  3790     004E  3001               	movlw	1
  3791     004F  00F5               	movwf	_rx_done	;volatile
  3792     0050                     i1l1509:
  3793                           
  3794                           ;Main.c: 385:                 SSP1CON1bits.CKP = 0;
  3795     0050  1215               	bcf	21,4	;volatile
  3796     0051                     i1l1511:
  3797                           
  3798                           ;Main.c: 389:             j = (j + 1) % 5;
  3799     0051  3005               	movlw	5
  3800     0052  00F6               	movwf	___awmod@divisor
  3801     0053  3000               	movlw	0
  3802     0054  00F7               	movwf	___awmod@divisor+1
  3803     0055  0870               	movf	_j,w	;volatile
  3804     0056  3E01               	addlw	1
  3805     0057  00F8               	movwf	___awmod@dividend
  3806     0058  3000               	movlw	0
  3807     0059  1803               	skipnc
  3808     005A  3001               	movlw	1
  3809     005B  00F9               	movwf	___awmod@dividend+1
  3810     005C  3181  2199  3180   	fcall	___awmod
  3811     005F  0876               	movf	?___awmod,w
  3812     0060  00F0               	movwf	_j	;volatile
  3813                           
  3814                           ;Main.c: 390:         }
  3815     0061  2863               	goto	i1l1515
  3816     0062                     i1l1513:
  3817                           
  3818                           ;Main.c: 393:             (void)SSP1BUF;
  3819     0062  0811               	movf	17,w	;volatile
  3820     0063                     i1l1515:
  3821                           
  3822                           ;Main.c: 398:     PIR1bits.SSP1IF = 0;
  3823     0063  0020               	movlb	0	; select bank0
  3824     0064  1191               	bcf	17,3	;volatile
  3825     0065                     i1l280:
  3826     0065  107E               	bcf	int$flags,0	;clear compiler interrupt flag (level 1)
  3827     0066  0009               	retfie
  3828     0067                     __end_of_ISR:
  3829                           
  3830                           	psect	text21
  3831     0199                     __ptext21:	
  3832 ;; *************** function ___awmod *****************
  3833 ;; Defined at:
  3834 ;;		line 5 in file "C:\Program Files\Microchip\xc8\v3.10\pic\sources\c99\common\awmod.c"
  3835 ;; Parameters:    Size  Location     Type
  3836 ;;  divisor         2    0[COMMON] int 
  3837 ;;  dividend        2    2[COMMON] int 
  3838 ;; Auto vars:     Size  Location     Type
  3839 ;;  sign            1    5[COMMON] unsigned char 
  3840 ;;  counter         1    4[COMMON] unsigned char 
  3841 ;; Return value:  Size  Location     Type
  3842 ;;                  2    0[COMMON] int 
  3843 ;; Registers used:
  3844 ;;		wreg, status,2, status,0
  3845 ;; Tracked objects:
  3846 ;;		On entry : 0/0
  3847 ;;		On exit  : 0/0
  3848 ;;		Unchanged: 0/0
  3849 ;; Data sizes:     COMMON   BANK0   BANK1   BANK2   BANK3   BANK4   BANK5   BANK6   BANK7   BANK8   BANK9  BANK10  BANK1
      +1  BANK12  BANK13  BANK14  BANK15  BANK16  BANK17  BANK18  BANK19  BANK20  BANK21  BANK22  BANK23  BANK24  BANK25
  3850 ;;      Params:         4       0       0       0       0       0       0       0       0       0       0       0       
      +0       0       0       0       0       0       0       0       0       0       0       0       0       0       0
  3851 ;;      Locals:         2       0       0       0       0       0       0       0       0       0       0       0       
      +0       0       0       0       0       0       0       0       0       0       0       0       0       0       0
  3852 ;;      Temps:          0       0       0       0       0       0       0       0       0       0       0       0       
      +0       0       0       0       0       0       0       0       0       0       0       0       0       0       0
  3853 ;;      Totals:         6       0       0       0       0       0       0       0       0       0       0       0       
      +0       0       0       0       0       0       0       0       0       0       0       0       0       0       0
  3854 ;;Total ram usage:        6 bytes
  3855 ;; Hardware stack levels used: 1
  3856 ;; This function calls:
  3857 ;;		Nothing
  3858 ;; This function is called by:
  3859 ;;		_ISR
  3860 ;; This function uses a non-reentrant model
  3861 ;;
  3862                           
  3863     0199                     ___awmod:	
  3864                           ;psect for function ___awmod
  3865                           
  3866     0199                     i1l1431:	
  3867                           ;incstack = 0
  3868                           ; Regs used in ___awmod: [wreg+status,2+status,0]
  3869                           
  3870     0199  01FB               	clrf	___awmod@sign
  3871     019A                     i1l1433:
  3872     019A  1FF9               	btfss	___awmod@dividend+1,7
  3873     019B  299D               	goto	u100_21
  3874     019C  299E               	goto	u100_20
  3875     019D                     u100_21:
  3876     019D  29A5               	goto	i1l1439
  3877     019E                     u100_20:
  3878     019E                     i1l1435:
  3879     019E  09F8               	comf	___awmod@dividend,f
  3880     019F  09F9               	comf	___awmod@dividend+1,f
  3881     01A0  0AF8               	incf	___awmod@dividend,f
  3882     01A1  1903               	skipnz
  3883     01A2  0AF9               	incf	___awmod@dividend+1,f
  3884     01A3                     i1l1437:
  3885     01A3  3001               	movlw	1
  3886     01A4  00FB               	movwf	___awmod@sign
  3887     01A5                     i1l1439:
  3888     01A5  1FF7               	btfss	___awmod@divisor+1,7
  3889     01A6  29A8               	goto	u101_21
  3890     01A7  29A9               	goto	u101_20
  3891     01A8                     u101_21:
  3892     01A8  29AE               	goto	i1l1443
  3893     01A9                     u101_20:
  3894     01A9                     i1l1441:
  3895     01A9  09F6               	comf	___awmod@divisor,f
  3896     01AA  09F7               	comf	___awmod@divisor+1,f
  3897     01AB  0AF6               	incf	___awmod@divisor,f
  3898     01AC  1903               	skipnz
  3899     01AD  0AF7               	incf	___awmod@divisor+1,f
  3900     01AE                     i1l1443:
  3901     01AE  0876               	movf	___awmod@divisor,w
  3902     01AF  0477               	iorwf	___awmod@divisor+1,w
  3903     01B0  1903               	btfsc	3,2
  3904     01B1  29B3               	goto	u102_21
  3905     01B2  29B4               	goto	u102_20
  3906     01B3                     u102_21:
  3907     01B3  29DB               	goto	i1l1461
  3908     01B4                     u102_20:
  3909     01B4                     i1l1445:
  3910     01B4  3001               	movlw	1
  3911     01B5  00FA               	movwf	___awmod@counter
  3912     01B6  29BE               	goto	i1l1451
  3913     01B7                     i1l1447:
  3914     01B7  3001               	movlw	1
  3915     01B8                     u103_25:
  3916     01B8  35F6               	lslf	___awmod@divisor,f
  3917     01B9  0DF7               	rlf	___awmod@divisor+1,f
  3918     01BA  0B89               	decfsz	9,f
  3919     01BB  29B8               	goto	u103_25
  3920     01BC                     i1l1449:
  3921     01BC  3001               	movlw	1
  3922     01BD  07FA               	addwf	___awmod@counter,f
  3923     01BE                     i1l1451:
  3924     01BE  1FF7               	btfss	___awmod@divisor+1,7
  3925     01BF  29C1               	goto	u104_21
  3926     01C0  29C2               	goto	u104_20
  3927     01C1                     u104_21:
  3928     01C1  29B7               	goto	i1l1447
  3929     01C2                     u104_20:
  3930     01C2                     i1l1453:
  3931     01C2  0877               	movf	___awmod@divisor+1,w
  3932     01C3  0279               	subwf	___awmod@dividend+1,w
  3933     01C4  1D03               	skipz
  3934     01C5  29C8               	goto	u105_25
  3935     01C6  0876               	movf	___awmod@divisor,w
  3936     01C7  0278               	subwf	___awmod@dividend,w
  3937     01C8                     u105_25:
  3938     01C8  1C03               	skipc
  3939     01C9  29CB               	goto	u105_21
  3940     01CA  29CC               	goto	u105_20
  3941     01CB                     u105_21:
  3942     01CB  29D0               	goto	i1l1457
  3943     01CC                     u105_20:
  3944     01CC                     i1l1455:
  3945     01CC  0876               	movf	___awmod@divisor,w
  3946     01CD  02F8               	subwf	___awmod@dividend,f
  3947     01CE  0877               	movf	___awmod@divisor+1,w
  3948     01CF  3BF9               	subwfb	___awmod@dividend+1,f
  3949     01D0                     i1l1457:
  3950     01D0  3001               	movlw	1
  3951     01D1                     u106_25:
  3952     01D1  36F7               	lsrf	___awmod@divisor+1,f
  3953     01D2  0CF6               	rrf	___awmod@divisor,f
  3954     01D3  0B89               	decfsz	9,f
  3955     01D4  29D1               	goto	u106_25
  3956     01D5                     i1l1459:
  3957     01D5  3001               	movlw	1
  3958     01D6  02FA               	subwf	___awmod@counter,f
  3959     01D7  1D03               	btfss	3,2
  3960     01D8  29DA               	goto	u107_21
  3961     01D9  29DB               	goto	u107_20
  3962     01DA                     u107_21:
  3963     01DA  29C2               	goto	i1l1453
  3964     01DB                     u107_20:
  3965     01DB                     i1l1461:
  3966     01DB  087B               	movf	___awmod@sign,w
  3967     01DC  1903               	btfsc	3,2
  3968     01DD  29DF               	goto	u108_21
  3969     01DE  29E0               	goto	u108_20
  3970     01DF                     u108_21:
  3971     01DF  29E5               	goto	i1l1465
  3972     01E0                     u108_20:
  3973     01E0                     i1l1463:
  3974     01E0  09F8               	comf	___awmod@dividend,f
  3975     01E1  09F9               	comf	___awmod@dividend+1,f
  3976     01E2  0AF8               	incf	___awmod@dividend,f
  3977     01E3  1903               	skipnz
  3978     01E4  0AF9               	incf	___awmod@dividend+1,f
  3979     01E5                     i1l1465:
  3980     01E5  0879               	movf	___awmod@dividend+1,w
  3981     01E6  00F7               	movwf	?___awmod+1
  3982     01E7  0878               	movf	___awmod@dividend,w
  3983     01E8  00F6               	movwf	?___awmod
  3984     01E9                     i1l553:
  3985     01E9  0008               	return
  3986     01EA                     __end_of___awmod:
  3987     0003                     ___latbits      equ	3
  3988     007E                     btemp           set	126	;btemp
  3989     007E                     int$flags       set	126
  3990     007E                     btemp0          set	126
  3991     007F                     btemp1          set	127
  3992     007E                     wtemp0          set	126
  3993     007F                     wtemp0a         set	127
  3994     007F                     ttemp0a         set	127
  3995     0080                     ltemp0a         set	128
  3996                           
  3997                           	psect	config
  3998                           
  3999                           ;Config register CONFIG1 @ 0x8007
  4000                           ;	Oscillator Selection
  4001                           ;	FOSC = INTOSC, INTOSC oscillator: I/O function on CLKIN pin
  4002                           ;	Watchdog Timer Enable
  4003                           ;	WDTE = OFF, WDT disabled
  4004                           ;	Power-up Timer Enable
  4005                           ;	PWRTE = OFF, PWRT disabled
  4006                           ;	MCLR Pin Function Select
  4007                           ;	MCLRE = ON, MCLR/VPP pin function is MCLR
  4008                           ;	Flash Program Memory Code Protection
  4009                           ;	CP = OFF, Program memory code protection is disabled
  4010                           ;	Data Memory Code Protection
  4011                           ;	CPD = OFF, Data memory code protection is disabled
  4012                           ;	Brown-out Reset Enable
  4013                           ;	BOREN = OFF, Brown-out Reset disabled
  4014                           ;	Clock Out Enable
  4015                           ;	CLKOUTEN = OFF, CLKOUT function is disabled. I/O or oscillator function on the CLKOUT 
      +                          pin
  4016                           ;	Internal/External Switchover
  4017                           ;	IESO = OFF, Internal/External Switchover mode is disabled
  4018                           ;	Fail-Safe Clock Monitor Enable
  4019                           ;	FCMEN = OFF, Fail-Safe Clock Monitor is disabled
  4020     8007                     	org	32775
  4021     8007  09E4               	dw	2532
  4022                           
  4023                           ;Config register CONFIG2 @ 0x8008
  4024                           ;	Flash Memory Self-Write Protection
  4025                           ;	WRT = OFF, Write protection off
  4026                           ;	Voltage Regulator Capacitor Enable bit
  4027                           ;	VCAPEN = OFF, Vcap functionality is disabled on RA6.
  4028                           ;	PLL Enable
  4029                           ;	PLLEN = OFF, 4x PLL disabled
  4030                           ;	Stack Overflow/Underflow Reset Enable
  4031                           ;	STVREN = OFF, Stack Overflow or Underflow will not cause a Reset
  4032                           ;	Brown-out Reset Voltage Selection
  4033                           ;	BORV = LO, Brown-out Reset Voltage (Vbor), low trip point selected.
  4034                           ;	Low Power Brown-Out Reset Enable Bit
  4035                           ;	LPBOR = OFF, Low power brown-out is disabled
  4036                           ;	In-Circuit Debugger Mode
  4037                           ;	DEBUG = OFF, In-Circuit Debugger disabled, ICSPCLK and ICSPDAT are general purpose I/O
      +                           pins
  4038                           ;	Low-Voltage Programming Enable
  4039                           ;	LVP = OFF, High-voltage on MCLR/VPP must be used for programming
  4040     8008                     	org	32776
  4041     8008  1CFF               	dw	7423

Data Sizes:
    Strings     0
    Constant    175
    Data        0
    BSS         18
    Persistent  48
    Stack       0

Auto Spaces:
    Space          Size  Autos    Used
    COMMON           14      6      12
    BANK0            80     21      33
    BANK1            80      0       0
    BANK2            80      0       0
    BANK3            80      0       0
    BANK4            80      0       0
    BANK5            80      0       0
    BANK6            80      0       0
    BANK7            80      0       0
    BANK8            80      0       0
    BANK9            80      0       0
    BANK10           80      0       0
    BANK11           80      0       0
    BANK12           80      0       0
    BANK13           80      0       0
    BANK14           80      0       0
    BANK15           80      0       0
    BANK16           80      0       0
    BANK17           80      0       0
    BANK18           80      0       0
    BANK19           80      0       0
    BANK20           80      0       0
    BANK21           80      0       0
    BANK22           80      0       0
    BANK23           80      0       0
    BANK24           80      0       0
    BANK25           32      0       0

Pointer List with Targets:

    None.

Critical Paths under _main in COMMON

    None.

Critical Paths under _ISR in COMMON

    _ISR->___awmod

Critical Paths under _main in BANK0

    _main->_TranslateTABXY
    _lookup_and_send_move->_send_camera_command
    _send_camera_command->_tx_uart
    _TranslateTABXY->_lookup_and_send_buttons
    _lookup_and_send_buttons->_send_camera_button
    _send_camera_button->_tx_uart
    _tx_uart->___wmul

Critical Paths under _ISR in BANK0

    None.

Critical Paths under _main in BANK1

    None.

Critical Paths under _ISR in BANK1

    None.

Critical Paths under _main in BANK2

    None.

Critical Paths under _ISR in BANK2

    None.

Critical Paths under _main in BANK3

    None.

Critical Paths under _ISR in BANK3

    None.

Critical Paths under _main in BANK4

    None.

Critical Paths under _ISR in BANK4

    None.

Critical Paths under _main in BANK5

    None.

Critical Paths under _ISR in BANK5

    None.

Critical Paths under _main in BANK6

    None.

Critical Paths under _ISR in BANK6

    None.

Critical Paths under _main in BANK7

    None.

Critical Paths under _ISR in BANK7

    None.

Critical Paths under _main in BANK8

    None.

Critical Paths under _ISR in BANK8

    None.

Critical Paths under _main in BANK9

    None.

Critical Paths under _ISR in BANK9

    None.

Critical Paths under _main in BANK10

    None.

Critical Paths under _ISR in BANK10

    None.

Critical Paths under _main in BANK11

    None.

Critical Paths under _ISR in BANK11

    None.

Critical Paths under _main in BANK12

    None.

Critical Paths under _ISR in BANK12

    None.

Critical Paths under _main in BANK13

    None.

Critical Paths under _ISR in BANK13

    None.

Critical Paths under _main in BANK14

    None.

Critical Paths under _ISR in BANK14

    None.

Critical Paths under _main in BANK15

    None.

Critical Paths under _ISR in BANK15

    None.

Critical Paths under _main in BANK16

    None.

Critical Paths under _ISR in BANK16

    None.

Critical Paths under _main in BANK17

    None.

Critical Paths under _ISR in BANK17

    None.

Critical Paths under _main in BANK18

    None.

Critical Paths under _ISR in BANK18

    None.

Critical Paths under _main in BANK19

    None.

Critical Paths under _ISR in BANK19

    None.

Critical Paths under _main in BANK20

    None.

Critical Paths under _ISR in BANK20

    None.

Critical Paths under _main in BANK21

    None.

Critical Paths under _ISR in BANK21

    None.

Critical Paths under _main in BANK22

    None.

Critical Paths under _ISR in BANK22

    None.

Critical Paths under _main in BANK23

    None.

Critical Paths under _ISR in BANK23

    None.

Critical Paths under _main in BANK24

    None.

Critical Paths under _ISR in BANK24

    None.

Critical Paths under _main in BANK25

    None.

Critical Paths under _ISR in BANK25

    None.

Call Graph Tables:

 ---------------------------------------------------------------------------------
 (Depth) Function   	        Calls       Base Space   Used Autos Params    Refs
 ---------------------------------------------------------------------------------
 (0) _main                                                 0     0      0    3441
                            _InitI2C
                            _InitISR
                            _InitOpt
                            _InitOsc
                            _InitPIN
                          _InitPORTA
                          _InitPORTB
                          _InitPORTC
                           _InitUART
                 _TranslateJoysticks
                     _TranslateTABXY
                         _TranslateX
                         _TranslateY
            _lookup_and_send_buttons
               _lookup_and_send_move
 ---------------------------------------------------------------------------------
 (1) _lookup_and_send_move                                 4     4      0     818
                                             15 BANK0      4     4      0
                             ___wmul
                _send_camera_command
 ---------------------------------------------------------------------------------
 (2) _send_camera_command                                  8     8      0     434
                                              7 BANK0      8     8      0
                             ___wmul
                            _tx_uart
 ---------------------------------------------------------------------------------
 (1) _TranslateY                                           1     1      0     329
                                              0 BANK0      1     1      0
 ---------------------------------------------------------------------------------
 (1) _TranslateX                                           1     1      0     329
                                              0 BANK0      1     1      0
 ---------------------------------------------------------------------------------
 (1) _TranslateTABXY                                       2     2      0    1100
                                             19 BANK0      2     2      0
            _lookup_and_send_buttons
 ---------------------------------------------------------------------------------
 (2) _lookup_and_send_buttons                              4     4      0     818
                                             15 BANK0      4     4      0
                             ___wmul
                 _send_camera_button
 ---------------------------------------------------------------------------------
 (3) _send_camera_button                                   8     8      0     434
                                              7 BANK0      8     8      0
                             ___wmul
                            _tx_uart
 ---------------------------------------------------------------------------------
 (4) _tx_uart                                              1     1      0      29
                                              6 BANK0      1     1      0
                             ___wmul (ARG)
 ---------------------------------------------------------------------------------
 (4) ___wmul                                               6     2      4     160
                                              0 BANK0      6     2      4
 ---------------------------------------------------------------------------------
 (1) _TranslateJoysticks                                   1     1      0      47
                                              0 BANK0      1     1      0
 ---------------------------------------------------------------------------------
 (1) _InitUART                                             0     0      0       0
 ---------------------------------------------------------------------------------
 (1) _InitPORTC                                            0     0      0       0
 ---------------------------------------------------------------------------------
 (1) _InitPORTB                                            0     0      0       0
 ---------------------------------------------------------------------------------
 (1) _InitPORTA                                            0     0      0       0
 ---------------------------------------------------------------------------------
 (1) _InitPIN                                              0     0      0       0
 ---------------------------------------------------------------------------------
 (1) _InitOsc                                              0     0      0       0
 ---------------------------------------------------------------------------------
 (1) _InitOpt                                              0     0      0       0
 ---------------------------------------------------------------------------------
 (1) _InitISR                                              0     0      0       0
 ---------------------------------------------------------------------------------
 (1) _InitI2C                                              0     0      0       0
 ---------------------------------------------------------------------------------
 Estimated maximum stack depth 4
 ---------------------------------------------------------------------------------
 (Depth) Function   	        Calls       Base Space   Used Autos Params    Refs
 ---------------------------------------------------------------------------------
 (5) _ISR                                                  0     0      0     298
                            ___awmod
 ---------------------------------------------------------------------------------
 (6) ___awmod                                              6     2      4     298
                                              0 COMMON     6     2      4
 ---------------------------------------------------------------------------------
 Estimated maximum stack depth 6
 ---------------------------------------------------------------------------------

 Call Graph Graphs:

 _main (ROOT)
   _InitI2C
   _InitISR
   _InitOpt
   _InitOsc
   _InitPIN
   _InitPORTA
   _InitPORTB
   _InitPORTC
   _InitUART
   _TranslateJoysticks
   _TranslateTABXY
     _lookup_and_send_buttons
       ___wmul
       _send_camera_button
         ___wmul
         _tx_uart
           ___wmul (ARG)
   _TranslateX
   _TranslateY
   _lookup_and_send_buttons
   _lookup_and_send_move
     ___wmul
     _send_camera_command
       ___wmul
       _tx_uart

 _ISR (ROOT)
   ___awmod

Address spaces:
Name               Size   Autos  Total    Usage
BITCOMMON           14      0       0      0.0%
BITBANK0            80      0       0      0.0%
BITBANK1            80      0       0      0.0%
BITBANK2            80      0       0      0.0%
BITBANK3            80      0       0      0.0%
BITBANK4            80      0       0      0.0%
BITBANK5            80      0       0      0.0%
BITBANK6            80      0       0      0.0%
BITBANK7            80      0       0      0.0%
BITBANK8            80      0       0      0.0%
BITBANK9            80      0       0      0.0%
BITBANK10           80      0       0      0.0%
BITBANK11           80      0       0      0.0%
BITBANK12           80      0       0      0.0%
BITBANK13           80      0       0      0.0%
BITBANK14           80      0       0      0.0%
BITBANK15           80      0       0      0.0%
BITBANK16           80      0       0      0.0%
BITBANK17           80      0       0      0.0%
BITBANK18           80      0       0      0.0%
BITBANK19           80      0       0      0.0%
BITBANK20           80      0       0      0.0%
BITBANK21           80      0       0      0.0%
BITBANK22           80      0       0      0.0%
BITBANK23           80      0       0      0.0%
BITBANK24           80      0       0      0.0%
BITBANK25           32      0       0      0.0%
BIGRAM            2032      0       0      0.0%
COMMON              14      6      12     85.7%
BANK0               80     21      33     41.2%
BANK1               80      0       0      0.0%
BANK2               80      0       0      0.0%
BANK3               80      0       0      0.0%
BANK4               80      0       0      0.0%
BANK5               80      0       0      0.0%
BANK6               80      0       0      0.0%
BANK7               80      0       0      0.0%
BANK8               80      0       0      0.0%
BANK9               80      0       0      0.0%
BANK10              80      0       0      0.0%
BANK11              80      0       0      0.0%
BANK12              80      0       0      0.0%
BANK13              80      0       0      0.0%
BANK14              80      0       0      0.0%
BANK15              80      0       0      0.0%
BANK16              80      0       0      0.0%
BANK17              80      0       0      0.0%
BANK18              80      0       0      0.0%
BANK19              80      0       0      0.0%
BANK20              80      0       0      0.0%
BANK21              80      0       0      0.0%
BANK22              80      0       0      0.0%
BANK23              80      0       0      0.0%
BANK24              80      0       0      0.0%
BANK25              32      0       0      0.0%
STACK                0      0       0      0.0%
DATA                 0      0      45      0.0%


Microchip Technology PIC Macro Assembler V3.10 build 20250813170317 
Symbol Table                                                                                   Mon Apr 27 15:43:48 2026

                              _j 0070                               l70 043D                               l73 043A  
                             l82 0415                               l91 0430                               l67 0436  
                             l76 03F6                               l85 0401                               l79 03EA  
                             l88 041F       __end_of_TranslateJoysticks 03DF              ___wmul@multiplicand 0022  
                            l211 03DE                              l206 00E5                              l209 03DC  
                            l170 0404                              l226 033E                              l243 02FD  
                            l180 0277                              l228 0340                              l252 0230  
                            l173 040B                              l245 02FF                              l190 0089  
                            l184 03A6                              l192 0092                              l256 0373  
                            l177 0248                              l249 0201                              l194 009B  
                            l387 03B2                              l389 03C6                              u600 0408  
                            u601 0407                              _ISR 0004                              _TxA 003C  
                            _TxB 003B                              _TxJ 0039                              _TxX 003F  
                            _TxY 0040            lookup_and_send_move@i 0032                     ___awmod@sign 007B  
                            wreg 0009                             ?_ISR 0076                             l1271 0434  
                           l1191 0408                             l1273 043B                             l1281 03DF  
                           l1275 0437                             l1283 03E2                             l1291 0400  
                           l1611 0086                             l1603 0203                             l1293 0416  
                           l1269 0431                             l1277 03EB                             l1285 040C  
                           l1541 03BC                             l1533 03A7                             l1189 0404  
                           l1621 009D                             l1613 008B                             l1701 02CF  
                           l1605 0227                             l1295 0429                             l1279 03EE  
                           l1287 040F                             l1543 03C2                             l1535 03AA  
                           l1631 00B2                             l1623 00A1                             l1615 008F  
                           l1711 02E4                             l1703 02D2                             l1607 022A  
                           l1297 042E                             l1289 03F7                             l1537 03AE  
                           l1553 0234                             l1641 00C0                             l1633 00B3  
                           l1625 00A6                             l1617 0094                             l1609 0082  
                           l1721 02FA                             l1705 02D8                             l1539 03B7  
                           l1563 024A                             l1555 023F                             l1547 0233  
                           l1651 00D1                             l1643 00C4                             l1635 00B7  
                           l1627 00AB                             l1619 0098                             l1715 02EB  
                           l1707 02DB                             l1723 0343                             l1565 026E  
                           l1557 0242                             l1581 0399                             l1573 037C  
                           l1653 00D3                             l1661 00E4                             l1645 00C7  
                           l1637 00B8                             l1629 00AF                             l1717 02F1  
                           l1709 02E1                             l1733 034A                             l1741 00E6  
                           l1663 03D5                             l1567 0271                             l1583 039E  
                           l1655 00D9                             l1647 00C8                             l1639 00BB  
                           l1719 02F4                             l1671 030B                             l1735 0366  
                           l1727 0349                             l1751 0113                             l1743 0101  
                           l1665 03D9                             l1585 03A0                             l1569 0376  
                           l1657 00DA                             l1649 00CC                             l1681 0323  
                           l1673 0311                             l1593 01ED                             l1737 036B  
                           l1753 013F                             l1745 0102                             l1579 037D  
                           l1659 00E1                             l1691 0335                             l1683 0326  
                           l1675 0314                             l1667 0302                             l1595 01F8  
                           l1587 01EC                             l1739 036D                             l1755 0140  
                           l1747 0107                             l1693 033B                             l1677 031A  
                           l1669 0308                             l1597 01FB                             l1749 010F  
                           l1695 02C0                             l1687 032D                             l1679 031D  
                           l1697 02C6                             l1689 0333                             l1699 02C9  
                           u1220 03C2                             u1300 0086                             u1221 03C1  
                           u1205 03B3                             u1301 0085                             u1230 0248  
                           u1310 008F                             u1215 03B8                             u1231 0247  
                           u1311 008E                             u1400 03D9                             u1240 0277  
                           u1320 0098                             u1401 03D8                             u1241 0276  
                           u1321 0097                             u1250 037B                             u1330 00A1  
                           u1410 0308                             u1251 037A                             u1331 00A0  
                           u1411 0307                             u1260 0399                             u1340 00AB  
                           u1500 02D8                             u1420 0311                             u1261 0398  
                           u1341 00AA                             u1501 02D7                             u1421 0310  
                           u1190 03AE                             u1270 03A6                             u1350 00B7  
                           u1510 02E1                             u1430 031A                             u1191 03AD  
                           u1271 03A5                             u1351 00B6                             u1511 02E0  
                           u1431 0319                             u1360 00C0                             u1520 02EA  
                           u1440 0323                             u1280 0201                             u1361 00BF  
                           u1521 02E9                             u1441 0322                             u1281 0200  
                           u1370 00CC                             u1530 02F1                             u1450 032C  
                           u1290 0230                             u1371 00CB                             u1531 02F0  
                           u1451 032B                             u1291 022F                             u1380 00D1  
                           u1540 02FA                             u1460 0333                             u1381 00D0  
                           u1541 02F9                             u1461 0332                             u1390 00D9  
                           u1470 033B                             u1550 0348                             u1391 00D8  
                           u1471 033A                             u1551 0347                             u1480 02C6  
                           u1560 0366                             u1481 02C5                             u1561 0365  
                           u1490 02CF                             u1570 0373                             u1491 02CE  
                           u1571 0372                             u1580 0107                             u1581 0106  
                           _PIE1 0091                             _PIE2 0092                             _PIE3 0093  
                           _WPUA 020C                             _WPUB 020D                             _WPUC 020E  
                           _TxBY 003A                             _TxTL 003E                             _TxTR 003D  
                           _main 00E6                             fsr0h 0005                             fsr1h 0007  
                           indf0 0000                             fsr0l 0004                             fsr1l 0006  
                           btemp 007E                             start 0067                  __end_of_InitI2C 0420  
                __end_of_InitISR 0431                  __end_of_InitPIN 043B                  __end_of_InitOsc 0437  
                __end_of_InitOpt 043E                            ??_ISR 007C                            ?_main 0076  
                __end_of___awmod 01EA                            i1l280 0065                            i1l265 001D  
                          i1l267 0018                            i1l553 01E9                            _PORTB 000D  
                          _TRISA 008C                            _TRISB 008D                            _TRISC 008E  
         TranslateJoysticks@byte 0020       __end_of_send_camera_button 0278                            btemp0 007E  
                          btemp1 007F          lookup_and_send_move@cmd 0031                            status 0003  
                          wtemp0 007E                  __end_of_tx_uart 040C                  __initialization 0069  
                   __end_of_main 0145                 __end_of_InitUART 0402                           ??_main 0035  
                         _ANSELA 018C                           _ANSELB 018D                           _RC1STA 019D  
                         u100_20 019E                           u100_21 019D                           u101_20 01A9  
                         u101_21 01A8                           u102_20 01B4                           u110_20 0014  
                         u102_21 01B3                           u110_21 0013                           u111_20 0018  
                         u111_21 0017                           u103_25 01B8                           i1l1501 0044  
                         i1l1431 0199                           i1l1503 0046                           i1l1511 0051  
                         u104_20 01C2                           u112_20 0021                           u104_21 01C1  
                         i1l1441 01A9                           i1l1433 019A                           i1l1505 004C  
                         i1l1513 0062                           u112_21 0020                           i1l1451 01BE  
                         i1l1443 01AE                           i1l1435 019E                           i1l1507 004E  
                         i1l1515 0063                           i1l1453 01C2                           i1l1445 01B4  
                         i1l1461 01DB                           i1l1437 01A3                           i1l1509 0050  
                         i1l1463 01E0                           i1l1455 01CC                           i1l1447 01B7  
                         i1l1439 01A5                           i1l1471 000F                           u105_20 01CC  
                         u113_20 0026                           i1l1465 01E5                           i1l1457 01D0  
                         u105_21 01CB                           i1l1449 01BC                           i1l1481 0026  
                         u113_21 0025                           i1l1473 0014                           i1l1459 01D5  
                         i1l1491 0032                           i1l1483 0027                           i1l1475 001A  
                         u105_25 01C8                           i1l1493 0038                           i1l1485 0029  
                         i1l1477 001B                           i1l1469 000A                           i1l1495 003A  
                         i1l1487 002E                           i1l1479 0021                           u114_20 002E  
                         i1l1497 003C                           i1l1489 0030                           u114_21 002D  
                         i1l1499 0042                           u106_25 01D1                           u107_20 01DB  
                         u115_20 0038                           u107_21 01DA                           u115_21 0037  
                         u108_20 01E0                           u116_20 0042                           u108_21 01DF  
                         u116_21 0041                           u117_20 004C                           u109_20 000F  
                         u117_21 004B                           u109_21 000E                           _INLVLA 038C  
                         _INLVLB 038D                           _INLVLC 038E                           _INTCON 000B  
                         _OSCCON 0099                           _TX1REG 019A                           _TX1STA 019E  
                      ??_InitI2C 0020                        ??_InitISR 0020                        ??_InitPIN 0020  
                      ??_InitOsc 0020                        ??_InitOpt 0020                           _TsABXY 0072  
                 TranslateX@byte 0020                           _X_Byte 0074                   TranslateY@byte 0020  
                         _Y_Byte 0073      __end_of_send_camera_command 0231                 ??_TranslateTABXY 0033  
       lookup_and_send_buttons@i 0032                           ___wmul 03A7                        ??___awmod 007A  
                ___awmod@divisor 0076                  ___awmod@counter 007A                           ltemp0a 0080  
          __end_of_header_static 0429                           ttemp0a 007F                       _TranslateX 02BE  
                     _TranslateY 0300                           wtemp0a 007F                        ??_tx_uart 0026  
        __end_of__initialization 007C                   __pcstackCOMMON 0076                 _cmd_button_table 0278  
       ?_lookup_and_send_buttons 0076                __end_of_InitPORTA 03F7                __end_of_InitPORTB 03EB  
              __end_of_InitPORTC 0416     __end_of_lookup_and_send_move 0374               _TranslateJoysticks 03D3  
                     __pbssBANK0 0035                        ?_InitUART 0076              ?_TranslateJoysticks 0076  
                     __pmaintext 00E6                       _header_dir 03C7                          ?___wmul 0020  
                     __pintentry 0004                          _APFCON1 011D                          _APFCON2 011C  
                        _CLKRCON 051A             ??_TranslateJoysticks 0020                          _SP1BRGH 019C  
                        _SP1BRGL 019B                          _SSP1ADD 0212                          _SLRCONA 030C  
                        _SLRCONB 030D                          _SLRCONC 030E                          _SSP1BUF 0211  
                    ?_TranslateX 0076                      ?_TranslateY 0076                       ??_InitUART 0020  
              __end_of_cmd_table 0199                          _InitI2C 0416                          _InitISR 0429  
                        _InitPIN 0437                          _Last_TL 0036                          _Last_TR 0035  
                        _InitOsc 0431                          _InitOpt 043B               _send_camera_button 0231  
                        ___awmod 0199              ?_send_camera_button 0076                          __ptext1 0341  
                        __ptext2 01EA                          __ptext3 0300                          __ptext4 02BE  
                        __ptext5 0080                          __ptext6 0374                          __ptext7 0231  
                        __ptext8 0402                          __ptext9 03A7                 ___awmod@dividend 0078  
                        _rx_done 0075                          _tx_uart 0402             ??_send_camera_button 0027  
           end_of_initialization 007C                          _xy_last 0037             _lookup_and_send_move 0341  
                     _mux_select 0038         __end_of_cmd_button_table 02BE            ?_lookup_and_send_move 0076  
                 __end_of___wmul 03C7                        _InitPORTA 03EB                        _InitPORTB 03DF  
                      _InitPORTC 040C              start_initialization 0069                      __end_of_ISR 0067  
     lookup_and_send_buttons@cmd 0031                         ??___wmul 0024                       ?_InitPORTA 0076  
                     ?_InitPORTB 0076                       ?_InitPORTC 0076                      __pbssCOMMON 0070  
                      ___latbits 0003                    __pcstackBANK0 0020                     ??_TranslateX 0020  
                   ??_TranslateY 0020          send_camera_command@byte 002D                         ?_InitI2C 0076  
                       ?_InitISR 0076                         ?_InitPIN 0076                         ?_InitOsc 0076  
                       ?_InitOpt 0076           ??_lookup_and_send_move 002F                        _cmd_table 0145  
                       ?___awmod 0076               __end_of_TranslateX 0300               __end_of_TranslateY 0341  
                       _BAUD1CON 019F                      tx_uart@byte 0026                    _header_static 0420  
           send_camera_command@i 002E                         ?_tx_uart 0076                   ___wmul@product 0024  
                       _PIR1bits 0011                         _SSP1CON1 0215                         _SSP1CON2 0216  
                       _SSP1STAT 0214                         _JButtons 0071                ___wmul@multiplier 0020  
                    ??_InitPORTA 0020                      ??_InitPORTB 0020                      ??_InitPORTC 0020  
        _lookup_and_send_buttons 0374               __end_of_header_dir 03D3                         _InitUART 03F7  
            _send_camera_command 01EA             ?_send_camera_command 0076                         ___int_sp 0000  
                 _TranslateTABXY 0080                         __ptext10 03D3                         __ptext11 03F7  
                       __ptext12 040C                         __ptext21 0199                         __ptext13 03DF  
                       __ptext14 03EB                         __ptext15 0437                         __ptext16 0431  
                       __ptext17 043B                         __ptext18 0429                         __ptext19 0416  
                   _SSP1CON1bits 0215              send_camera_button@i 002E                         int$flags 007E  
          ??_send_camera_command 0027                     _SSP1STATbits 0214           __end_of_TranslateTABXY 00E6  
      ??_lookup_and_send_buttons 002F                       _INTCONbits 000B                         intlevel1 0000  
         send_camera_button@byte 002D                  ?_TranslateTABXY 0076                    __pstringtext1 0145  
                  __pstringtext2 0278                    __pstringtext3 03C7                    __pstringtext4 0420  
                     _OPTION_REG 0095               TranslateTABXY@byte 0034  __end_of_lookup_and_send_buttons 03A7  
